ISO-10303-21;
HEADER;
FILE_DESCRIPTION(('FreeCAD Model'),'2;1');
FILE_NAME('Open CASCADE Shape Model','2026-09-30T13:57:01',('FreeCAD'),(
    'FreeCAD'),'Open CASCADE STEP processor 7.9','FreeCAD','Unknown');
FILE_SCHEMA(('AUTOMOTIVE_DESIGN { 1 0 10303 214 1 1 1 1 }'));
ENDSEC;
DATA;
#1 = APPLICATION_PROTOCOL_DEFINITION('international standard',
  'automotive_design',2000,#2);
#2 = APPLICATION_CONTEXT(
  'core data for automotive mechanical design processes');
#3 = SHAPE_DEFINITION_REPRESENTATION(#4,#10);
#4 = PRODUCT_DEFINITION_SHAPE('','',#5);
#5 = PRODUCT_DEFINITION('design','',#6,#9);
#6 = PRODUCT_DEFINITION_FORMATION('','',#7);
#7 = PRODUCT('Open CASCADE STEP translator 7.9 1',
  'Open CASCADE STEP translator 7.9 1','',(#8));
#8 = PRODUCT_CONTEXT('',#2,'mechanical');
#9 = PRODUCT_DEFINITION_CONTEXT('part definition',#2,'design');
#10 = ADVANCED_BREP_SHAPE_REPRESENTATION('',(#11,#15),#4720);
#11 = AXIS2_PLACEMENT_3D('',#12,#13,#14);
#12 = CARTESIAN_POINT('',(0.,0.,0.));
#13 = DIRECTION('',(0.,0.,1.));
#14 = DIRECTION('',(1.,0.,-0.));
#15 = MANIFOLD_SOLID_BREP('',#16);
#16 = CLOSED_SHELL('',(#17,#57,#90,#181,#206,#257,#646,#1035,#1059,#1083
    ,#1108,#1132,#1157,#1181,#1198,#1257,#1282,#1392,#1423,#1456,#1489,
    #1520,#1544,#1568,#1585,#1616,#1640,#1664,#1681,#1712,#1736,#1760,
    #1777,#1808,#1832,#1856,#1873,#1904,#1928,#1952,#1969,#2000,#2024,
    #2048,#2065,#2096,#2120,#2144,#2161,#2192,#2216,#2240,#2257,#2288,
    #2312,#2336,#2353,#2384,#2408,#2432,#2449,#2480,#2505,#2536,#2560,
    #2584,#2601,#2632,#2656,#2680,#2697,#2728,#2752,#2776,#2793,#2824,
    #2848,#2872,#2889,#2920,#2944,#2968,#2985,#3016,#3040,#3064,#3081,
    #3112,#3136,#3160,#3177,#3208,#3232,#3256,#3273,#3304,#3328,#3352,
    #3369,#3400,#3424,#3448,#3465,#3513,#3537,#3578,#3603,#3628,#3645,
    #3662,#3694,#3718,#3742,#3767,#3792,#3816,#3840,#3858,#3929,#3946,
    #3963,#4068,#4085,#4176,#4188,#4219,#4231,#4248,#4304,#4329,#4354,
    #4379,#4404,#4424,#4444,#4464,#4484,#4509,#4534,#4559,#4584,#4609,
    #4634,#4659,#4684,#4693,#4702,#4711));
#17 = ADVANCED_FACE('',(#18),#52,.F.);
#18 = FACE_BOUND('',#19,.F.);
#19 = EDGE_LOOP('',(#20,#30,#38,#46));
#20 = ORIENTED_EDGE('',*,*,#21,.F.);
#21 = EDGE_CURVE('',#22,#24,#26,.T.);
#22 = VERTEX_POINT('',#23);
#23 = CARTESIAN_POINT('',(-3.25,-0.6,0.));
#24 = VERTEX_POINT('',#25);
#25 = CARTESIAN_POINT('',(-3.25,-0.6,19.55));
#26 = LINE('',#27,#28);
#27 = CARTESIAN_POINT('',(-3.25,-0.6,0.));
#28 = VECTOR('',#29,1.);
#29 = DIRECTION('',(0.,0.,1.));
#30 = ORIENTED_EDGE('',*,*,#31,.T.);
#31 = EDGE_CURVE('',#22,#32,#34,.T.);
#32 = VERTEX_POINT('',#33);
#33 = CARTESIAN_POINT('',(-3.25,62.25,0.));
#34 = LINE('',#35,#36);
#35 = CARTESIAN_POINT('',(-3.25,-3.6,0.));
#36 = VECTOR('',#37,1.);
#37 = DIRECTION('',(-0.,1.,0.));
#38 = ORIENTED_EDGE('',*,*,#39,.T.);
#39 = EDGE_CURVE('',#32,#40,#42,.T.);
#40 = VERTEX_POINT('',#41);
#41 = CARTESIAN_POINT('',(-3.25,62.25,19.55));
#42 = LINE('',#43,#44);
#43 = CARTESIAN_POINT('',(-3.25,62.25,0.));
#44 = VECTOR('',#45,1.);
#45 = DIRECTION('',(0.,0.,1.));
#46 = ORIENTED_EDGE('',*,*,#47,.T.);
#47 = EDGE_CURVE('',#40,#24,#48,.T.);
#48 = LINE('',#49,#50);
#49 = CARTESIAN_POINT('',(-3.25,-4.1,19.55));
#50 = VECTOR('',#51,1.);
#51 = DIRECTION('',(0.,-1.,0.));
#52 = PLANE('',#53);
#53 = AXIS2_PLACEMENT_3D('',#54,#55,#56);
#54 = CARTESIAN_POINT('',(-3.25,-3.6,0.));
#55 = DIRECTION('',(1.,0.,-0.));
#56 = DIRECTION('',(0.,0.,1.));
#57 = ADVANCED_FACE('',(#58),#85,.T.);
#58 = FACE_BOUND('',#59,.T.);
#59 = EDGE_LOOP('',(#60,#61,#70,#78));
#60 = ORIENTED_EDGE('',*,*,#21,.F.);
#61 = ORIENTED_EDGE('',*,*,#62,.T.);
#62 = EDGE_CURVE('',#22,#63,#65,.T.);
#63 = VERTEX_POINT('',#64);
#64 = CARTESIAN_POINT('',(-0.25,-3.6,0.));
#65 = CIRCLE('',#66,3.);
#66 = AXIS2_PLACEMENT_3D('',#67,#68,#69);
#67 = CARTESIAN_POINT('',(-0.25,-0.6,0.));
#68 = DIRECTION('',(0.,0.,1.));
#69 = DIRECTION('',(0.,-1.,0.));
#70 = ORIENTED_EDGE('',*,*,#71,.T.);
#71 = EDGE_CURVE('',#63,#72,#74,.T.);
#72 = VERTEX_POINT('',#73);
#73 = CARTESIAN_POINT('',(-0.25,-3.6,19.55));
#74 = LINE('',#75,#76);
#75 = CARTESIAN_POINT('',(-0.25,-3.6,0.));
#76 = VECTOR('',#77,1.);
#77 = DIRECTION('',(0.,0.,1.));
#78 = ORIENTED_EDGE('',*,*,#79,.F.);
#79 = EDGE_CURVE('',#24,#72,#80,.T.);
#80 = CIRCLE('',#81,3.);
#81 = AXIS2_PLACEMENT_3D('',#82,#83,#84);
#82 = CARTESIAN_POINT('',(-0.25,-0.6,19.55));
#83 = DIRECTION('',(0.,0.,1.));
#84 = DIRECTION('',(-1.,-0.,0.));
#85 = CYLINDRICAL_SURFACE('',#86,3.);
#86 = AXIS2_PLACEMENT_3D('',#87,#88,#89);
#87 = CARTESIAN_POINT('',(-0.25,-0.6,0.));
#88 = DIRECTION('',(0.,0.,1.));
#89 = DIRECTION('',(-1.,-0.,0.));
#90 = ADVANCED_FACE('',(#91),#176,.T.);
#91 = FACE_BOUND('',#92,.T.);
#92 = EDGE_LOOP('',(#93,#101,#109,#117,#126,#134,#143,#151,#159,#167,
    #174,#175));
#93 = ORIENTED_EDGE('',*,*,#94,.T.);
#94 = EDGE_CURVE('',#72,#95,#97,.T.);
#95 = VERTEX_POINT('',#96);
#96 = CARTESIAN_POINT('',(90.2,-3.6,19.55));
#97 = LINE('',#98,#99);
#98 = CARTESIAN_POINT('',(-3.75,-3.6,19.55));
#99 = VECTOR('',#100,1.);
#100 = DIRECTION('',(1.,0.,-0.));
#101 = ORIENTED_EDGE('',*,*,#102,.T.);
#102 = EDGE_CURVE('',#95,#103,#105,.T.);
#103 = VERTEX_POINT('',#104);
#104 = CARTESIAN_POINT('',(90.2,-3.,19.55));
#105 = LINE('',#106,#107);
#106 = CARTESIAN_POINT('',(90.2,-5.1,19.55));
#107 = VECTOR('',#108,1.);
#108 = DIRECTION('',(-0.,1.,0.));
#109 = ORIENTED_EDGE('',*,*,#110,.T.);
#110 = EDGE_CURVE('',#103,#111,#113,.T.);
#111 = VERTEX_POINT('',#112);
#112 = CARTESIAN_POINT('',(-0.25,-3.,19.55));
#113 = LINE('',#114,#115);
#114 = CARTESIAN_POINT('',(-3.45,-3.,19.55));
#115 = VECTOR('',#116,1.);
#116 = DIRECTION('',(-1.,-0.,0.));
#117 = ORIENTED_EDGE('',*,*,#118,.F.);
#118 = EDGE_CURVE('',#119,#111,#121,.T.);
#119 = VERTEX_POINT('',#120);
#120 = CARTESIAN_POINT('',(-2.65,-0.6,19.55));
#121 = CIRCLE('',#122,2.4);
#122 = AXIS2_PLACEMENT_3D('',#123,#124,#125);
#123 = CARTESIAN_POINT('',(-0.25,-0.6,19.55));
#124 = DIRECTION('',(0.,0.,1.));
#125 = DIRECTION('',(-1.,-0.,0.));
#126 = ORIENTED_EDGE('',*,*,#127,.T.);
#127 = EDGE_CURVE('',#119,#128,#130,.T.);
#128 = VERTEX_POINT('',#129);
#129 = CARTESIAN_POINT('',(-2.65,62.25,19.55));
#130 = LINE('',#131,#132);
#131 = CARTESIAN_POINT('',(-2.65,-3.8,19.55));
#132 = VECTOR('',#133,1.);
#133 = DIRECTION('',(-0.,1.,0.));
#134 = ORIENTED_EDGE('',*,*,#135,.F.);
#135 = EDGE_CURVE('',#136,#128,#138,.T.);
#136 = VERTEX_POINT('',#137);
#137 = CARTESIAN_POINT('',(-0.25,64.65,19.55));
#138 = CIRCLE('',#139,2.4);
#139 = AXIS2_PLACEMENT_3D('',#140,#141,#142);
#140 = CARTESIAN_POINT('',(-0.25,62.25,19.55));
#141 = DIRECTION('',(0.,0.,1.));
#142 = DIRECTION('',(-1.,-0.,0.));
#143 = ORIENTED_EDGE('',*,*,#144,.F.);
#144 = EDGE_CURVE('',#145,#136,#147,.T.);
#145 = VERTEX_POINT('',#146);
#146 = CARTESIAN_POINT('',(90.2,64.65,19.55));
#147 = LINE('',#148,#149);
#148 = CARTESIAN_POINT('',(-3.45,64.65,19.55));
#149 = VECTOR('',#150,1.);
#150 = DIRECTION('',(-1.,-0.,0.));
#151 = ORIENTED_EDGE('',*,*,#152,.T.);
#152 = EDGE_CURVE('',#145,#153,#155,.T.);
#153 = VERTEX_POINT('',#154);
#154 = CARTESIAN_POINT('',(90.2,65.25,19.55));
#155 = LINE('',#156,#157);
#156 = CARTESIAN_POINT('',(90.2,-5.1,19.55));
#157 = VECTOR('',#158,1.);
#158 = DIRECTION('',(-0.,1.,0.));
#159 = ORIENTED_EDGE('',*,*,#160,.F.);
#160 = EDGE_CURVE('',#161,#153,#163,.T.);
#161 = VERTEX_POINT('',#162);
#162 = CARTESIAN_POINT('',(-0.25,65.25,19.55));
#163 = LINE('',#164,#165);
#164 = CARTESIAN_POINT('',(-3.75,65.25,19.55));
#165 = VECTOR('',#166,1.);
#166 = DIRECTION('',(1.,0.,-0.));
#167 = ORIENTED_EDGE('',*,*,#168,.T.);
#168 = EDGE_CURVE('',#161,#40,#169,.T.);
#169 = CIRCLE('',#170,3.);
#170 = AXIS2_PLACEMENT_3D('',#171,#172,#173);
#171 = CARTESIAN_POINT('',(-0.25,62.25,19.55));
#172 = DIRECTION('',(0.,0.,1.));
#173 = DIRECTION('',(-1.,-0.,0.));
#174 = ORIENTED_EDGE('',*,*,#47,.T.);
#175 = ORIENTED_EDGE('',*,*,#79,.T.);
#176 = PLANE('',#177);
#177 = AXIS2_PLACEMENT_3D('',#178,#179,#180);
#178 = CARTESIAN_POINT('',(-4.25,-4.6,19.55));
#179 = DIRECTION('',(0.,0.,1.));
#180 = DIRECTION('',(1.,0.,-0.));
#181 = ADVANCED_FACE('',(#182),#201,.T.);
#182 = FACE_BOUND('',#183,.F.);
#183 = EDGE_LOOP('',(#184,#185,#194,#200));
#184 = ORIENTED_EDGE('',*,*,#39,.F.);
#185 = ORIENTED_EDGE('',*,*,#186,.T.);
#186 = EDGE_CURVE('',#32,#187,#189,.T.);
#187 = VERTEX_POINT('',#188);
#188 = CARTESIAN_POINT('',(-0.25,65.25,0.));
#189 = CIRCLE('',#190,3.);
#190 = AXIS2_PLACEMENT_3D('',#191,#192,#193);
#191 = CARTESIAN_POINT('',(-0.25,62.25,0.));
#192 = DIRECTION('',(-0.,-0.,-1.));
#193 = DIRECTION('',(0.,-1.,0.));
#194 = ORIENTED_EDGE('',*,*,#195,.T.);
#195 = EDGE_CURVE('',#187,#161,#196,.T.);
#196 = LINE('',#197,#198);
#197 = CARTESIAN_POINT('',(-0.25,65.25,0.));
#198 = VECTOR('',#199,1.);
#199 = DIRECTION('',(0.,0.,1.));
#200 = ORIENTED_EDGE('',*,*,#168,.T.);
#201 = CYLINDRICAL_SURFACE('',#202,3.);
#202 = AXIS2_PLACEMENT_3D('',#203,#204,#205);
#203 = CARTESIAN_POINT('',(-0.25,62.25,0.));
#204 = DIRECTION('',(0.,0.,1.));
#205 = DIRECTION('',(-1.,-0.,0.));
#206 = ADVANCED_FACE('',(#207),#252,.F.);
#207 = FACE_BOUND('',#208,.F.);
#208 = EDGE_LOOP('',(#209,#210,#211,#219,#228,#236,#245,#251));
#209 = ORIENTED_EDGE('',*,*,#31,.F.);
#210 = ORIENTED_EDGE('',*,*,#62,.T.);
#211 = ORIENTED_EDGE('',*,*,#212,.T.);
#212 = EDGE_CURVE('',#63,#213,#215,.T.);
#213 = VERTEX_POINT('',#214);
#214 = CARTESIAN_POINT('',(91.2,-3.6,0.));
#215 = LINE('',#216,#217);
#216 = CARTESIAN_POINT('',(-3.25,-3.6,0.));
#217 = VECTOR('',#218,1.);
#218 = DIRECTION('',(1.,0.,-0.));
#219 = ORIENTED_EDGE('',*,*,#220,.F.);
#220 = EDGE_CURVE('',#221,#213,#223,.T.);
#221 = VERTEX_POINT('',#222);
#222 = CARTESIAN_POINT('',(94.2,-0.6,0.));
#223 = CIRCLE('',#224,3.);
#224 = AXIS2_PLACEMENT_3D('',#225,#226,#227);
#225 = CARTESIAN_POINT('',(91.2,-0.6,0.));
#226 = DIRECTION('',(-0.,-0.,-1.));
#227 = DIRECTION('',(0.,-1.,0.));
#228 = ORIENTED_EDGE('',*,*,#229,.T.);
#229 = EDGE_CURVE('',#221,#230,#232,.T.);
#230 = VERTEX_POINT('',#231);
#231 = CARTESIAN_POINT('',(94.2,62.25,0.));
#232 = LINE('',#233,#234);
#233 = CARTESIAN_POINT('',(94.2,-3.6,0.));
#234 = VECTOR('',#235,1.);
#235 = DIRECTION('',(-0.,1.,0.));
#236 = ORIENTED_EDGE('',*,*,#237,.T.);
#237 = EDGE_CURVE('',#230,#238,#240,.T.);
#238 = VERTEX_POINT('',#239);
#239 = CARTESIAN_POINT('',(91.2,65.25,0.));
#240 = CIRCLE('',#241,3.);
#241 = AXIS2_PLACEMENT_3D('',#242,#243,#244);
#242 = CARTESIAN_POINT('',(91.2,62.25,0.));
#243 = DIRECTION('',(0.,0.,1.));
#244 = DIRECTION('',(0.,-1.,0.));
#245 = ORIENTED_EDGE('',*,*,#246,.F.);
#246 = EDGE_CURVE('',#187,#238,#247,.T.);
#247 = LINE('',#248,#249);
#248 = CARTESIAN_POINT('',(-3.25,65.25,0.));
#249 = VECTOR('',#250,1.);
#250 = DIRECTION('',(1.,0.,-0.));
#251 = ORIENTED_EDGE('',*,*,#186,.F.);
#252 = PLANE('',#253);
#253 = AXIS2_PLACEMENT_3D('',#254,#255,#256);
#254 = CARTESIAN_POINT('',(-3.25,-3.6,0.));
#255 = DIRECTION('',(0.,0.,1.));
#256 = DIRECTION('',(1.,0.,-0.));
#257 = ADVANCED_FACE('',(#258,#301,#335,#369,#403,#437,#471,#505,#539,
    #573,#607),#641,.F.);
#258 = FACE_BOUND('',#259,.F.);
#259 = EDGE_LOOP('',(#260,#261,#262,#263,#271,#279,#287,#295));
#260 = ORIENTED_EDGE('',*,*,#212,.F.);
#261 = ORIENTED_EDGE('',*,*,#71,.T.);
#262 = ORIENTED_EDGE('',*,*,#94,.T.);
#263 = ORIENTED_EDGE('',*,*,#264,.F.);
#264 = EDGE_CURVE('',#265,#95,#267,.T.);
#265 = VERTEX_POINT('',#266);
#266 = CARTESIAN_POINT('',(90.2,-3.6,21.15));
#267 = LINE('',#268,#269);
#268 = CARTESIAN_POINT('',(90.2,-3.6,0.));
#269 = VECTOR('',#270,1.);
#270 = DIRECTION('',(-0.,0.,-1.));
#271 = ORIENTED_EDGE('',*,*,#272,.F.);
#272 = EDGE_CURVE('',#273,#265,#275,.T.);
#273 = VERTEX_POINT('',#274);
#274 = CARTESIAN_POINT('',(-0.25,-3.6,21.15));
#275 = LINE('',#276,#277);
#276 = CARTESIAN_POINT('',(-3.75,-3.6,21.15));
#277 = VECTOR('',#278,1.);
#278 = DIRECTION('',(1.,0.,-0.));
#279 = ORIENTED_EDGE('',*,*,#280,.T.);
#280 = EDGE_CURVE('',#273,#281,#283,.T.);
#281 = VERTEX_POINT('',#282);
#282 = CARTESIAN_POINT('',(-0.25,-3.6,22.55));
#283 = LINE('',#284,#285);
#284 = CARTESIAN_POINT('',(-0.25,-3.6,0.));
#285 = VECTOR('',#286,1.);
#286 = DIRECTION('',(0.,0.,1.));
#287 = ORIENTED_EDGE('',*,*,#288,.F.);
#288 = EDGE_CURVE('',#289,#281,#291,.T.);
#289 = VERTEX_POINT('',#290);
#290 = CARTESIAN_POINT('',(91.2,-3.6,22.55));
#291 = LINE('',#292,#293);
#292 = CARTESIAN_POINT('',(91.2,-3.6,22.55));
#293 = VECTOR('',#294,1.);
#294 = DIRECTION('',(-1.,-0.,0.));
#295 = ORIENTED_EDGE('',*,*,#296,.F.);
#296 = EDGE_CURVE('',#213,#289,#297,.T.);
#297 = LINE('',#298,#299);
#298 = CARTESIAN_POINT('',(91.2,-3.6,0.));
#299 = VECTOR('',#300,1.);
#300 = DIRECTION('',(0.,0.,1.));
#301 = FACE_BOUND('',#302,.F.);
#302 = EDGE_LOOP('',(#303,#313,#321,#329));
#303 = ORIENTED_EDGE('',*,*,#304,.F.);
#304 = EDGE_CURVE('',#305,#307,#309,.T.);
#305 = VERTEX_POINT('',#306);
#306 = CARTESIAN_POINT('',(12.,-3.6,5.));
#307 = VERTEX_POINT('',#308);
#308 = CARTESIAN_POINT('',(14.5,-3.6,5.));
#309 = LINE('',#310,#311);
#310 = CARTESIAN_POINT('',(4.375,-3.6,5.));
#311 = VECTOR('',#312,1.);
#312 = DIRECTION('',(1.,0.,-0.));
#313 = ORIENTED_EDGE('',*,*,#314,.T.);
#314 = EDGE_CURVE('',#305,#315,#317,.T.);
#315 = VERTEX_POINT('',#316);
#316 = CARTESIAN_POINT('',(12.,-3.6,3.));
#317 = LINE('',#318,#319);
#318 = CARTESIAN_POINT('',(12.,-3.6,1.5));
#319 = VECTOR('',#320,1.);
#320 = DIRECTION('',(-0.,0.,-1.));
#321 = ORIENTED_EDGE('',*,*,#322,.T.);
#322 = EDGE_CURVE('',#315,#323,#325,.T.);
#323 = VERTEX_POINT('',#324);
#324 = CARTESIAN_POINT('',(14.5,-3.6,3.));
#325 = LINE('',#326,#327);
#326 = CARTESIAN_POINT('',(4.375,-3.6,3.));
#327 = VECTOR('',#328,1.);
#328 = DIRECTION('',(1.,0.,-0.));
#329 = ORIENTED_EDGE('',*,*,#330,.F.);
#330 = EDGE_CURVE('',#307,#323,#331,.T.);
#331 = LINE('',#332,#333);
#332 = CARTESIAN_POINT('',(14.5,-3.6,1.5));
#333 = VECTOR('',#334,1.);
#334 = DIRECTION('',(-0.,0.,-1.));
#335 = FACE_BOUND('',#336,.F.);
#336 = EDGE_LOOP('',(#337,#347,#355,#363));
#337 = ORIENTED_EDGE('',*,*,#338,.F.);
#338 = EDGE_CURVE('',#339,#341,#343,.T.);
#339 = VERTEX_POINT('',#340);
#340 = CARTESIAN_POINT('',(19.,-3.6,5.));
#341 = VERTEX_POINT('',#342);
#342 = CARTESIAN_POINT('',(21.5,-3.6,5.));
#343 = LINE('',#344,#345);
#344 = CARTESIAN_POINT('',(7.875,-3.6,5.));
#345 = VECTOR('',#346,1.);
#346 = DIRECTION('',(1.,0.,-0.));
#347 = ORIENTED_EDGE('',*,*,#348,.T.);
#348 = EDGE_CURVE('',#339,#349,#351,.T.);
#349 = VERTEX_POINT('',#350);
#350 = CARTESIAN_POINT('',(19.,-3.6,3.));
#351 = LINE('',#352,#353);
#352 = CARTESIAN_POINT('',(19.,-3.6,1.5));
#353 = VECTOR('',#354,1.);
#354 = DIRECTION('',(-0.,0.,-1.));
#355 = ORIENTED_EDGE('',*,*,#356,.T.);
#356 = EDGE_CURVE('',#349,#357,#359,.T.);
#357 = VERTEX_POINT('',#358);
#358 = CARTESIAN_POINT('',(21.5,-3.6,3.));
#359 = LINE('',#360,#361);
#360 = CARTESIAN_POINT('',(7.875,-3.6,3.));
#361 = VECTOR('',#362,1.);
#362 = DIRECTION('',(1.,0.,-0.));
#363 = ORIENTED_EDGE('',*,*,#364,.F.);
#364 = EDGE_CURVE('',#341,#357,#365,.T.);
#365 = LINE('',#366,#367);
#366 = CARTESIAN_POINT('',(21.5,-3.6,1.5));
#367 = VECTOR('',#368,1.);
#368 = DIRECTION('',(-0.,0.,-1.));
#369 = FACE_BOUND('',#370,.F.);
#370 = EDGE_LOOP('',(#371,#381,#389,#397));
#371 = ORIENTED_EDGE('',*,*,#372,.F.);
#372 = EDGE_CURVE('',#373,#375,#377,.T.);
#373 = VERTEX_POINT('',#374);
#374 = CARTESIAN_POINT('',(26.,-3.6,5.));
#375 = VERTEX_POINT('',#376);
#376 = CARTESIAN_POINT('',(28.5,-3.6,5.));
#377 = LINE('',#378,#379);
#378 = CARTESIAN_POINT('',(11.375,-3.6,5.));
#379 = VECTOR('',#380,1.);
#380 = DIRECTION('',(1.,0.,-0.));
#381 = ORIENTED_EDGE('',*,*,#382,.T.);
#382 = EDGE_CURVE('',#373,#383,#385,.T.);
#383 = VERTEX_POINT('',#384);
#384 = CARTESIAN_POINT('',(26.,-3.6,3.));
#385 = LINE('',#386,#387);
#386 = CARTESIAN_POINT('',(26.,-3.6,1.5));
#387 = VECTOR('',#388,1.);
#388 = DIRECTION('',(-0.,0.,-1.));
#389 = ORIENTED_EDGE('',*,*,#390,.T.);
#390 = EDGE_CURVE('',#383,#391,#393,.T.);
#391 = VERTEX_POINT('',#392);
#392 = CARTESIAN_POINT('',(28.5,-3.6,3.));
#393 = LINE('',#394,#395);
#394 = CARTESIAN_POINT('',(11.375,-3.6,3.));
#395 = VECTOR('',#396,1.);
#396 = DIRECTION('',(1.,0.,-0.));
#397 = ORIENTED_EDGE('',*,*,#398,.F.);
#398 = EDGE_CURVE('',#375,#391,#399,.T.);
#399 = LINE('',#400,#401);
#400 = CARTESIAN_POINT('',(28.5,-3.6,1.5));
#401 = VECTOR('',#402,1.);
#402 = DIRECTION('',(-0.,0.,-1.));
#403 = FACE_BOUND('',#404,.F.);
#404 = EDGE_LOOP('',(#405,#415,#423,#431));
#405 = ORIENTED_EDGE('',*,*,#406,.F.);
#406 = EDGE_CURVE('',#407,#409,#411,.T.);
#407 = VERTEX_POINT('',#408);
#408 = CARTESIAN_POINT('',(33.,-3.6,5.));
#409 = VERTEX_POINT('',#410);
#410 = CARTESIAN_POINT('',(35.5,-3.6,5.));
#411 = LINE('',#412,#413);
#412 = CARTESIAN_POINT('',(14.875,-3.6,5.));
#413 = VECTOR('',#414,1.);
#414 = DIRECTION('',(1.,0.,-0.));
#415 = ORIENTED_EDGE('',*,*,#416,.T.);
#416 = EDGE_CURVE('',#407,#417,#419,.T.);
#417 = VERTEX_POINT('',#418);
#418 = CARTESIAN_POINT('',(33.,-3.6,3.));
#419 = LINE('',#420,#421);
#420 = CARTESIAN_POINT('',(33.,-3.6,1.5));
#421 = VECTOR('',#422,1.);
#422 = DIRECTION('',(-0.,0.,-1.));
#423 = ORIENTED_EDGE('',*,*,#424,.T.);
#424 = EDGE_CURVE('',#417,#425,#427,.T.);
#425 = VERTEX_POINT('',#426);
#426 = CARTESIAN_POINT('',(35.5,-3.6,3.));
#427 = LINE('',#428,#429);
#428 = CARTESIAN_POINT('',(14.875,-3.6,3.));
#429 = VECTOR('',#430,1.);
#430 = DIRECTION('',(1.,0.,-0.));
#431 = ORIENTED_EDGE('',*,*,#432,.F.);
#432 = EDGE_CURVE('',#409,#425,#433,.T.);
#433 = LINE('',#434,#435);
#434 = CARTESIAN_POINT('',(35.5,-3.6,1.5));
#435 = VECTOR('',#436,1.);
#436 = DIRECTION('',(-0.,0.,-1.));
#437 = FACE_BOUND('',#438,.F.);
#438 = EDGE_LOOP('',(#439,#449,#457,#465));
#439 = ORIENTED_EDGE('',*,*,#440,.F.);
#440 = EDGE_CURVE('',#441,#443,#445,.T.);
#441 = VERTEX_POINT('',#442);
#442 = CARTESIAN_POINT('',(40.,-3.6,5.));
#443 = VERTEX_POINT('',#444);
#444 = CARTESIAN_POINT('',(42.5,-3.6,5.));
#445 = LINE('',#446,#447);
#446 = CARTESIAN_POINT('',(18.375,-3.6,5.));
#447 = VECTOR('',#448,1.);
#448 = DIRECTION('',(1.,0.,-0.));
#449 = ORIENTED_EDGE('',*,*,#450,.T.);
#450 = EDGE_CURVE('',#441,#451,#453,.T.);
#451 = VERTEX_POINT('',#452);
#452 = CARTESIAN_POINT('',(40.,-3.6,3.));
#453 = LINE('',#454,#455);
#454 = CARTESIAN_POINT('',(40.,-3.6,1.5));
#455 = VECTOR('',#456,1.);
#456 = DIRECTION('',(-0.,0.,-1.));
#457 = ORIENTED_EDGE('',*,*,#458,.T.);
#458 = EDGE_CURVE('',#451,#459,#461,.T.);
#459 = VERTEX_POINT('',#460);
#460 = CARTESIAN_POINT('',(42.5,-3.6,3.));
#461 = LINE('',#462,#463);
#462 = CARTESIAN_POINT('',(18.375,-3.6,3.));
#463 = VECTOR('',#464,1.);
#464 = DIRECTION('',(1.,0.,-0.));
#465 = ORIENTED_EDGE('',*,*,#466,.F.);
#466 = EDGE_CURVE('',#443,#459,#467,.T.);
#467 = LINE('',#468,#469);
#468 = CARTESIAN_POINT('',(42.5,-3.6,1.5));
#469 = VECTOR('',#470,1.);
#470 = DIRECTION('',(-0.,0.,-1.));
#471 = FACE_BOUND('',#472,.F.);
#472 = EDGE_LOOP('',(#473,#483,#491,#499));
#473 = ORIENTED_EDGE('',*,*,#474,.F.);
#474 = EDGE_CURVE('',#475,#477,#479,.T.);
#475 = VERTEX_POINT('',#476);
#476 = CARTESIAN_POINT('',(47.,-3.6,5.));
#477 = VERTEX_POINT('',#478);
#478 = CARTESIAN_POINT('',(49.5,-3.6,5.));
#479 = LINE('',#480,#481);
#480 = CARTESIAN_POINT('',(21.875,-3.6,5.));
#481 = VECTOR('',#482,1.);
#482 = DIRECTION('',(1.,0.,-0.));
#483 = ORIENTED_EDGE('',*,*,#484,.T.);
#484 = EDGE_CURVE('',#475,#485,#487,.T.);
#485 = VERTEX_POINT('',#486);
#486 = CARTESIAN_POINT('',(47.,-3.6,3.));
#487 = LINE('',#488,#489);
#488 = CARTESIAN_POINT('',(47.,-3.6,1.5));
#489 = VECTOR('',#490,1.);
#490 = DIRECTION('',(-0.,0.,-1.));
#491 = ORIENTED_EDGE('',*,*,#492,.T.);
#492 = EDGE_CURVE('',#485,#493,#495,.T.);
#493 = VERTEX_POINT('',#494);
#494 = CARTESIAN_POINT('',(49.5,-3.6,3.));
#495 = LINE('',#496,#497);
#496 = CARTESIAN_POINT('',(21.875,-3.6,3.));
#497 = VECTOR('',#498,1.);
#498 = DIRECTION('',(1.,0.,-0.));
#499 = ORIENTED_EDGE('',*,*,#500,.F.);
#500 = EDGE_CURVE('',#477,#493,#501,.T.);
#501 = LINE('',#502,#503);
#502 = CARTESIAN_POINT('',(49.5,-3.6,1.5));
#503 = VECTOR('',#504,1.);
#504 = DIRECTION('',(-0.,0.,-1.));
#505 = FACE_BOUND('',#506,.F.);
#506 = EDGE_LOOP('',(#507,#517,#525,#533));
#507 = ORIENTED_EDGE('',*,*,#508,.F.);
#508 = EDGE_CURVE('',#509,#511,#513,.T.);
#509 = VERTEX_POINT('',#510);
#510 = CARTESIAN_POINT('',(54.,-3.6,5.));
#511 = VERTEX_POINT('',#512);
#512 = CARTESIAN_POINT('',(56.5,-3.6,5.));
#513 = LINE('',#514,#515);
#514 = CARTESIAN_POINT('',(25.375,-3.6,5.));
#515 = VECTOR('',#516,1.);
#516 = DIRECTION('',(1.,0.,-0.));
#517 = ORIENTED_EDGE('',*,*,#518,.T.);
#518 = EDGE_CURVE('',#509,#519,#521,.T.);
#519 = VERTEX_POINT('',#520);
#520 = CARTESIAN_POINT('',(54.,-3.6,3.));
#521 = LINE('',#522,#523);
#522 = CARTESIAN_POINT('',(54.,-3.6,1.5));
#523 = VECTOR('',#524,1.);
#524 = DIRECTION('',(-0.,0.,-1.));
#525 = ORIENTED_EDGE('',*,*,#526,.T.);
#526 = EDGE_CURVE('',#519,#527,#529,.T.);
#527 = VERTEX_POINT('',#528);
#528 = CARTESIAN_POINT('',(56.5,-3.6,3.));
#529 = LINE('',#530,#531);
#530 = CARTESIAN_POINT('',(25.375,-3.6,3.));
#531 = VECTOR('',#532,1.);
#532 = DIRECTION('',(1.,0.,-0.));
#533 = ORIENTED_EDGE('',*,*,#534,.F.);
#534 = EDGE_CURVE('',#511,#527,#535,.T.);
#535 = LINE('',#536,#537);
#536 = CARTESIAN_POINT('',(56.5,-3.6,1.5));
#537 = VECTOR('',#538,1.);
#538 = DIRECTION('',(-0.,0.,-1.));
#539 = FACE_BOUND('',#540,.F.);
#540 = EDGE_LOOP('',(#541,#551,#559,#567));
#541 = ORIENTED_EDGE('',*,*,#542,.F.);
#542 = EDGE_CURVE('',#543,#545,#547,.T.);
#543 = VERTEX_POINT('',#544);
#544 = CARTESIAN_POINT('',(61.,-3.6,5.));
#545 = VERTEX_POINT('',#546);
#546 = CARTESIAN_POINT('',(63.5,-3.6,5.));
#547 = LINE('',#548,#549);
#548 = CARTESIAN_POINT('',(28.875,-3.6,5.));
#549 = VECTOR('',#550,1.);
#550 = DIRECTION('',(1.,0.,-0.));
#551 = ORIENTED_EDGE('',*,*,#552,.T.);
#552 = EDGE_CURVE('',#543,#553,#555,.T.);
#553 = VERTEX_POINT('',#554);
#554 = CARTESIAN_POINT('',(61.,-3.6,3.));
#555 = LINE('',#556,#557);
#556 = CARTESIAN_POINT('',(61.,-3.6,1.5));
#557 = VECTOR('',#558,1.);
#558 = DIRECTION('',(-0.,0.,-1.));
#559 = ORIENTED_EDGE('',*,*,#560,.T.);
#560 = EDGE_CURVE('',#553,#561,#563,.T.);
#561 = VERTEX_POINT('',#562);
#562 = CARTESIAN_POINT('',(63.5,-3.6,3.));
#563 = LINE('',#564,#565);
#564 = CARTESIAN_POINT('',(28.875,-3.6,3.));
#565 = VECTOR('',#566,1.);
#566 = DIRECTION('',(1.,0.,-0.));
#567 = ORIENTED_EDGE('',*,*,#568,.F.);
#568 = EDGE_CURVE('',#545,#561,#569,.T.);
#569 = LINE('',#570,#571);
#570 = CARTESIAN_POINT('',(63.5,-3.6,1.5));
#571 = VECTOR('',#572,1.);
#572 = DIRECTION('',(-0.,0.,-1.));
#573 = FACE_BOUND('',#574,.F.);
#574 = EDGE_LOOP('',(#575,#585,#593,#601));
#575 = ORIENTED_EDGE('',*,*,#576,.F.);
#576 = EDGE_CURVE('',#577,#579,#581,.T.);
#577 = VERTEX_POINT('',#578);
#578 = CARTESIAN_POINT('',(68.,-3.6,5.));
#579 = VERTEX_POINT('',#580);
#580 = CARTESIAN_POINT('',(70.5,-3.6,5.));
#581 = LINE('',#582,#583);
#582 = CARTESIAN_POINT('',(32.375,-3.6,5.));
#583 = VECTOR('',#584,1.);
#584 = DIRECTION('',(1.,0.,-0.));
#585 = ORIENTED_EDGE('',*,*,#586,.T.);
#586 = EDGE_CURVE('',#577,#587,#589,.T.);
#587 = VERTEX_POINT('',#588);
#588 = CARTESIAN_POINT('',(68.,-3.6,3.));
#589 = LINE('',#590,#591);
#590 = CARTESIAN_POINT('',(68.,-3.6,1.5));
#591 = VECTOR('',#592,1.);
#592 = DIRECTION('',(-0.,0.,-1.));
#593 = ORIENTED_EDGE('',*,*,#594,.T.);
#594 = EDGE_CURVE('',#587,#595,#597,.T.);
#595 = VERTEX_POINT('',#596);
#596 = CARTESIAN_POINT('',(70.5,-3.6,3.));
#597 = LINE('',#598,#599);
#598 = CARTESIAN_POINT('',(32.375,-3.6,3.));
#599 = VECTOR('',#600,1.);
#600 = DIRECTION('',(1.,0.,-0.));
#601 = ORIENTED_EDGE('',*,*,#602,.F.);
#602 = EDGE_CURVE('',#579,#595,#603,.T.);
#603 = LINE('',#604,#605);
#604 = CARTESIAN_POINT('',(70.5,-3.6,1.5));
#605 = VECTOR('',#606,1.);
#606 = DIRECTION('',(-0.,0.,-1.));
#607 = FACE_BOUND('',#608,.F.);
#608 = EDGE_LOOP('',(#609,#619,#627,#635));
#609 = ORIENTED_EDGE('',*,*,#610,.F.);
#610 = EDGE_CURVE('',#611,#613,#615,.T.);
#611 = VERTEX_POINT('',#612);
#612 = CARTESIAN_POINT('',(75.,-3.6,5.));
#613 = VERTEX_POINT('',#614);
#614 = CARTESIAN_POINT('',(77.5,-3.6,5.));
#615 = LINE('',#616,#617);
#616 = CARTESIAN_POINT('',(35.875,-3.6,5.));
#617 = VECTOR('',#618,1.);
#618 = DIRECTION('',(1.,0.,-0.));
#619 = ORIENTED_EDGE('',*,*,#620,.T.);
#620 = EDGE_CURVE('',#611,#621,#623,.T.);
#621 = VERTEX_POINT('',#622);
#622 = CARTESIAN_POINT('',(75.,-3.6,3.));
#623 = LINE('',#624,#625);
#624 = CARTESIAN_POINT('',(75.,-3.6,1.5));
#625 = VECTOR('',#626,1.);
#626 = DIRECTION('',(-0.,0.,-1.));
#627 = ORIENTED_EDGE('',*,*,#628,.T.);
#628 = EDGE_CURVE('',#621,#629,#631,.T.);
#629 = VERTEX_POINT('',#630);
#630 = CARTESIAN_POINT('',(77.5,-3.6,3.));
#631 = LINE('',#632,#633);
#632 = CARTESIAN_POINT('',(35.875,-3.6,3.));
#633 = VECTOR('',#634,1.);
#634 = DIRECTION('',(1.,0.,-0.));
#635 = ORIENTED_EDGE('',*,*,#636,.F.);
#636 = EDGE_CURVE('',#613,#629,#637,.T.);
#637 = LINE('',#638,#639);
#638 = CARTESIAN_POINT('',(77.5,-3.6,1.5));
#639 = VECTOR('',#640,1.);
#640 = DIRECTION('',(-0.,0.,-1.));
#641 = PLANE('',#642);
#642 = AXIS2_PLACEMENT_3D('',#643,#644,#645);
#643 = CARTESIAN_POINT('',(-3.25,-3.6,0.));
#644 = DIRECTION('',(-0.,1.,0.));
#645 = DIRECTION('',(0.,0.,1.));
#646 = ADVANCED_FACE('',(#647,#690,#724,#758,#792,#826,#860,#894,#928,
    #962,#996),#1030,.T.);
#647 = FACE_BOUND('',#648,.T.);
#648 = EDGE_LOOP('',(#649,#650,#651,#652,#660,#668,#676,#684));
#649 = ORIENTED_EDGE('',*,*,#246,.F.);
#650 = ORIENTED_EDGE('',*,*,#195,.T.);
#651 = ORIENTED_EDGE('',*,*,#160,.T.);
#652 = ORIENTED_EDGE('',*,*,#653,.F.);
#653 = EDGE_CURVE('',#654,#153,#656,.T.);
#654 = VERTEX_POINT('',#655);
#655 = CARTESIAN_POINT('',(90.2,65.25,21.15));
#656 = LINE('',#657,#658);
#657 = CARTESIAN_POINT('',(90.2,65.25,0.));
#658 = VECTOR('',#659,1.);
#659 = DIRECTION('',(-0.,0.,-1.));
#660 = ORIENTED_EDGE('',*,*,#661,.F.);
#661 = EDGE_CURVE('',#662,#654,#664,.T.);
#662 = VERTEX_POINT('',#663);
#663 = CARTESIAN_POINT('',(-0.25,65.25,21.15));
#664 = LINE('',#665,#666);
#665 = CARTESIAN_POINT('',(-3.75,65.25,21.15));
#666 = VECTOR('',#667,1.);
#667 = DIRECTION('',(1.,0.,-0.));
#668 = ORIENTED_EDGE('',*,*,#669,.T.);
#669 = EDGE_CURVE('',#662,#670,#672,.T.);
#670 = VERTEX_POINT('',#671);
#671 = CARTESIAN_POINT('',(-0.25,65.25,22.55));
#672 = LINE('',#673,#674);
#673 = CARTESIAN_POINT('',(-0.25,65.25,0.));
#674 = VECTOR('',#675,1.);
#675 = DIRECTION('',(0.,0.,1.));
#676 = ORIENTED_EDGE('',*,*,#677,.T.);
#677 = EDGE_CURVE('',#670,#678,#680,.T.);
#678 = VERTEX_POINT('',#679);
#679 = CARTESIAN_POINT('',(91.2,65.25,22.55));
#680 = LINE('',#681,#682);
#681 = CARTESIAN_POINT('',(-0.25,65.25,22.55));
#682 = VECTOR('',#683,1.);
#683 = DIRECTION('',(1.,0.,-0.));
#684 = ORIENTED_EDGE('',*,*,#685,.F.);
#685 = EDGE_CURVE('',#238,#678,#686,.T.);
#686 = LINE('',#687,#688);
#687 = CARTESIAN_POINT('',(91.2,65.25,0.));
#688 = VECTOR('',#689,1.);
#689 = DIRECTION('',(0.,0.,1.));
#690 = FACE_BOUND('',#691,.T.);
#691 = EDGE_LOOP('',(#692,#702,#710,#718));
#692 = ORIENTED_EDGE('',*,*,#693,.F.);
#693 = EDGE_CURVE('',#694,#696,#698,.T.);
#694 = VERTEX_POINT('',#695);
#695 = CARTESIAN_POINT('',(12.,65.25,5.));
#696 = VERTEX_POINT('',#697);
#697 = CARTESIAN_POINT('',(14.5,65.25,5.));
#698 = LINE('',#699,#700);
#699 = CARTESIAN_POINT('',(4.375,65.25,5.));
#700 = VECTOR('',#701,1.);
#701 = DIRECTION('',(1.,0.,-0.));
#702 = ORIENTED_EDGE('',*,*,#703,.T.);
#703 = EDGE_CURVE('',#694,#704,#706,.T.);
#704 = VERTEX_POINT('',#705);
#705 = CARTESIAN_POINT('',(12.,65.25,3.));
#706 = LINE('',#707,#708);
#707 = CARTESIAN_POINT('',(12.,65.25,1.5));
#708 = VECTOR('',#709,1.);
#709 = DIRECTION('',(-0.,0.,-1.));
#710 = ORIENTED_EDGE('',*,*,#711,.T.);
#711 = EDGE_CURVE('',#704,#712,#714,.T.);
#712 = VERTEX_POINT('',#713);
#713 = CARTESIAN_POINT('',(14.5,65.25,3.));
#714 = LINE('',#715,#716);
#715 = CARTESIAN_POINT('',(4.375,65.25,3.));
#716 = VECTOR('',#717,1.);
#717 = DIRECTION('',(1.,0.,-0.));
#718 = ORIENTED_EDGE('',*,*,#719,.F.);
#719 = EDGE_CURVE('',#696,#712,#720,.T.);
#720 = LINE('',#721,#722);
#721 = CARTESIAN_POINT('',(14.5,65.25,1.5));
#722 = VECTOR('',#723,1.);
#723 = DIRECTION('',(-0.,0.,-1.));
#724 = FACE_BOUND('',#725,.T.);
#725 = EDGE_LOOP('',(#726,#736,#744,#752));
#726 = ORIENTED_EDGE('',*,*,#727,.F.);
#727 = EDGE_CURVE('',#728,#730,#732,.T.);
#728 = VERTEX_POINT('',#729);
#729 = CARTESIAN_POINT('',(19.,65.25,5.));
#730 = VERTEX_POINT('',#731);
#731 = CARTESIAN_POINT('',(21.5,65.25,5.));
#732 = LINE('',#733,#734);
#733 = CARTESIAN_POINT('',(7.875,65.25,5.));
#734 = VECTOR('',#735,1.);
#735 = DIRECTION('',(1.,0.,-0.));
#736 = ORIENTED_EDGE('',*,*,#737,.T.);
#737 = EDGE_CURVE('',#728,#738,#740,.T.);
#738 = VERTEX_POINT('',#739);
#739 = CARTESIAN_POINT('',(19.,65.25,3.));
#740 = LINE('',#741,#742);
#741 = CARTESIAN_POINT('',(19.,65.25,1.5));
#742 = VECTOR('',#743,1.);
#743 = DIRECTION('',(-0.,0.,-1.));
#744 = ORIENTED_EDGE('',*,*,#745,.T.);
#745 = EDGE_CURVE('',#738,#746,#748,.T.);
#746 = VERTEX_POINT('',#747);
#747 = CARTESIAN_POINT('',(21.5,65.25,3.));
#748 = LINE('',#749,#750);
#749 = CARTESIAN_POINT('',(7.875,65.25,3.));
#750 = VECTOR('',#751,1.);
#751 = DIRECTION('',(1.,0.,-0.));
#752 = ORIENTED_EDGE('',*,*,#753,.F.);
#753 = EDGE_CURVE('',#730,#746,#754,.T.);
#754 = LINE('',#755,#756);
#755 = CARTESIAN_POINT('',(21.5,65.25,1.5));
#756 = VECTOR('',#757,1.);
#757 = DIRECTION('',(-0.,0.,-1.));
#758 = FACE_BOUND('',#759,.T.);
#759 = EDGE_LOOP('',(#760,#770,#778,#786));
#760 = ORIENTED_EDGE('',*,*,#761,.F.);
#761 = EDGE_CURVE('',#762,#764,#766,.T.);
#762 = VERTEX_POINT('',#763);
#763 = CARTESIAN_POINT('',(26.,65.25,5.));
#764 = VERTEX_POINT('',#765);
#765 = CARTESIAN_POINT('',(28.5,65.25,5.));
#766 = LINE('',#767,#768);
#767 = CARTESIAN_POINT('',(11.375,65.25,5.));
#768 = VECTOR('',#769,1.);
#769 = DIRECTION('',(1.,0.,-0.));
#770 = ORIENTED_EDGE('',*,*,#771,.T.);
#771 = EDGE_CURVE('',#762,#772,#774,.T.);
#772 = VERTEX_POINT('',#773);
#773 = CARTESIAN_POINT('',(26.,65.25,3.));
#774 = LINE('',#775,#776);
#775 = CARTESIAN_POINT('',(26.,65.25,1.5));
#776 = VECTOR('',#777,1.);
#777 = DIRECTION('',(-0.,0.,-1.));
#778 = ORIENTED_EDGE('',*,*,#779,.T.);
#779 = EDGE_CURVE('',#772,#780,#782,.T.);
#780 = VERTEX_POINT('',#781);
#781 = CARTESIAN_POINT('',(28.5,65.25,3.));
#782 = LINE('',#783,#784);
#783 = CARTESIAN_POINT('',(11.375,65.25,3.));
#784 = VECTOR('',#785,1.);
#785 = DIRECTION('',(1.,0.,-0.));
#786 = ORIENTED_EDGE('',*,*,#787,.F.);
#787 = EDGE_CURVE('',#764,#780,#788,.T.);
#788 = LINE('',#789,#790);
#789 = CARTESIAN_POINT('',(28.5,65.25,1.5));
#790 = VECTOR('',#791,1.);
#791 = DIRECTION('',(-0.,0.,-1.));
#792 = FACE_BOUND('',#793,.T.);
#793 = EDGE_LOOP('',(#794,#804,#812,#820));
#794 = ORIENTED_EDGE('',*,*,#795,.F.);
#795 = EDGE_CURVE('',#796,#798,#800,.T.);
#796 = VERTEX_POINT('',#797);
#797 = CARTESIAN_POINT('',(33.,65.25,5.));
#798 = VERTEX_POINT('',#799);
#799 = CARTESIAN_POINT('',(35.5,65.25,5.));
#800 = LINE('',#801,#802);
#801 = CARTESIAN_POINT('',(14.875,65.25,5.));
#802 = VECTOR('',#803,1.);
#803 = DIRECTION('',(1.,0.,-0.));
#804 = ORIENTED_EDGE('',*,*,#805,.T.);
#805 = EDGE_CURVE('',#796,#806,#808,.T.);
#806 = VERTEX_POINT('',#807);
#807 = CARTESIAN_POINT('',(33.,65.25,3.));
#808 = LINE('',#809,#810);
#809 = CARTESIAN_POINT('',(33.,65.25,1.5));
#810 = VECTOR('',#811,1.);
#811 = DIRECTION('',(-0.,0.,-1.));
#812 = ORIENTED_EDGE('',*,*,#813,.T.);
#813 = EDGE_CURVE('',#806,#814,#816,.T.);
#814 = VERTEX_POINT('',#815);
#815 = CARTESIAN_POINT('',(35.5,65.25,3.));
#816 = LINE('',#817,#818);
#817 = CARTESIAN_POINT('',(14.875,65.25,3.));
#818 = VECTOR('',#819,1.);
#819 = DIRECTION('',(1.,0.,-0.));
#820 = ORIENTED_EDGE('',*,*,#821,.F.);
#821 = EDGE_CURVE('',#798,#814,#822,.T.);
#822 = LINE('',#823,#824);
#823 = CARTESIAN_POINT('',(35.5,65.25,1.5));
#824 = VECTOR('',#825,1.);
#825 = DIRECTION('',(-0.,0.,-1.));
#826 = FACE_BOUND('',#827,.T.);
#827 = EDGE_LOOP('',(#828,#838,#846,#854));
#828 = ORIENTED_EDGE('',*,*,#829,.F.);
#829 = EDGE_CURVE('',#830,#832,#834,.T.);
#830 = VERTEX_POINT('',#831);
#831 = CARTESIAN_POINT('',(40.,65.25,5.));
#832 = VERTEX_POINT('',#833);
#833 = CARTESIAN_POINT('',(42.5,65.25,5.));
#834 = LINE('',#835,#836);
#835 = CARTESIAN_POINT('',(18.375,65.25,5.));
#836 = VECTOR('',#837,1.);
#837 = DIRECTION('',(1.,0.,-0.));
#838 = ORIENTED_EDGE('',*,*,#839,.T.);
#839 = EDGE_CURVE('',#830,#840,#842,.T.);
#840 = VERTEX_POINT('',#841);
#841 = CARTESIAN_POINT('',(40.,65.25,3.));
#842 = LINE('',#843,#844);
#843 = CARTESIAN_POINT('',(40.,65.25,1.5));
#844 = VECTOR('',#845,1.);
#845 = DIRECTION('',(-0.,0.,-1.));
#846 = ORIENTED_EDGE('',*,*,#847,.T.);
#847 = EDGE_CURVE('',#840,#848,#850,.T.);
#848 = VERTEX_POINT('',#849);
#849 = CARTESIAN_POINT('',(42.5,65.25,3.));
#850 = LINE('',#851,#852);
#851 = CARTESIAN_POINT('',(18.375,65.25,3.));
#852 = VECTOR('',#853,1.);
#853 = DIRECTION('',(1.,0.,-0.));
#854 = ORIENTED_EDGE('',*,*,#855,.F.);
#855 = EDGE_CURVE('',#832,#848,#856,.T.);
#856 = LINE('',#857,#858);
#857 = CARTESIAN_POINT('',(42.5,65.25,1.5));
#858 = VECTOR('',#859,1.);
#859 = DIRECTION('',(-0.,0.,-1.));
#860 = FACE_BOUND('',#861,.T.);
#861 = EDGE_LOOP('',(#862,#872,#880,#888));
#862 = ORIENTED_EDGE('',*,*,#863,.F.);
#863 = EDGE_CURVE('',#864,#866,#868,.T.);
#864 = VERTEX_POINT('',#865);
#865 = CARTESIAN_POINT('',(47.,65.25,5.));
#866 = VERTEX_POINT('',#867);
#867 = CARTESIAN_POINT('',(49.5,65.25,5.));
#868 = LINE('',#869,#870);
#869 = CARTESIAN_POINT('',(21.875,65.25,5.));
#870 = VECTOR('',#871,1.);
#871 = DIRECTION('',(1.,0.,-0.));
#872 = ORIENTED_EDGE('',*,*,#873,.T.);
#873 = EDGE_CURVE('',#864,#874,#876,.T.);
#874 = VERTEX_POINT('',#875);
#875 = CARTESIAN_POINT('',(47.,65.25,3.));
#876 = LINE('',#877,#878);
#877 = CARTESIAN_POINT('',(47.,65.25,1.5));
#878 = VECTOR('',#879,1.);
#879 = DIRECTION('',(-0.,0.,-1.));
#880 = ORIENTED_EDGE('',*,*,#881,.T.);
#881 = EDGE_CURVE('',#874,#882,#884,.T.);
#882 = VERTEX_POINT('',#883);
#883 = CARTESIAN_POINT('',(49.5,65.25,3.));
#884 = LINE('',#885,#886);
#885 = CARTESIAN_POINT('',(21.875,65.25,3.));
#886 = VECTOR('',#887,1.);
#887 = DIRECTION('',(1.,0.,-0.));
#888 = ORIENTED_EDGE('',*,*,#889,.F.);
#889 = EDGE_CURVE('',#866,#882,#890,.T.);
#890 = LINE('',#891,#892);
#891 = CARTESIAN_POINT('',(49.5,65.25,1.5));
#892 = VECTOR('',#893,1.);
#893 = DIRECTION('',(-0.,0.,-1.));
#894 = FACE_BOUND('',#895,.T.);
#895 = EDGE_LOOP('',(#896,#906,#914,#922));
#896 = ORIENTED_EDGE('',*,*,#897,.F.);
#897 = EDGE_CURVE('',#898,#900,#902,.T.);
#898 = VERTEX_POINT('',#899);
#899 = CARTESIAN_POINT('',(54.,65.25,5.));
#900 = VERTEX_POINT('',#901);
#901 = CARTESIAN_POINT('',(56.5,65.25,5.));
#902 = LINE('',#903,#904);
#903 = CARTESIAN_POINT('',(25.375,65.25,5.));
#904 = VECTOR('',#905,1.);
#905 = DIRECTION('',(1.,0.,-0.));
#906 = ORIENTED_EDGE('',*,*,#907,.T.);
#907 = EDGE_CURVE('',#898,#908,#910,.T.);
#908 = VERTEX_POINT('',#909);
#909 = CARTESIAN_POINT('',(54.,65.25,3.));
#910 = LINE('',#911,#912);
#911 = CARTESIAN_POINT('',(54.,65.25,1.5));
#912 = VECTOR('',#913,1.);
#913 = DIRECTION('',(-0.,0.,-1.));
#914 = ORIENTED_EDGE('',*,*,#915,.T.);
#915 = EDGE_CURVE('',#908,#916,#918,.T.);
#916 = VERTEX_POINT('',#917);
#917 = CARTESIAN_POINT('',(56.5,65.25,3.));
#918 = LINE('',#919,#920);
#919 = CARTESIAN_POINT('',(25.375,65.25,3.));
#920 = VECTOR('',#921,1.);
#921 = DIRECTION('',(1.,0.,-0.));
#922 = ORIENTED_EDGE('',*,*,#923,.F.);
#923 = EDGE_CURVE('',#900,#916,#924,.T.);
#924 = LINE('',#925,#926);
#925 = CARTESIAN_POINT('',(56.5,65.25,1.5));
#926 = VECTOR('',#927,1.);
#927 = DIRECTION('',(-0.,0.,-1.));
#928 = FACE_BOUND('',#929,.T.);
#929 = EDGE_LOOP('',(#930,#940,#948,#956));
#930 = ORIENTED_EDGE('',*,*,#931,.F.);
#931 = EDGE_CURVE('',#932,#934,#936,.T.);
#932 = VERTEX_POINT('',#933);
#933 = CARTESIAN_POINT('',(61.,65.25,5.));
#934 = VERTEX_POINT('',#935);
#935 = CARTESIAN_POINT('',(63.5,65.25,5.));
#936 = LINE('',#937,#938);
#937 = CARTESIAN_POINT('',(28.875,65.25,5.));
#938 = VECTOR('',#939,1.);
#939 = DIRECTION('',(1.,0.,-0.));
#940 = ORIENTED_EDGE('',*,*,#941,.T.);
#941 = EDGE_CURVE('',#932,#942,#944,.T.);
#942 = VERTEX_POINT('',#943);
#943 = CARTESIAN_POINT('',(61.,65.25,3.));
#944 = LINE('',#945,#946);
#945 = CARTESIAN_POINT('',(61.,65.25,1.5));
#946 = VECTOR('',#947,1.);
#947 = DIRECTION('',(-0.,0.,-1.));
#948 = ORIENTED_EDGE('',*,*,#949,.T.);
#949 = EDGE_CURVE('',#942,#950,#952,.T.);
#950 = VERTEX_POINT('',#951);
#951 = CARTESIAN_POINT('',(63.5,65.25,3.));
#952 = LINE('',#953,#954);
#953 = CARTESIAN_POINT('',(28.875,65.25,3.));
#954 = VECTOR('',#955,1.);
#955 = DIRECTION('',(1.,0.,-0.));
#956 = ORIENTED_EDGE('',*,*,#957,.F.);
#957 = EDGE_CURVE('',#934,#950,#958,.T.);
#958 = LINE('',#959,#960);
#959 = CARTESIAN_POINT('',(63.5,65.25,1.5));
#960 = VECTOR('',#961,1.);
#961 = DIRECTION('',(-0.,0.,-1.));
#962 = FACE_BOUND('',#963,.T.);
#963 = EDGE_LOOP('',(#964,#974,#982,#990));
#964 = ORIENTED_EDGE('',*,*,#965,.F.);
#965 = EDGE_CURVE('',#966,#968,#970,.T.);
#966 = VERTEX_POINT('',#967);
#967 = CARTESIAN_POINT('',(68.,65.25,5.));
#968 = VERTEX_POINT('',#969);
#969 = CARTESIAN_POINT('',(70.5,65.25,5.));
#970 = LINE('',#971,#972);
#971 = CARTESIAN_POINT('',(32.375,65.25,5.));
#972 = VECTOR('',#973,1.);
#973 = DIRECTION('',(1.,0.,-0.));
#974 = ORIENTED_EDGE('',*,*,#975,.T.);
#975 = EDGE_CURVE('',#966,#976,#978,.T.);
#976 = VERTEX_POINT('',#977);
#977 = CARTESIAN_POINT('',(68.,65.25,3.));
#978 = LINE('',#979,#980);
#979 = CARTESIAN_POINT('',(68.,65.25,1.5));
#980 = VECTOR('',#981,1.);
#981 = DIRECTION('',(-0.,0.,-1.));
#982 = ORIENTED_EDGE('',*,*,#983,.T.);
#983 = EDGE_CURVE('',#976,#984,#986,.T.);
#984 = VERTEX_POINT('',#985);
#985 = CARTESIAN_POINT('',(70.5,65.25,3.));
#986 = LINE('',#987,#988);
#987 = CARTESIAN_POINT('',(32.375,65.25,3.));
#988 = VECTOR('',#989,1.);
#989 = DIRECTION('',(1.,0.,-0.));
#990 = ORIENTED_EDGE('',*,*,#991,.F.);
#991 = EDGE_CURVE('',#968,#984,#992,.T.);
#992 = LINE('',#993,#994);
#993 = CARTESIAN_POINT('',(70.5,65.25,1.5));
#994 = VECTOR('',#995,1.);
#995 = DIRECTION('',(-0.,0.,-1.));
#996 = FACE_BOUND('',#997,.T.);
#997 = EDGE_LOOP('',(#998,#1008,#1016,#1024));
#998 = ORIENTED_EDGE('',*,*,#999,.F.);
#999 = EDGE_CURVE('',#1000,#1002,#1004,.T.);
#1000 = VERTEX_POINT('',#1001);
#1001 = CARTESIAN_POINT('',(75.,65.25,5.));
#1002 = VERTEX_POINT('',#1003);
#1003 = CARTESIAN_POINT('',(77.5,65.25,5.));
#1004 = LINE('',#1005,#1006);
#1005 = CARTESIAN_POINT('',(35.875,65.25,5.));
#1006 = VECTOR('',#1007,1.);
#1007 = DIRECTION('',(1.,0.,-0.));
#1008 = ORIENTED_EDGE('',*,*,#1009,.T.);
#1009 = EDGE_CURVE('',#1000,#1010,#1012,.T.);
#1010 = VERTEX_POINT('',#1011);
#1011 = CARTESIAN_POINT('',(75.,65.25,3.));
#1012 = LINE('',#1013,#1014);
#1013 = CARTESIAN_POINT('',(75.,65.25,1.5));
#1014 = VECTOR('',#1015,1.);
#1015 = DIRECTION('',(-0.,0.,-1.));
#1016 = ORIENTED_EDGE('',*,*,#1017,.T.);
#1017 = EDGE_CURVE('',#1010,#1018,#1020,.T.);
#1018 = VERTEX_POINT('',#1019);
#1019 = CARTESIAN_POINT('',(77.5,65.25,3.));
#1020 = LINE('',#1021,#1022);
#1021 = CARTESIAN_POINT('',(35.875,65.25,3.));
#1022 = VECTOR('',#1023,1.);
#1023 = DIRECTION('',(1.,0.,-0.));
#1024 = ORIENTED_EDGE('',*,*,#1025,.F.);
#1025 = EDGE_CURVE('',#1002,#1018,#1026,.T.);
#1026 = LINE('',#1027,#1028);
#1027 = CARTESIAN_POINT('',(77.5,65.25,1.5));
#1028 = VECTOR('',#1029,1.);
#1029 = DIRECTION('',(-0.,0.,-1.));
#1030 = PLANE('',#1031);
#1031 = AXIS2_PLACEMENT_3D('',#1032,#1033,#1034);
#1032 = CARTESIAN_POINT('',(-3.25,65.25,0.));
#1033 = DIRECTION('',(-0.,1.,0.));
#1034 = DIRECTION('',(0.,0.,1.));
#1035 = ADVANCED_FACE('',(#1036),#1054,.F.);
#1036 = FACE_BOUND('',#1037,.F.);
#1037 = EDGE_LOOP('',(#1038,#1046,#1052,#1053));
#1038 = ORIENTED_EDGE('',*,*,#1039,.F.);
#1039 = EDGE_CURVE('',#1040,#654,#1042,.T.);
#1040 = VERTEX_POINT('',#1041);
#1041 = CARTESIAN_POINT('',(90.2,64.65,21.15));
#1042 = LINE('',#1043,#1044);
#1043 = CARTESIAN_POINT('',(90.2,-5.1,21.15));
#1044 = VECTOR('',#1045,1.);
#1045 = DIRECTION('',(-0.,1.,0.));
#1046 = ORIENTED_EDGE('',*,*,#1047,.T.);
#1047 = EDGE_CURVE('',#1040,#145,#1048,.T.);
#1048 = LINE('',#1049,#1050);
#1049 = CARTESIAN_POINT('',(90.2,64.65,9.375));
#1050 = VECTOR('',#1051,1.);
#1051 = DIRECTION('',(-0.,0.,-1.));
#1052 = ORIENTED_EDGE('',*,*,#152,.T.);
#1053 = ORIENTED_EDGE('',*,*,#653,.F.);
#1054 = PLANE('',#1055);
#1055 = AXIS2_PLACEMENT_3D('',#1056,#1057,#1058);
#1056 = CARTESIAN_POINT('',(90.2,-5.6,0.));
#1057 = DIRECTION('',(1.,0.,-0.));
#1058 = DIRECTION('',(0.,0.,1.));
#1059 = ADVANCED_FACE('',(#1060),#1078,.T.);
#1060 = FACE_BOUND('',#1061,.T.);
#1061 = EDGE_LOOP('',(#1062,#1063,#1064,#1072));
#1062 = ORIENTED_EDGE('',*,*,#1047,.T.);
#1063 = ORIENTED_EDGE('',*,*,#144,.T.);
#1064 = ORIENTED_EDGE('',*,*,#1065,.T.);
#1065 = EDGE_CURVE('',#136,#1066,#1068,.T.);
#1066 = VERTEX_POINT('',#1067);
#1067 = CARTESIAN_POINT('',(-0.25,64.65,21.15));
#1068 = LINE('',#1069,#1070);
#1069 = CARTESIAN_POINT('',(-0.25,64.65,18.75));
#1070 = VECTOR('',#1071,1.);
#1071 = DIRECTION('',(0.,0.,1.));
#1072 = ORIENTED_EDGE('',*,*,#1073,.F.);
#1073 = EDGE_CURVE('',#1040,#1066,#1074,.T.);
#1074 = LINE('',#1075,#1076);
#1075 = CARTESIAN_POINT('',(-3.45,64.65,21.15));
#1076 = VECTOR('',#1077,1.);
#1077 = DIRECTION('',(-1.,-0.,0.));
#1078 = PLANE('',#1079);
#1079 = AXIS2_PLACEMENT_3D('',#1080,#1081,#1082);
#1080 = CARTESIAN_POINT('',(-2.65,64.65,18.75));
#1081 = DIRECTION('',(-0.,1.,0.));
#1082 = DIRECTION('',(0.,0.,1.));
#1083 = ADVANCED_FACE('',(#1084),#1103,.T.);
#1084 = FACE_BOUND('',#1085,.F.);
#1085 = EDGE_LOOP('',(#1086,#1094,#1095,#1096));
#1086 = ORIENTED_EDGE('',*,*,#1087,.F.);
#1087 = EDGE_CURVE('',#128,#1088,#1090,.T.);
#1088 = VERTEX_POINT('',#1089);
#1089 = CARTESIAN_POINT('',(-2.65,62.25,21.15));
#1090 = LINE('',#1091,#1092);
#1091 = CARTESIAN_POINT('',(-2.65,62.25,18.75));
#1092 = VECTOR('',#1093,1.);
#1093 = DIRECTION('',(0.,0.,1.));
#1094 = ORIENTED_EDGE('',*,*,#135,.F.);
#1095 = ORIENTED_EDGE('',*,*,#1065,.T.);
#1096 = ORIENTED_EDGE('',*,*,#1097,.T.);
#1097 = EDGE_CURVE('',#1066,#1088,#1098,.T.);
#1098 = CIRCLE('',#1099,2.4);
#1099 = AXIS2_PLACEMENT_3D('',#1100,#1101,#1102);
#1100 = CARTESIAN_POINT('',(-0.25,62.25,21.15));
#1101 = DIRECTION('',(0.,0.,1.));
#1102 = DIRECTION('',(-1.,-0.,0.));
#1103 = CYLINDRICAL_SURFACE('',#1104,2.4);
#1104 = AXIS2_PLACEMENT_3D('',#1105,#1106,#1107);
#1105 = CARTESIAN_POINT('',(-0.25,62.25,18.75));
#1106 = DIRECTION('',(0.,0.,1.));
#1107 = DIRECTION('',(-1.,-0.,0.));
#1108 = ADVANCED_FACE('',(#1109),#1127,.F.);
#1109 = FACE_BOUND('',#1110,.F.);
#1110 = EDGE_LOOP('',(#1111,#1119,#1125,#1126));
#1111 = ORIENTED_EDGE('',*,*,#1112,.F.);
#1112 = EDGE_CURVE('',#1113,#1088,#1115,.T.);
#1113 = VERTEX_POINT('',#1114);
#1114 = CARTESIAN_POINT('',(-2.65,-0.6,21.15));
#1115 = LINE('',#1116,#1117);
#1116 = CARTESIAN_POINT('',(-2.65,-3.8,21.15));
#1117 = VECTOR('',#1118,1.);
#1118 = DIRECTION('',(-0.,1.,0.));
#1119 = ORIENTED_EDGE('',*,*,#1120,.F.);
#1120 = EDGE_CURVE('',#119,#1113,#1121,.T.);
#1121 = LINE('',#1122,#1123);
#1122 = CARTESIAN_POINT('',(-2.65,-0.6,18.75));
#1123 = VECTOR('',#1124,1.);
#1124 = DIRECTION('',(0.,0.,1.));
#1125 = ORIENTED_EDGE('',*,*,#127,.T.);
#1126 = ORIENTED_EDGE('',*,*,#1087,.T.);
#1127 = PLANE('',#1128);
#1128 = AXIS2_PLACEMENT_3D('',#1129,#1130,#1131);
#1129 = CARTESIAN_POINT('',(-2.65,-3.,18.75));
#1130 = DIRECTION('',(1.,0.,-0.));
#1131 = DIRECTION('',(0.,0.,1.));
#1132 = ADVANCED_FACE('',(#1133),#1152,.T.);
#1133 = FACE_BOUND('',#1134,.T.);
#1134 = EDGE_LOOP('',(#1135,#1136,#1137,#1145));
#1135 = ORIENTED_EDGE('',*,*,#1120,.F.);
#1136 = ORIENTED_EDGE('',*,*,#118,.T.);
#1137 = ORIENTED_EDGE('',*,*,#1138,.T.);
#1138 = EDGE_CURVE('',#111,#1139,#1141,.T.);
#1139 = VERTEX_POINT('',#1140);
#1140 = CARTESIAN_POINT('',(-0.25,-3.,21.15));
#1141 = LINE('',#1142,#1143);
#1142 = CARTESIAN_POINT('',(-0.25,-3.,18.75));
#1143 = VECTOR('',#1144,1.);
#1144 = DIRECTION('',(0.,0.,1.));
#1145 = ORIENTED_EDGE('',*,*,#1146,.F.);
#1146 = EDGE_CURVE('',#1113,#1139,#1147,.T.);
#1147 = CIRCLE('',#1148,2.4);
#1148 = AXIS2_PLACEMENT_3D('',#1149,#1150,#1151);
#1149 = CARTESIAN_POINT('',(-0.25,-0.6,21.15));
#1150 = DIRECTION('',(0.,0.,1.));
#1151 = DIRECTION('',(-1.,-0.,0.));
#1152 = CYLINDRICAL_SURFACE('',#1153,2.4);
#1153 = AXIS2_PLACEMENT_3D('',#1154,#1155,#1156);
#1154 = CARTESIAN_POINT('',(-0.25,-0.6,18.75));
#1155 = DIRECTION('',(0.,0.,1.));
#1156 = DIRECTION('',(-1.,-0.,0.));
#1157 = ADVANCED_FACE('',(#1158),#1176,.F.);
#1158 = FACE_BOUND('',#1159,.F.);
#1159 = EDGE_LOOP('',(#1160,#1168,#1169,#1170));
#1160 = ORIENTED_EDGE('',*,*,#1161,.T.);
#1161 = EDGE_CURVE('',#1162,#103,#1164,.T.);
#1162 = VERTEX_POINT('',#1163);
#1163 = CARTESIAN_POINT('',(90.2,-3.,21.15));
#1164 = LINE('',#1165,#1166);
#1165 = CARTESIAN_POINT('',(90.2,-3.,9.375));
#1166 = VECTOR('',#1167,1.);
#1167 = DIRECTION('',(-0.,0.,-1.));
#1168 = ORIENTED_EDGE('',*,*,#110,.T.);
#1169 = ORIENTED_EDGE('',*,*,#1138,.T.);
#1170 = ORIENTED_EDGE('',*,*,#1171,.F.);
#1171 = EDGE_CURVE('',#1162,#1139,#1172,.T.);
#1172 = LINE('',#1173,#1174);
#1173 = CARTESIAN_POINT('',(-3.45,-3.,21.15));
#1174 = VECTOR('',#1175,1.);
#1175 = DIRECTION('',(-1.,-0.,0.));
#1176 = PLANE('',#1177);
#1177 = AXIS2_PLACEMENT_3D('',#1178,#1179,#1180);
#1178 = CARTESIAN_POINT('',(-2.65,-3.,18.75));
#1179 = DIRECTION('',(-0.,1.,0.));
#1180 = DIRECTION('',(0.,0.,1.));
#1181 = ADVANCED_FACE('',(#1182),#1193,.F.);
#1182 = FACE_BOUND('',#1183,.F.);
#1183 = EDGE_LOOP('',(#1184,#1190,#1191,#1192));
#1184 = ORIENTED_EDGE('',*,*,#1185,.F.);
#1185 = EDGE_CURVE('',#265,#1162,#1186,.T.);
#1186 = LINE('',#1187,#1188);
#1187 = CARTESIAN_POINT('',(90.2,-5.1,21.15));
#1188 = VECTOR('',#1189,1.);
#1189 = DIRECTION('',(-0.,1.,0.));
#1190 = ORIENTED_EDGE('',*,*,#264,.T.);
#1191 = ORIENTED_EDGE('',*,*,#102,.T.);
#1192 = ORIENTED_EDGE('',*,*,#1161,.F.);
#1193 = PLANE('',#1194);
#1194 = AXIS2_PLACEMENT_3D('',#1195,#1196,#1197);
#1195 = CARTESIAN_POINT('',(90.2,-5.6,0.));
#1196 = DIRECTION('',(1.,0.,-0.));
#1197 = DIRECTION('',(0.,0.,1.));
#1198 = ADVANCED_FACE('',(#1199),#1252,.T.);
#1199 = FACE_BOUND('',#1200,.F.);
#1200 = EDGE_LOOP('',(#1201,#1209,#1210,#1211,#1220,#1228,#1237,#1245));
#1201 = ORIENTED_EDGE('',*,*,#1202,.F.);
#1202 = EDGE_CURVE('',#221,#1203,#1205,.T.);
#1203 = VERTEX_POINT('',#1204);
#1204 = CARTESIAN_POINT('',(94.2,-0.6,5.5));
#1205 = LINE('',#1206,#1207);
#1206 = CARTESIAN_POINT('',(94.2,-0.6,0.));
#1207 = VECTOR('',#1208,1.);
#1208 = DIRECTION('',(0.,0.,1.));
#1209 = ORIENTED_EDGE('',*,*,#220,.T.);
#1210 = ORIENTED_EDGE('',*,*,#296,.T.);
#1211 = ORIENTED_EDGE('',*,*,#1212,.F.);
#1212 = EDGE_CURVE('',#1213,#289,#1215,.T.);
#1213 = VERTEX_POINT('',#1214);
#1214 = CARTESIAN_POINT('',(94.2,-0.6,22.55));
#1215 = CIRCLE('',#1216,3.);
#1216 = AXIS2_PLACEMENT_3D('',#1217,#1218,#1219);
#1217 = CARTESIAN_POINT('',(91.2,-0.6,22.55));
#1218 = DIRECTION('',(0.,-0.,-1.));
#1219 = DIRECTION('',(1.,1.850371707709E-16,-0.));
#1220 = ORIENTED_EDGE('',*,*,#1221,.F.);
#1221 = EDGE_CURVE('',#1222,#1213,#1224,.T.);
#1222 = VERTEX_POINT('',#1223);
#1223 = CARTESIAN_POINT('',(94.2,-0.6,22.));
#1224 = LINE('',#1225,#1226);
#1225 = CARTESIAN_POINT('',(94.2,-0.6,0.));
#1226 = VECTOR('',#1227,1.);
#1227 = DIRECTION('',(0.,0.,1.));
#1228 = ORIENTED_EDGE('',*,*,#1229,.F.);
#1229 = EDGE_CURVE('',#1230,#1222,#1232,.T.);
#1230 = VERTEX_POINT('',#1231);
#1231 = CARTESIAN_POINT('',(93.949545416973,-1.8,22.));
#1232 = CIRCLE('',#1233,3.);
#1233 = AXIS2_PLACEMENT_3D('',#1234,#1235,#1236);
#1234 = CARTESIAN_POINT('',(91.2,-0.6,22.));
#1235 = DIRECTION('',(0.,0.,1.));
#1236 = DIRECTION('',(1.,0.,-0.));
#1237 = ORIENTED_EDGE('',*,*,#1238,.F.);
#1238 = EDGE_CURVE('',#1239,#1230,#1241,.T.);
#1239 = VERTEX_POINT('',#1240);
#1240 = CARTESIAN_POINT('',(93.949545416973,-1.8,5.5));
#1241 = LINE('',#1242,#1243);
#1242 = CARTESIAN_POINT('',(93.949545416973,-1.8,0.));
#1243 = VECTOR('',#1244,1.);
#1244 = DIRECTION('',(0.,0.,1.));
#1245 = ORIENTED_EDGE('',*,*,#1246,.T.);
#1246 = EDGE_CURVE('',#1239,#1203,#1247,.T.);
#1247 = CIRCLE('',#1248,3.);
#1248 = AXIS2_PLACEMENT_3D('',#1249,#1250,#1251);
#1249 = CARTESIAN_POINT('',(91.2,-0.6,5.5));
#1250 = DIRECTION('',(0.,0.,1.));
#1251 = DIRECTION('',(1.,0.,-0.));
#1252 = CYLINDRICAL_SURFACE('',#1253,3.);
#1253 = AXIS2_PLACEMENT_3D('',#1254,#1255,#1256);
#1254 = CARTESIAN_POINT('',(91.2,-0.6,0.));
#1255 = DIRECTION('',(0.,0.,1.));
#1256 = DIRECTION('',(1.,0.,-0.));
#1257 = ADVANCED_FACE('',(#1258),#1277,.T.);
#1258 = FACE_BOUND('',#1259,.T.);
#1259 = EDGE_LOOP('',(#1260,#1268,#1269,#1270));
#1260 = ORIENTED_EDGE('',*,*,#1261,.F.);
#1261 = EDGE_CURVE('',#230,#1262,#1264,.T.);
#1262 = VERTEX_POINT('',#1263);
#1263 = CARTESIAN_POINT('',(94.2,62.25,22.55));
#1264 = LINE('',#1265,#1266);
#1265 = CARTESIAN_POINT('',(94.2,62.25,0.));
#1266 = VECTOR('',#1267,1.);
#1267 = DIRECTION('',(0.,0.,1.));
#1268 = ORIENTED_EDGE('',*,*,#237,.T.);
#1269 = ORIENTED_EDGE('',*,*,#685,.T.);
#1270 = ORIENTED_EDGE('',*,*,#1271,.T.);
#1271 = EDGE_CURVE('',#678,#1262,#1272,.T.);
#1272 = CIRCLE('',#1273,3.);
#1273 = AXIS2_PLACEMENT_3D('',#1274,#1275,#1276);
#1274 = CARTESIAN_POINT('',(91.2,62.25,22.55));
#1275 = DIRECTION('',(0.,-0.,-1.));
#1276 = DIRECTION('',(0.,1.,-0.));
#1277 = CYLINDRICAL_SURFACE('',#1278,3.);
#1278 = AXIS2_PLACEMENT_3D('',#1279,#1280,#1281);
#1279 = CARTESIAN_POINT('',(91.2,62.25,0.));
#1280 = DIRECTION('',(0.,0.,1.));
#1281 = DIRECTION('',(1.,0.,-0.));
#1282 = ADVANCED_FACE('',(#1283,#1317),#1387,.T.);
#1283 = FACE_BOUND('',#1284,.T.);
#1284 = EDGE_LOOP('',(#1285,#1286,#1287,#1288,#1294,#1295,#1303,#1311));
#1285 = ORIENTED_EDGE('',*,*,#1202,.F.);
#1286 = ORIENTED_EDGE('',*,*,#229,.T.);
#1287 = ORIENTED_EDGE('',*,*,#1261,.T.);
#1288 = ORIENTED_EDGE('',*,*,#1289,.T.);
#1289 = EDGE_CURVE('',#1262,#1213,#1290,.T.);
#1290 = LINE('',#1291,#1292);
#1291 = CARTESIAN_POINT('',(94.2,62.25,22.55));
#1292 = VECTOR('',#1293,1.);
#1293 = DIRECTION('',(0.,-1.,-0.));
#1294 = ORIENTED_EDGE('',*,*,#1221,.F.);
#1295 = ORIENTED_EDGE('',*,*,#1296,.F.);
#1296 = EDGE_CURVE('',#1297,#1222,#1299,.T.);
#1297 = VERTEX_POINT('',#1298);
#1298 = CARTESIAN_POINT('',(94.2,18.7,22.));
#1299 = LINE('',#1300,#1301);
#1300 = CARTESIAN_POINT('',(94.2,-2.7,22.));
#1301 = VECTOR('',#1302,1.);
#1302 = DIRECTION('',(0.,-1.,0.));
#1303 = ORIENTED_EDGE('',*,*,#1304,.F.);
#1304 = EDGE_CURVE('',#1305,#1297,#1307,.T.);
#1305 = VERTEX_POINT('',#1306);
#1306 = CARTESIAN_POINT('',(94.2,18.7,5.5));
#1307 = LINE('',#1308,#1309);
#1308 = CARTESIAN_POINT('',(94.2,18.7,2.75));
#1309 = VECTOR('',#1310,1.);
#1310 = DIRECTION('',(0.,0.,1.));
#1311 = ORIENTED_EDGE('',*,*,#1312,.T.);
#1312 = EDGE_CURVE('',#1305,#1203,#1313,.T.);
#1313 = LINE('',#1314,#1315);
#1314 = CARTESIAN_POINT('',(94.2,-2.7,5.5));
#1315 = VECTOR('',#1316,1.);
#1316 = DIRECTION('',(0.,-1.,0.));
#1317 = FACE_BOUND('',#1318,.T.);
#1318 = EDGE_LOOP('',(#1319,#1330,#1338,#1347,#1355,#1364,#1372,#1381));
#1319 = ORIENTED_EDGE('',*,*,#1320,.F.);
#1320 = EDGE_CURVE('',#1321,#1323,#1325,.T.);
#1321 = VERTEX_POINT('',#1322);
#1322 = CARTESIAN_POINT('',(94.2,60.32,6.7));
#1323 = VERTEX_POINT('',#1324);
#1324 = CARTESIAN_POINT('',(94.2,61.32,7.7));
#1325 = CIRCLE('',#1326,1.);
#1326 = AXIS2_PLACEMENT_3D('',#1327,#1328,#1329);
#1327 = CARTESIAN_POINT('',(94.2,60.32,7.7));
#1328 = DIRECTION('',(1.,0.,0.));
#1329 = DIRECTION('',(-0.,0.,1.));
#1330 = ORIENTED_EDGE('',*,*,#1331,.T.);
#1331 = EDGE_CURVE('',#1321,#1332,#1334,.T.);
#1332 = VERTEX_POINT('',#1333);
#1333 = CARTESIAN_POINT('',(94.2,30.18,6.7));
#1334 = LINE('',#1335,#1336);
#1335 = CARTESIAN_POINT('',(94.2,13.29,6.7));
#1336 = VECTOR('',#1337,1.);
#1337 = DIRECTION('',(0.,-1.,0.));
#1338 = ORIENTED_EDGE('',*,*,#1339,.F.);
#1339 = EDGE_CURVE('',#1340,#1332,#1342,.T.);
#1340 = VERTEX_POINT('',#1341);
#1341 = CARTESIAN_POINT('',(94.2,29.18,7.7));
#1342 = CIRCLE('',#1343,1.);
#1343 = AXIS2_PLACEMENT_3D('',#1344,#1345,#1346);
#1344 = CARTESIAN_POINT('',(94.2,30.18,7.7));
#1345 = DIRECTION('',(1.,0.,0.));
#1346 = DIRECTION('',(-0.,0.,1.));
#1347 = ORIENTED_EDGE('',*,*,#1348,.T.);
#1348 = EDGE_CURVE('',#1340,#1349,#1351,.T.);
#1349 = VERTEX_POINT('',#1350);
#1350 = CARTESIAN_POINT('',(94.2,29.18,10.76));
#1351 = LINE('',#1352,#1353);
#1352 = CARTESIAN_POINT('',(94.2,29.18,3.85));
#1353 = VECTOR('',#1354,1.);
#1354 = DIRECTION('',(0.,0.,1.));
#1355 = ORIENTED_EDGE('',*,*,#1356,.F.);
#1356 = EDGE_CURVE('',#1357,#1349,#1359,.T.);
#1357 = VERTEX_POINT('',#1358);
#1358 = CARTESIAN_POINT('',(94.2,30.18,11.76));
#1359 = CIRCLE('',#1360,1.);
#1360 = AXIS2_PLACEMENT_3D('',#1361,#1362,#1363);
#1361 = CARTESIAN_POINT('',(94.2,30.18,10.76));
#1362 = DIRECTION('',(1.,0.,0.));
#1363 = DIRECTION('',(-0.,0.,1.));
#1364 = ORIENTED_EDGE('',*,*,#1365,.F.);
#1365 = EDGE_CURVE('',#1366,#1357,#1368,.T.);
#1366 = VERTEX_POINT('',#1367);
#1367 = CARTESIAN_POINT('',(94.2,60.32,11.76));
#1368 = LINE('',#1369,#1370);
#1369 = CARTESIAN_POINT('',(94.2,13.29,11.76));
#1370 = VECTOR('',#1371,1.);
#1371 = DIRECTION('',(0.,-1.,0.));
#1372 = ORIENTED_EDGE('',*,*,#1373,.F.);
#1373 = EDGE_CURVE('',#1374,#1366,#1376,.T.);
#1374 = VERTEX_POINT('',#1375);
#1375 = CARTESIAN_POINT('',(94.2,61.32,10.76));
#1376 = CIRCLE('',#1377,1.);
#1377 = AXIS2_PLACEMENT_3D('',#1378,#1379,#1380);
#1378 = CARTESIAN_POINT('',(94.2,60.32,10.76));
#1379 = DIRECTION('',(1.,0.,0.));
#1380 = DIRECTION('',(-0.,0.,1.));
#1381 = ORIENTED_EDGE('',*,*,#1382,.F.);
#1382 = EDGE_CURVE('',#1323,#1374,#1383,.T.);
#1383 = LINE('',#1384,#1385);
#1384 = CARTESIAN_POINT('',(94.2,61.32,3.85));
#1385 = VECTOR('',#1386,1.);
#1386 = DIRECTION('',(0.,0.,1.));
#1387 = PLANE('',#1388);
#1388 = AXIS2_PLACEMENT_3D('',#1389,#1390,#1391);
#1389 = CARTESIAN_POINT('',(94.2,-3.6,0.));
#1390 = DIRECTION('',(1.,0.,-0.));
#1391 = DIRECTION('',(0.,0.,1.));
#1392 = ADVANCED_FACE('',(#1393),#1418,.F.);
#1393 = FACE_BOUND('',#1394,.F.);
#1394 = EDGE_LOOP('',(#1395,#1403,#1404,#1412));
#1395 = ORIENTED_EDGE('',*,*,#1396,.F.);
#1396 = EDGE_CURVE('',#289,#1397,#1399,.T.);
#1397 = VERTEX_POINT('',#1398);
#1398 = CARTESIAN_POINT('',(91.2,-3.,23.15));
#1399 = LINE('',#1400,#1401);
#1400 = CARTESIAN_POINT('',(91.2,-3.6,22.55));
#1401 = VECTOR('',#1402,1.);
#1402 = DIRECTION('',(-1.741388410354E-16,0.707106781187,0.707106781187)
  );
#1403 = ORIENTED_EDGE('',*,*,#288,.T.);
#1404 = ORIENTED_EDGE('',*,*,#1405,.T.);
#1405 = EDGE_CURVE('',#281,#1406,#1408,.T.);
#1406 = VERTEX_POINT('',#1407);
#1407 = CARTESIAN_POINT('',(-0.25,-3.,23.15));
#1408 = LINE('',#1409,#1410);
#1409 = CARTESIAN_POINT('',(-0.25,-3.3,22.85));
#1410 = VECTOR('',#1411,1.);
#1411 = DIRECTION('',(0.,0.707106781187,0.707106781187));
#1412 = ORIENTED_EDGE('',*,*,#1413,.F.);
#1413 = EDGE_CURVE('',#1397,#1406,#1414,.T.);
#1414 = LINE('',#1415,#1416);
#1415 = CARTESIAN_POINT('',(91.2,-3.,23.15));
#1416 = VECTOR('',#1417,1.);
#1417 = DIRECTION('',(-1.,-0.,0.));
#1418 = PLANE('',#1419);
#1419 = AXIS2_PLACEMENT_3D('',#1420,#1421,#1422);
#1420 = CARTESIAN_POINT('',(91.2,-3.3,22.85));
#1421 = DIRECTION('',(0.,0.707106781187,-0.707106781187));
#1422 = DIRECTION('',(-1.,0.,-0.));
#1423 = ADVANCED_FACE('',(#1424),#1451,.T.);
#1424 = FACE_BOUND('',#1425,.T.);
#1425 = EDGE_LOOP('',(#1426,#1436,#1443,#1444));
#1426 = ORIENTED_EDGE('',*,*,#1427,.F.);
#1427 = EDGE_CURVE('',#1428,#1430,#1432,.T.);
#1428 = VERTEX_POINT('',#1429);
#1429 = CARTESIAN_POINT('',(-3.25,-0.6,21.15));
#1430 = VERTEX_POINT('',#1431);
#1431 = CARTESIAN_POINT('',(-3.25,-0.6,22.55));
#1432 = LINE('',#1433,#1434);
#1433 = CARTESIAN_POINT('',(-3.25,-0.6,0.));
#1434 = VECTOR('',#1435,1.);
#1435 = DIRECTION('',(0.,0.,1.));
#1436 = ORIENTED_EDGE('',*,*,#1437,.T.);
#1437 = EDGE_CURVE('',#1428,#273,#1438,.T.);
#1438 = CIRCLE('',#1439,3.);
#1439 = AXIS2_PLACEMENT_3D('',#1440,#1441,#1442);
#1440 = CARTESIAN_POINT('',(-0.25,-0.6,21.15));
#1441 = DIRECTION('',(0.,0.,1.));
#1442 = DIRECTION('',(-1.,-0.,0.));
#1443 = ORIENTED_EDGE('',*,*,#280,.T.);
#1444 = ORIENTED_EDGE('',*,*,#1445,.T.);
#1445 = EDGE_CURVE('',#281,#1430,#1446,.T.);
#1446 = CIRCLE('',#1447,3.);
#1447 = AXIS2_PLACEMENT_3D('',#1448,#1449,#1450);
#1448 = CARTESIAN_POINT('',(-0.25,-0.6,22.55));
#1449 = DIRECTION('',(-0.,0.,-1.));
#1450 = DIRECTION('',(-2.405483220021E-16,-1.,0.));
#1451 = CYLINDRICAL_SURFACE('',#1452,3.);
#1452 = AXIS2_PLACEMENT_3D('',#1453,#1454,#1455);
#1453 = CARTESIAN_POINT('',(-0.25,-0.6,0.));
#1454 = DIRECTION('',(0.,0.,1.));
#1455 = DIRECTION('',(-1.,-0.,0.));
#1456 = ADVANCED_FACE('',(#1457),#1484,.F.);
#1457 = FACE_BOUND('',#1458,.F.);
#1458 = EDGE_LOOP('',(#1459,#1460,#1461,#1462,#1463,#1464,#1465,#1466,
    #1467,#1468,#1477,#1483));
#1459 = ORIENTED_EDGE('',*,*,#272,.T.);
#1460 = ORIENTED_EDGE('',*,*,#1185,.T.);
#1461 = ORIENTED_EDGE('',*,*,#1171,.T.);
#1462 = ORIENTED_EDGE('',*,*,#1146,.F.);
#1463 = ORIENTED_EDGE('',*,*,#1112,.T.);
#1464 = ORIENTED_EDGE('',*,*,#1097,.F.);
#1465 = ORIENTED_EDGE('',*,*,#1073,.F.);
#1466 = ORIENTED_EDGE('',*,*,#1039,.T.);
#1467 = ORIENTED_EDGE('',*,*,#661,.F.);
#1468 = ORIENTED_EDGE('',*,*,#1469,.T.);
#1469 = EDGE_CURVE('',#662,#1470,#1472,.T.);
#1470 = VERTEX_POINT('',#1471);
#1471 = CARTESIAN_POINT('',(-3.25,62.25,21.15));
#1472 = CIRCLE('',#1473,3.);
#1473 = AXIS2_PLACEMENT_3D('',#1474,#1475,#1476);
#1474 = CARTESIAN_POINT('',(-0.25,62.25,21.15));
#1475 = DIRECTION('',(0.,0.,1.));
#1476 = DIRECTION('',(-1.,-0.,0.));
#1477 = ORIENTED_EDGE('',*,*,#1478,.T.);
#1478 = EDGE_CURVE('',#1470,#1428,#1479,.T.);
#1479 = LINE('',#1480,#1481);
#1480 = CARTESIAN_POINT('',(-3.25,-4.1,21.15));
#1481 = VECTOR('',#1482,1.);
#1482 = DIRECTION('',(0.,-1.,0.));
#1483 = ORIENTED_EDGE('',*,*,#1437,.T.);
#1484 = PLANE('',#1485);
#1485 = AXIS2_PLACEMENT_3D('',#1486,#1487,#1488);
#1486 = CARTESIAN_POINT('',(-4.25,-4.6,21.15));
#1487 = DIRECTION('',(0.,0.,1.));
#1488 = DIRECTION('',(1.,0.,-0.));
#1489 = ADVANCED_FACE('',(#1490),#1515,.F.);
#1490 = FACE_BOUND('',#1491,.F.);
#1491 = EDGE_LOOP('',(#1492,#1500,#1501,#1509));
#1492 = ORIENTED_EDGE('',*,*,#1493,.F.);
#1493 = EDGE_CURVE('',#305,#1494,#1496,.T.);
#1494 = VERTEX_POINT('',#1495);
#1495 = CARTESIAN_POINT('',(12.,-1.6,5.));
#1496 = LINE('',#1497,#1498);
#1497 = CARTESIAN_POINT('',(12.,-4.6,5.));
#1498 = VECTOR('',#1499,1.);
#1499 = DIRECTION('',(-0.,1.,0.));
#1500 = ORIENTED_EDGE('',*,*,#304,.T.);
#1501 = ORIENTED_EDGE('',*,*,#1502,.T.);
#1502 = EDGE_CURVE('',#307,#1503,#1505,.T.);
#1503 = VERTEX_POINT('',#1504);
#1504 = CARTESIAN_POINT('',(14.5,-1.6,5.));
#1505 = LINE('',#1506,#1507);
#1506 = CARTESIAN_POINT('',(14.5,-4.6,5.));
#1507 = VECTOR('',#1508,1.);
#1508 = DIRECTION('',(-0.,1.,0.));
#1509 = ORIENTED_EDGE('',*,*,#1510,.F.);
#1510 = EDGE_CURVE('',#1494,#1503,#1511,.T.);
#1511 = LINE('',#1512,#1513);
#1512 = CARTESIAN_POINT('',(5.375,-1.6,5.));
#1513 = VECTOR('',#1514,1.);
#1514 = DIRECTION('',(1.,0.,-0.));
#1515 = PLANE('',#1516);
#1516 = AXIS2_PLACEMENT_3D('',#1517,#1518,#1519);
#1517 = CARTESIAN_POINT('',(12.,-4.6,5.));
#1518 = DIRECTION('',(0.,0.,1.));
#1519 = DIRECTION('',(1.,0.,-0.));
#1520 = ADVANCED_FACE('',(#1521),#1539,.T.);
#1521 = FACE_BOUND('',#1522,.T.);
#1522 = EDGE_LOOP('',(#1523,#1524,#1525,#1533));
#1523 = ORIENTED_EDGE('',*,*,#1493,.F.);
#1524 = ORIENTED_EDGE('',*,*,#314,.T.);
#1525 = ORIENTED_EDGE('',*,*,#1526,.T.);
#1526 = EDGE_CURVE('',#315,#1527,#1529,.T.);
#1527 = VERTEX_POINT('',#1528);
#1528 = CARTESIAN_POINT('',(12.,-1.6,3.));
#1529 = LINE('',#1530,#1531);
#1530 = CARTESIAN_POINT('',(12.,-4.6,3.));
#1531 = VECTOR('',#1532,1.);
#1532 = DIRECTION('',(-0.,1.,0.));
#1533 = ORIENTED_EDGE('',*,*,#1534,.F.);
#1534 = EDGE_CURVE('',#1494,#1527,#1535,.T.);
#1535 = LINE('',#1536,#1537);
#1536 = CARTESIAN_POINT('',(12.,-1.6,2.5));
#1537 = VECTOR('',#1538,1.);
#1538 = DIRECTION('',(-0.,0.,-1.));
#1539 = PLANE('',#1540);
#1540 = AXIS2_PLACEMENT_3D('',#1541,#1542,#1543);
#1541 = CARTESIAN_POINT('',(12.,-4.6,3.));
#1542 = DIRECTION('',(1.,0.,-0.));
#1543 = DIRECTION('',(0.,0.,1.));
#1544 = ADVANCED_FACE('',(#1545),#1563,.F.);
#1545 = FACE_BOUND('',#1546,.F.);
#1546 = EDGE_LOOP('',(#1547,#1548,#1549,#1557));
#1547 = ORIENTED_EDGE('',*,*,#1502,.F.);
#1548 = ORIENTED_EDGE('',*,*,#330,.T.);
#1549 = ORIENTED_EDGE('',*,*,#1550,.T.);
#1550 = EDGE_CURVE('',#323,#1551,#1553,.T.);
#1551 = VERTEX_POINT('',#1552);
#1552 = CARTESIAN_POINT('',(14.5,-1.6,3.));
#1553 = LINE('',#1554,#1555);
#1554 = CARTESIAN_POINT('',(14.5,-4.6,3.));
#1555 = VECTOR('',#1556,1.);
#1556 = DIRECTION('',(-0.,1.,0.));
#1557 = ORIENTED_EDGE('',*,*,#1558,.F.);
#1558 = EDGE_CURVE('',#1503,#1551,#1559,.T.);
#1559 = LINE('',#1560,#1561);
#1560 = CARTESIAN_POINT('',(14.5,-1.6,2.5));
#1561 = VECTOR('',#1562,1.);
#1562 = DIRECTION('',(-0.,0.,-1.));
#1563 = PLANE('',#1564);
#1564 = AXIS2_PLACEMENT_3D('',#1565,#1566,#1567);
#1565 = CARTESIAN_POINT('',(14.5,-4.6,3.));
#1566 = DIRECTION('',(1.,0.,-0.));
#1567 = DIRECTION('',(0.,0.,1.));
#1568 = ADVANCED_FACE('',(#1569),#1580,.T.);
#1569 = FACE_BOUND('',#1570,.T.);
#1570 = EDGE_LOOP('',(#1571,#1572,#1573,#1574));
#1571 = ORIENTED_EDGE('',*,*,#1526,.F.);
#1572 = ORIENTED_EDGE('',*,*,#322,.T.);
#1573 = ORIENTED_EDGE('',*,*,#1550,.T.);
#1574 = ORIENTED_EDGE('',*,*,#1575,.F.);
#1575 = EDGE_CURVE('',#1527,#1551,#1576,.T.);
#1576 = LINE('',#1577,#1578);
#1577 = CARTESIAN_POINT('',(5.375,-1.6,3.));
#1578 = VECTOR('',#1579,1.);
#1579 = DIRECTION('',(1.,0.,-0.));
#1580 = PLANE('',#1581);
#1581 = AXIS2_PLACEMENT_3D('',#1582,#1583,#1584);
#1582 = CARTESIAN_POINT('',(12.,-4.6,3.));
#1583 = DIRECTION('',(0.,0.,1.));
#1584 = DIRECTION('',(1.,0.,-0.));
#1585 = ADVANCED_FACE('',(#1586),#1611,.F.);
#1586 = FACE_BOUND('',#1587,.F.);
#1587 = EDGE_LOOP('',(#1588,#1596,#1597,#1605));
#1588 = ORIENTED_EDGE('',*,*,#1589,.F.);
#1589 = EDGE_CURVE('',#339,#1590,#1592,.T.);
#1590 = VERTEX_POINT('',#1591);
#1591 = CARTESIAN_POINT('',(19.,-1.6,5.));
#1592 = LINE('',#1593,#1594);
#1593 = CARTESIAN_POINT('',(19.,-4.6,5.));
#1594 = VECTOR('',#1595,1.);
#1595 = DIRECTION('',(-0.,1.,0.));
#1596 = ORIENTED_EDGE('',*,*,#338,.T.);
#1597 = ORIENTED_EDGE('',*,*,#1598,.T.);
#1598 = EDGE_CURVE('',#341,#1599,#1601,.T.);
#1599 = VERTEX_POINT('',#1600);
#1600 = CARTESIAN_POINT('',(21.5,-1.6,5.));
#1601 = LINE('',#1602,#1603);
#1602 = CARTESIAN_POINT('',(21.5,-4.6,5.));
#1603 = VECTOR('',#1604,1.);
#1604 = DIRECTION('',(-0.,1.,0.));
#1605 = ORIENTED_EDGE('',*,*,#1606,.F.);
#1606 = EDGE_CURVE('',#1590,#1599,#1607,.T.);
#1607 = LINE('',#1608,#1609);
#1608 = CARTESIAN_POINT('',(8.875,-1.6,5.));
#1609 = VECTOR('',#1610,1.);
#1610 = DIRECTION('',(1.,0.,-0.));
#1611 = PLANE('',#1612);
#1612 = AXIS2_PLACEMENT_3D('',#1613,#1614,#1615);
#1613 = CARTESIAN_POINT('',(19.,-4.6,5.));
#1614 = DIRECTION('',(0.,0.,1.));
#1615 = DIRECTION('',(1.,0.,-0.));
#1616 = ADVANCED_FACE('',(#1617),#1635,.T.);
#1617 = FACE_BOUND('',#1618,.T.);
#1618 = EDGE_LOOP('',(#1619,#1620,#1621,#1629));
#1619 = ORIENTED_EDGE('',*,*,#1589,.F.);
#1620 = ORIENTED_EDGE('',*,*,#348,.T.);
#1621 = ORIENTED_EDGE('',*,*,#1622,.T.);
#1622 = EDGE_CURVE('',#349,#1623,#1625,.T.);
#1623 = VERTEX_POINT('',#1624);
#1624 = CARTESIAN_POINT('',(19.,-1.6,3.));
#1625 = LINE('',#1626,#1627);
#1626 = CARTESIAN_POINT('',(19.,-4.6,3.));
#1627 = VECTOR('',#1628,1.);
#1628 = DIRECTION('',(-0.,1.,0.));
#1629 = ORIENTED_EDGE('',*,*,#1630,.F.);
#1630 = EDGE_CURVE('',#1590,#1623,#1631,.T.);
#1631 = LINE('',#1632,#1633);
#1632 = CARTESIAN_POINT('',(19.,-1.6,2.5));
#1633 = VECTOR('',#1634,1.);
#1634 = DIRECTION('',(-0.,0.,-1.));
#1635 = PLANE('',#1636);
#1636 = AXIS2_PLACEMENT_3D('',#1637,#1638,#1639);
#1637 = CARTESIAN_POINT('',(19.,-4.6,3.));
#1638 = DIRECTION('',(1.,0.,-0.));
#1639 = DIRECTION('',(0.,0.,1.));
#1640 = ADVANCED_FACE('',(#1641),#1659,.F.);
#1641 = FACE_BOUND('',#1642,.F.);
#1642 = EDGE_LOOP('',(#1643,#1644,#1645,#1653));
#1643 = ORIENTED_EDGE('',*,*,#1598,.F.);
#1644 = ORIENTED_EDGE('',*,*,#364,.T.);
#1645 = ORIENTED_EDGE('',*,*,#1646,.T.);
#1646 = EDGE_CURVE('',#357,#1647,#1649,.T.);
#1647 = VERTEX_POINT('',#1648);
#1648 = CARTESIAN_POINT('',(21.5,-1.6,3.));
#1649 = LINE('',#1650,#1651);
#1650 = CARTESIAN_POINT('',(21.5,-4.6,3.));
#1651 = VECTOR('',#1652,1.);
#1652 = DIRECTION('',(-0.,1.,0.));
#1653 = ORIENTED_EDGE('',*,*,#1654,.F.);
#1654 = EDGE_CURVE('',#1599,#1647,#1655,.T.);
#1655 = LINE('',#1656,#1657);
#1656 = CARTESIAN_POINT('',(21.5,-1.6,2.5));
#1657 = VECTOR('',#1658,1.);
#1658 = DIRECTION('',(-0.,0.,-1.));
#1659 = PLANE('',#1660);
#1660 = AXIS2_PLACEMENT_3D('',#1661,#1662,#1663);
#1661 = CARTESIAN_POINT('',(21.5,-4.6,3.));
#1662 = DIRECTION('',(1.,0.,-0.));
#1663 = DIRECTION('',(0.,0.,1.));
#1664 = ADVANCED_FACE('',(#1665),#1676,.T.);
#1665 = FACE_BOUND('',#1666,.T.);
#1666 = EDGE_LOOP('',(#1667,#1668,#1669,#1670));
#1667 = ORIENTED_EDGE('',*,*,#1622,.F.);
#1668 = ORIENTED_EDGE('',*,*,#356,.T.);
#1669 = ORIENTED_EDGE('',*,*,#1646,.T.);
#1670 = ORIENTED_EDGE('',*,*,#1671,.F.);
#1671 = EDGE_CURVE('',#1623,#1647,#1672,.T.);
#1672 = LINE('',#1673,#1674);
#1673 = CARTESIAN_POINT('',(8.875,-1.6,3.));
#1674 = VECTOR('',#1675,1.);
#1675 = DIRECTION('',(1.,0.,-0.));
#1676 = PLANE('',#1677);
#1677 = AXIS2_PLACEMENT_3D('',#1678,#1679,#1680);
#1678 = CARTESIAN_POINT('',(19.,-4.6,3.));
#1679 = DIRECTION('',(0.,0.,1.));
#1680 = DIRECTION('',(1.,0.,-0.));
#1681 = ADVANCED_FACE('',(#1682),#1707,.F.);
#1682 = FACE_BOUND('',#1683,.F.);
#1683 = EDGE_LOOP('',(#1684,#1692,#1693,#1701));
#1684 = ORIENTED_EDGE('',*,*,#1685,.F.);
#1685 = EDGE_CURVE('',#373,#1686,#1688,.T.);
#1686 = VERTEX_POINT('',#1687);
#1687 = CARTESIAN_POINT('',(26.,-1.6,5.));
#1688 = LINE('',#1689,#1690);
#1689 = CARTESIAN_POINT('',(26.,-4.6,5.));
#1690 = VECTOR('',#1691,1.);
#1691 = DIRECTION('',(-0.,1.,0.));
#1692 = ORIENTED_EDGE('',*,*,#372,.T.);
#1693 = ORIENTED_EDGE('',*,*,#1694,.T.);
#1694 = EDGE_CURVE('',#375,#1695,#1697,.T.);
#1695 = VERTEX_POINT('',#1696);
#1696 = CARTESIAN_POINT('',(28.5,-1.6,5.));
#1697 = LINE('',#1698,#1699);
#1698 = CARTESIAN_POINT('',(28.5,-4.6,5.));
#1699 = VECTOR('',#1700,1.);
#1700 = DIRECTION('',(-0.,1.,0.));
#1701 = ORIENTED_EDGE('',*,*,#1702,.F.);
#1702 = EDGE_CURVE('',#1686,#1695,#1703,.T.);
#1703 = LINE('',#1704,#1705);
#1704 = CARTESIAN_POINT('',(12.375,-1.6,5.));
#1705 = VECTOR('',#1706,1.);
#1706 = DIRECTION('',(1.,0.,-0.));
#1707 = PLANE('',#1708);
#1708 = AXIS2_PLACEMENT_3D('',#1709,#1710,#1711);
#1709 = CARTESIAN_POINT('',(26.,-4.6,5.));
#1710 = DIRECTION('',(0.,0.,1.));
#1711 = DIRECTION('',(1.,0.,-0.));
#1712 = ADVANCED_FACE('',(#1713),#1731,.T.);
#1713 = FACE_BOUND('',#1714,.T.);
#1714 = EDGE_LOOP('',(#1715,#1716,#1717,#1725));
#1715 = ORIENTED_EDGE('',*,*,#1685,.F.);
#1716 = ORIENTED_EDGE('',*,*,#382,.T.);
#1717 = ORIENTED_EDGE('',*,*,#1718,.T.);
#1718 = EDGE_CURVE('',#383,#1719,#1721,.T.);
#1719 = VERTEX_POINT('',#1720);
#1720 = CARTESIAN_POINT('',(26.,-1.6,3.));
#1721 = LINE('',#1722,#1723);
#1722 = CARTESIAN_POINT('',(26.,-4.6,3.));
#1723 = VECTOR('',#1724,1.);
#1724 = DIRECTION('',(-0.,1.,0.));
#1725 = ORIENTED_EDGE('',*,*,#1726,.F.);
#1726 = EDGE_CURVE('',#1686,#1719,#1727,.T.);
#1727 = LINE('',#1728,#1729);
#1728 = CARTESIAN_POINT('',(26.,-1.6,2.5));
#1729 = VECTOR('',#1730,1.);
#1730 = DIRECTION('',(-0.,0.,-1.));
#1731 = PLANE('',#1732);
#1732 = AXIS2_PLACEMENT_3D('',#1733,#1734,#1735);
#1733 = CARTESIAN_POINT('',(26.,-4.6,3.));
#1734 = DIRECTION('',(1.,0.,-0.));
#1735 = DIRECTION('',(0.,0.,1.));
#1736 = ADVANCED_FACE('',(#1737),#1755,.F.);
#1737 = FACE_BOUND('',#1738,.F.);
#1738 = EDGE_LOOP('',(#1739,#1740,#1741,#1749));
#1739 = ORIENTED_EDGE('',*,*,#1694,.F.);
#1740 = ORIENTED_EDGE('',*,*,#398,.T.);
#1741 = ORIENTED_EDGE('',*,*,#1742,.T.);
#1742 = EDGE_CURVE('',#391,#1743,#1745,.T.);
#1743 = VERTEX_POINT('',#1744);
#1744 = CARTESIAN_POINT('',(28.5,-1.6,3.));
#1745 = LINE('',#1746,#1747);
#1746 = CARTESIAN_POINT('',(28.5,-4.6,3.));
#1747 = VECTOR('',#1748,1.);
#1748 = DIRECTION('',(-0.,1.,0.));
#1749 = ORIENTED_EDGE('',*,*,#1750,.F.);
#1750 = EDGE_CURVE('',#1695,#1743,#1751,.T.);
#1751 = LINE('',#1752,#1753);
#1752 = CARTESIAN_POINT('',(28.5,-1.6,2.5));
#1753 = VECTOR('',#1754,1.);
#1754 = DIRECTION('',(-0.,0.,-1.));
#1755 = PLANE('',#1756);
#1756 = AXIS2_PLACEMENT_3D('',#1757,#1758,#1759);
#1757 = CARTESIAN_POINT('',(28.5,-4.6,3.));
#1758 = DIRECTION('',(1.,0.,-0.));
#1759 = DIRECTION('',(0.,0.,1.));
#1760 = ADVANCED_FACE('',(#1761),#1772,.T.);
#1761 = FACE_BOUND('',#1762,.T.);
#1762 = EDGE_LOOP('',(#1763,#1764,#1765,#1766));
#1763 = ORIENTED_EDGE('',*,*,#1718,.F.);
#1764 = ORIENTED_EDGE('',*,*,#390,.T.);
#1765 = ORIENTED_EDGE('',*,*,#1742,.T.);
#1766 = ORIENTED_EDGE('',*,*,#1767,.F.);
#1767 = EDGE_CURVE('',#1719,#1743,#1768,.T.);
#1768 = LINE('',#1769,#1770);
#1769 = CARTESIAN_POINT('',(12.375,-1.6,3.));
#1770 = VECTOR('',#1771,1.);
#1771 = DIRECTION('',(1.,0.,-0.));
#1772 = PLANE('',#1773);
#1773 = AXIS2_PLACEMENT_3D('',#1774,#1775,#1776);
#1774 = CARTESIAN_POINT('',(26.,-4.6,3.));
#1775 = DIRECTION('',(0.,0.,1.));
#1776 = DIRECTION('',(1.,0.,-0.));
#1777 = ADVANCED_FACE('',(#1778),#1803,.F.);
#1778 = FACE_BOUND('',#1779,.F.);
#1779 = EDGE_LOOP('',(#1780,#1788,#1789,#1797));
#1780 = ORIENTED_EDGE('',*,*,#1781,.F.);
#1781 = EDGE_CURVE('',#407,#1782,#1784,.T.);
#1782 = VERTEX_POINT('',#1783);
#1783 = CARTESIAN_POINT('',(33.,-1.6,5.));
#1784 = LINE('',#1785,#1786);
#1785 = CARTESIAN_POINT('',(33.,-4.6,5.));
#1786 = VECTOR('',#1787,1.);
#1787 = DIRECTION('',(-0.,1.,0.));
#1788 = ORIENTED_EDGE('',*,*,#406,.T.);
#1789 = ORIENTED_EDGE('',*,*,#1790,.T.);
#1790 = EDGE_CURVE('',#409,#1791,#1793,.T.);
#1791 = VERTEX_POINT('',#1792);
#1792 = CARTESIAN_POINT('',(35.5,-1.6,5.));
#1793 = LINE('',#1794,#1795);
#1794 = CARTESIAN_POINT('',(35.5,-4.6,5.));
#1795 = VECTOR('',#1796,1.);
#1796 = DIRECTION('',(-0.,1.,0.));
#1797 = ORIENTED_EDGE('',*,*,#1798,.F.);
#1798 = EDGE_CURVE('',#1782,#1791,#1799,.T.);
#1799 = LINE('',#1800,#1801);
#1800 = CARTESIAN_POINT('',(15.875,-1.6,5.));
#1801 = VECTOR('',#1802,1.);
#1802 = DIRECTION('',(1.,0.,-0.));
#1803 = PLANE('',#1804);
#1804 = AXIS2_PLACEMENT_3D('',#1805,#1806,#1807);
#1805 = CARTESIAN_POINT('',(33.,-4.6,5.));
#1806 = DIRECTION('',(0.,0.,1.));
#1807 = DIRECTION('',(1.,0.,-0.));
#1808 = ADVANCED_FACE('',(#1809),#1827,.T.);
#1809 = FACE_BOUND('',#1810,.T.);
#1810 = EDGE_LOOP('',(#1811,#1812,#1813,#1821));
#1811 = ORIENTED_EDGE('',*,*,#1781,.F.);
#1812 = ORIENTED_EDGE('',*,*,#416,.T.);
#1813 = ORIENTED_EDGE('',*,*,#1814,.T.);
#1814 = EDGE_CURVE('',#417,#1815,#1817,.T.);
#1815 = VERTEX_POINT('',#1816);
#1816 = CARTESIAN_POINT('',(33.,-1.6,3.));
#1817 = LINE('',#1818,#1819);
#1818 = CARTESIAN_POINT('',(33.,-4.6,3.));
#1819 = VECTOR('',#1820,1.);
#1820 = DIRECTION('',(-0.,1.,0.));
#1821 = ORIENTED_EDGE('',*,*,#1822,.F.);
#1822 = EDGE_CURVE('',#1782,#1815,#1823,.T.);
#1823 = LINE('',#1824,#1825);
#1824 = CARTESIAN_POINT('',(33.,-1.6,2.5));
#1825 = VECTOR('',#1826,1.);
#1826 = DIRECTION('',(-0.,0.,-1.));
#1827 = PLANE('',#1828);
#1828 = AXIS2_PLACEMENT_3D('',#1829,#1830,#1831);
#1829 = CARTESIAN_POINT('',(33.,-4.6,3.));
#1830 = DIRECTION('',(1.,0.,-0.));
#1831 = DIRECTION('',(0.,0.,1.));
#1832 = ADVANCED_FACE('',(#1833),#1851,.F.);
#1833 = FACE_BOUND('',#1834,.F.);
#1834 = EDGE_LOOP('',(#1835,#1836,#1837,#1845));
#1835 = ORIENTED_EDGE('',*,*,#1790,.F.);
#1836 = ORIENTED_EDGE('',*,*,#432,.T.);
#1837 = ORIENTED_EDGE('',*,*,#1838,.T.);
#1838 = EDGE_CURVE('',#425,#1839,#1841,.T.);
#1839 = VERTEX_POINT('',#1840);
#1840 = CARTESIAN_POINT('',(35.5,-1.6,3.));
#1841 = LINE('',#1842,#1843);
#1842 = CARTESIAN_POINT('',(35.5,-4.6,3.));
#1843 = VECTOR('',#1844,1.);
#1844 = DIRECTION('',(-0.,1.,0.));
#1845 = ORIENTED_EDGE('',*,*,#1846,.F.);
#1846 = EDGE_CURVE('',#1791,#1839,#1847,.T.);
#1847 = LINE('',#1848,#1849);
#1848 = CARTESIAN_POINT('',(35.5,-1.6,2.5));
#1849 = VECTOR('',#1850,1.);
#1850 = DIRECTION('',(-0.,0.,-1.));
#1851 = PLANE('',#1852);
#1852 = AXIS2_PLACEMENT_3D('',#1853,#1854,#1855);
#1853 = CARTESIAN_POINT('',(35.5,-4.6,3.));
#1854 = DIRECTION('',(1.,0.,-0.));
#1855 = DIRECTION('',(0.,0.,1.));
#1856 = ADVANCED_FACE('',(#1857),#1868,.T.);
#1857 = FACE_BOUND('',#1858,.T.);
#1858 = EDGE_LOOP('',(#1859,#1860,#1861,#1862));
#1859 = ORIENTED_EDGE('',*,*,#1814,.F.);
#1860 = ORIENTED_EDGE('',*,*,#424,.T.);
#1861 = ORIENTED_EDGE('',*,*,#1838,.T.);
#1862 = ORIENTED_EDGE('',*,*,#1863,.F.);
#1863 = EDGE_CURVE('',#1815,#1839,#1864,.T.);
#1864 = LINE('',#1865,#1866);
#1865 = CARTESIAN_POINT('',(15.875,-1.6,3.));
#1866 = VECTOR('',#1867,1.);
#1867 = DIRECTION('',(1.,0.,-0.));
#1868 = PLANE('',#1869);
#1869 = AXIS2_PLACEMENT_3D('',#1870,#1871,#1872);
#1870 = CARTESIAN_POINT('',(33.,-4.6,3.));
#1871 = DIRECTION('',(0.,0.,1.));
#1872 = DIRECTION('',(1.,0.,-0.));
#1873 = ADVANCED_FACE('',(#1874),#1899,.F.);
#1874 = FACE_BOUND('',#1875,.F.);
#1875 = EDGE_LOOP('',(#1876,#1884,#1885,#1893));
#1876 = ORIENTED_EDGE('',*,*,#1877,.F.);
#1877 = EDGE_CURVE('',#441,#1878,#1880,.T.);
#1878 = VERTEX_POINT('',#1879);
#1879 = CARTESIAN_POINT('',(40.,-1.6,5.));
#1880 = LINE('',#1881,#1882);
#1881 = CARTESIAN_POINT('',(40.,-4.6,5.));
#1882 = VECTOR('',#1883,1.);
#1883 = DIRECTION('',(-0.,1.,0.));
#1884 = ORIENTED_EDGE('',*,*,#440,.T.);
#1885 = ORIENTED_EDGE('',*,*,#1886,.T.);
#1886 = EDGE_CURVE('',#443,#1887,#1889,.T.);
#1887 = VERTEX_POINT('',#1888);
#1888 = CARTESIAN_POINT('',(42.5,-1.6,5.));
#1889 = LINE('',#1890,#1891);
#1890 = CARTESIAN_POINT('',(42.5,-4.6,5.));
#1891 = VECTOR('',#1892,1.);
#1892 = DIRECTION('',(-0.,1.,0.));
#1893 = ORIENTED_EDGE('',*,*,#1894,.F.);
#1894 = EDGE_CURVE('',#1878,#1887,#1895,.T.);
#1895 = LINE('',#1896,#1897);
#1896 = CARTESIAN_POINT('',(19.375,-1.6,5.));
#1897 = VECTOR('',#1898,1.);
#1898 = DIRECTION('',(1.,0.,-0.));
#1899 = PLANE('',#1900);
#1900 = AXIS2_PLACEMENT_3D('',#1901,#1902,#1903);
#1901 = CARTESIAN_POINT('',(40.,-4.6,5.));
#1902 = DIRECTION('',(0.,0.,1.));
#1903 = DIRECTION('',(1.,0.,-0.));
#1904 = ADVANCED_FACE('',(#1905),#1923,.T.);
#1905 = FACE_BOUND('',#1906,.T.);
#1906 = EDGE_LOOP('',(#1907,#1908,#1909,#1917));
#1907 = ORIENTED_EDGE('',*,*,#1877,.F.);
#1908 = ORIENTED_EDGE('',*,*,#450,.T.);
#1909 = ORIENTED_EDGE('',*,*,#1910,.T.);
#1910 = EDGE_CURVE('',#451,#1911,#1913,.T.);
#1911 = VERTEX_POINT('',#1912);
#1912 = CARTESIAN_POINT('',(40.,-1.6,3.));
#1913 = LINE('',#1914,#1915);
#1914 = CARTESIAN_POINT('',(40.,-4.6,3.));
#1915 = VECTOR('',#1916,1.);
#1916 = DIRECTION('',(-0.,1.,0.));
#1917 = ORIENTED_EDGE('',*,*,#1918,.F.);
#1918 = EDGE_CURVE('',#1878,#1911,#1919,.T.);
#1919 = LINE('',#1920,#1921);
#1920 = CARTESIAN_POINT('',(40.,-1.6,2.5));
#1921 = VECTOR('',#1922,1.);
#1922 = DIRECTION('',(-0.,0.,-1.));
#1923 = PLANE('',#1924);
#1924 = AXIS2_PLACEMENT_3D('',#1925,#1926,#1927);
#1925 = CARTESIAN_POINT('',(40.,-4.6,3.));
#1926 = DIRECTION('',(1.,0.,-0.));
#1927 = DIRECTION('',(0.,0.,1.));
#1928 = ADVANCED_FACE('',(#1929),#1947,.F.);
#1929 = FACE_BOUND('',#1930,.F.);
#1930 = EDGE_LOOP('',(#1931,#1932,#1933,#1941));
#1931 = ORIENTED_EDGE('',*,*,#1886,.F.);
#1932 = ORIENTED_EDGE('',*,*,#466,.T.);
#1933 = ORIENTED_EDGE('',*,*,#1934,.T.);
#1934 = EDGE_CURVE('',#459,#1935,#1937,.T.);
#1935 = VERTEX_POINT('',#1936);
#1936 = CARTESIAN_POINT('',(42.5,-1.6,3.));
#1937 = LINE('',#1938,#1939);
#1938 = CARTESIAN_POINT('',(42.5,-4.6,3.));
#1939 = VECTOR('',#1940,1.);
#1940 = DIRECTION('',(-0.,1.,0.));
#1941 = ORIENTED_EDGE('',*,*,#1942,.F.);
#1942 = EDGE_CURVE('',#1887,#1935,#1943,.T.);
#1943 = LINE('',#1944,#1945);
#1944 = CARTESIAN_POINT('',(42.5,-1.6,2.5));
#1945 = VECTOR('',#1946,1.);
#1946 = DIRECTION('',(-0.,0.,-1.));
#1947 = PLANE('',#1948);
#1948 = AXIS2_PLACEMENT_3D('',#1949,#1950,#1951);
#1949 = CARTESIAN_POINT('',(42.5,-4.6,3.));
#1950 = DIRECTION('',(1.,0.,-0.));
#1951 = DIRECTION('',(0.,0.,1.));
#1952 = ADVANCED_FACE('',(#1953),#1964,.T.);
#1953 = FACE_BOUND('',#1954,.T.);
#1954 = EDGE_LOOP('',(#1955,#1956,#1957,#1958));
#1955 = ORIENTED_EDGE('',*,*,#1910,.F.);
#1956 = ORIENTED_EDGE('',*,*,#458,.T.);
#1957 = ORIENTED_EDGE('',*,*,#1934,.T.);
#1958 = ORIENTED_EDGE('',*,*,#1959,.F.);
#1959 = EDGE_CURVE('',#1911,#1935,#1960,.T.);
#1960 = LINE('',#1961,#1962);
#1961 = CARTESIAN_POINT('',(19.375,-1.6,3.));
#1962 = VECTOR('',#1963,1.);
#1963 = DIRECTION('',(1.,0.,-0.));
#1964 = PLANE('',#1965);
#1965 = AXIS2_PLACEMENT_3D('',#1966,#1967,#1968);
#1966 = CARTESIAN_POINT('',(40.,-4.6,3.));
#1967 = DIRECTION('',(0.,0.,1.));
#1968 = DIRECTION('',(1.,0.,-0.));
#1969 = ADVANCED_FACE('',(#1970),#1995,.F.);
#1970 = FACE_BOUND('',#1971,.F.);
#1971 = EDGE_LOOP('',(#1972,#1980,#1981,#1989));
#1972 = ORIENTED_EDGE('',*,*,#1973,.F.);
#1973 = EDGE_CURVE('',#475,#1974,#1976,.T.);
#1974 = VERTEX_POINT('',#1975);
#1975 = CARTESIAN_POINT('',(47.,-1.6,5.));
#1976 = LINE('',#1977,#1978);
#1977 = CARTESIAN_POINT('',(47.,-4.6,5.));
#1978 = VECTOR('',#1979,1.);
#1979 = DIRECTION('',(-0.,1.,0.));
#1980 = ORIENTED_EDGE('',*,*,#474,.T.);
#1981 = ORIENTED_EDGE('',*,*,#1982,.T.);
#1982 = EDGE_CURVE('',#477,#1983,#1985,.T.);
#1983 = VERTEX_POINT('',#1984);
#1984 = CARTESIAN_POINT('',(49.5,-1.6,5.));
#1985 = LINE('',#1986,#1987);
#1986 = CARTESIAN_POINT('',(49.5,-4.6,5.));
#1987 = VECTOR('',#1988,1.);
#1988 = DIRECTION('',(-0.,1.,0.));
#1989 = ORIENTED_EDGE('',*,*,#1990,.F.);
#1990 = EDGE_CURVE('',#1974,#1983,#1991,.T.);
#1991 = LINE('',#1992,#1993);
#1992 = CARTESIAN_POINT('',(22.875,-1.6,5.));
#1993 = VECTOR('',#1994,1.);
#1994 = DIRECTION('',(1.,0.,-0.));
#1995 = PLANE('',#1996);
#1996 = AXIS2_PLACEMENT_3D('',#1997,#1998,#1999);
#1997 = CARTESIAN_POINT('',(47.,-4.6,5.));
#1998 = DIRECTION('',(0.,0.,1.));
#1999 = DIRECTION('',(1.,0.,-0.));
#2000 = ADVANCED_FACE('',(#2001),#2019,.T.);
#2001 = FACE_BOUND('',#2002,.T.);
#2002 = EDGE_LOOP('',(#2003,#2004,#2005,#2013));
#2003 = ORIENTED_EDGE('',*,*,#1973,.F.);
#2004 = ORIENTED_EDGE('',*,*,#484,.T.);
#2005 = ORIENTED_EDGE('',*,*,#2006,.T.);
#2006 = EDGE_CURVE('',#485,#2007,#2009,.T.);
#2007 = VERTEX_POINT('',#2008);
#2008 = CARTESIAN_POINT('',(47.,-1.6,3.));
#2009 = LINE('',#2010,#2011);
#2010 = CARTESIAN_POINT('',(47.,-4.6,3.));
#2011 = VECTOR('',#2012,1.);
#2012 = DIRECTION('',(-0.,1.,0.));
#2013 = ORIENTED_EDGE('',*,*,#2014,.F.);
#2014 = EDGE_CURVE('',#1974,#2007,#2015,.T.);
#2015 = LINE('',#2016,#2017);
#2016 = CARTESIAN_POINT('',(47.,-1.6,2.5));
#2017 = VECTOR('',#2018,1.);
#2018 = DIRECTION('',(-0.,0.,-1.));
#2019 = PLANE('',#2020);
#2020 = AXIS2_PLACEMENT_3D('',#2021,#2022,#2023);
#2021 = CARTESIAN_POINT('',(47.,-4.6,3.));
#2022 = DIRECTION('',(1.,0.,-0.));
#2023 = DIRECTION('',(0.,0.,1.));
#2024 = ADVANCED_FACE('',(#2025),#2043,.F.);
#2025 = FACE_BOUND('',#2026,.F.);
#2026 = EDGE_LOOP('',(#2027,#2028,#2029,#2037));
#2027 = ORIENTED_EDGE('',*,*,#1982,.F.);
#2028 = ORIENTED_EDGE('',*,*,#500,.T.);
#2029 = ORIENTED_EDGE('',*,*,#2030,.T.);
#2030 = EDGE_CURVE('',#493,#2031,#2033,.T.);
#2031 = VERTEX_POINT('',#2032);
#2032 = CARTESIAN_POINT('',(49.5,-1.6,3.));
#2033 = LINE('',#2034,#2035);
#2034 = CARTESIAN_POINT('',(49.5,-4.6,3.));
#2035 = VECTOR('',#2036,1.);
#2036 = DIRECTION('',(-0.,1.,0.));
#2037 = ORIENTED_EDGE('',*,*,#2038,.F.);
#2038 = EDGE_CURVE('',#1983,#2031,#2039,.T.);
#2039 = LINE('',#2040,#2041);
#2040 = CARTESIAN_POINT('',(49.5,-1.6,2.5));
#2041 = VECTOR('',#2042,1.);
#2042 = DIRECTION('',(-0.,0.,-1.));
#2043 = PLANE('',#2044);
#2044 = AXIS2_PLACEMENT_3D('',#2045,#2046,#2047);
#2045 = CARTESIAN_POINT('',(49.5,-4.6,3.));
#2046 = DIRECTION('',(1.,0.,-0.));
#2047 = DIRECTION('',(0.,0.,1.));
#2048 = ADVANCED_FACE('',(#2049),#2060,.T.);
#2049 = FACE_BOUND('',#2050,.T.);
#2050 = EDGE_LOOP('',(#2051,#2052,#2053,#2054));
#2051 = ORIENTED_EDGE('',*,*,#2006,.F.);
#2052 = ORIENTED_EDGE('',*,*,#492,.T.);
#2053 = ORIENTED_EDGE('',*,*,#2030,.T.);
#2054 = ORIENTED_EDGE('',*,*,#2055,.F.);
#2055 = EDGE_CURVE('',#2007,#2031,#2056,.T.);
#2056 = LINE('',#2057,#2058);
#2057 = CARTESIAN_POINT('',(22.875,-1.6,3.));
#2058 = VECTOR('',#2059,1.);
#2059 = DIRECTION('',(1.,0.,-0.));
#2060 = PLANE('',#2061);
#2061 = AXIS2_PLACEMENT_3D('',#2062,#2063,#2064);
#2062 = CARTESIAN_POINT('',(47.,-4.6,3.));
#2063 = DIRECTION('',(0.,0.,1.));
#2064 = DIRECTION('',(1.,0.,-0.));
#2065 = ADVANCED_FACE('',(#2066),#2091,.F.);
#2066 = FACE_BOUND('',#2067,.F.);
#2067 = EDGE_LOOP('',(#2068,#2076,#2077,#2085));
#2068 = ORIENTED_EDGE('',*,*,#2069,.F.);
#2069 = EDGE_CURVE('',#509,#2070,#2072,.T.);
#2070 = VERTEX_POINT('',#2071);
#2071 = CARTESIAN_POINT('',(54.,-1.6,5.));
#2072 = LINE('',#2073,#2074);
#2073 = CARTESIAN_POINT('',(54.,-4.6,5.));
#2074 = VECTOR('',#2075,1.);
#2075 = DIRECTION('',(-0.,1.,0.));
#2076 = ORIENTED_EDGE('',*,*,#508,.T.);
#2077 = ORIENTED_EDGE('',*,*,#2078,.T.);
#2078 = EDGE_CURVE('',#511,#2079,#2081,.T.);
#2079 = VERTEX_POINT('',#2080);
#2080 = CARTESIAN_POINT('',(56.5,-1.6,5.));
#2081 = LINE('',#2082,#2083);
#2082 = CARTESIAN_POINT('',(56.5,-4.6,5.));
#2083 = VECTOR('',#2084,1.);
#2084 = DIRECTION('',(-0.,1.,0.));
#2085 = ORIENTED_EDGE('',*,*,#2086,.F.);
#2086 = EDGE_CURVE('',#2070,#2079,#2087,.T.);
#2087 = LINE('',#2088,#2089);
#2088 = CARTESIAN_POINT('',(26.375,-1.6,5.));
#2089 = VECTOR('',#2090,1.);
#2090 = DIRECTION('',(1.,0.,-0.));
#2091 = PLANE('',#2092);
#2092 = AXIS2_PLACEMENT_3D('',#2093,#2094,#2095);
#2093 = CARTESIAN_POINT('',(54.,-4.6,5.));
#2094 = DIRECTION('',(0.,0.,1.));
#2095 = DIRECTION('',(1.,0.,-0.));
#2096 = ADVANCED_FACE('',(#2097),#2115,.T.);
#2097 = FACE_BOUND('',#2098,.T.);
#2098 = EDGE_LOOP('',(#2099,#2100,#2101,#2109));
#2099 = ORIENTED_EDGE('',*,*,#2069,.F.);
#2100 = ORIENTED_EDGE('',*,*,#518,.T.);
#2101 = ORIENTED_EDGE('',*,*,#2102,.T.);
#2102 = EDGE_CURVE('',#519,#2103,#2105,.T.);
#2103 = VERTEX_POINT('',#2104);
#2104 = CARTESIAN_POINT('',(54.,-1.6,3.));
#2105 = LINE('',#2106,#2107);
#2106 = CARTESIAN_POINT('',(54.,-4.6,3.));
#2107 = VECTOR('',#2108,1.);
#2108 = DIRECTION('',(-0.,1.,0.));
#2109 = ORIENTED_EDGE('',*,*,#2110,.F.);
#2110 = EDGE_CURVE('',#2070,#2103,#2111,.T.);
#2111 = LINE('',#2112,#2113);
#2112 = CARTESIAN_POINT('',(54.,-1.6,2.5));
#2113 = VECTOR('',#2114,1.);
#2114 = DIRECTION('',(-0.,0.,-1.));
#2115 = PLANE('',#2116);
#2116 = AXIS2_PLACEMENT_3D('',#2117,#2118,#2119);
#2117 = CARTESIAN_POINT('',(54.,-4.6,3.));
#2118 = DIRECTION('',(1.,0.,-0.));
#2119 = DIRECTION('',(0.,0.,1.));
#2120 = ADVANCED_FACE('',(#2121),#2139,.F.);
#2121 = FACE_BOUND('',#2122,.F.);
#2122 = EDGE_LOOP('',(#2123,#2124,#2125,#2133));
#2123 = ORIENTED_EDGE('',*,*,#2078,.F.);
#2124 = ORIENTED_EDGE('',*,*,#534,.T.);
#2125 = ORIENTED_EDGE('',*,*,#2126,.T.);
#2126 = EDGE_CURVE('',#527,#2127,#2129,.T.);
#2127 = VERTEX_POINT('',#2128);
#2128 = CARTESIAN_POINT('',(56.5,-1.6,3.));
#2129 = LINE('',#2130,#2131);
#2130 = CARTESIAN_POINT('',(56.5,-4.6,3.));
#2131 = VECTOR('',#2132,1.);
#2132 = DIRECTION('',(-0.,1.,0.));
#2133 = ORIENTED_EDGE('',*,*,#2134,.F.);
#2134 = EDGE_CURVE('',#2079,#2127,#2135,.T.);
#2135 = LINE('',#2136,#2137);
#2136 = CARTESIAN_POINT('',(56.5,-1.6,2.5));
#2137 = VECTOR('',#2138,1.);
#2138 = DIRECTION('',(-0.,0.,-1.));
#2139 = PLANE('',#2140);
#2140 = AXIS2_PLACEMENT_3D('',#2141,#2142,#2143);
#2141 = CARTESIAN_POINT('',(56.5,-4.6,3.));
#2142 = DIRECTION('',(1.,0.,-0.));
#2143 = DIRECTION('',(0.,0.,1.));
#2144 = ADVANCED_FACE('',(#2145),#2156,.T.);
#2145 = FACE_BOUND('',#2146,.T.);
#2146 = EDGE_LOOP('',(#2147,#2148,#2149,#2150));
#2147 = ORIENTED_EDGE('',*,*,#2102,.F.);
#2148 = ORIENTED_EDGE('',*,*,#526,.T.);
#2149 = ORIENTED_EDGE('',*,*,#2126,.T.);
#2150 = ORIENTED_EDGE('',*,*,#2151,.F.);
#2151 = EDGE_CURVE('',#2103,#2127,#2152,.T.);
#2152 = LINE('',#2153,#2154);
#2153 = CARTESIAN_POINT('',(26.375,-1.6,3.));
#2154 = VECTOR('',#2155,1.);
#2155 = DIRECTION('',(1.,0.,-0.));
#2156 = PLANE('',#2157);
#2157 = AXIS2_PLACEMENT_3D('',#2158,#2159,#2160);
#2158 = CARTESIAN_POINT('',(54.,-4.6,3.));
#2159 = DIRECTION('',(0.,0.,1.));
#2160 = DIRECTION('',(1.,0.,-0.));
#2161 = ADVANCED_FACE('',(#2162),#2187,.F.);
#2162 = FACE_BOUND('',#2163,.F.);
#2163 = EDGE_LOOP('',(#2164,#2172,#2173,#2181));
#2164 = ORIENTED_EDGE('',*,*,#2165,.F.);
#2165 = EDGE_CURVE('',#543,#2166,#2168,.T.);
#2166 = VERTEX_POINT('',#2167);
#2167 = CARTESIAN_POINT('',(61.,-1.6,5.));
#2168 = LINE('',#2169,#2170);
#2169 = CARTESIAN_POINT('',(61.,-4.6,5.));
#2170 = VECTOR('',#2171,1.);
#2171 = DIRECTION('',(-0.,1.,0.));
#2172 = ORIENTED_EDGE('',*,*,#542,.T.);
#2173 = ORIENTED_EDGE('',*,*,#2174,.T.);
#2174 = EDGE_CURVE('',#545,#2175,#2177,.T.);
#2175 = VERTEX_POINT('',#2176);
#2176 = CARTESIAN_POINT('',(63.5,-1.6,5.));
#2177 = LINE('',#2178,#2179);
#2178 = CARTESIAN_POINT('',(63.5,-4.6,5.));
#2179 = VECTOR('',#2180,1.);
#2180 = DIRECTION('',(-0.,1.,0.));
#2181 = ORIENTED_EDGE('',*,*,#2182,.F.);
#2182 = EDGE_CURVE('',#2166,#2175,#2183,.T.);
#2183 = LINE('',#2184,#2185);
#2184 = CARTESIAN_POINT('',(29.875,-1.6,5.));
#2185 = VECTOR('',#2186,1.);
#2186 = DIRECTION('',(1.,0.,-0.));
#2187 = PLANE('',#2188);
#2188 = AXIS2_PLACEMENT_3D('',#2189,#2190,#2191);
#2189 = CARTESIAN_POINT('',(61.,-4.6,5.));
#2190 = DIRECTION('',(0.,0.,1.));
#2191 = DIRECTION('',(1.,0.,-0.));
#2192 = ADVANCED_FACE('',(#2193),#2211,.T.);
#2193 = FACE_BOUND('',#2194,.T.);
#2194 = EDGE_LOOP('',(#2195,#2196,#2197,#2205));
#2195 = ORIENTED_EDGE('',*,*,#2165,.F.);
#2196 = ORIENTED_EDGE('',*,*,#552,.T.);
#2197 = ORIENTED_EDGE('',*,*,#2198,.T.);
#2198 = EDGE_CURVE('',#553,#2199,#2201,.T.);
#2199 = VERTEX_POINT('',#2200);
#2200 = CARTESIAN_POINT('',(61.,-1.6,3.));
#2201 = LINE('',#2202,#2203);
#2202 = CARTESIAN_POINT('',(61.,-4.6,3.));
#2203 = VECTOR('',#2204,1.);
#2204 = DIRECTION('',(-0.,1.,0.));
#2205 = ORIENTED_EDGE('',*,*,#2206,.F.);
#2206 = EDGE_CURVE('',#2166,#2199,#2207,.T.);
#2207 = LINE('',#2208,#2209);
#2208 = CARTESIAN_POINT('',(61.,-1.6,2.5));
#2209 = VECTOR('',#2210,1.);
#2210 = DIRECTION('',(-0.,0.,-1.));
#2211 = PLANE('',#2212);
#2212 = AXIS2_PLACEMENT_3D('',#2213,#2214,#2215);
#2213 = CARTESIAN_POINT('',(61.,-4.6,3.));
#2214 = DIRECTION('',(1.,0.,-0.));
#2215 = DIRECTION('',(0.,0.,1.));
#2216 = ADVANCED_FACE('',(#2217),#2235,.F.);
#2217 = FACE_BOUND('',#2218,.F.);
#2218 = EDGE_LOOP('',(#2219,#2220,#2221,#2229));
#2219 = ORIENTED_EDGE('',*,*,#2174,.F.);
#2220 = ORIENTED_EDGE('',*,*,#568,.T.);
#2221 = ORIENTED_EDGE('',*,*,#2222,.T.);
#2222 = EDGE_CURVE('',#561,#2223,#2225,.T.);
#2223 = VERTEX_POINT('',#2224);
#2224 = CARTESIAN_POINT('',(63.5,-1.6,3.));
#2225 = LINE('',#2226,#2227);
#2226 = CARTESIAN_POINT('',(63.5,-4.6,3.));
#2227 = VECTOR('',#2228,1.);
#2228 = DIRECTION('',(-0.,1.,0.));
#2229 = ORIENTED_EDGE('',*,*,#2230,.F.);
#2230 = EDGE_CURVE('',#2175,#2223,#2231,.T.);
#2231 = LINE('',#2232,#2233);
#2232 = CARTESIAN_POINT('',(63.5,-1.6,2.5));
#2233 = VECTOR('',#2234,1.);
#2234 = DIRECTION('',(-0.,0.,-1.));
#2235 = PLANE('',#2236);
#2236 = AXIS2_PLACEMENT_3D('',#2237,#2238,#2239);
#2237 = CARTESIAN_POINT('',(63.5,-4.6,3.));
#2238 = DIRECTION('',(1.,0.,-0.));
#2239 = DIRECTION('',(0.,0.,1.));
#2240 = ADVANCED_FACE('',(#2241),#2252,.T.);
#2241 = FACE_BOUND('',#2242,.T.);
#2242 = EDGE_LOOP('',(#2243,#2244,#2245,#2246));
#2243 = ORIENTED_EDGE('',*,*,#2198,.F.);
#2244 = ORIENTED_EDGE('',*,*,#560,.T.);
#2245 = ORIENTED_EDGE('',*,*,#2222,.T.);
#2246 = ORIENTED_EDGE('',*,*,#2247,.F.);
#2247 = EDGE_CURVE('',#2199,#2223,#2248,.T.);
#2248 = LINE('',#2249,#2250);
#2249 = CARTESIAN_POINT('',(29.875,-1.6,3.));
#2250 = VECTOR('',#2251,1.);
#2251 = DIRECTION('',(1.,0.,-0.));
#2252 = PLANE('',#2253);
#2253 = AXIS2_PLACEMENT_3D('',#2254,#2255,#2256);
#2254 = CARTESIAN_POINT('',(61.,-4.6,3.));
#2255 = DIRECTION('',(0.,0.,1.));
#2256 = DIRECTION('',(1.,0.,-0.));
#2257 = ADVANCED_FACE('',(#2258),#2283,.F.);
#2258 = FACE_BOUND('',#2259,.F.);
#2259 = EDGE_LOOP('',(#2260,#2268,#2269,#2277));
#2260 = ORIENTED_EDGE('',*,*,#2261,.F.);
#2261 = EDGE_CURVE('',#577,#2262,#2264,.T.);
#2262 = VERTEX_POINT('',#2263);
#2263 = CARTESIAN_POINT('',(68.,-1.6,5.));
#2264 = LINE('',#2265,#2266);
#2265 = CARTESIAN_POINT('',(68.,-4.6,5.));
#2266 = VECTOR('',#2267,1.);
#2267 = DIRECTION('',(-0.,1.,0.));
#2268 = ORIENTED_EDGE('',*,*,#576,.T.);
#2269 = ORIENTED_EDGE('',*,*,#2270,.T.);
#2270 = EDGE_CURVE('',#579,#2271,#2273,.T.);
#2271 = VERTEX_POINT('',#2272);
#2272 = CARTESIAN_POINT('',(70.5,-1.6,5.));
#2273 = LINE('',#2274,#2275);
#2274 = CARTESIAN_POINT('',(70.5,-4.6,5.));
#2275 = VECTOR('',#2276,1.);
#2276 = DIRECTION('',(-0.,1.,0.));
#2277 = ORIENTED_EDGE('',*,*,#2278,.F.);
#2278 = EDGE_CURVE('',#2262,#2271,#2279,.T.);
#2279 = LINE('',#2280,#2281);
#2280 = CARTESIAN_POINT('',(33.375,-1.6,5.));
#2281 = VECTOR('',#2282,1.);
#2282 = DIRECTION('',(1.,0.,-0.));
#2283 = PLANE('',#2284);
#2284 = AXIS2_PLACEMENT_3D('',#2285,#2286,#2287);
#2285 = CARTESIAN_POINT('',(68.,-4.6,5.));
#2286 = DIRECTION('',(0.,0.,1.));
#2287 = DIRECTION('',(1.,0.,-0.));
#2288 = ADVANCED_FACE('',(#2289),#2307,.T.);
#2289 = FACE_BOUND('',#2290,.T.);
#2290 = EDGE_LOOP('',(#2291,#2292,#2293,#2301));
#2291 = ORIENTED_EDGE('',*,*,#2261,.F.);
#2292 = ORIENTED_EDGE('',*,*,#586,.T.);
#2293 = ORIENTED_EDGE('',*,*,#2294,.T.);
#2294 = EDGE_CURVE('',#587,#2295,#2297,.T.);
#2295 = VERTEX_POINT('',#2296);
#2296 = CARTESIAN_POINT('',(68.,-1.6,3.));
#2297 = LINE('',#2298,#2299);
#2298 = CARTESIAN_POINT('',(68.,-4.6,3.));
#2299 = VECTOR('',#2300,1.);
#2300 = DIRECTION('',(-0.,1.,0.));
#2301 = ORIENTED_EDGE('',*,*,#2302,.F.);
#2302 = EDGE_CURVE('',#2262,#2295,#2303,.T.);
#2303 = LINE('',#2304,#2305);
#2304 = CARTESIAN_POINT('',(68.,-1.6,2.5));
#2305 = VECTOR('',#2306,1.);
#2306 = DIRECTION('',(-0.,0.,-1.));
#2307 = PLANE('',#2308);
#2308 = AXIS2_PLACEMENT_3D('',#2309,#2310,#2311);
#2309 = CARTESIAN_POINT('',(68.,-4.6,3.));
#2310 = DIRECTION('',(1.,0.,-0.));
#2311 = DIRECTION('',(0.,0.,1.));
#2312 = ADVANCED_FACE('',(#2313),#2331,.F.);
#2313 = FACE_BOUND('',#2314,.F.);
#2314 = EDGE_LOOP('',(#2315,#2316,#2317,#2325));
#2315 = ORIENTED_EDGE('',*,*,#2270,.F.);
#2316 = ORIENTED_EDGE('',*,*,#602,.T.);
#2317 = ORIENTED_EDGE('',*,*,#2318,.T.);
#2318 = EDGE_CURVE('',#595,#2319,#2321,.T.);
#2319 = VERTEX_POINT('',#2320);
#2320 = CARTESIAN_POINT('',(70.5,-1.6,3.));
#2321 = LINE('',#2322,#2323);
#2322 = CARTESIAN_POINT('',(70.5,-4.6,3.));
#2323 = VECTOR('',#2324,1.);
#2324 = DIRECTION('',(-0.,1.,0.));
#2325 = ORIENTED_EDGE('',*,*,#2326,.F.);
#2326 = EDGE_CURVE('',#2271,#2319,#2327,.T.);
#2327 = LINE('',#2328,#2329);
#2328 = CARTESIAN_POINT('',(70.5,-1.6,2.5));
#2329 = VECTOR('',#2330,1.);
#2330 = DIRECTION('',(-0.,0.,-1.));
#2331 = PLANE('',#2332);
#2332 = AXIS2_PLACEMENT_3D('',#2333,#2334,#2335);
#2333 = CARTESIAN_POINT('',(70.5,-4.6,3.));
#2334 = DIRECTION('',(1.,0.,-0.));
#2335 = DIRECTION('',(0.,0.,1.));
#2336 = ADVANCED_FACE('',(#2337),#2348,.T.);
#2337 = FACE_BOUND('',#2338,.T.);
#2338 = EDGE_LOOP('',(#2339,#2340,#2341,#2342));
#2339 = ORIENTED_EDGE('',*,*,#2294,.F.);
#2340 = ORIENTED_EDGE('',*,*,#594,.T.);
#2341 = ORIENTED_EDGE('',*,*,#2318,.T.);
#2342 = ORIENTED_EDGE('',*,*,#2343,.F.);
#2343 = EDGE_CURVE('',#2295,#2319,#2344,.T.);
#2344 = LINE('',#2345,#2346);
#2345 = CARTESIAN_POINT('',(33.375,-1.6,3.));
#2346 = VECTOR('',#2347,1.);
#2347 = DIRECTION('',(1.,0.,-0.));
#2348 = PLANE('',#2349);
#2349 = AXIS2_PLACEMENT_3D('',#2350,#2351,#2352);
#2350 = CARTESIAN_POINT('',(68.,-4.6,3.));
#2351 = DIRECTION('',(0.,0.,1.));
#2352 = DIRECTION('',(1.,0.,-0.));
#2353 = ADVANCED_FACE('',(#2354),#2379,.F.);
#2354 = FACE_BOUND('',#2355,.F.);
#2355 = EDGE_LOOP('',(#2356,#2364,#2365,#2373));
#2356 = ORIENTED_EDGE('',*,*,#2357,.F.);
#2357 = EDGE_CURVE('',#611,#2358,#2360,.T.);
#2358 = VERTEX_POINT('',#2359);
#2359 = CARTESIAN_POINT('',(75.,-1.6,5.));
#2360 = LINE('',#2361,#2362);
#2361 = CARTESIAN_POINT('',(75.,-4.6,5.));
#2362 = VECTOR('',#2363,1.);
#2363 = DIRECTION('',(-0.,1.,0.));
#2364 = ORIENTED_EDGE('',*,*,#610,.T.);
#2365 = ORIENTED_EDGE('',*,*,#2366,.T.);
#2366 = EDGE_CURVE('',#613,#2367,#2369,.T.);
#2367 = VERTEX_POINT('',#2368);
#2368 = CARTESIAN_POINT('',(77.5,-1.6,5.));
#2369 = LINE('',#2370,#2371);
#2370 = CARTESIAN_POINT('',(77.5,-4.6,5.));
#2371 = VECTOR('',#2372,1.);
#2372 = DIRECTION('',(-0.,1.,0.));
#2373 = ORIENTED_EDGE('',*,*,#2374,.F.);
#2374 = EDGE_CURVE('',#2358,#2367,#2375,.T.);
#2375 = LINE('',#2376,#2377);
#2376 = CARTESIAN_POINT('',(36.875,-1.6,5.));
#2377 = VECTOR('',#2378,1.);
#2378 = DIRECTION('',(1.,0.,-0.));
#2379 = PLANE('',#2380);
#2380 = AXIS2_PLACEMENT_3D('',#2381,#2382,#2383);
#2381 = CARTESIAN_POINT('',(75.,-4.6,5.));
#2382 = DIRECTION('',(0.,0.,1.));
#2383 = DIRECTION('',(1.,0.,-0.));
#2384 = ADVANCED_FACE('',(#2385),#2403,.F.);
#2385 = FACE_BOUND('',#2386,.F.);
#2386 = EDGE_LOOP('',(#2387,#2388,#2389,#2397));
#2387 = ORIENTED_EDGE('',*,*,#2366,.F.);
#2388 = ORIENTED_EDGE('',*,*,#636,.T.);
#2389 = ORIENTED_EDGE('',*,*,#2390,.T.);
#2390 = EDGE_CURVE('',#629,#2391,#2393,.T.);
#2391 = VERTEX_POINT('',#2392);
#2392 = CARTESIAN_POINT('',(77.5,-1.6,3.));
#2393 = LINE('',#2394,#2395);
#2394 = CARTESIAN_POINT('',(77.5,-4.6,3.));
#2395 = VECTOR('',#2396,1.);
#2396 = DIRECTION('',(-0.,1.,0.));
#2397 = ORIENTED_EDGE('',*,*,#2398,.F.);
#2398 = EDGE_CURVE('',#2367,#2391,#2399,.T.);
#2399 = LINE('',#2400,#2401);
#2400 = CARTESIAN_POINT('',(77.5,-1.6,2.5));
#2401 = VECTOR('',#2402,1.);
#2402 = DIRECTION('',(-0.,0.,-1.));
#2403 = PLANE('',#2404);
#2404 = AXIS2_PLACEMENT_3D('',#2405,#2406,#2407);
#2405 = CARTESIAN_POINT('',(77.5,-4.6,3.));
#2406 = DIRECTION('',(1.,0.,-0.));
#2407 = DIRECTION('',(0.,0.,1.));
#2408 = ADVANCED_FACE('',(#2409),#2427,.T.);
#2409 = FACE_BOUND('',#2410,.T.);
#2410 = EDGE_LOOP('',(#2411,#2419,#2420,#2421));
#2411 = ORIENTED_EDGE('',*,*,#2412,.F.);
#2412 = EDGE_CURVE('',#621,#2413,#2415,.T.);
#2413 = VERTEX_POINT('',#2414);
#2414 = CARTESIAN_POINT('',(75.,-1.6,3.));
#2415 = LINE('',#2416,#2417);
#2416 = CARTESIAN_POINT('',(75.,-4.6,3.));
#2417 = VECTOR('',#2418,1.);
#2418 = DIRECTION('',(-0.,1.,0.));
#2419 = ORIENTED_EDGE('',*,*,#628,.T.);
#2420 = ORIENTED_EDGE('',*,*,#2390,.T.);
#2421 = ORIENTED_EDGE('',*,*,#2422,.F.);
#2422 = EDGE_CURVE('',#2413,#2391,#2423,.T.);
#2423 = LINE('',#2424,#2425);
#2424 = CARTESIAN_POINT('',(36.875,-1.6,3.));
#2425 = VECTOR('',#2426,1.);
#2426 = DIRECTION('',(1.,0.,-0.));
#2427 = PLANE('',#2428);
#2428 = AXIS2_PLACEMENT_3D('',#2429,#2430,#2431);
#2429 = CARTESIAN_POINT('',(75.,-4.6,3.));
#2430 = DIRECTION('',(0.,0.,1.));
#2431 = DIRECTION('',(1.,0.,-0.));
#2432 = ADVANCED_FACE('',(#2433),#2444,.T.);
#2433 = FACE_BOUND('',#2434,.T.);
#2434 = EDGE_LOOP('',(#2435,#2436,#2437,#2438));
#2435 = ORIENTED_EDGE('',*,*,#2357,.F.);
#2436 = ORIENTED_EDGE('',*,*,#620,.T.);
#2437 = ORIENTED_EDGE('',*,*,#2412,.T.);
#2438 = ORIENTED_EDGE('',*,*,#2439,.F.);
#2439 = EDGE_CURVE('',#2358,#2413,#2440,.T.);
#2440 = LINE('',#2441,#2442);
#2441 = CARTESIAN_POINT('',(75.,-1.6,2.5));
#2442 = VECTOR('',#2443,1.);
#2443 = DIRECTION('',(-0.,0.,-1.));
#2444 = PLANE('',#2445);
#2445 = AXIS2_PLACEMENT_3D('',#2446,#2447,#2448);
#2446 = CARTESIAN_POINT('',(75.,-4.6,3.));
#2447 = DIRECTION('',(1.,0.,-0.));
#2448 = DIRECTION('',(0.,0.,1.));
#2449 = ADVANCED_FACE('',(#2450),#2475,.T.);
#2450 = FACE_BOUND('',#2451,.F.);
#2451 = EDGE_LOOP('',(#2452,#2460,#2461,#2469));
#2452 = ORIENTED_EDGE('',*,*,#2453,.F.);
#2453 = EDGE_CURVE('',#670,#2454,#2456,.T.);
#2454 = VERTEX_POINT('',#2455);
#2455 = CARTESIAN_POINT('',(-0.25,64.65,23.15));
#2456 = LINE('',#2457,#2458);
#2457 = CARTESIAN_POINT('',(-0.25,65.25,22.55));
#2458 = VECTOR('',#2459,1.);
#2459 = DIRECTION('',(-1.631467486451E-15,-0.707106781187,0.707106781187
    ));
#2460 = ORIENTED_EDGE('',*,*,#677,.T.);
#2461 = ORIENTED_EDGE('',*,*,#2462,.T.);
#2462 = EDGE_CURVE('',#678,#2463,#2465,.T.);
#2463 = VERTEX_POINT('',#2464);
#2464 = CARTESIAN_POINT('',(91.2,64.65,23.15));
#2465 = LINE('',#2466,#2467);
#2466 = CARTESIAN_POINT('',(91.2,64.95,22.85));
#2467 = VECTOR('',#2468,1.);
#2468 = DIRECTION('',(-0.,-0.707106781187,0.707106781187));
#2469 = ORIENTED_EDGE('',*,*,#2470,.F.);
#2470 = EDGE_CURVE('',#2454,#2463,#2471,.T.);
#2471 = LINE('',#2472,#2473);
#2472 = CARTESIAN_POINT('',(-0.25,64.65,23.15));
#2473 = VECTOR('',#2474,1.);
#2474 = DIRECTION('',(1.,0.,-0.));
#2475 = PLANE('',#2476);
#2476 = AXIS2_PLACEMENT_3D('',#2477,#2478,#2479);
#2477 = CARTESIAN_POINT('',(-0.25,64.95,22.85));
#2478 = DIRECTION('',(-6.963829119075E-18,0.707106781187,0.707106781187)
  );
#2479 = DIRECTION('',(-1.,-4.924170793122E-18,-4.924170793122E-18));
#2480 = ADVANCED_FACE('',(#2481),#2500,.T.);
#2481 = FACE_BOUND('',#2482,.F.);
#2482 = EDGE_LOOP('',(#2483,#2491,#2492,#2493));
#2483 = ORIENTED_EDGE('',*,*,#2484,.F.);
#2484 = EDGE_CURVE('',#1470,#2485,#2487,.T.);
#2485 = VERTEX_POINT('',#2486);
#2486 = CARTESIAN_POINT('',(-3.25,62.25,22.55));
#2487 = LINE('',#2488,#2489);
#2488 = CARTESIAN_POINT('',(-3.25,62.25,0.));
#2489 = VECTOR('',#2490,1.);
#2490 = DIRECTION('',(0.,0.,1.));
#2491 = ORIENTED_EDGE('',*,*,#1469,.F.);
#2492 = ORIENTED_EDGE('',*,*,#669,.T.);
#2493 = ORIENTED_EDGE('',*,*,#2494,.F.);
#2494 = EDGE_CURVE('',#2485,#670,#2495,.T.);
#2495 = CIRCLE('',#2496,3.);
#2496 = AXIS2_PLACEMENT_3D('',#2497,#2498,#2499);
#2497 = CARTESIAN_POINT('',(-0.25,62.25,22.55));
#2498 = DIRECTION('',(-0.,0.,-1.));
#2499 = DIRECTION('',(-1.,2.368475785867E-15,0.));
#2500 = CYLINDRICAL_SURFACE('',#2501,3.);
#2501 = AXIS2_PLACEMENT_3D('',#2502,#2503,#2504);
#2502 = CARTESIAN_POINT('',(-0.25,62.25,0.));
#2503 = DIRECTION('',(0.,0.,1.));
#2504 = DIRECTION('',(-1.,-0.,0.));
#2505 = ADVANCED_FACE('',(#2506),#2531,.F.);
#2506 = FACE_BOUND('',#2507,.F.);
#2507 = EDGE_LOOP('',(#2508,#2516,#2524,#2530));
#2508 = ORIENTED_EDGE('',*,*,#2509,.F.);
#2509 = EDGE_CURVE('',#2510,#694,#2512,.T.);
#2510 = VERTEX_POINT('',#2511);
#2511 = CARTESIAN_POINT('',(12.,63.25,5.));
#2512 = LINE('',#2513,#2514);
#2513 = CARTESIAN_POINT('',(12.,62.75,5.));
#2514 = VECTOR('',#2515,1.);
#2515 = DIRECTION('',(-0.,1.,0.));
#2516 = ORIENTED_EDGE('',*,*,#2517,.T.);
#2517 = EDGE_CURVE('',#2510,#2518,#2520,.T.);
#2518 = VERTEX_POINT('',#2519);
#2519 = CARTESIAN_POINT('',(14.5,63.25,5.));
#2520 = LINE('',#2521,#2522);
#2521 = CARTESIAN_POINT('',(5.375,63.25,5.));
#2522 = VECTOR('',#2523,1.);
#2523 = DIRECTION('',(1.,0.,-0.));
#2524 = ORIENTED_EDGE('',*,*,#2525,.T.);
#2525 = EDGE_CURVE('',#2518,#696,#2526,.T.);
#2526 = LINE('',#2527,#2528);
#2527 = CARTESIAN_POINT('',(14.5,62.75,5.));
#2528 = VECTOR('',#2529,1.);
#2529 = DIRECTION('',(-0.,1.,0.));
#2530 = ORIENTED_EDGE('',*,*,#693,.F.);
#2531 = PLANE('',#2532);
#2532 = AXIS2_PLACEMENT_3D('',#2533,#2534,#2535);
#2533 = CARTESIAN_POINT('',(12.,62.75,5.));
#2534 = DIRECTION('',(0.,0.,1.));
#2535 = DIRECTION('',(1.,0.,-0.));
#2536 = ADVANCED_FACE('',(#2537),#2555,.T.);
#2537 = FACE_BOUND('',#2538,.T.);
#2538 = EDGE_LOOP('',(#2539,#2540,#2548,#2554));
#2539 = ORIENTED_EDGE('',*,*,#2509,.F.);
#2540 = ORIENTED_EDGE('',*,*,#2541,.T.);
#2541 = EDGE_CURVE('',#2510,#2542,#2544,.T.);
#2542 = VERTEX_POINT('',#2543);
#2543 = CARTESIAN_POINT('',(12.,63.25,3.));
#2544 = LINE('',#2545,#2546);
#2545 = CARTESIAN_POINT('',(12.,63.25,2.5));
#2546 = VECTOR('',#2547,1.);
#2547 = DIRECTION('',(-0.,0.,-1.));
#2548 = ORIENTED_EDGE('',*,*,#2549,.T.);
#2549 = EDGE_CURVE('',#2542,#704,#2550,.T.);
#2550 = LINE('',#2551,#2552);
#2551 = CARTESIAN_POINT('',(12.,62.75,3.));
#2552 = VECTOR('',#2553,1.);
#2553 = DIRECTION('',(-0.,1.,0.));
#2554 = ORIENTED_EDGE('',*,*,#703,.F.);
#2555 = PLANE('',#2556);
#2556 = AXIS2_PLACEMENT_3D('',#2557,#2558,#2559);
#2557 = CARTESIAN_POINT('',(12.,62.75,3.));
#2558 = DIRECTION('',(1.,0.,-0.));
#2559 = DIRECTION('',(0.,0.,1.));
#2560 = ADVANCED_FACE('',(#2561),#2579,.F.);
#2561 = FACE_BOUND('',#2562,.F.);
#2562 = EDGE_LOOP('',(#2563,#2564,#2572,#2578));
#2563 = ORIENTED_EDGE('',*,*,#2525,.F.);
#2564 = ORIENTED_EDGE('',*,*,#2565,.T.);
#2565 = EDGE_CURVE('',#2518,#2566,#2568,.T.);
#2566 = VERTEX_POINT('',#2567);
#2567 = CARTESIAN_POINT('',(14.5,63.25,3.));
#2568 = LINE('',#2569,#2570);
#2569 = CARTESIAN_POINT('',(14.5,63.25,2.5));
#2570 = VECTOR('',#2571,1.);
#2571 = DIRECTION('',(-0.,0.,-1.));
#2572 = ORIENTED_EDGE('',*,*,#2573,.T.);
#2573 = EDGE_CURVE('',#2566,#712,#2574,.T.);
#2574 = LINE('',#2575,#2576);
#2575 = CARTESIAN_POINT('',(14.5,62.75,3.));
#2576 = VECTOR('',#2577,1.);
#2577 = DIRECTION('',(-0.,1.,0.));
#2578 = ORIENTED_EDGE('',*,*,#719,.F.);
#2579 = PLANE('',#2580);
#2580 = AXIS2_PLACEMENT_3D('',#2581,#2582,#2583);
#2581 = CARTESIAN_POINT('',(14.5,62.75,3.));
#2582 = DIRECTION('',(1.,0.,-0.));
#2583 = DIRECTION('',(0.,0.,1.));
#2584 = ADVANCED_FACE('',(#2585),#2596,.T.);
#2585 = FACE_BOUND('',#2586,.T.);
#2586 = EDGE_LOOP('',(#2587,#2588,#2594,#2595));
#2587 = ORIENTED_EDGE('',*,*,#2549,.F.);
#2588 = ORIENTED_EDGE('',*,*,#2589,.T.);
#2589 = EDGE_CURVE('',#2542,#2566,#2590,.T.);
#2590 = LINE('',#2591,#2592);
#2591 = CARTESIAN_POINT('',(5.375,63.25,3.));
#2592 = VECTOR('',#2593,1.);
#2593 = DIRECTION('',(1.,0.,-0.));
#2594 = ORIENTED_EDGE('',*,*,#2573,.T.);
#2595 = ORIENTED_EDGE('',*,*,#711,.F.);
#2596 = PLANE('',#2597);
#2597 = AXIS2_PLACEMENT_3D('',#2598,#2599,#2600);
#2598 = CARTESIAN_POINT('',(12.,62.75,3.));
#2599 = DIRECTION('',(0.,0.,1.));
#2600 = DIRECTION('',(1.,0.,-0.));
#2601 = ADVANCED_FACE('',(#2602),#2627,.F.);
#2602 = FACE_BOUND('',#2603,.F.);
#2603 = EDGE_LOOP('',(#2604,#2612,#2620,#2626));
#2604 = ORIENTED_EDGE('',*,*,#2605,.F.);
#2605 = EDGE_CURVE('',#2606,#728,#2608,.T.);
#2606 = VERTEX_POINT('',#2607);
#2607 = CARTESIAN_POINT('',(19.,63.25,5.));
#2608 = LINE('',#2609,#2610);
#2609 = CARTESIAN_POINT('',(19.,62.75,5.));
#2610 = VECTOR('',#2611,1.);
#2611 = DIRECTION('',(-0.,1.,0.));
#2612 = ORIENTED_EDGE('',*,*,#2613,.T.);
#2613 = EDGE_CURVE('',#2606,#2614,#2616,.T.);
#2614 = VERTEX_POINT('',#2615);
#2615 = CARTESIAN_POINT('',(21.5,63.25,5.));
#2616 = LINE('',#2617,#2618);
#2617 = CARTESIAN_POINT('',(8.875,63.25,5.));
#2618 = VECTOR('',#2619,1.);
#2619 = DIRECTION('',(1.,0.,-0.));
#2620 = ORIENTED_EDGE('',*,*,#2621,.T.);
#2621 = EDGE_CURVE('',#2614,#730,#2622,.T.);
#2622 = LINE('',#2623,#2624);
#2623 = CARTESIAN_POINT('',(21.5,62.75,5.));
#2624 = VECTOR('',#2625,1.);
#2625 = DIRECTION('',(-0.,1.,0.));
#2626 = ORIENTED_EDGE('',*,*,#727,.F.);
#2627 = PLANE('',#2628);
#2628 = AXIS2_PLACEMENT_3D('',#2629,#2630,#2631);
#2629 = CARTESIAN_POINT('',(19.,62.75,5.));
#2630 = DIRECTION('',(0.,0.,1.));
#2631 = DIRECTION('',(1.,0.,-0.));
#2632 = ADVANCED_FACE('',(#2633),#2651,.T.);
#2633 = FACE_BOUND('',#2634,.T.);
#2634 = EDGE_LOOP('',(#2635,#2636,#2644,#2650));
#2635 = ORIENTED_EDGE('',*,*,#2605,.F.);
#2636 = ORIENTED_EDGE('',*,*,#2637,.T.);
#2637 = EDGE_CURVE('',#2606,#2638,#2640,.T.);
#2638 = VERTEX_POINT('',#2639);
#2639 = CARTESIAN_POINT('',(19.,63.25,3.));
#2640 = LINE('',#2641,#2642);
#2641 = CARTESIAN_POINT('',(19.,63.25,2.5));
#2642 = VECTOR('',#2643,1.);
#2643 = DIRECTION('',(-0.,0.,-1.));
#2644 = ORIENTED_EDGE('',*,*,#2645,.T.);
#2645 = EDGE_CURVE('',#2638,#738,#2646,.T.);
#2646 = LINE('',#2647,#2648);
#2647 = CARTESIAN_POINT('',(19.,62.75,3.));
#2648 = VECTOR('',#2649,1.);
#2649 = DIRECTION('',(-0.,1.,0.));
#2650 = ORIENTED_EDGE('',*,*,#737,.F.);
#2651 = PLANE('',#2652);
#2652 = AXIS2_PLACEMENT_3D('',#2653,#2654,#2655);
#2653 = CARTESIAN_POINT('',(19.,62.75,3.));
#2654 = DIRECTION('',(1.,0.,-0.));
#2655 = DIRECTION('',(0.,0.,1.));
#2656 = ADVANCED_FACE('',(#2657),#2675,.F.);
#2657 = FACE_BOUND('',#2658,.F.);
#2658 = EDGE_LOOP('',(#2659,#2660,#2668,#2674));
#2659 = ORIENTED_EDGE('',*,*,#2621,.F.);
#2660 = ORIENTED_EDGE('',*,*,#2661,.T.);
#2661 = EDGE_CURVE('',#2614,#2662,#2664,.T.);
#2662 = VERTEX_POINT('',#2663);
#2663 = CARTESIAN_POINT('',(21.5,63.25,3.));
#2664 = LINE('',#2665,#2666);
#2665 = CARTESIAN_POINT('',(21.5,63.25,2.5));
#2666 = VECTOR('',#2667,1.);
#2667 = DIRECTION('',(-0.,0.,-1.));
#2668 = ORIENTED_EDGE('',*,*,#2669,.T.);
#2669 = EDGE_CURVE('',#2662,#746,#2670,.T.);
#2670 = LINE('',#2671,#2672);
#2671 = CARTESIAN_POINT('',(21.5,62.75,3.));
#2672 = VECTOR('',#2673,1.);
#2673 = DIRECTION('',(-0.,1.,0.));
#2674 = ORIENTED_EDGE('',*,*,#753,.F.);
#2675 = PLANE('',#2676);
#2676 = AXIS2_PLACEMENT_3D('',#2677,#2678,#2679);
#2677 = CARTESIAN_POINT('',(21.5,62.75,3.));
#2678 = DIRECTION('',(1.,0.,-0.));
#2679 = DIRECTION('',(0.,0.,1.));
#2680 = ADVANCED_FACE('',(#2681),#2692,.T.);
#2681 = FACE_BOUND('',#2682,.T.);
#2682 = EDGE_LOOP('',(#2683,#2684,#2690,#2691));
#2683 = ORIENTED_EDGE('',*,*,#2645,.F.);
#2684 = ORIENTED_EDGE('',*,*,#2685,.T.);
#2685 = EDGE_CURVE('',#2638,#2662,#2686,.T.);
#2686 = LINE('',#2687,#2688);
#2687 = CARTESIAN_POINT('',(8.875,63.25,3.));
#2688 = VECTOR('',#2689,1.);
#2689 = DIRECTION('',(1.,0.,-0.));
#2690 = ORIENTED_EDGE('',*,*,#2669,.T.);
#2691 = ORIENTED_EDGE('',*,*,#745,.F.);
#2692 = PLANE('',#2693);
#2693 = AXIS2_PLACEMENT_3D('',#2694,#2695,#2696);
#2694 = CARTESIAN_POINT('',(19.,62.75,3.));
#2695 = DIRECTION('',(0.,0.,1.));
#2696 = DIRECTION('',(1.,0.,-0.));
#2697 = ADVANCED_FACE('',(#2698),#2723,.F.);
#2698 = FACE_BOUND('',#2699,.F.);
#2699 = EDGE_LOOP('',(#2700,#2708,#2716,#2722));
#2700 = ORIENTED_EDGE('',*,*,#2701,.F.);
#2701 = EDGE_CURVE('',#2702,#762,#2704,.T.);
#2702 = VERTEX_POINT('',#2703);
#2703 = CARTESIAN_POINT('',(26.,63.25,5.));
#2704 = LINE('',#2705,#2706);
#2705 = CARTESIAN_POINT('',(26.,62.75,5.));
#2706 = VECTOR('',#2707,1.);
#2707 = DIRECTION('',(-0.,1.,0.));
#2708 = ORIENTED_EDGE('',*,*,#2709,.T.);
#2709 = EDGE_CURVE('',#2702,#2710,#2712,.T.);
#2710 = VERTEX_POINT('',#2711);
#2711 = CARTESIAN_POINT('',(28.5,63.25,5.));
#2712 = LINE('',#2713,#2714);
#2713 = CARTESIAN_POINT('',(12.375,63.25,5.));
#2714 = VECTOR('',#2715,1.);
#2715 = DIRECTION('',(1.,0.,-0.));
#2716 = ORIENTED_EDGE('',*,*,#2717,.T.);
#2717 = EDGE_CURVE('',#2710,#764,#2718,.T.);
#2718 = LINE('',#2719,#2720);
#2719 = CARTESIAN_POINT('',(28.5,62.75,5.));
#2720 = VECTOR('',#2721,1.);
#2721 = DIRECTION('',(-0.,1.,0.));
#2722 = ORIENTED_EDGE('',*,*,#761,.F.);
#2723 = PLANE('',#2724);
#2724 = AXIS2_PLACEMENT_3D('',#2725,#2726,#2727);
#2725 = CARTESIAN_POINT('',(26.,62.75,5.));
#2726 = DIRECTION('',(0.,0.,1.));
#2727 = DIRECTION('',(1.,0.,-0.));
#2728 = ADVANCED_FACE('',(#2729),#2747,.T.);
#2729 = FACE_BOUND('',#2730,.T.);
#2730 = EDGE_LOOP('',(#2731,#2732,#2740,#2746));
#2731 = ORIENTED_EDGE('',*,*,#2701,.F.);
#2732 = ORIENTED_EDGE('',*,*,#2733,.T.);
#2733 = EDGE_CURVE('',#2702,#2734,#2736,.T.);
#2734 = VERTEX_POINT('',#2735);
#2735 = CARTESIAN_POINT('',(26.,63.25,3.));
#2736 = LINE('',#2737,#2738);
#2737 = CARTESIAN_POINT('',(26.,63.25,2.5));
#2738 = VECTOR('',#2739,1.);
#2739 = DIRECTION('',(-0.,0.,-1.));
#2740 = ORIENTED_EDGE('',*,*,#2741,.T.);
#2741 = EDGE_CURVE('',#2734,#772,#2742,.T.);
#2742 = LINE('',#2743,#2744);
#2743 = CARTESIAN_POINT('',(26.,62.75,3.));
#2744 = VECTOR('',#2745,1.);
#2745 = DIRECTION('',(-0.,1.,0.));
#2746 = ORIENTED_EDGE('',*,*,#771,.F.);
#2747 = PLANE('',#2748);
#2748 = AXIS2_PLACEMENT_3D('',#2749,#2750,#2751);
#2749 = CARTESIAN_POINT('',(26.,62.75,3.));
#2750 = DIRECTION('',(1.,0.,-0.));
#2751 = DIRECTION('',(0.,0.,1.));
#2752 = ADVANCED_FACE('',(#2753),#2771,.F.);
#2753 = FACE_BOUND('',#2754,.F.);
#2754 = EDGE_LOOP('',(#2755,#2756,#2764,#2770));
#2755 = ORIENTED_EDGE('',*,*,#2717,.F.);
#2756 = ORIENTED_EDGE('',*,*,#2757,.T.);
#2757 = EDGE_CURVE('',#2710,#2758,#2760,.T.);
#2758 = VERTEX_POINT('',#2759);
#2759 = CARTESIAN_POINT('',(28.5,63.25,3.));
#2760 = LINE('',#2761,#2762);
#2761 = CARTESIAN_POINT('',(28.5,63.25,2.5));
#2762 = VECTOR('',#2763,1.);
#2763 = DIRECTION('',(-0.,0.,-1.));
#2764 = ORIENTED_EDGE('',*,*,#2765,.T.);
#2765 = EDGE_CURVE('',#2758,#780,#2766,.T.);
#2766 = LINE('',#2767,#2768);
#2767 = CARTESIAN_POINT('',(28.5,62.75,3.));
#2768 = VECTOR('',#2769,1.);
#2769 = DIRECTION('',(-0.,1.,0.));
#2770 = ORIENTED_EDGE('',*,*,#787,.F.);
#2771 = PLANE('',#2772);
#2772 = AXIS2_PLACEMENT_3D('',#2773,#2774,#2775);
#2773 = CARTESIAN_POINT('',(28.5,62.75,3.));
#2774 = DIRECTION('',(1.,0.,-0.));
#2775 = DIRECTION('',(0.,0.,1.));
#2776 = ADVANCED_FACE('',(#2777),#2788,.T.);
#2777 = FACE_BOUND('',#2778,.T.);
#2778 = EDGE_LOOP('',(#2779,#2780,#2786,#2787));
#2779 = ORIENTED_EDGE('',*,*,#2741,.F.);
#2780 = ORIENTED_EDGE('',*,*,#2781,.T.);
#2781 = EDGE_CURVE('',#2734,#2758,#2782,.T.);
#2782 = LINE('',#2783,#2784);
#2783 = CARTESIAN_POINT('',(12.375,63.25,3.));
#2784 = VECTOR('',#2785,1.);
#2785 = DIRECTION('',(1.,0.,-0.));
#2786 = ORIENTED_EDGE('',*,*,#2765,.T.);
#2787 = ORIENTED_EDGE('',*,*,#779,.F.);
#2788 = PLANE('',#2789);
#2789 = AXIS2_PLACEMENT_3D('',#2790,#2791,#2792);
#2790 = CARTESIAN_POINT('',(26.,62.75,3.));
#2791 = DIRECTION('',(0.,0.,1.));
#2792 = DIRECTION('',(1.,0.,-0.));
#2793 = ADVANCED_FACE('',(#2794),#2819,.F.);
#2794 = FACE_BOUND('',#2795,.F.);
#2795 = EDGE_LOOP('',(#2796,#2804,#2812,#2818));
#2796 = ORIENTED_EDGE('',*,*,#2797,.F.);
#2797 = EDGE_CURVE('',#2798,#796,#2800,.T.);
#2798 = VERTEX_POINT('',#2799);
#2799 = CARTESIAN_POINT('',(33.,63.25,5.));
#2800 = LINE('',#2801,#2802);
#2801 = CARTESIAN_POINT('',(33.,62.75,5.));
#2802 = VECTOR('',#2803,1.);
#2803 = DIRECTION('',(-0.,1.,0.));
#2804 = ORIENTED_EDGE('',*,*,#2805,.T.);
#2805 = EDGE_CURVE('',#2798,#2806,#2808,.T.);
#2806 = VERTEX_POINT('',#2807);
#2807 = CARTESIAN_POINT('',(35.5,63.25,5.));
#2808 = LINE('',#2809,#2810);
#2809 = CARTESIAN_POINT('',(15.875,63.25,5.));
#2810 = VECTOR('',#2811,1.);
#2811 = DIRECTION('',(1.,0.,-0.));
#2812 = ORIENTED_EDGE('',*,*,#2813,.T.);
#2813 = EDGE_CURVE('',#2806,#798,#2814,.T.);
#2814 = LINE('',#2815,#2816);
#2815 = CARTESIAN_POINT('',(35.5,62.75,5.));
#2816 = VECTOR('',#2817,1.);
#2817 = DIRECTION('',(-0.,1.,0.));
#2818 = ORIENTED_EDGE('',*,*,#795,.F.);
#2819 = PLANE('',#2820);
#2820 = AXIS2_PLACEMENT_3D('',#2821,#2822,#2823);
#2821 = CARTESIAN_POINT('',(33.,62.75,5.));
#2822 = DIRECTION('',(0.,0.,1.));
#2823 = DIRECTION('',(1.,0.,-0.));
#2824 = ADVANCED_FACE('',(#2825),#2843,.T.);
#2825 = FACE_BOUND('',#2826,.T.);
#2826 = EDGE_LOOP('',(#2827,#2828,#2836,#2842));
#2827 = ORIENTED_EDGE('',*,*,#2797,.F.);
#2828 = ORIENTED_EDGE('',*,*,#2829,.T.);
#2829 = EDGE_CURVE('',#2798,#2830,#2832,.T.);
#2830 = VERTEX_POINT('',#2831);
#2831 = CARTESIAN_POINT('',(33.,63.25,3.));
#2832 = LINE('',#2833,#2834);
#2833 = CARTESIAN_POINT('',(33.,63.25,2.5));
#2834 = VECTOR('',#2835,1.);
#2835 = DIRECTION('',(-0.,0.,-1.));
#2836 = ORIENTED_EDGE('',*,*,#2837,.T.);
#2837 = EDGE_CURVE('',#2830,#806,#2838,.T.);
#2838 = LINE('',#2839,#2840);
#2839 = CARTESIAN_POINT('',(33.,62.75,3.));
#2840 = VECTOR('',#2841,1.);
#2841 = DIRECTION('',(-0.,1.,0.));
#2842 = ORIENTED_EDGE('',*,*,#805,.F.);
#2843 = PLANE('',#2844);
#2844 = AXIS2_PLACEMENT_3D('',#2845,#2846,#2847);
#2845 = CARTESIAN_POINT('',(33.,62.75,3.));
#2846 = DIRECTION('',(1.,0.,-0.));
#2847 = DIRECTION('',(0.,0.,1.));
#2848 = ADVANCED_FACE('',(#2849),#2867,.F.);
#2849 = FACE_BOUND('',#2850,.F.);
#2850 = EDGE_LOOP('',(#2851,#2852,#2860,#2866));
#2851 = ORIENTED_EDGE('',*,*,#2813,.F.);
#2852 = ORIENTED_EDGE('',*,*,#2853,.T.);
#2853 = EDGE_CURVE('',#2806,#2854,#2856,.T.);
#2854 = VERTEX_POINT('',#2855);
#2855 = CARTESIAN_POINT('',(35.5,63.25,3.));
#2856 = LINE('',#2857,#2858);
#2857 = CARTESIAN_POINT('',(35.5,63.25,2.5));
#2858 = VECTOR('',#2859,1.);
#2859 = DIRECTION('',(-0.,0.,-1.));
#2860 = ORIENTED_EDGE('',*,*,#2861,.T.);
#2861 = EDGE_CURVE('',#2854,#814,#2862,.T.);
#2862 = LINE('',#2863,#2864);
#2863 = CARTESIAN_POINT('',(35.5,62.75,3.));
#2864 = VECTOR('',#2865,1.);
#2865 = DIRECTION('',(-0.,1.,0.));
#2866 = ORIENTED_EDGE('',*,*,#821,.F.);
#2867 = PLANE('',#2868);
#2868 = AXIS2_PLACEMENT_3D('',#2869,#2870,#2871);
#2869 = CARTESIAN_POINT('',(35.5,62.75,3.));
#2870 = DIRECTION('',(1.,0.,-0.));
#2871 = DIRECTION('',(0.,0.,1.));
#2872 = ADVANCED_FACE('',(#2873),#2884,.T.);
#2873 = FACE_BOUND('',#2874,.T.);
#2874 = EDGE_LOOP('',(#2875,#2876,#2882,#2883));
#2875 = ORIENTED_EDGE('',*,*,#2837,.F.);
#2876 = ORIENTED_EDGE('',*,*,#2877,.T.);
#2877 = EDGE_CURVE('',#2830,#2854,#2878,.T.);
#2878 = LINE('',#2879,#2880);
#2879 = CARTESIAN_POINT('',(15.875,63.25,3.));
#2880 = VECTOR('',#2881,1.);
#2881 = DIRECTION('',(1.,0.,-0.));
#2882 = ORIENTED_EDGE('',*,*,#2861,.T.);
#2883 = ORIENTED_EDGE('',*,*,#813,.F.);
#2884 = PLANE('',#2885);
#2885 = AXIS2_PLACEMENT_3D('',#2886,#2887,#2888);
#2886 = CARTESIAN_POINT('',(33.,62.75,3.));
#2887 = DIRECTION('',(0.,0.,1.));
#2888 = DIRECTION('',(1.,0.,-0.));
#2889 = ADVANCED_FACE('',(#2890),#2915,.F.);
#2890 = FACE_BOUND('',#2891,.F.);
#2891 = EDGE_LOOP('',(#2892,#2900,#2908,#2914));
#2892 = ORIENTED_EDGE('',*,*,#2893,.F.);
#2893 = EDGE_CURVE('',#2894,#830,#2896,.T.);
#2894 = VERTEX_POINT('',#2895);
#2895 = CARTESIAN_POINT('',(40.,63.25,5.));
#2896 = LINE('',#2897,#2898);
#2897 = CARTESIAN_POINT('',(40.,62.75,5.));
#2898 = VECTOR('',#2899,1.);
#2899 = DIRECTION('',(-0.,1.,0.));
#2900 = ORIENTED_EDGE('',*,*,#2901,.T.);
#2901 = EDGE_CURVE('',#2894,#2902,#2904,.T.);
#2902 = VERTEX_POINT('',#2903);
#2903 = CARTESIAN_POINT('',(42.5,63.25,5.));
#2904 = LINE('',#2905,#2906);
#2905 = CARTESIAN_POINT('',(19.375,63.25,5.));
#2906 = VECTOR('',#2907,1.);
#2907 = DIRECTION('',(1.,0.,-0.));
#2908 = ORIENTED_EDGE('',*,*,#2909,.T.);
#2909 = EDGE_CURVE('',#2902,#832,#2910,.T.);
#2910 = LINE('',#2911,#2912);
#2911 = CARTESIAN_POINT('',(42.5,62.75,5.));
#2912 = VECTOR('',#2913,1.);
#2913 = DIRECTION('',(-0.,1.,0.));
#2914 = ORIENTED_EDGE('',*,*,#829,.F.);
#2915 = PLANE('',#2916);
#2916 = AXIS2_PLACEMENT_3D('',#2917,#2918,#2919);
#2917 = CARTESIAN_POINT('',(40.,62.75,5.));
#2918 = DIRECTION('',(0.,0.,1.));
#2919 = DIRECTION('',(1.,0.,-0.));
#2920 = ADVANCED_FACE('',(#2921),#2939,.T.);
#2921 = FACE_BOUND('',#2922,.T.);
#2922 = EDGE_LOOP('',(#2923,#2924,#2932,#2938));
#2923 = ORIENTED_EDGE('',*,*,#2893,.F.);
#2924 = ORIENTED_EDGE('',*,*,#2925,.T.);
#2925 = EDGE_CURVE('',#2894,#2926,#2928,.T.);
#2926 = VERTEX_POINT('',#2927);
#2927 = CARTESIAN_POINT('',(40.,63.25,3.));
#2928 = LINE('',#2929,#2930);
#2929 = CARTESIAN_POINT('',(40.,63.25,2.5));
#2930 = VECTOR('',#2931,1.);
#2931 = DIRECTION('',(-0.,0.,-1.));
#2932 = ORIENTED_EDGE('',*,*,#2933,.T.);
#2933 = EDGE_CURVE('',#2926,#840,#2934,.T.);
#2934 = LINE('',#2935,#2936);
#2935 = CARTESIAN_POINT('',(40.,62.75,3.));
#2936 = VECTOR('',#2937,1.);
#2937 = DIRECTION('',(-0.,1.,0.));
#2938 = ORIENTED_EDGE('',*,*,#839,.F.);
#2939 = PLANE('',#2940);
#2940 = AXIS2_PLACEMENT_3D('',#2941,#2942,#2943);
#2941 = CARTESIAN_POINT('',(40.,62.75,3.));
#2942 = DIRECTION('',(1.,0.,-0.));
#2943 = DIRECTION('',(0.,0.,1.));
#2944 = ADVANCED_FACE('',(#2945),#2963,.F.);
#2945 = FACE_BOUND('',#2946,.F.);
#2946 = EDGE_LOOP('',(#2947,#2948,#2956,#2962));
#2947 = ORIENTED_EDGE('',*,*,#2909,.F.);
#2948 = ORIENTED_EDGE('',*,*,#2949,.T.);
#2949 = EDGE_CURVE('',#2902,#2950,#2952,.T.);
#2950 = VERTEX_POINT('',#2951);
#2951 = CARTESIAN_POINT('',(42.5,63.25,3.));
#2952 = LINE('',#2953,#2954);
#2953 = CARTESIAN_POINT('',(42.5,63.25,2.5));
#2954 = VECTOR('',#2955,1.);
#2955 = DIRECTION('',(-0.,0.,-1.));
#2956 = ORIENTED_EDGE('',*,*,#2957,.T.);
#2957 = EDGE_CURVE('',#2950,#848,#2958,.T.);
#2958 = LINE('',#2959,#2960);
#2959 = CARTESIAN_POINT('',(42.5,62.75,3.));
#2960 = VECTOR('',#2961,1.);
#2961 = DIRECTION('',(-0.,1.,0.));
#2962 = ORIENTED_EDGE('',*,*,#855,.F.);
#2963 = PLANE('',#2964);
#2964 = AXIS2_PLACEMENT_3D('',#2965,#2966,#2967);
#2965 = CARTESIAN_POINT('',(42.5,62.75,3.));
#2966 = DIRECTION('',(1.,0.,-0.));
#2967 = DIRECTION('',(0.,0.,1.));
#2968 = ADVANCED_FACE('',(#2969),#2980,.T.);
#2969 = FACE_BOUND('',#2970,.T.);
#2970 = EDGE_LOOP('',(#2971,#2972,#2978,#2979));
#2971 = ORIENTED_EDGE('',*,*,#2933,.F.);
#2972 = ORIENTED_EDGE('',*,*,#2973,.T.);
#2973 = EDGE_CURVE('',#2926,#2950,#2974,.T.);
#2974 = LINE('',#2975,#2976);
#2975 = CARTESIAN_POINT('',(19.375,63.25,3.));
#2976 = VECTOR('',#2977,1.);
#2977 = DIRECTION('',(1.,0.,-0.));
#2978 = ORIENTED_EDGE('',*,*,#2957,.T.);
#2979 = ORIENTED_EDGE('',*,*,#847,.F.);
#2980 = PLANE('',#2981);
#2981 = AXIS2_PLACEMENT_3D('',#2982,#2983,#2984);
#2982 = CARTESIAN_POINT('',(40.,62.75,3.));
#2983 = DIRECTION('',(0.,0.,1.));
#2984 = DIRECTION('',(1.,0.,-0.));
#2985 = ADVANCED_FACE('',(#2986),#3011,.F.);
#2986 = FACE_BOUND('',#2987,.F.);
#2987 = EDGE_LOOP('',(#2988,#2996,#3004,#3010));
#2988 = ORIENTED_EDGE('',*,*,#2989,.F.);
#2989 = EDGE_CURVE('',#2990,#864,#2992,.T.);
#2990 = VERTEX_POINT('',#2991);
#2991 = CARTESIAN_POINT('',(47.,63.25,5.));
#2992 = LINE('',#2993,#2994);
#2993 = CARTESIAN_POINT('',(47.,62.75,5.));
#2994 = VECTOR('',#2995,1.);
#2995 = DIRECTION('',(-0.,1.,0.));
#2996 = ORIENTED_EDGE('',*,*,#2997,.T.);
#2997 = EDGE_CURVE('',#2990,#2998,#3000,.T.);
#2998 = VERTEX_POINT('',#2999);
#2999 = CARTESIAN_POINT('',(49.5,63.25,5.));
#3000 = LINE('',#3001,#3002);
#3001 = CARTESIAN_POINT('',(22.875,63.25,5.));
#3002 = VECTOR('',#3003,1.);
#3003 = DIRECTION('',(1.,0.,-0.));
#3004 = ORIENTED_EDGE('',*,*,#3005,.T.);
#3005 = EDGE_CURVE('',#2998,#866,#3006,.T.);
#3006 = LINE('',#3007,#3008);
#3007 = CARTESIAN_POINT('',(49.5,62.75,5.));
#3008 = VECTOR('',#3009,1.);
#3009 = DIRECTION('',(-0.,1.,0.));
#3010 = ORIENTED_EDGE('',*,*,#863,.F.);
#3011 = PLANE('',#3012);
#3012 = AXIS2_PLACEMENT_3D('',#3013,#3014,#3015);
#3013 = CARTESIAN_POINT('',(47.,62.75,5.));
#3014 = DIRECTION('',(0.,0.,1.));
#3015 = DIRECTION('',(1.,0.,-0.));
#3016 = ADVANCED_FACE('',(#3017),#3035,.T.);
#3017 = FACE_BOUND('',#3018,.T.);
#3018 = EDGE_LOOP('',(#3019,#3020,#3028,#3034));
#3019 = ORIENTED_EDGE('',*,*,#2989,.F.);
#3020 = ORIENTED_EDGE('',*,*,#3021,.T.);
#3021 = EDGE_CURVE('',#2990,#3022,#3024,.T.);
#3022 = VERTEX_POINT('',#3023);
#3023 = CARTESIAN_POINT('',(47.,63.25,3.));
#3024 = LINE('',#3025,#3026);
#3025 = CARTESIAN_POINT('',(47.,63.25,2.5));
#3026 = VECTOR('',#3027,1.);
#3027 = DIRECTION('',(-0.,0.,-1.));
#3028 = ORIENTED_EDGE('',*,*,#3029,.T.);
#3029 = EDGE_CURVE('',#3022,#874,#3030,.T.);
#3030 = LINE('',#3031,#3032);
#3031 = CARTESIAN_POINT('',(47.,62.75,3.));
#3032 = VECTOR('',#3033,1.);
#3033 = DIRECTION('',(-0.,1.,0.));
#3034 = ORIENTED_EDGE('',*,*,#873,.F.);
#3035 = PLANE('',#3036);
#3036 = AXIS2_PLACEMENT_3D('',#3037,#3038,#3039);
#3037 = CARTESIAN_POINT('',(47.,62.75,3.));
#3038 = DIRECTION('',(1.,0.,-0.));
#3039 = DIRECTION('',(0.,0.,1.));
#3040 = ADVANCED_FACE('',(#3041),#3059,.F.);
#3041 = FACE_BOUND('',#3042,.F.);
#3042 = EDGE_LOOP('',(#3043,#3044,#3052,#3058));
#3043 = ORIENTED_EDGE('',*,*,#3005,.F.);
#3044 = ORIENTED_EDGE('',*,*,#3045,.T.);
#3045 = EDGE_CURVE('',#2998,#3046,#3048,.T.);
#3046 = VERTEX_POINT('',#3047);
#3047 = CARTESIAN_POINT('',(49.5,63.25,3.));
#3048 = LINE('',#3049,#3050);
#3049 = CARTESIAN_POINT('',(49.5,63.25,2.5));
#3050 = VECTOR('',#3051,1.);
#3051 = DIRECTION('',(-0.,0.,-1.));
#3052 = ORIENTED_EDGE('',*,*,#3053,.T.);
#3053 = EDGE_CURVE('',#3046,#882,#3054,.T.);
#3054 = LINE('',#3055,#3056);
#3055 = CARTESIAN_POINT('',(49.5,62.75,3.));
#3056 = VECTOR('',#3057,1.);
#3057 = DIRECTION('',(-0.,1.,0.));
#3058 = ORIENTED_EDGE('',*,*,#889,.F.);
#3059 = PLANE('',#3060);
#3060 = AXIS2_PLACEMENT_3D('',#3061,#3062,#3063);
#3061 = CARTESIAN_POINT('',(49.5,62.75,3.));
#3062 = DIRECTION('',(1.,0.,-0.));
#3063 = DIRECTION('',(0.,0.,1.));
#3064 = ADVANCED_FACE('',(#3065),#3076,.T.);
#3065 = FACE_BOUND('',#3066,.T.);
#3066 = EDGE_LOOP('',(#3067,#3068,#3074,#3075));
#3067 = ORIENTED_EDGE('',*,*,#3029,.F.);
#3068 = ORIENTED_EDGE('',*,*,#3069,.T.);
#3069 = EDGE_CURVE('',#3022,#3046,#3070,.T.);
#3070 = LINE('',#3071,#3072);
#3071 = CARTESIAN_POINT('',(22.875,63.25,3.));
#3072 = VECTOR('',#3073,1.);
#3073 = DIRECTION('',(1.,0.,-0.));
#3074 = ORIENTED_EDGE('',*,*,#3053,.T.);
#3075 = ORIENTED_EDGE('',*,*,#881,.F.);
#3076 = PLANE('',#3077);
#3077 = AXIS2_PLACEMENT_3D('',#3078,#3079,#3080);
#3078 = CARTESIAN_POINT('',(47.,62.75,3.));
#3079 = DIRECTION('',(0.,0.,1.));
#3080 = DIRECTION('',(1.,0.,-0.));
#3081 = ADVANCED_FACE('',(#3082),#3107,.F.);
#3082 = FACE_BOUND('',#3083,.F.);
#3083 = EDGE_LOOP('',(#3084,#3092,#3100,#3106));
#3084 = ORIENTED_EDGE('',*,*,#3085,.F.);
#3085 = EDGE_CURVE('',#3086,#898,#3088,.T.);
#3086 = VERTEX_POINT('',#3087);
#3087 = CARTESIAN_POINT('',(54.,63.25,5.));
#3088 = LINE('',#3089,#3090);
#3089 = CARTESIAN_POINT('',(54.,62.75,5.));
#3090 = VECTOR('',#3091,1.);
#3091 = DIRECTION('',(-0.,1.,0.));
#3092 = ORIENTED_EDGE('',*,*,#3093,.T.);
#3093 = EDGE_CURVE('',#3086,#3094,#3096,.T.);
#3094 = VERTEX_POINT('',#3095);
#3095 = CARTESIAN_POINT('',(56.5,63.25,5.));
#3096 = LINE('',#3097,#3098);
#3097 = CARTESIAN_POINT('',(26.375,63.25,5.));
#3098 = VECTOR('',#3099,1.);
#3099 = DIRECTION('',(1.,0.,-0.));
#3100 = ORIENTED_EDGE('',*,*,#3101,.T.);
#3101 = EDGE_CURVE('',#3094,#900,#3102,.T.);
#3102 = LINE('',#3103,#3104);
#3103 = CARTESIAN_POINT('',(56.5,62.75,5.));
#3104 = VECTOR('',#3105,1.);
#3105 = DIRECTION('',(-0.,1.,0.));
#3106 = ORIENTED_EDGE('',*,*,#897,.F.);
#3107 = PLANE('',#3108);
#3108 = AXIS2_PLACEMENT_3D('',#3109,#3110,#3111);
#3109 = CARTESIAN_POINT('',(54.,62.75,5.));
#3110 = DIRECTION('',(0.,0.,1.));
#3111 = DIRECTION('',(1.,0.,-0.));
#3112 = ADVANCED_FACE('',(#3113),#3131,.T.);
#3113 = FACE_BOUND('',#3114,.T.);
#3114 = EDGE_LOOP('',(#3115,#3116,#3124,#3130));
#3115 = ORIENTED_EDGE('',*,*,#3085,.F.);
#3116 = ORIENTED_EDGE('',*,*,#3117,.T.);
#3117 = EDGE_CURVE('',#3086,#3118,#3120,.T.);
#3118 = VERTEX_POINT('',#3119);
#3119 = CARTESIAN_POINT('',(54.,63.25,3.));
#3120 = LINE('',#3121,#3122);
#3121 = CARTESIAN_POINT('',(54.,63.25,2.5));
#3122 = VECTOR('',#3123,1.);
#3123 = DIRECTION('',(-0.,0.,-1.));
#3124 = ORIENTED_EDGE('',*,*,#3125,.T.);
#3125 = EDGE_CURVE('',#3118,#908,#3126,.T.);
#3126 = LINE('',#3127,#3128);
#3127 = CARTESIAN_POINT('',(54.,62.75,3.));
#3128 = VECTOR('',#3129,1.);
#3129 = DIRECTION('',(-0.,1.,0.));
#3130 = ORIENTED_EDGE('',*,*,#907,.F.);
#3131 = PLANE('',#3132);
#3132 = AXIS2_PLACEMENT_3D('',#3133,#3134,#3135);
#3133 = CARTESIAN_POINT('',(54.,62.75,3.));
#3134 = DIRECTION('',(1.,0.,-0.));
#3135 = DIRECTION('',(0.,0.,1.));
#3136 = ADVANCED_FACE('',(#3137),#3155,.F.);
#3137 = FACE_BOUND('',#3138,.F.);
#3138 = EDGE_LOOP('',(#3139,#3140,#3148,#3154));
#3139 = ORIENTED_EDGE('',*,*,#3101,.F.);
#3140 = ORIENTED_EDGE('',*,*,#3141,.T.);
#3141 = EDGE_CURVE('',#3094,#3142,#3144,.T.);
#3142 = VERTEX_POINT('',#3143);
#3143 = CARTESIAN_POINT('',(56.5,63.25,3.));
#3144 = LINE('',#3145,#3146);
#3145 = CARTESIAN_POINT('',(56.5,63.25,2.5));
#3146 = VECTOR('',#3147,1.);
#3147 = DIRECTION('',(-0.,0.,-1.));
#3148 = ORIENTED_EDGE('',*,*,#3149,.T.);
#3149 = EDGE_CURVE('',#3142,#916,#3150,.T.);
#3150 = LINE('',#3151,#3152);
#3151 = CARTESIAN_POINT('',(56.5,62.75,3.));
#3152 = VECTOR('',#3153,1.);
#3153 = DIRECTION('',(-0.,1.,0.));
#3154 = ORIENTED_EDGE('',*,*,#923,.F.);
#3155 = PLANE('',#3156);
#3156 = AXIS2_PLACEMENT_3D('',#3157,#3158,#3159);
#3157 = CARTESIAN_POINT('',(56.5,62.75,3.));
#3158 = DIRECTION('',(1.,0.,-0.));
#3159 = DIRECTION('',(0.,0.,1.));
#3160 = ADVANCED_FACE('',(#3161),#3172,.T.);
#3161 = FACE_BOUND('',#3162,.T.);
#3162 = EDGE_LOOP('',(#3163,#3164,#3170,#3171));
#3163 = ORIENTED_EDGE('',*,*,#3125,.F.);
#3164 = ORIENTED_EDGE('',*,*,#3165,.T.);
#3165 = EDGE_CURVE('',#3118,#3142,#3166,.T.);
#3166 = LINE('',#3167,#3168);
#3167 = CARTESIAN_POINT('',(26.375,63.25,3.));
#3168 = VECTOR('',#3169,1.);
#3169 = DIRECTION('',(1.,0.,-0.));
#3170 = ORIENTED_EDGE('',*,*,#3149,.T.);
#3171 = ORIENTED_EDGE('',*,*,#915,.F.);
#3172 = PLANE('',#3173);
#3173 = AXIS2_PLACEMENT_3D('',#3174,#3175,#3176);
#3174 = CARTESIAN_POINT('',(54.,62.75,3.));
#3175 = DIRECTION('',(0.,0.,1.));
#3176 = DIRECTION('',(1.,0.,-0.));
#3177 = ADVANCED_FACE('',(#3178),#3203,.F.);
#3178 = FACE_BOUND('',#3179,.F.);
#3179 = EDGE_LOOP('',(#3180,#3188,#3196,#3202));
#3180 = ORIENTED_EDGE('',*,*,#3181,.F.);
#3181 = EDGE_CURVE('',#3182,#932,#3184,.T.);
#3182 = VERTEX_POINT('',#3183);
#3183 = CARTESIAN_POINT('',(61.,63.25,5.));
#3184 = LINE('',#3185,#3186);
#3185 = CARTESIAN_POINT('',(61.,62.75,5.));
#3186 = VECTOR('',#3187,1.);
#3187 = DIRECTION('',(-0.,1.,0.));
#3188 = ORIENTED_EDGE('',*,*,#3189,.T.);
#3189 = EDGE_CURVE('',#3182,#3190,#3192,.T.);
#3190 = VERTEX_POINT('',#3191);
#3191 = CARTESIAN_POINT('',(63.5,63.25,5.));
#3192 = LINE('',#3193,#3194);
#3193 = CARTESIAN_POINT('',(29.875,63.25,5.));
#3194 = VECTOR('',#3195,1.);
#3195 = DIRECTION('',(1.,0.,-0.));
#3196 = ORIENTED_EDGE('',*,*,#3197,.T.);
#3197 = EDGE_CURVE('',#3190,#934,#3198,.T.);
#3198 = LINE('',#3199,#3200);
#3199 = CARTESIAN_POINT('',(63.5,62.75,5.));
#3200 = VECTOR('',#3201,1.);
#3201 = DIRECTION('',(-0.,1.,0.));
#3202 = ORIENTED_EDGE('',*,*,#931,.F.);
#3203 = PLANE('',#3204);
#3204 = AXIS2_PLACEMENT_3D('',#3205,#3206,#3207);
#3205 = CARTESIAN_POINT('',(61.,62.75,5.));
#3206 = DIRECTION('',(0.,0.,1.));
#3207 = DIRECTION('',(1.,0.,-0.));
#3208 = ADVANCED_FACE('',(#3209),#3227,.T.);
#3209 = FACE_BOUND('',#3210,.T.);
#3210 = EDGE_LOOP('',(#3211,#3212,#3220,#3226));
#3211 = ORIENTED_EDGE('',*,*,#3181,.F.);
#3212 = ORIENTED_EDGE('',*,*,#3213,.T.);
#3213 = EDGE_CURVE('',#3182,#3214,#3216,.T.);
#3214 = VERTEX_POINT('',#3215);
#3215 = CARTESIAN_POINT('',(61.,63.25,3.));
#3216 = LINE('',#3217,#3218);
#3217 = CARTESIAN_POINT('',(61.,63.25,2.5));
#3218 = VECTOR('',#3219,1.);
#3219 = DIRECTION('',(-0.,0.,-1.));
#3220 = ORIENTED_EDGE('',*,*,#3221,.T.);
#3221 = EDGE_CURVE('',#3214,#942,#3222,.T.);
#3222 = LINE('',#3223,#3224);
#3223 = CARTESIAN_POINT('',(61.,62.75,3.));
#3224 = VECTOR('',#3225,1.);
#3225 = DIRECTION('',(-0.,1.,0.));
#3226 = ORIENTED_EDGE('',*,*,#941,.F.);
#3227 = PLANE('',#3228);
#3228 = AXIS2_PLACEMENT_3D('',#3229,#3230,#3231);
#3229 = CARTESIAN_POINT('',(61.,62.75,3.));
#3230 = DIRECTION('',(1.,0.,-0.));
#3231 = DIRECTION('',(0.,0.,1.));
#3232 = ADVANCED_FACE('',(#3233),#3251,.F.);
#3233 = FACE_BOUND('',#3234,.F.);
#3234 = EDGE_LOOP('',(#3235,#3236,#3244,#3250));
#3235 = ORIENTED_EDGE('',*,*,#3197,.F.);
#3236 = ORIENTED_EDGE('',*,*,#3237,.T.);
#3237 = EDGE_CURVE('',#3190,#3238,#3240,.T.);
#3238 = VERTEX_POINT('',#3239);
#3239 = CARTESIAN_POINT('',(63.5,63.25,3.));
#3240 = LINE('',#3241,#3242);
#3241 = CARTESIAN_POINT('',(63.5,63.25,2.5));
#3242 = VECTOR('',#3243,1.);
#3243 = DIRECTION('',(-0.,0.,-1.));
#3244 = ORIENTED_EDGE('',*,*,#3245,.T.);
#3245 = EDGE_CURVE('',#3238,#950,#3246,.T.);
#3246 = LINE('',#3247,#3248);
#3247 = CARTESIAN_POINT('',(63.5,62.75,3.));
#3248 = VECTOR('',#3249,1.);
#3249 = DIRECTION('',(-0.,1.,0.));
#3250 = ORIENTED_EDGE('',*,*,#957,.F.);
#3251 = PLANE('',#3252);
#3252 = AXIS2_PLACEMENT_3D('',#3253,#3254,#3255);
#3253 = CARTESIAN_POINT('',(63.5,62.75,3.));
#3254 = DIRECTION('',(1.,0.,-0.));
#3255 = DIRECTION('',(0.,0.,1.));
#3256 = ADVANCED_FACE('',(#3257),#3268,.T.);
#3257 = FACE_BOUND('',#3258,.T.);
#3258 = EDGE_LOOP('',(#3259,#3260,#3266,#3267));
#3259 = ORIENTED_EDGE('',*,*,#3221,.F.);
#3260 = ORIENTED_EDGE('',*,*,#3261,.T.);
#3261 = EDGE_CURVE('',#3214,#3238,#3262,.T.);
#3262 = LINE('',#3263,#3264);
#3263 = CARTESIAN_POINT('',(29.875,63.25,3.));
#3264 = VECTOR('',#3265,1.);
#3265 = DIRECTION('',(1.,0.,-0.));
#3266 = ORIENTED_EDGE('',*,*,#3245,.T.);
#3267 = ORIENTED_EDGE('',*,*,#949,.F.);
#3268 = PLANE('',#3269);
#3269 = AXIS2_PLACEMENT_3D('',#3270,#3271,#3272);
#3270 = CARTESIAN_POINT('',(61.,62.75,3.));
#3271 = DIRECTION('',(0.,0.,1.));
#3272 = DIRECTION('',(1.,0.,-0.));
#3273 = ADVANCED_FACE('',(#3274),#3299,.F.);
#3274 = FACE_BOUND('',#3275,.F.);
#3275 = EDGE_LOOP('',(#3276,#3284,#3292,#3298));
#3276 = ORIENTED_EDGE('',*,*,#3277,.F.);
#3277 = EDGE_CURVE('',#3278,#966,#3280,.T.);
#3278 = VERTEX_POINT('',#3279);
#3279 = CARTESIAN_POINT('',(68.,63.25,5.));
#3280 = LINE('',#3281,#3282);
#3281 = CARTESIAN_POINT('',(68.,62.75,5.));
#3282 = VECTOR('',#3283,1.);
#3283 = DIRECTION('',(-0.,1.,0.));
#3284 = ORIENTED_EDGE('',*,*,#3285,.T.);
#3285 = EDGE_CURVE('',#3278,#3286,#3288,.T.);
#3286 = VERTEX_POINT('',#3287);
#3287 = CARTESIAN_POINT('',(70.5,63.25,5.));
#3288 = LINE('',#3289,#3290);
#3289 = CARTESIAN_POINT('',(33.375,63.25,5.));
#3290 = VECTOR('',#3291,1.);
#3291 = DIRECTION('',(1.,0.,-0.));
#3292 = ORIENTED_EDGE('',*,*,#3293,.T.);
#3293 = EDGE_CURVE('',#3286,#968,#3294,.T.);
#3294 = LINE('',#3295,#3296);
#3295 = CARTESIAN_POINT('',(70.5,62.75,5.));
#3296 = VECTOR('',#3297,1.);
#3297 = DIRECTION('',(-0.,1.,0.));
#3298 = ORIENTED_EDGE('',*,*,#965,.F.);
#3299 = PLANE('',#3300);
#3300 = AXIS2_PLACEMENT_3D('',#3301,#3302,#3303);
#3301 = CARTESIAN_POINT('',(68.,62.75,5.));
#3302 = DIRECTION('',(0.,0.,1.));
#3303 = DIRECTION('',(1.,0.,-0.));
#3304 = ADVANCED_FACE('',(#3305),#3323,.T.);
#3305 = FACE_BOUND('',#3306,.T.);
#3306 = EDGE_LOOP('',(#3307,#3308,#3316,#3322));
#3307 = ORIENTED_EDGE('',*,*,#3277,.F.);
#3308 = ORIENTED_EDGE('',*,*,#3309,.T.);
#3309 = EDGE_CURVE('',#3278,#3310,#3312,.T.);
#3310 = VERTEX_POINT('',#3311);
#3311 = CARTESIAN_POINT('',(68.,63.25,3.));
#3312 = LINE('',#3313,#3314);
#3313 = CARTESIAN_POINT('',(68.,63.25,2.5));
#3314 = VECTOR('',#3315,1.);
#3315 = DIRECTION('',(-0.,0.,-1.));
#3316 = ORIENTED_EDGE('',*,*,#3317,.T.);
#3317 = EDGE_CURVE('',#3310,#976,#3318,.T.);
#3318 = LINE('',#3319,#3320);
#3319 = CARTESIAN_POINT('',(68.,62.75,3.));
#3320 = VECTOR('',#3321,1.);
#3321 = DIRECTION('',(-0.,1.,0.));
#3322 = ORIENTED_EDGE('',*,*,#975,.F.);
#3323 = PLANE('',#3324);
#3324 = AXIS2_PLACEMENT_3D('',#3325,#3326,#3327);
#3325 = CARTESIAN_POINT('',(68.,62.75,3.));
#3326 = DIRECTION('',(1.,0.,-0.));
#3327 = DIRECTION('',(0.,0.,1.));
#3328 = ADVANCED_FACE('',(#3329),#3347,.F.);
#3329 = FACE_BOUND('',#3330,.F.);
#3330 = EDGE_LOOP('',(#3331,#3332,#3340,#3346));
#3331 = ORIENTED_EDGE('',*,*,#3293,.F.);
#3332 = ORIENTED_EDGE('',*,*,#3333,.T.);
#3333 = EDGE_CURVE('',#3286,#3334,#3336,.T.);
#3334 = VERTEX_POINT('',#3335);
#3335 = CARTESIAN_POINT('',(70.5,63.25,3.));
#3336 = LINE('',#3337,#3338);
#3337 = CARTESIAN_POINT('',(70.5,63.25,2.5));
#3338 = VECTOR('',#3339,1.);
#3339 = DIRECTION('',(-0.,0.,-1.));
#3340 = ORIENTED_EDGE('',*,*,#3341,.T.);
#3341 = EDGE_CURVE('',#3334,#984,#3342,.T.);
#3342 = LINE('',#3343,#3344);
#3343 = CARTESIAN_POINT('',(70.5,62.75,3.));
#3344 = VECTOR('',#3345,1.);
#3345 = DIRECTION('',(-0.,1.,0.));
#3346 = ORIENTED_EDGE('',*,*,#991,.F.);
#3347 = PLANE('',#3348);
#3348 = AXIS2_PLACEMENT_3D('',#3349,#3350,#3351);
#3349 = CARTESIAN_POINT('',(70.5,62.75,3.));
#3350 = DIRECTION('',(1.,0.,-0.));
#3351 = DIRECTION('',(0.,0.,1.));
#3352 = ADVANCED_FACE('',(#3353),#3364,.T.);
#3353 = FACE_BOUND('',#3354,.T.);
#3354 = EDGE_LOOP('',(#3355,#3356,#3362,#3363));
#3355 = ORIENTED_EDGE('',*,*,#3317,.F.);
#3356 = ORIENTED_EDGE('',*,*,#3357,.T.);
#3357 = EDGE_CURVE('',#3310,#3334,#3358,.T.);
#3358 = LINE('',#3359,#3360);
#3359 = CARTESIAN_POINT('',(33.375,63.25,3.));
#3360 = VECTOR('',#3361,1.);
#3361 = DIRECTION('',(1.,0.,-0.));
#3362 = ORIENTED_EDGE('',*,*,#3341,.T.);
#3363 = ORIENTED_EDGE('',*,*,#983,.F.);
#3364 = PLANE('',#3365);
#3365 = AXIS2_PLACEMENT_3D('',#3366,#3367,#3368);
#3366 = CARTESIAN_POINT('',(68.,62.75,3.));
#3367 = DIRECTION('',(0.,0.,1.));
#3368 = DIRECTION('',(1.,0.,-0.));
#3369 = ADVANCED_FACE('',(#3370),#3395,.F.);
#3370 = FACE_BOUND('',#3371,.F.);
#3371 = EDGE_LOOP('',(#3372,#3380,#3388,#3394));
#3372 = ORIENTED_EDGE('',*,*,#3373,.F.);
#3373 = EDGE_CURVE('',#3374,#1000,#3376,.T.);
#3374 = VERTEX_POINT('',#3375);
#3375 = CARTESIAN_POINT('',(75.,63.25,5.));
#3376 = LINE('',#3377,#3378);
#3377 = CARTESIAN_POINT('',(75.,62.75,5.));
#3378 = VECTOR('',#3379,1.);
#3379 = DIRECTION('',(-0.,1.,0.));
#3380 = ORIENTED_EDGE('',*,*,#3381,.T.);
#3381 = EDGE_CURVE('',#3374,#3382,#3384,.T.);
#3382 = VERTEX_POINT('',#3383);
#3383 = CARTESIAN_POINT('',(77.5,63.25,5.));
#3384 = LINE('',#3385,#3386);
#3385 = CARTESIAN_POINT('',(36.875,63.25,5.));
#3386 = VECTOR('',#3387,1.);
#3387 = DIRECTION('',(1.,0.,-0.));
#3388 = ORIENTED_EDGE('',*,*,#3389,.T.);
#3389 = EDGE_CURVE('',#3382,#1002,#3390,.T.);
#3390 = LINE('',#3391,#3392);
#3391 = CARTESIAN_POINT('',(77.5,62.75,5.));
#3392 = VECTOR('',#3393,1.);
#3393 = DIRECTION('',(-0.,1.,0.));
#3394 = ORIENTED_EDGE('',*,*,#999,.F.);
#3395 = PLANE('',#3396);
#3396 = AXIS2_PLACEMENT_3D('',#3397,#3398,#3399);
#3397 = CARTESIAN_POINT('',(75.,62.75,5.));
#3398 = DIRECTION('',(0.,0.,1.));
#3399 = DIRECTION('',(1.,0.,-0.));
#3400 = ADVANCED_FACE('',(#3401),#3419,.F.);
#3401 = FACE_BOUND('',#3402,.F.);
#3402 = EDGE_LOOP('',(#3403,#3404,#3412,#3418));
#3403 = ORIENTED_EDGE('',*,*,#3389,.F.);
#3404 = ORIENTED_EDGE('',*,*,#3405,.T.);
#3405 = EDGE_CURVE('',#3382,#3406,#3408,.T.);
#3406 = VERTEX_POINT('',#3407);
#3407 = CARTESIAN_POINT('',(77.5,63.25,3.));
#3408 = LINE('',#3409,#3410);
#3409 = CARTESIAN_POINT('',(77.5,63.25,2.5));
#3410 = VECTOR('',#3411,1.);
#3411 = DIRECTION('',(-0.,0.,-1.));
#3412 = ORIENTED_EDGE('',*,*,#3413,.T.);
#3413 = EDGE_CURVE('',#3406,#1018,#3414,.T.);
#3414 = LINE('',#3415,#3416);
#3415 = CARTESIAN_POINT('',(77.5,62.75,3.));
#3416 = VECTOR('',#3417,1.);
#3417 = DIRECTION('',(-0.,1.,0.));
#3418 = ORIENTED_EDGE('',*,*,#1025,.F.);
#3419 = PLANE('',#3420);
#3420 = AXIS2_PLACEMENT_3D('',#3421,#3422,#3423);
#3421 = CARTESIAN_POINT('',(77.5,62.75,3.));
#3422 = DIRECTION('',(1.,0.,-0.));
#3423 = DIRECTION('',(0.,0.,1.));
#3424 = ADVANCED_FACE('',(#3425),#3443,.T.);
#3425 = FACE_BOUND('',#3426,.T.);
#3426 = EDGE_LOOP('',(#3427,#3435,#3441,#3442));
#3427 = ORIENTED_EDGE('',*,*,#3428,.F.);
#3428 = EDGE_CURVE('',#3429,#1010,#3431,.T.);
#3429 = VERTEX_POINT('',#3430);
#3430 = CARTESIAN_POINT('',(75.,63.25,3.));
#3431 = LINE('',#3432,#3433);
#3432 = CARTESIAN_POINT('',(75.,62.75,3.));
#3433 = VECTOR('',#3434,1.);
#3434 = DIRECTION('',(-0.,1.,0.));
#3435 = ORIENTED_EDGE('',*,*,#3436,.T.);
#3436 = EDGE_CURVE('',#3429,#3406,#3437,.T.);
#3437 = LINE('',#3438,#3439);
#3438 = CARTESIAN_POINT('',(36.875,63.25,3.));
#3439 = VECTOR('',#3440,1.);
#3440 = DIRECTION('',(1.,0.,-0.));
#3441 = ORIENTED_EDGE('',*,*,#3413,.T.);
#3442 = ORIENTED_EDGE('',*,*,#1017,.F.);
#3443 = PLANE('',#3444);
#3444 = AXIS2_PLACEMENT_3D('',#3445,#3446,#3447);
#3445 = CARTESIAN_POINT('',(75.,62.75,3.));
#3446 = DIRECTION('',(0.,0.,1.));
#3447 = DIRECTION('',(1.,0.,-0.));
#3448 = ADVANCED_FACE('',(#3449),#3460,.T.);
#3449 = FACE_BOUND('',#3450,.T.);
#3450 = EDGE_LOOP('',(#3451,#3452,#3458,#3459));
#3451 = ORIENTED_EDGE('',*,*,#3373,.F.);
#3452 = ORIENTED_EDGE('',*,*,#3453,.T.);
#3453 = EDGE_CURVE('',#3374,#3429,#3454,.T.);
#3454 = LINE('',#3455,#3456);
#3455 = CARTESIAN_POINT('',(75.,63.25,2.5));
#3456 = VECTOR('',#3457,1.);
#3457 = DIRECTION('',(-0.,0.,-1.));
#3458 = ORIENTED_EDGE('',*,*,#3428,.T.);
#3459 = ORIENTED_EDGE('',*,*,#1009,.F.);
#3460 = PLANE('',#3461);
#3461 = AXIS2_PLACEMENT_3D('',#3462,#3463,#3464);
#3462 = CARTESIAN_POINT('',(75.,62.75,3.));
#3463 = DIRECTION('',(1.,0.,-0.));
#3464 = DIRECTION('',(0.,0.,1.));
#3465 = ADVANCED_FACE('',(#3466),#3508,.T.);
#3466 = FACE_BOUND('',#3467,.T.);
#3467 = EDGE_LOOP('',(#3468,#3478,#3484,#3485,#3486,#3494,#3502));
#3468 = ORIENTED_EDGE('',*,*,#3469,.F.);
#3469 = EDGE_CURVE('',#3470,#3472,#3474,.T.);
#3470 = VERTEX_POINT('',#3471);
#3471 = CARTESIAN_POINT('',(92.1,-1.8,5.5));
#3472 = VERTEX_POINT('',#3473);
#3473 = CARTESIAN_POINT('',(92.1,-1.6,5.5));
#3474 = LINE('',#3475,#3476);
#3475 = CARTESIAN_POINT('',(92.1,-1.8,5.5));
#3476 = VECTOR('',#3477,1.);
#3477 = DIRECTION('',(-0.,1.,0.));
#3478 = ORIENTED_EDGE('',*,*,#3479,.T.);
#3479 = EDGE_CURVE('',#3470,#1239,#3480,.T.);
#3480 = LINE('',#3481,#3482);
#3481 = CARTESIAN_POINT('',(92.1,-1.8,5.5));
#3482 = VECTOR('',#3483,1.);
#3483 = DIRECTION('',(1.,0.,-0.));
#3484 = ORIENTED_EDGE('',*,*,#1246,.T.);
#3485 = ORIENTED_EDGE('',*,*,#1312,.F.);
#3486 = ORIENTED_EDGE('',*,*,#3487,.F.);
#3487 = EDGE_CURVE('',#3488,#1305,#3490,.T.);
#3488 = VERTEX_POINT('',#3489);
#3489 = CARTESIAN_POINT('',(92.6,18.7,5.5));
#3490 = LINE('',#3491,#3492);
#3491 = CARTESIAN_POINT('',(92.1,18.7,5.5));
#3492 = VECTOR('',#3493,1.);
#3493 = DIRECTION('',(1.,0.,-0.));
#3494 = ORIENTED_EDGE('',*,*,#3495,.T.);
#3495 = EDGE_CURVE('',#3488,#3496,#3498,.T.);
#3496 = VERTEX_POINT('',#3497);
#3497 = CARTESIAN_POINT('',(92.6,-1.6,5.5));
#3498 = LINE('',#3499,#3500);
#3499 = CARTESIAN_POINT('',(92.6,-1.7,5.5));
#3500 = VECTOR('',#3501,1.);
#3501 = DIRECTION('',(0.,-1.,0.));
#3502 = ORIENTED_EDGE('',*,*,#3503,.F.);
#3503 = EDGE_CURVE('',#3472,#3496,#3504,.T.);
#3504 = LINE('',#3505,#3506);
#3505 = CARTESIAN_POINT('',(45.425,-1.6,5.5));
#3506 = VECTOR('',#3507,1.);
#3507 = DIRECTION('',(1.,0.,-0.));
#3508 = PLANE('',#3509);
#3509 = AXIS2_PLACEMENT_3D('',#3510,#3511,#3512);
#3510 = CARTESIAN_POINT('',(92.1,-1.8,5.5));
#3511 = DIRECTION('',(0.,0.,1.));
#3512 = DIRECTION('',(1.,0.,-0.));
#3513 = ADVANCED_FACE('',(#3514),#3532,.T.);
#3514 = FACE_BOUND('',#3515,.T.);
#3515 = EDGE_LOOP('',(#3516,#3517,#3525,#3531));
#3516 = ORIENTED_EDGE('',*,*,#3479,.F.);
#3517 = ORIENTED_EDGE('',*,*,#3518,.T.);
#3518 = EDGE_CURVE('',#3470,#3519,#3521,.T.);
#3519 = VERTEX_POINT('',#3520);
#3520 = CARTESIAN_POINT('',(92.1,-1.8,22.));
#3521 = LINE('',#3522,#3523);
#3522 = CARTESIAN_POINT('',(92.1,-1.8,5.5));
#3523 = VECTOR('',#3524,1.);
#3524 = DIRECTION('',(0.,0.,1.));
#3525 = ORIENTED_EDGE('',*,*,#3526,.T.);
#3526 = EDGE_CURVE('',#3519,#1230,#3527,.T.);
#3527 = LINE('',#3528,#3529);
#3528 = CARTESIAN_POINT('',(92.1,-1.8,22.));
#3529 = VECTOR('',#3530,1.);
#3530 = DIRECTION('',(1.,0.,-0.));
#3531 = ORIENTED_EDGE('',*,*,#1238,.F.);
#3532 = PLANE('',#3533);
#3533 = AXIS2_PLACEMENT_3D('',#3534,#3535,#3536);
#3534 = CARTESIAN_POINT('',(92.1,-1.8,5.5));
#3535 = DIRECTION('',(-0.,1.,0.));
#3536 = DIRECTION('',(0.,0.,1.));
#3537 = ADVANCED_FACE('',(#3538),#3573,.F.);
#3538 = FACE_BOUND('',#3539,.F.);
#3539 = EDGE_LOOP('',(#3540,#3548,#3549,#3550,#3551,#3559,#3567));
#3540 = ORIENTED_EDGE('',*,*,#3541,.F.);
#3541 = EDGE_CURVE('',#3519,#3542,#3544,.T.);
#3542 = VERTEX_POINT('',#3543);
#3543 = CARTESIAN_POINT('',(92.1,-1.6,22.));
#3544 = LINE('',#3545,#3546);
#3545 = CARTESIAN_POINT('',(92.1,-1.8,22.));
#3546 = VECTOR('',#3547,1.);
#3547 = DIRECTION('',(-0.,1.,0.));
#3548 = ORIENTED_EDGE('',*,*,#3526,.T.);
#3549 = ORIENTED_EDGE('',*,*,#1229,.T.);
#3550 = ORIENTED_EDGE('',*,*,#1296,.F.);
#3551 = ORIENTED_EDGE('',*,*,#3552,.F.);
#3552 = EDGE_CURVE('',#3553,#1297,#3555,.T.);
#3553 = VERTEX_POINT('',#3554);
#3554 = CARTESIAN_POINT('',(92.6,18.7,22.));
#3555 = LINE('',#3556,#3557);
#3556 = CARTESIAN_POINT('',(92.1,18.7,22.));
#3557 = VECTOR('',#3558,1.);
#3558 = DIRECTION('',(1.,0.,-0.));
#3559 = ORIENTED_EDGE('',*,*,#3560,.T.);
#3560 = EDGE_CURVE('',#3553,#3561,#3563,.T.);
#3561 = VERTEX_POINT('',#3562);
#3562 = CARTESIAN_POINT('',(92.6,-1.6,22.));
#3563 = LINE('',#3564,#3565);
#3564 = CARTESIAN_POINT('',(92.6,-1.7,22.));
#3565 = VECTOR('',#3566,1.);
#3566 = DIRECTION('',(0.,-1.,0.));
#3567 = ORIENTED_EDGE('',*,*,#3568,.F.);
#3568 = EDGE_CURVE('',#3542,#3561,#3569,.T.);
#3569 = LINE('',#3570,#3571);
#3570 = CARTESIAN_POINT('',(45.425,-1.6,22.));
#3571 = VECTOR('',#3572,1.);
#3572 = DIRECTION('',(1.,0.,-0.));
#3573 = PLANE('',#3574);
#3574 = AXIS2_PLACEMENT_3D('',#3575,#3576,#3577);
#3575 = CARTESIAN_POINT('',(92.1,-1.8,22.));
#3576 = DIRECTION('',(0.,0.,1.));
#3577 = DIRECTION('',(1.,0.,-0.));
#3578 = ADVANCED_FACE('',(#3579),#3598,.T.);
#3579 = FACE_BOUND('',#3580,.F.);
#3580 = EDGE_LOOP('',(#3581,#3589,#3590,#3591));
#3581 = ORIENTED_EDGE('',*,*,#3582,.F.);
#3582 = EDGE_CURVE('',#1213,#3583,#3585,.T.);
#3583 = VERTEX_POINT('',#3584);
#3584 = CARTESIAN_POINT('',(93.6,-0.6,23.15));
#3585 = LINE('',#3586,#3587);
#3586 = CARTESIAN_POINT('',(93.9,-0.6,22.85));
#3587 = VECTOR('',#3588,1.);
#3588 = DIRECTION('',(-0.707106781187,-0.,0.707106781187));
#3589 = ORIENTED_EDGE('',*,*,#1212,.T.);
#3590 = ORIENTED_EDGE('',*,*,#1396,.T.);
#3591 = ORIENTED_EDGE('',*,*,#3592,.F.);
#3592 = EDGE_CURVE('',#3583,#1397,#3593,.T.);
#3593 = CIRCLE('',#3594,2.4);
#3594 = AXIS2_PLACEMENT_3D('',#3595,#3596,#3597);
#3595 = CARTESIAN_POINT('',(91.2,-0.6,23.15));
#3596 = DIRECTION('',(0.,-0.,-1.));
#3597 = DIRECTION('',(1.,1.850371707709E-16,-0.));
#3598 = CONICAL_SURFACE('',#3599,3.,0.785398163397);
#3599 = AXIS2_PLACEMENT_3D('',#3600,#3601,#3602);
#3600 = CARTESIAN_POINT('',(91.2,-0.6,22.55));
#3601 = DIRECTION('',(-0.,-0.,-1.));
#3602 = DIRECTION('',(1.,1.850371707709E-16,-0.));
#3603 = ADVANCED_FACE('',(#3604),#3623,.T.);
#3604 = FACE_BOUND('',#3605,.F.);
#3605 = EDGE_LOOP('',(#3606,#3607,#3608,#3616));
#3606 = ORIENTED_EDGE('',*,*,#2462,.F.);
#3607 = ORIENTED_EDGE('',*,*,#1271,.T.);
#3608 = ORIENTED_EDGE('',*,*,#3609,.T.);
#3609 = EDGE_CURVE('',#1262,#3610,#3612,.T.);
#3610 = VERTEX_POINT('',#3611);
#3611 = CARTESIAN_POINT('',(93.6,62.25,23.15));
#3612 = LINE('',#3613,#3614);
#3613 = CARTESIAN_POINT('',(94.2,62.25,22.55));
#3614 = VECTOR('',#3615,1.);
#3615 = DIRECTION('',(-0.707106781187,-4.329780281177E-17,0.707106781187
    ));
#3616 = ORIENTED_EDGE('',*,*,#3617,.F.);
#3617 = EDGE_CURVE('',#2463,#3610,#3618,.T.);
#3618 = CIRCLE('',#3619,2.4);
#3619 = AXIS2_PLACEMENT_3D('',#3620,#3621,#3622);
#3620 = CARTESIAN_POINT('',(91.2,62.25,23.15));
#3621 = DIRECTION('',(0.,-0.,-1.));
#3622 = DIRECTION('',(0.,1.,-0.));
#3623 = CONICAL_SURFACE('',#3624,3.,0.785398163397);
#3624 = AXIS2_PLACEMENT_3D('',#3625,#3626,#3627);
#3625 = CARTESIAN_POINT('',(91.2,62.25,22.55));
#3626 = DIRECTION('',(-0.,-0.,-1.));
#3627 = DIRECTION('',(0.,1.,-0.));
#3628 = ADVANCED_FACE('',(#3629),#3640,.F.);
#3629 = FACE_BOUND('',#3630,.F.);
#3630 = EDGE_LOOP('',(#3631,#3632,#3638,#3639));
#3631 = ORIENTED_EDGE('',*,*,#3487,.F.);
#3632 = ORIENTED_EDGE('',*,*,#3633,.T.);
#3633 = EDGE_CURVE('',#3488,#3553,#3634,.T.);
#3634 = LINE('',#3635,#3636);
#3635 = CARTESIAN_POINT('',(92.6,18.7,3.75));
#3636 = VECTOR('',#3637,1.);
#3637 = DIRECTION('',(0.,0.,1.));
#3638 = ORIENTED_EDGE('',*,*,#3552,.T.);
#3639 = ORIENTED_EDGE('',*,*,#1304,.F.);
#3640 = PLANE('',#3641);
#3641 = AXIS2_PLACEMENT_3D('',#3642,#3643,#3644);
#3642 = CARTESIAN_POINT('',(92.1,18.7,5.5));
#3643 = DIRECTION('',(-0.,1.,0.));
#3644 = DIRECTION('',(0.,0.,1.));
#3645 = ADVANCED_FACE('',(#3646),#3657,.T.);
#3646 = FACE_BOUND('',#3647,.F.);
#3647 = EDGE_LOOP('',(#3648,#3649,#3650,#3651));
#3648 = ORIENTED_EDGE('',*,*,#3609,.F.);
#3649 = ORIENTED_EDGE('',*,*,#1289,.T.);
#3650 = ORIENTED_EDGE('',*,*,#3582,.T.);
#3651 = ORIENTED_EDGE('',*,*,#3652,.F.);
#3652 = EDGE_CURVE('',#3610,#3583,#3653,.T.);
#3653 = LINE('',#3654,#3655);
#3654 = CARTESIAN_POINT('',(93.6,62.25,23.15));
#3655 = VECTOR('',#3656,1.);
#3656 = DIRECTION('',(0.,-1.,-0.));
#3657 = PLANE('',#3658);
#3658 = AXIS2_PLACEMENT_3D('',#3659,#3660,#3661);
#3659 = CARTESIAN_POINT('',(93.9,62.25,22.85));
#3660 = DIRECTION('',(0.707106781187,6.963829119075E-18,0.707106781187)
  );
#3661 = DIRECTION('',(-4.924170793122E-18,1.,-4.924170793122E-18));
#3662 = ADVANCED_FACE('',(#3663),#3689,.F.);
#3663 = FACE_BOUND('',#3664,.F.);
#3664 = EDGE_LOOP('',(#3665,#3666,#3674,#3683));
#3665 = ORIENTED_EDGE('',*,*,#1320,.F.);
#3666 = ORIENTED_EDGE('',*,*,#3667,.F.);
#3667 = EDGE_CURVE('',#3668,#1321,#3670,.T.);
#3668 = VERTEX_POINT('',#3669);
#3669 = CARTESIAN_POINT('',(92.6,60.32,6.7));
#3670 = LINE('',#3671,#3672);
#3671 = CARTESIAN_POINT('',(92.1,60.32,6.7));
#3672 = VECTOR('',#3673,1.);
#3673 = DIRECTION('',(1.,0.,-0.));
#3674 = ORIENTED_EDGE('',*,*,#3675,.T.);
#3675 = EDGE_CURVE('',#3668,#3676,#3678,.T.);
#3676 = VERTEX_POINT('',#3677);
#3677 = CARTESIAN_POINT('',(92.6,61.32,7.7));
#3678 = CIRCLE('',#3679,1.);
#3679 = AXIS2_PLACEMENT_3D('',#3680,#3681,#3682);
#3680 = CARTESIAN_POINT('',(92.6,60.32,7.7));
#3681 = DIRECTION('',(1.,0.,0.));
#3682 = DIRECTION('',(-0.,0.,1.));
#3683 = ORIENTED_EDGE('',*,*,#3684,.T.);
#3684 = EDGE_CURVE('',#3676,#1323,#3685,.T.);
#3685 = LINE('',#3686,#3687);
#3686 = CARTESIAN_POINT('',(92.1,61.32,7.7));
#3687 = VECTOR('',#3688,1.);
#3688 = DIRECTION('',(1.,0.,-0.));
#3689 = CYLINDRICAL_SURFACE('',#3690,1.);
#3690 = AXIS2_PLACEMENT_3D('',#3691,#3692,#3693);
#3691 = CARTESIAN_POINT('',(92.1,60.32,7.7));
#3692 = DIRECTION('',(1.,0.,0.));
#3693 = DIRECTION('',(-0.,0.,1.));
#3694 = ADVANCED_FACE('',(#3695),#3713,.T.);
#3695 = FACE_BOUND('',#3696,.T.);
#3696 = EDGE_LOOP('',(#3697,#3705,#3711,#3712));
#3697 = ORIENTED_EDGE('',*,*,#3698,.T.);
#3698 = EDGE_CURVE('',#3668,#3699,#3701,.T.);
#3699 = VERTEX_POINT('',#3700);
#3700 = CARTESIAN_POINT('',(92.6,30.18,6.7));
#3701 = LINE('',#3702,#3703);
#3702 = CARTESIAN_POINT('',(92.6,14.29,6.7));
#3703 = VECTOR('',#3704,1.);
#3704 = DIRECTION('',(0.,-1.,0.));
#3705 = ORIENTED_EDGE('',*,*,#3706,.T.);
#3706 = EDGE_CURVE('',#3699,#1332,#3707,.T.);
#3707 = LINE('',#3708,#3709);
#3708 = CARTESIAN_POINT('',(92.1,30.18,6.7));
#3709 = VECTOR('',#3710,1.);
#3710 = DIRECTION('',(1.,0.,-0.));
#3711 = ORIENTED_EDGE('',*,*,#1331,.F.);
#3712 = ORIENTED_EDGE('',*,*,#3667,.F.);
#3713 = PLANE('',#3714);
#3714 = AXIS2_PLACEMENT_3D('',#3715,#3716,#3717);
#3715 = CARTESIAN_POINT('',(92.1,30.18,6.7));
#3716 = DIRECTION('',(0.,0.,1.));
#3717 = DIRECTION('',(1.,0.,-0.));
#3718 = ADVANCED_FACE('',(#3719),#3737,.F.);
#3719 = FACE_BOUND('',#3720,.F.);
#3720 = EDGE_LOOP('',(#3721,#3722,#3730,#3736));
#3721 = ORIENTED_EDGE('',*,*,#3684,.F.);
#3722 = ORIENTED_EDGE('',*,*,#3723,.T.);
#3723 = EDGE_CURVE('',#3676,#3724,#3726,.T.);
#3724 = VERTEX_POINT('',#3725);
#3725 = CARTESIAN_POINT('',(92.6,61.32,10.76));
#3726 = LINE('',#3727,#3728);
#3727 = CARTESIAN_POINT('',(92.6,61.32,4.85));
#3728 = VECTOR('',#3729,1.);
#3729 = DIRECTION('',(0.,0.,1.));
#3730 = ORIENTED_EDGE('',*,*,#3731,.T.);
#3731 = EDGE_CURVE('',#3724,#1374,#3732,.T.);
#3732 = LINE('',#3733,#3734);
#3733 = CARTESIAN_POINT('',(92.1,61.32,10.76));
#3734 = VECTOR('',#3735,1.);
#3735 = DIRECTION('',(1.,0.,-0.));
#3736 = ORIENTED_EDGE('',*,*,#1382,.F.);
#3737 = PLANE('',#3738);
#3738 = AXIS2_PLACEMENT_3D('',#3739,#3740,#3741);
#3739 = CARTESIAN_POINT('',(92.1,61.32,7.7));
#3740 = DIRECTION('',(-0.,1.,0.));
#3741 = DIRECTION('',(0.,0.,1.));
#3742 = ADVANCED_FACE('',(#3743),#3762,.F.);
#3743 = FACE_BOUND('',#3744,.F.);
#3744 = EDGE_LOOP('',(#3745,#3746,#3754,#3761));
#3745 = ORIENTED_EDGE('',*,*,#1339,.F.);
#3746 = ORIENTED_EDGE('',*,*,#3747,.F.);
#3747 = EDGE_CURVE('',#3748,#1340,#3750,.T.);
#3748 = VERTEX_POINT('',#3749);
#3749 = CARTESIAN_POINT('',(92.6,29.18,7.7));
#3750 = LINE('',#3751,#3752);
#3751 = CARTESIAN_POINT('',(92.1,29.18,7.7));
#3752 = VECTOR('',#3753,1.);
#3753 = DIRECTION('',(1.,0.,-0.));
#3754 = ORIENTED_EDGE('',*,*,#3755,.T.);
#3755 = EDGE_CURVE('',#3748,#3699,#3756,.T.);
#3756 = CIRCLE('',#3757,1.);
#3757 = AXIS2_PLACEMENT_3D('',#3758,#3759,#3760);
#3758 = CARTESIAN_POINT('',(92.6,30.18,7.7));
#3759 = DIRECTION('',(1.,0.,0.));
#3760 = DIRECTION('',(-0.,0.,1.));
#3761 = ORIENTED_EDGE('',*,*,#3706,.T.);
#3762 = CYLINDRICAL_SURFACE('',#3763,1.);
#3763 = AXIS2_PLACEMENT_3D('',#3764,#3765,#3766);
#3764 = CARTESIAN_POINT('',(92.1,30.18,7.7));
#3765 = DIRECTION('',(1.,0.,0.));
#3766 = DIRECTION('',(-0.,0.,1.));
#3767 = ADVANCED_FACE('',(#3768),#3787,.F.);
#3768 = FACE_BOUND('',#3769,.F.);
#3769 = EDGE_LOOP('',(#3770,#3771,#3772,#3781));
#3770 = ORIENTED_EDGE('',*,*,#1373,.F.);
#3771 = ORIENTED_EDGE('',*,*,#3731,.F.);
#3772 = ORIENTED_EDGE('',*,*,#3773,.T.);
#3773 = EDGE_CURVE('',#3724,#3774,#3776,.T.);
#3774 = VERTEX_POINT('',#3775);
#3775 = CARTESIAN_POINT('',(92.6,60.32,11.76));
#3776 = CIRCLE('',#3777,1.);
#3777 = AXIS2_PLACEMENT_3D('',#3778,#3779,#3780);
#3778 = CARTESIAN_POINT('',(92.6,60.32,10.76));
#3779 = DIRECTION('',(1.,0.,0.));
#3780 = DIRECTION('',(-0.,0.,1.));
#3781 = ORIENTED_EDGE('',*,*,#3782,.T.);
#3782 = EDGE_CURVE('',#3774,#1366,#3783,.T.);
#3783 = LINE('',#3784,#3785);
#3784 = CARTESIAN_POINT('',(92.1,60.32,11.76));
#3785 = VECTOR('',#3786,1.);
#3786 = DIRECTION('',(1.,0.,-0.));
#3787 = CYLINDRICAL_SURFACE('',#3788,1.);
#3788 = AXIS2_PLACEMENT_3D('',#3789,#3790,#3791);
#3789 = CARTESIAN_POINT('',(92.1,60.32,10.76));
#3790 = DIRECTION('',(1.,0.,0.));
#3791 = DIRECTION('',(-0.,0.,1.));
#3792 = ADVANCED_FACE('',(#3793),#3811,.T.);
#3793 = FACE_BOUND('',#3794,.T.);
#3794 = EDGE_LOOP('',(#3795,#3796,#3804,#3810));
#3795 = ORIENTED_EDGE('',*,*,#3747,.F.);
#3796 = ORIENTED_EDGE('',*,*,#3797,.T.);
#3797 = EDGE_CURVE('',#3748,#3798,#3800,.T.);
#3798 = VERTEX_POINT('',#3799);
#3799 = CARTESIAN_POINT('',(92.6,29.18,10.76));
#3800 = LINE('',#3801,#3802);
#3801 = CARTESIAN_POINT('',(92.6,29.18,4.85));
#3802 = VECTOR('',#3803,1.);
#3803 = DIRECTION('',(0.,0.,1.));
#3804 = ORIENTED_EDGE('',*,*,#3805,.T.);
#3805 = EDGE_CURVE('',#3798,#1349,#3806,.T.);
#3806 = LINE('',#3807,#3808);
#3807 = CARTESIAN_POINT('',(92.1,29.18,10.76));
#3808 = VECTOR('',#3809,1.);
#3809 = DIRECTION('',(1.,0.,-0.));
#3810 = ORIENTED_EDGE('',*,*,#1348,.F.);
#3811 = PLANE('',#3812);
#3812 = AXIS2_PLACEMENT_3D('',#3813,#3814,#3815);
#3813 = CARTESIAN_POINT('',(92.1,29.18,7.7));
#3814 = DIRECTION('',(-0.,1.,0.));
#3815 = DIRECTION('',(0.,0.,1.));
#3816 = ADVANCED_FACE('',(#3817),#3835,.F.);
#3817 = FACE_BOUND('',#3818,.F.);
#3818 = EDGE_LOOP('',(#3819,#3827,#3833,#3834));
#3819 = ORIENTED_EDGE('',*,*,#3820,.T.);
#3820 = EDGE_CURVE('',#3774,#3821,#3823,.T.);
#3821 = VERTEX_POINT('',#3822);
#3822 = CARTESIAN_POINT('',(92.6,30.18,11.76));
#3823 = LINE('',#3824,#3825);
#3824 = CARTESIAN_POINT('',(92.6,14.29,11.76));
#3825 = VECTOR('',#3826,1.);
#3826 = DIRECTION('',(0.,-1.,0.));
#3827 = ORIENTED_EDGE('',*,*,#3828,.T.);
#3828 = EDGE_CURVE('',#3821,#1357,#3829,.T.);
#3829 = LINE('',#3830,#3831);
#3830 = CARTESIAN_POINT('',(92.1,30.18,11.76));
#3831 = VECTOR('',#3832,1.);
#3832 = DIRECTION('',(1.,0.,-0.));
#3833 = ORIENTED_EDGE('',*,*,#1365,.F.);
#3834 = ORIENTED_EDGE('',*,*,#3782,.F.);
#3835 = PLANE('',#3836);
#3836 = AXIS2_PLACEMENT_3D('',#3837,#3838,#3839);
#3837 = CARTESIAN_POINT('',(92.1,30.18,11.76));
#3838 = DIRECTION('',(0.,0.,1.));
#3839 = DIRECTION('',(1.,0.,-0.));
#3840 = ADVANCED_FACE('',(#3841),#3853,.F.);
#3841 = FACE_BOUND('',#3842,.F.);
#3842 = EDGE_LOOP('',(#3843,#3844,#3845,#3852));
#3843 = ORIENTED_EDGE('',*,*,#1356,.F.);
#3844 = ORIENTED_EDGE('',*,*,#3828,.F.);
#3845 = ORIENTED_EDGE('',*,*,#3846,.T.);
#3846 = EDGE_CURVE('',#3821,#3798,#3847,.T.);
#3847 = CIRCLE('',#3848,1.);
#3848 = AXIS2_PLACEMENT_3D('',#3849,#3850,#3851);
#3849 = CARTESIAN_POINT('',(92.6,30.18,10.76));
#3850 = DIRECTION('',(1.,0.,0.));
#3851 = DIRECTION('',(-0.,0.,1.));
#3852 = ORIENTED_EDGE('',*,*,#3805,.T.);
#3853 = CYLINDRICAL_SURFACE('',#3854,1.);
#3854 = AXIS2_PLACEMENT_3D('',#3855,#3856,#3857);
#3855 = CARTESIAN_POINT('',(92.1,30.18,10.76));
#3856 = DIRECTION('',(1.,0.,0.));
#3857 = DIRECTION('',(-0.,0.,1.));
#3858 = ADVANCED_FACE('',(#3859,#3890),#3924,.T.);
#3859 = FACE_BOUND('',#3860,.T.);
#3860 = EDGE_LOOP('',(#3861,#3871,#3878,#3879,#3880,#3881,#3882,#3883));
#3861 = ORIENTED_EDGE('',*,*,#3862,.F.);
#3862 = EDGE_CURVE('',#3863,#3865,#3867,.T.);
#3863 = VERTEX_POINT('',#3864);
#3864 = CARTESIAN_POINT('',(-2.65,-0.6,23.15));
#3865 = VERTEX_POINT('',#3866);
#3866 = CARTESIAN_POINT('',(-2.65,62.25,23.15));
#3867 = LINE('',#3868,#3869);
#3868 = CARTESIAN_POINT('',(-2.65,-0.6,23.15));
#3869 = VECTOR('',#3870,1.);
#3870 = DIRECTION('',(-0.,1.,0.));
#3871 = ORIENTED_EDGE('',*,*,#3872,.F.);
#3872 = EDGE_CURVE('',#1406,#3863,#3873,.T.);
#3873 = CIRCLE('',#3874,2.4);
#3874 = AXIS2_PLACEMENT_3D('',#3875,#3876,#3877);
#3875 = CARTESIAN_POINT('',(-0.25,-0.6,23.15));
#3876 = DIRECTION('',(-0.,0.,-1.));
#3877 = DIRECTION('',(-2.405483220021E-16,-1.,0.));
#3878 = ORIENTED_EDGE('',*,*,#1413,.F.);
#3879 = ORIENTED_EDGE('',*,*,#3592,.F.);
#3880 = ORIENTED_EDGE('',*,*,#3652,.F.);
#3881 = ORIENTED_EDGE('',*,*,#3617,.F.);
#3882 = ORIENTED_EDGE('',*,*,#2470,.F.);
#3883 = ORIENTED_EDGE('',*,*,#3884,.F.);
#3884 = EDGE_CURVE('',#3865,#2454,#3885,.T.);
#3885 = CIRCLE('',#3886,2.4);
#3886 = AXIS2_PLACEMENT_3D('',#3887,#3888,#3889);
#3887 = CARTESIAN_POINT('',(-0.25,62.25,23.15));
#3888 = DIRECTION('',(-0.,0.,-1.));
#3889 = DIRECTION('',(-1.,2.368475785867E-15,0.));
#3890 = FACE_BOUND('',#3891,.T.);
#3891 = EDGE_LOOP('',(#3892,#3902,#3910,#3918));
#3892 = ORIENTED_EDGE('',*,*,#3893,.T.);
#3893 = EDGE_CURVE('',#3894,#3896,#3898,.T.);
#3894 = VERTEX_POINT('',#3895);
#3895 = CARTESIAN_POINT('',(92.6,-1.6,23.15));
#3896 = VERTEX_POINT('',#3897);
#3897 = CARTESIAN_POINT('',(-1.25,-1.6,23.15));
#3898 = LINE('',#3899,#3900);
#3899 = CARTESIAN_POINT('',(-2.25,-1.6,23.15));
#3900 = VECTOR('',#3901,1.);
#3901 = DIRECTION('',(-1.,-0.,0.));
#3902 = ORIENTED_EDGE('',*,*,#3903,.T.);
#3903 = EDGE_CURVE('',#3896,#3904,#3906,.T.);
#3904 = VERTEX_POINT('',#3905);
#3905 = CARTESIAN_POINT('',(-1.25,63.25,23.15));
#3906 = LINE('',#3907,#3908);
#3907 = CARTESIAN_POINT('',(-1.25,-2.6,23.15));
#3908 = VECTOR('',#3909,1.);
#3909 = DIRECTION('',(-0.,1.,0.));
#3910 = ORIENTED_EDGE('',*,*,#3911,.F.);
#3911 = EDGE_CURVE('',#3912,#3904,#3914,.T.);
#3912 = VERTEX_POINT('',#3913);
#3913 = CARTESIAN_POINT('',(92.6,63.25,23.15));
#3914 = LINE('',#3915,#3916);
#3915 = CARTESIAN_POINT('',(-2.25,63.25,23.15));
#3916 = VECTOR('',#3917,1.);
#3917 = DIRECTION('',(-1.,-0.,0.));
#3918 = ORIENTED_EDGE('',*,*,#3919,.F.);
#3919 = EDGE_CURVE('',#3894,#3912,#3920,.T.);
#3920 = LINE('',#3921,#3922);
#3921 = CARTESIAN_POINT('',(92.6,-2.6,23.15));
#3922 = VECTOR('',#3923,1.);
#3923 = DIRECTION('',(-0.,1.,0.));
#3924 = PLANE('',#3925);
#3925 = AXIS2_PLACEMENT_3D('',#3926,#3927,#3928);
#3926 = CARTESIAN_POINT('',(-3.25,-3.6,23.15));
#3927 = DIRECTION('',(0.,0.,1.));
#3928 = DIRECTION('',(1.,0.,-0.));
#3929 = ADVANCED_FACE('',(#3930),#3941,.T.);
#3930 = FACE_BOUND('',#3931,.F.);
#3931 = EDGE_LOOP('',(#3932,#3933,#3934,#3940));
#3932 = ORIENTED_EDGE('',*,*,#1405,.F.);
#3933 = ORIENTED_EDGE('',*,*,#1445,.T.);
#3934 = ORIENTED_EDGE('',*,*,#3935,.T.);
#3935 = EDGE_CURVE('',#1430,#3863,#3936,.T.);
#3936 = LINE('',#3937,#3938);
#3937 = CARTESIAN_POINT('',(-2.95,-0.6,22.85));
#3938 = VECTOR('',#3939,1.);
#3939 = DIRECTION('',(0.707106781187,-0.,0.707106781187));
#3940 = ORIENTED_EDGE('',*,*,#3872,.F.);
#3941 = CONICAL_SURFACE('',#3942,3.,0.785398163397);
#3942 = AXIS2_PLACEMENT_3D('',#3943,#3944,#3945);
#3943 = CARTESIAN_POINT('',(-0.25,-0.6,22.55));
#3944 = DIRECTION('',(-0.,-0.,-1.));
#3945 = DIRECTION('',(-2.405483220021E-16,-1.,0.));
#3946 = ADVANCED_FACE('',(#3947),#3958,.F.);
#3947 = FACE_BOUND('',#3948,.F.);
#3948 = EDGE_LOOP('',(#3949,#3950,#3951,#3952));
#3949 = ORIENTED_EDGE('',*,*,#1427,.F.);
#3950 = ORIENTED_EDGE('',*,*,#1478,.F.);
#3951 = ORIENTED_EDGE('',*,*,#2484,.T.);
#3952 = ORIENTED_EDGE('',*,*,#3953,.F.);
#3953 = EDGE_CURVE('',#1430,#2485,#3954,.T.);
#3954 = LINE('',#3955,#3956);
#3955 = CARTESIAN_POINT('',(-3.25,-0.6,22.55));
#3956 = VECTOR('',#3957,1.);
#3957 = DIRECTION('',(-0.,1.,0.));
#3958 = PLANE('',#3959);
#3959 = AXIS2_PLACEMENT_3D('',#3960,#3961,#3962);
#3960 = CARTESIAN_POINT('',(-3.25,-3.6,0.));
#3961 = DIRECTION('',(1.,0.,-0.));
#3962 = DIRECTION('',(0.,0.,1.));
#3963 = ADVANCED_FACE('',(#3964,#4003,#4009,#4015,#4021,#4027,#4033,
    #4039,#4045,#4051,#4057),#4063,.T.);
#3964 = FACE_BOUND('',#3965,.T.);
#3965 = EDGE_LOOP('',(#3966,#3974,#3982,#3988,#3989,#3995,#3996,#4002));
#3966 = ORIENTED_EDGE('',*,*,#3967,.F.);
#3967 = EDGE_CURVE('',#3968,#3496,#3970,.T.);
#3968 = VERTEX_POINT('',#3969);
#3969 = CARTESIAN_POINT('',(92.6,-1.6,2.));
#3970 = LINE('',#3971,#3972);
#3971 = CARTESIAN_POINT('',(92.6,-1.6,2.));
#3972 = VECTOR('',#3973,1.);
#3973 = DIRECTION('',(0.,0.,1.));
#3974 = ORIENTED_EDGE('',*,*,#3975,.F.);
#3975 = EDGE_CURVE('',#3976,#3968,#3978,.T.);
#3976 = VERTEX_POINT('',#3977);
#3977 = CARTESIAN_POINT('',(-1.25,-1.6,2.));
#3978 = LINE('',#3979,#3980);
#3979 = CARTESIAN_POINT('',(-1.25,-1.6,2.));
#3980 = VECTOR('',#3981,1.);
#3981 = DIRECTION('',(1.,0.,-0.));
#3982 = ORIENTED_EDGE('',*,*,#3983,.T.);
#3983 = EDGE_CURVE('',#3976,#3896,#3984,.T.);
#3984 = LINE('',#3985,#3986);
#3985 = CARTESIAN_POINT('',(-1.25,-1.6,2.));
#3986 = VECTOR('',#3987,1.);
#3987 = DIRECTION('',(0.,0.,1.));
#3988 = ORIENTED_EDGE('',*,*,#3893,.F.);
#3989 = ORIENTED_EDGE('',*,*,#3990,.F.);
#3990 = EDGE_CURVE('',#3561,#3894,#3991,.T.);
#3991 = LINE('',#3992,#3993);
#3992 = CARTESIAN_POINT('',(92.6,-1.6,2.));
#3993 = VECTOR('',#3994,1.);
#3994 = DIRECTION('',(0.,0.,1.));
#3995 = ORIENTED_EDGE('',*,*,#3568,.F.);
#3996 = ORIENTED_EDGE('',*,*,#3997,.T.);
#3997 = EDGE_CURVE('',#3542,#3472,#3998,.T.);
#3998 = LINE('',#3999,#4000);
#3999 = CARTESIAN_POINT('',(92.1,-1.6,3.75));
#4000 = VECTOR('',#4001,1.);
#4001 = DIRECTION('',(-0.,0.,-1.));
#4002 = ORIENTED_EDGE('',*,*,#3503,.T.);
#4003 = FACE_BOUND('',#4004,.T.);
#4004 = EDGE_LOOP('',(#4005,#4006,#4007,#4008));
#4005 = ORIENTED_EDGE('',*,*,#1510,.F.);
#4006 = ORIENTED_EDGE('',*,*,#1534,.T.);
#4007 = ORIENTED_EDGE('',*,*,#1575,.T.);
#4008 = ORIENTED_EDGE('',*,*,#1558,.F.);
#4009 = FACE_BOUND('',#4010,.T.);
#4010 = EDGE_LOOP('',(#4011,#4012,#4013,#4014));
#4011 = ORIENTED_EDGE('',*,*,#1606,.F.);
#4012 = ORIENTED_EDGE('',*,*,#1630,.T.);
#4013 = ORIENTED_EDGE('',*,*,#1671,.T.);
#4014 = ORIENTED_EDGE('',*,*,#1654,.F.);
#4015 = FACE_BOUND('',#4016,.T.);
#4016 = EDGE_LOOP('',(#4017,#4018,#4019,#4020));
#4017 = ORIENTED_EDGE('',*,*,#1702,.F.);
#4018 = ORIENTED_EDGE('',*,*,#1726,.T.);
#4019 = ORIENTED_EDGE('',*,*,#1767,.T.);
#4020 = ORIENTED_EDGE('',*,*,#1750,.F.);
#4021 = FACE_BOUND('',#4022,.T.);
#4022 = EDGE_LOOP('',(#4023,#4024,#4025,#4026));
#4023 = ORIENTED_EDGE('',*,*,#1798,.F.);
#4024 = ORIENTED_EDGE('',*,*,#1822,.T.);
#4025 = ORIENTED_EDGE('',*,*,#1863,.T.);
#4026 = ORIENTED_EDGE('',*,*,#1846,.F.);
#4027 = FACE_BOUND('',#4028,.T.);
#4028 = EDGE_LOOP('',(#4029,#4030,#4031,#4032));
#4029 = ORIENTED_EDGE('',*,*,#1894,.F.);
#4030 = ORIENTED_EDGE('',*,*,#1918,.T.);
#4031 = ORIENTED_EDGE('',*,*,#1959,.T.);
#4032 = ORIENTED_EDGE('',*,*,#1942,.F.);
#4033 = FACE_BOUND('',#4034,.T.);
#4034 = EDGE_LOOP('',(#4035,#4036,#4037,#4038));
#4035 = ORIENTED_EDGE('',*,*,#1990,.F.);
#4036 = ORIENTED_EDGE('',*,*,#2014,.T.);
#4037 = ORIENTED_EDGE('',*,*,#2055,.T.);
#4038 = ORIENTED_EDGE('',*,*,#2038,.F.);
#4039 = FACE_BOUND('',#4040,.T.);
#4040 = EDGE_LOOP('',(#4041,#4042,#4043,#4044));
#4041 = ORIENTED_EDGE('',*,*,#2086,.F.);
#4042 = ORIENTED_EDGE('',*,*,#2110,.T.);
#4043 = ORIENTED_EDGE('',*,*,#2151,.T.);
#4044 = ORIENTED_EDGE('',*,*,#2134,.F.);
#4045 = FACE_BOUND('',#4046,.T.);
#4046 = EDGE_LOOP('',(#4047,#4048,#4049,#4050));
#4047 = ORIENTED_EDGE('',*,*,#2182,.F.);
#4048 = ORIENTED_EDGE('',*,*,#2206,.T.);
#4049 = ORIENTED_EDGE('',*,*,#2247,.T.);
#4050 = ORIENTED_EDGE('',*,*,#2230,.F.);
#4051 = FACE_BOUND('',#4052,.T.);
#4052 = EDGE_LOOP('',(#4053,#4054,#4055,#4056));
#4053 = ORIENTED_EDGE('',*,*,#2278,.F.);
#4054 = ORIENTED_EDGE('',*,*,#2302,.T.);
#4055 = ORIENTED_EDGE('',*,*,#2343,.T.);
#4056 = ORIENTED_EDGE('',*,*,#2326,.F.);
#4057 = FACE_BOUND('',#4058,.T.);
#4058 = EDGE_LOOP('',(#4059,#4060,#4061,#4062));
#4059 = ORIENTED_EDGE('',*,*,#2374,.F.);
#4060 = ORIENTED_EDGE('',*,*,#2439,.T.);
#4061 = ORIENTED_EDGE('',*,*,#2422,.T.);
#4062 = ORIENTED_EDGE('',*,*,#2398,.F.);
#4063 = PLANE('',#4064);
#4064 = AXIS2_PLACEMENT_3D('',#4065,#4066,#4067);
#4065 = CARTESIAN_POINT('',(-1.25,-1.6,2.));
#4066 = DIRECTION('',(-0.,1.,0.));
#4067 = DIRECTION('',(0.,0.,1.));
#4068 = ADVANCED_FACE('',(#4069),#4080,.T.);
#4069 = FACE_BOUND('',#4070,.F.);
#4070 = EDGE_LOOP('',(#4071,#4077,#4078,#4079));
#4071 = ORIENTED_EDGE('',*,*,#4072,.F.);
#4072 = EDGE_CURVE('',#2485,#3865,#4073,.T.);
#4073 = LINE('',#4074,#4075);
#4074 = CARTESIAN_POINT('',(-2.95,62.25,22.85));
#4075 = VECTOR('',#4076,1.);
#4076 = DIRECTION('',(0.707106781187,-0.,0.707106781187));
#4077 = ORIENTED_EDGE('',*,*,#2494,.T.);
#4078 = ORIENTED_EDGE('',*,*,#2453,.T.);
#4079 = ORIENTED_EDGE('',*,*,#3884,.F.);
#4080 = CONICAL_SURFACE('',#4081,3.,0.785398163397);
#4081 = AXIS2_PLACEMENT_3D('',#4082,#4083,#4084);
#4082 = CARTESIAN_POINT('',(-0.25,62.25,22.55));
#4083 = DIRECTION('',(-0.,-0.,-1.));
#4084 = DIRECTION('',(-1.,2.368475785867E-15,0.));
#4085 = ADVANCED_FACE('',(#4086,#4111,#4117,#4123,#4129,#4135,#4141,
    #4147,#4153,#4159,#4165),#4171,.F.);
#4086 = FACE_BOUND('',#4087,.F.);
#4087 = EDGE_LOOP('',(#4088,#4096,#4104,#4110));
#4088 = ORIENTED_EDGE('',*,*,#4089,.F.);
#4089 = EDGE_CURVE('',#4090,#3912,#4092,.T.);
#4090 = VERTEX_POINT('',#4091);
#4091 = CARTESIAN_POINT('',(92.6,63.25,2.));
#4092 = LINE('',#4093,#4094);
#4093 = CARTESIAN_POINT('',(92.6,63.25,2.));
#4094 = VECTOR('',#4095,1.);
#4095 = DIRECTION('',(0.,0.,1.));
#4096 = ORIENTED_EDGE('',*,*,#4097,.F.);
#4097 = EDGE_CURVE('',#4098,#4090,#4100,.T.);
#4098 = VERTEX_POINT('',#4099);
#4099 = CARTESIAN_POINT('',(-1.25,63.25,2.));
#4100 = LINE('',#4101,#4102);
#4101 = CARTESIAN_POINT('',(-1.25,63.25,2.));
#4102 = VECTOR('',#4103,1.);
#4103 = DIRECTION('',(1.,0.,-0.));
#4104 = ORIENTED_EDGE('',*,*,#4105,.T.);
#4105 = EDGE_CURVE('',#4098,#3904,#4106,.T.);
#4106 = LINE('',#4107,#4108);
#4107 = CARTESIAN_POINT('',(-1.25,63.25,2.));
#4108 = VECTOR('',#4109,1.);
#4109 = DIRECTION('',(0.,0.,1.));
#4110 = ORIENTED_EDGE('',*,*,#3911,.F.);
#4111 = FACE_BOUND('',#4112,.F.);
#4112 = EDGE_LOOP('',(#4113,#4114,#4115,#4116));
#4113 = ORIENTED_EDGE('',*,*,#2517,.F.);
#4114 = ORIENTED_EDGE('',*,*,#2541,.T.);
#4115 = ORIENTED_EDGE('',*,*,#2589,.T.);
#4116 = ORIENTED_EDGE('',*,*,#2565,.F.);
#4117 = FACE_BOUND('',#4118,.F.);
#4118 = EDGE_LOOP('',(#4119,#4120,#4121,#4122));
#4119 = ORIENTED_EDGE('',*,*,#2613,.F.);
#4120 = ORIENTED_EDGE('',*,*,#2637,.T.);
#4121 = ORIENTED_EDGE('',*,*,#2685,.T.);
#4122 = ORIENTED_EDGE('',*,*,#2661,.F.);
#4123 = FACE_BOUND('',#4124,.F.);
#4124 = EDGE_LOOP('',(#4125,#4126,#4127,#4128));
#4125 = ORIENTED_EDGE('',*,*,#2709,.F.);
#4126 = ORIENTED_EDGE('',*,*,#2733,.T.);
#4127 = ORIENTED_EDGE('',*,*,#2781,.T.);
#4128 = ORIENTED_EDGE('',*,*,#2757,.F.);
#4129 = FACE_BOUND('',#4130,.F.);
#4130 = EDGE_LOOP('',(#4131,#4132,#4133,#4134));
#4131 = ORIENTED_EDGE('',*,*,#2805,.F.);
#4132 = ORIENTED_EDGE('',*,*,#2829,.T.);
#4133 = ORIENTED_EDGE('',*,*,#2877,.T.);
#4134 = ORIENTED_EDGE('',*,*,#2853,.F.);
#4135 = FACE_BOUND('',#4136,.F.);
#4136 = EDGE_LOOP('',(#4137,#4138,#4139,#4140));
#4137 = ORIENTED_EDGE('',*,*,#2901,.F.);
#4138 = ORIENTED_EDGE('',*,*,#2925,.T.);
#4139 = ORIENTED_EDGE('',*,*,#2973,.T.);
#4140 = ORIENTED_EDGE('',*,*,#2949,.F.);
#4141 = FACE_BOUND('',#4142,.F.);
#4142 = EDGE_LOOP('',(#4143,#4144,#4145,#4146));
#4143 = ORIENTED_EDGE('',*,*,#2997,.F.);
#4144 = ORIENTED_EDGE('',*,*,#3021,.T.);
#4145 = ORIENTED_EDGE('',*,*,#3069,.T.);
#4146 = ORIENTED_EDGE('',*,*,#3045,.F.);
#4147 = FACE_BOUND('',#4148,.F.);
#4148 = EDGE_LOOP('',(#4149,#4150,#4151,#4152));
#4149 = ORIENTED_EDGE('',*,*,#3093,.F.);
#4150 = ORIENTED_EDGE('',*,*,#3117,.T.);
#4151 = ORIENTED_EDGE('',*,*,#3165,.T.);
#4152 = ORIENTED_EDGE('',*,*,#3141,.F.);
#4153 = FACE_BOUND('',#4154,.F.);
#4154 = EDGE_LOOP('',(#4155,#4156,#4157,#4158));
#4155 = ORIENTED_EDGE('',*,*,#3189,.F.);
#4156 = ORIENTED_EDGE('',*,*,#3213,.T.);
#4157 = ORIENTED_EDGE('',*,*,#3261,.T.);
#4158 = ORIENTED_EDGE('',*,*,#3237,.F.);
#4159 = FACE_BOUND('',#4160,.F.);
#4160 = EDGE_LOOP('',(#4161,#4162,#4163,#4164));
#4161 = ORIENTED_EDGE('',*,*,#3285,.F.);
#4162 = ORIENTED_EDGE('',*,*,#3309,.T.);
#4163 = ORIENTED_EDGE('',*,*,#3357,.T.);
#4164 = ORIENTED_EDGE('',*,*,#3333,.F.);
#4165 = FACE_BOUND('',#4166,.F.);
#4166 = EDGE_LOOP('',(#4167,#4168,#4169,#4170));
#4167 = ORIENTED_EDGE('',*,*,#3381,.F.);
#4168 = ORIENTED_EDGE('',*,*,#3453,.T.);
#4169 = ORIENTED_EDGE('',*,*,#3436,.T.);
#4170 = ORIENTED_EDGE('',*,*,#3405,.F.);
#4171 = PLANE('',#4172);
#4172 = AXIS2_PLACEMENT_3D('',#4173,#4174,#4175);
#4173 = CARTESIAN_POINT('',(-1.25,63.25,2.));
#4174 = DIRECTION('',(-0.,1.,0.));
#4175 = DIRECTION('',(0.,0.,1.));
#4176 = ADVANCED_FACE('',(#4177),#4183,.T.);
#4177 = FACE_BOUND('',#4178,.T.);
#4178 = EDGE_LOOP('',(#4179,#4180,#4181,#4182));
#4179 = ORIENTED_EDGE('',*,*,#3541,.F.);
#4180 = ORIENTED_EDGE('',*,*,#3518,.F.);
#4181 = ORIENTED_EDGE('',*,*,#3469,.T.);
#4182 = ORIENTED_EDGE('',*,*,#3997,.F.);
#4183 = PLANE('',#4184);
#4184 = AXIS2_PLACEMENT_3D('',#4185,#4186,#4187);
#4185 = CARTESIAN_POINT('',(92.1,-1.8,5.5));
#4186 = DIRECTION('',(1.,0.,-0.));
#4187 = DIRECTION('',(0.,0.,1.));
#4188 = ADVANCED_FACE('',(#4189,#4204),#4214,.F.);
#4189 = FACE_BOUND('',#4190,.F.);
#4190 = EDGE_LOOP('',(#4191,#4192,#4198,#4199,#4200,#4201,#4202,#4203));
#4191 = ORIENTED_EDGE('',*,*,#3967,.F.);
#4192 = ORIENTED_EDGE('',*,*,#4193,.T.);
#4193 = EDGE_CURVE('',#3968,#4090,#4194,.T.);
#4194 = LINE('',#4195,#4196);
#4195 = CARTESIAN_POINT('',(92.6,-1.6,2.));
#4196 = VECTOR('',#4197,1.);
#4197 = DIRECTION('',(-0.,1.,0.));
#4198 = ORIENTED_EDGE('',*,*,#4089,.T.);
#4199 = ORIENTED_EDGE('',*,*,#3919,.F.);
#4200 = ORIENTED_EDGE('',*,*,#3990,.F.);
#4201 = ORIENTED_EDGE('',*,*,#3560,.F.);
#4202 = ORIENTED_EDGE('',*,*,#3633,.F.);
#4203 = ORIENTED_EDGE('',*,*,#3495,.T.);
#4204 = FACE_BOUND('',#4205,.F.);
#4205 = EDGE_LOOP('',(#4206,#4207,#4208,#4209,#4210,#4211,#4212,#4213));
#4206 = ORIENTED_EDGE('',*,*,#3675,.F.);
#4207 = ORIENTED_EDGE('',*,*,#3698,.T.);
#4208 = ORIENTED_EDGE('',*,*,#3755,.F.);
#4209 = ORIENTED_EDGE('',*,*,#3797,.T.);
#4210 = ORIENTED_EDGE('',*,*,#3846,.F.);
#4211 = ORIENTED_EDGE('',*,*,#3820,.F.);
#4212 = ORIENTED_EDGE('',*,*,#3773,.F.);
#4213 = ORIENTED_EDGE('',*,*,#3723,.F.);
#4214 = PLANE('',#4215);
#4215 = AXIS2_PLACEMENT_3D('',#4216,#4217,#4218);
#4216 = CARTESIAN_POINT('',(92.6,-1.6,2.));
#4217 = DIRECTION('',(1.,0.,-0.));
#4218 = DIRECTION('',(0.,0.,1.));
#4219 = ADVANCED_FACE('',(#4220),#4226,.F.);
#4220 = FACE_BOUND('',#4221,.F.);
#4221 = EDGE_LOOP('',(#4222,#4223,#4224,#4225));
#4222 = ORIENTED_EDGE('',*,*,#3935,.F.);
#4223 = ORIENTED_EDGE('',*,*,#3953,.T.);
#4224 = ORIENTED_EDGE('',*,*,#4072,.T.);
#4225 = ORIENTED_EDGE('',*,*,#3862,.F.);
#4226 = PLANE('',#4227);
#4227 = AXIS2_PLACEMENT_3D('',#4228,#4229,#4230);
#4228 = CARTESIAN_POINT('',(-2.95,-0.6,22.85));
#4229 = DIRECTION('',(0.707106781187,0.,-0.707106781187));
#4230 = DIRECTION('',(0.,1.,0.));
#4231 = ADVANCED_FACE('',(#4232),#4243,.T.);
#4232 = FACE_BOUND('',#4233,.T.);
#4233 = EDGE_LOOP('',(#4234,#4235,#4241,#4242));
#4234 = ORIENTED_EDGE('',*,*,#3983,.F.);
#4235 = ORIENTED_EDGE('',*,*,#4236,.T.);
#4236 = EDGE_CURVE('',#3976,#4098,#4237,.T.);
#4237 = LINE('',#4238,#4239);
#4238 = CARTESIAN_POINT('',(-1.25,-1.6,2.));
#4239 = VECTOR('',#4240,1.);
#4240 = DIRECTION('',(-0.,1.,0.));
#4241 = ORIENTED_EDGE('',*,*,#4105,.T.);
#4242 = ORIENTED_EDGE('',*,*,#3903,.F.);
#4243 = PLANE('',#4244);
#4244 = AXIS2_PLACEMENT_3D('',#4245,#4246,#4247);
#4245 = CARTESIAN_POINT('',(-1.25,-1.6,2.));
#4246 = DIRECTION('',(1.,0.,-0.));
#4247 = DIRECTION('',(0.,0.,1.));
#4248 = ADVANCED_FACE('',(#4249,#4255,#4266,#4277,#4288),#4299,.T.);
#4249 = FACE_BOUND('',#4250,.T.);
#4250 = EDGE_LOOP('',(#4251,#4252,#4253,#4254));
#4251 = ORIENTED_EDGE('',*,*,#4236,.F.);
#4252 = ORIENTED_EDGE('',*,*,#3975,.T.);
#4253 = ORIENTED_EDGE('',*,*,#4193,.T.);
#4254 = ORIENTED_EDGE('',*,*,#4097,.F.);
#4255 = FACE_BOUND('',#4256,.T.);
#4256 = EDGE_LOOP('',(#4257));
#4257 = ORIENTED_EDGE('',*,*,#4258,.F.);
#4258 = EDGE_CURVE('',#4259,#4259,#4261,.T.);
#4259 = VERTEX_POINT('',#4260);
#4260 = CARTESIAN_POINT('',(5.8,2.8,2.));
#4261 = CIRCLE('',#4262,3.);
#4262 = AXIS2_PLACEMENT_3D('',#4263,#4264,#4265);
#4263 = CARTESIAN_POINT('',(2.8,2.8,2.));
#4264 = DIRECTION('',(0.,0.,1.));
#4265 = DIRECTION('',(1.,0.,-0.));
#4266 = FACE_BOUND('',#4267,.T.);
#4267 = EDGE_LOOP('',(#4268));
#4268 = ORIENTED_EDGE('',*,*,#4269,.F.);
#4269 = EDGE_CURVE('',#4270,#4270,#4272,.T.);
#4270 = VERTEX_POINT('',#4271);
#4271 = CARTESIAN_POINT('',(67.8,2.8,2.));
#4272 = CIRCLE('',#4273,3.);
#4273 = AXIS2_PLACEMENT_3D('',#4274,#4275,#4276);
#4274 = CARTESIAN_POINT('',(64.8,2.8,2.));
#4275 = DIRECTION('',(0.,0.,1.));
#4276 = DIRECTION('',(1.,0.,-0.));
#4277 = FACE_BOUND('',#4278,.T.);
#4278 = EDGE_LOOP('',(#4279));
#4279 = ORIENTED_EDGE('',*,*,#4280,.F.);
#4280 = EDGE_CURVE('',#4281,#4281,#4283,.T.);
#4281 = VERTEX_POINT('',#4282);
#4282 = CARTESIAN_POINT('',(5.8,59.2,2.));
#4283 = CIRCLE('',#4284,3.);
#4284 = AXIS2_PLACEMENT_3D('',#4285,#4286,#4287);
#4285 = CARTESIAN_POINT('',(2.8,59.2,2.));
#4286 = DIRECTION('',(0.,0.,1.));
#4287 = DIRECTION('',(1.,0.,-0.));
#4288 = FACE_BOUND('',#4289,.T.);
#4289 = EDGE_LOOP('',(#4290));
#4290 = ORIENTED_EDGE('',*,*,#4291,.F.);
#4291 = EDGE_CURVE('',#4292,#4292,#4294,.T.);
#4292 = VERTEX_POINT('',#4293);
#4293 = CARTESIAN_POINT('',(67.8,59.2,2.));
#4294 = CIRCLE('',#4295,3.);
#4295 = AXIS2_PLACEMENT_3D('',#4296,#4297,#4298);
#4296 = CARTESIAN_POINT('',(64.8,59.2,2.));
#4297 = DIRECTION('',(0.,0.,1.));
#4298 = DIRECTION('',(1.,0.,-0.));
#4299 = PLANE('',#4300);
#4300 = AXIS2_PLACEMENT_3D('',#4301,#4302,#4303);
#4301 = CARTESIAN_POINT('',(-1.25,-1.6,2.));
#4302 = DIRECTION('',(0.,0.,1.));
#4303 = DIRECTION('',(1.,0.,-0.));
#4304 = ADVANCED_FACE('',(#4305),#4324,.T.);
#4305 = FACE_BOUND('',#4306,.T.);
#4306 = EDGE_LOOP('',(#4307,#4315,#4322,#4323));
#4307 = ORIENTED_EDGE('',*,*,#4308,.T.);
#4308 = EDGE_CURVE('',#4259,#4309,#4311,.T.);
#4309 = VERTEX_POINT('',#4310);
#4310 = CARTESIAN_POINT('',(5.8,2.8,6.));
#4311 = LINE('',#4312,#4313);
#4312 = CARTESIAN_POINT('',(5.8,2.8,1.99));
#4313 = VECTOR('',#4314,1.);
#4314 = DIRECTION('',(0.,0.,1.));
#4315 = ORIENTED_EDGE('',*,*,#4316,.F.);
#4316 = EDGE_CURVE('',#4309,#4309,#4317,.T.);
#4317 = CIRCLE('',#4318,3.);
#4318 = AXIS2_PLACEMENT_3D('',#4319,#4320,#4321);
#4319 = CARTESIAN_POINT('',(2.8,2.8,6.));
#4320 = DIRECTION('',(0.,0.,1.));
#4321 = DIRECTION('',(1.,0.,-0.));
#4322 = ORIENTED_EDGE('',*,*,#4308,.F.);
#4323 = ORIENTED_EDGE('',*,*,#4258,.T.);
#4324 = CYLINDRICAL_SURFACE('',#4325,3.);
#4325 = AXIS2_PLACEMENT_3D('',#4326,#4327,#4328);
#4326 = CARTESIAN_POINT('',(2.8,2.8,1.99));
#4327 = DIRECTION('',(0.,0.,1.));
#4328 = DIRECTION('',(1.,0.,-0.));
#4329 = ADVANCED_FACE('',(#4330),#4349,.T.);
#4330 = FACE_BOUND('',#4331,.T.);
#4331 = EDGE_LOOP('',(#4332,#4340,#4347,#4348));
#4332 = ORIENTED_EDGE('',*,*,#4333,.T.);
#4333 = EDGE_CURVE('',#4270,#4334,#4336,.T.);
#4334 = VERTEX_POINT('',#4335);
#4335 = CARTESIAN_POINT('',(67.8,2.8,6.));
#4336 = LINE('',#4337,#4338);
#4337 = CARTESIAN_POINT('',(67.8,2.8,1.99));
#4338 = VECTOR('',#4339,1.);
#4339 = DIRECTION('',(0.,0.,1.));
#4340 = ORIENTED_EDGE('',*,*,#4341,.F.);
#4341 = EDGE_CURVE('',#4334,#4334,#4342,.T.);
#4342 = CIRCLE('',#4343,3.);
#4343 = AXIS2_PLACEMENT_3D('',#4344,#4345,#4346);
#4344 = CARTESIAN_POINT('',(64.8,2.8,6.));
#4345 = DIRECTION('',(0.,0.,1.));
#4346 = DIRECTION('',(1.,0.,-0.));
#4347 = ORIENTED_EDGE('',*,*,#4333,.F.);
#4348 = ORIENTED_EDGE('',*,*,#4269,.T.);
#4349 = CYLINDRICAL_SURFACE('',#4350,3.);
#4350 = AXIS2_PLACEMENT_3D('',#4351,#4352,#4353);
#4351 = CARTESIAN_POINT('',(64.8,2.8,1.99));
#4352 = DIRECTION('',(0.,0.,1.));
#4353 = DIRECTION('',(1.,0.,-0.));
#4354 = ADVANCED_FACE('',(#4355),#4374,.T.);
#4355 = FACE_BOUND('',#4356,.T.);
#4356 = EDGE_LOOP('',(#4357,#4365,#4372,#4373));
#4357 = ORIENTED_EDGE('',*,*,#4358,.T.);
#4358 = EDGE_CURVE('',#4281,#4359,#4361,.T.);
#4359 = VERTEX_POINT('',#4360);
#4360 = CARTESIAN_POINT('',(5.8,59.2,6.));
#4361 = LINE('',#4362,#4363);
#4362 = CARTESIAN_POINT('',(5.8,59.2,1.99));
#4363 = VECTOR('',#4364,1.);
#4364 = DIRECTION('',(0.,0.,1.));
#4365 = ORIENTED_EDGE('',*,*,#4366,.F.);
#4366 = EDGE_CURVE('',#4359,#4359,#4367,.T.);
#4367 = CIRCLE('',#4368,3.);
#4368 = AXIS2_PLACEMENT_3D('',#4369,#4370,#4371);
#4369 = CARTESIAN_POINT('',(2.8,59.2,6.));
#4370 = DIRECTION('',(0.,0.,1.));
#4371 = DIRECTION('',(1.,0.,-0.));
#4372 = ORIENTED_EDGE('',*,*,#4358,.F.);
#4373 = ORIENTED_EDGE('',*,*,#4280,.T.);
#4374 = CYLINDRICAL_SURFACE('',#4375,3.);
#4375 = AXIS2_PLACEMENT_3D('',#4376,#4377,#4378);
#4376 = CARTESIAN_POINT('',(2.8,59.2,1.99));
#4377 = DIRECTION('',(0.,0.,1.));
#4378 = DIRECTION('',(1.,0.,-0.));
#4379 = ADVANCED_FACE('',(#4380),#4399,.T.);
#4380 = FACE_BOUND('',#4381,.T.);
#4381 = EDGE_LOOP('',(#4382,#4390,#4397,#4398));
#4382 = ORIENTED_EDGE('',*,*,#4383,.T.);
#4383 = EDGE_CURVE('',#4292,#4384,#4386,.T.);
#4384 = VERTEX_POINT('',#4385);
#4385 = CARTESIAN_POINT('',(67.8,59.2,6.));
#4386 = LINE('',#4387,#4388);
#4387 = CARTESIAN_POINT('',(67.8,59.2,1.99));
#4388 = VECTOR('',#4389,1.);
#4389 = DIRECTION('',(0.,0.,1.));
#4390 = ORIENTED_EDGE('',*,*,#4391,.F.);
#4391 = EDGE_CURVE('',#4384,#4384,#4392,.T.);
#4392 = CIRCLE('',#4393,3.);
#4393 = AXIS2_PLACEMENT_3D('',#4394,#4395,#4396);
#4394 = CARTESIAN_POINT('',(64.8,59.2,6.));
#4395 = DIRECTION('',(0.,0.,1.));
#4396 = DIRECTION('',(1.,0.,-0.));
#4397 = ORIENTED_EDGE('',*,*,#4383,.F.);
#4398 = ORIENTED_EDGE('',*,*,#4291,.T.);
#4399 = CYLINDRICAL_SURFACE('',#4400,3.);
#4400 = AXIS2_PLACEMENT_3D('',#4401,#4402,#4403);
#4401 = CARTESIAN_POINT('',(64.8,59.2,1.99));
#4402 = DIRECTION('',(0.,0.,1.));
#4403 = DIRECTION('',(1.,0.,-0.));
#4404 = ADVANCED_FACE('',(#4405,#4408),#4419,.T.);
#4405 = FACE_BOUND('',#4406,.T.);
#4406 = EDGE_LOOP('',(#4407));
#4407 = ORIENTED_EDGE('',*,*,#4316,.T.);
#4408 = FACE_BOUND('',#4409,.T.);
#4409 = EDGE_LOOP('',(#4410));
#4410 = ORIENTED_EDGE('',*,*,#4411,.F.);
#4411 = EDGE_CURVE('',#4412,#4412,#4414,.T.);
#4412 = VERTEX_POINT('',#4413);
#4413 = CARTESIAN_POINT('',(4.,2.8,6.));
#4414 = CIRCLE('',#4415,1.2);
#4415 = AXIS2_PLACEMENT_3D('',#4416,#4417,#4418);
#4416 = CARTESIAN_POINT('',(2.8,2.8,6.));
#4417 = DIRECTION('',(0.,0.,1.));
#4418 = DIRECTION('',(1.,0.,-0.));
#4419 = PLANE('',#4420);
#4420 = AXIS2_PLACEMENT_3D('',#4421,#4422,#4423);
#4421 = CARTESIAN_POINT('',(2.8,2.8,6.));
#4422 = DIRECTION('',(0.,0.,1.));
#4423 = DIRECTION('',(1.,0.,-0.));
#4424 = ADVANCED_FACE('',(#4425,#4428),#4439,.T.);
#4425 = FACE_BOUND('',#4426,.T.);
#4426 = EDGE_LOOP('',(#4427));
#4427 = ORIENTED_EDGE('',*,*,#4341,.T.);
#4428 = FACE_BOUND('',#4429,.T.);
#4429 = EDGE_LOOP('',(#4430));
#4430 = ORIENTED_EDGE('',*,*,#4431,.F.);
#4431 = EDGE_CURVE('',#4432,#4432,#4434,.T.);
#4432 = VERTEX_POINT('',#4433);
#4433 = CARTESIAN_POINT('',(66.,2.8,6.));
#4434 = CIRCLE('',#4435,1.2);
#4435 = AXIS2_PLACEMENT_3D('',#4436,#4437,#4438);
#4436 = CARTESIAN_POINT('',(64.8,2.8,6.));
#4437 = DIRECTION('',(0.,0.,1.));
#4438 = DIRECTION('',(1.,0.,-0.));
#4439 = PLANE('',#4440);
#4440 = AXIS2_PLACEMENT_3D('',#4441,#4442,#4443);
#4441 = CARTESIAN_POINT('',(64.8,2.8,6.));
#4442 = DIRECTION('',(0.,0.,1.));
#4443 = DIRECTION('',(1.,0.,-0.));
#4444 = ADVANCED_FACE('',(#4445,#4448),#4459,.T.);
#4445 = FACE_BOUND('',#4446,.T.);
#4446 = EDGE_LOOP('',(#4447));
#4447 = ORIENTED_EDGE('',*,*,#4366,.T.);
#4448 = FACE_BOUND('',#4449,.T.);
#4449 = EDGE_LOOP('',(#4450));
#4450 = ORIENTED_EDGE('',*,*,#4451,.F.);
#4451 = EDGE_CURVE('',#4452,#4452,#4454,.T.);
#4452 = VERTEX_POINT('',#4453);
#4453 = CARTESIAN_POINT('',(4.,59.2,6.));
#4454 = CIRCLE('',#4455,1.2);
#4455 = AXIS2_PLACEMENT_3D('',#4456,#4457,#4458);
#4456 = CARTESIAN_POINT('',(2.8,59.2,6.));
#4457 = DIRECTION('',(0.,0.,1.));
#4458 = DIRECTION('',(1.,0.,-0.));
#4459 = PLANE('',#4460);
#4460 = AXIS2_PLACEMENT_3D('',#4461,#4462,#4463);
#4461 = CARTESIAN_POINT('',(2.8,59.2,6.));
#4462 = DIRECTION('',(0.,0.,1.));
#4463 = DIRECTION('',(1.,0.,-0.));
#4464 = ADVANCED_FACE('',(#4465,#4468),#4479,.T.);
#4465 = FACE_BOUND('',#4466,.T.);
#4466 = EDGE_LOOP('',(#4467));
#4467 = ORIENTED_EDGE('',*,*,#4391,.T.);
#4468 = FACE_BOUND('',#4469,.T.);
#4469 = EDGE_LOOP('',(#4470));
#4470 = ORIENTED_EDGE('',*,*,#4471,.F.);
#4471 = EDGE_CURVE('',#4472,#4472,#4474,.T.);
#4472 = VERTEX_POINT('',#4473);
#4473 = CARTESIAN_POINT('',(66.,59.2,6.));
#4474 = CIRCLE('',#4475,1.2);
#4475 = AXIS2_PLACEMENT_3D('',#4476,#4477,#4478);
#4476 = CARTESIAN_POINT('',(64.8,59.2,6.));
#4477 = DIRECTION('',(0.,0.,1.));
#4478 = DIRECTION('',(1.,0.,-0.));
#4479 = PLANE('',#4480);
#4480 = AXIS2_PLACEMENT_3D('',#4481,#4482,#4483);
#4481 = CARTESIAN_POINT('',(64.8,59.2,6.));
#4482 = DIRECTION('',(0.,0.,1.));
#4483 = DIRECTION('',(1.,0.,-0.));
#4484 = ADVANCED_FACE('',(#4485),#4504,.T.);
#4485 = FACE_BOUND('',#4486,.T.);
#4486 = EDGE_LOOP('',(#4487,#4495,#4502,#4503));
#4487 = ORIENTED_EDGE('',*,*,#4488,.T.);
#4488 = EDGE_CURVE('',#4412,#4489,#4491,.T.);
#4489 = VERTEX_POINT('',#4490);
#4490 = CARTESIAN_POINT('',(4.,2.8,8.4));
#4491 = LINE('',#4492,#4493);
#4492 = CARTESIAN_POINT('',(4.,2.8,5.99));
#4493 = VECTOR('',#4494,1.);
#4494 = DIRECTION('',(0.,0.,1.));
#4495 = ORIENTED_EDGE('',*,*,#4496,.F.);
#4496 = EDGE_CURVE('',#4489,#4489,#4497,.T.);
#4497 = CIRCLE('',#4498,1.2);
#4498 = AXIS2_PLACEMENT_3D('',#4499,#4500,#4501);
#4499 = CARTESIAN_POINT('',(2.8,2.8,8.4));
#4500 = DIRECTION('',(0.,0.,1.));
#4501 = DIRECTION('',(1.,0.,-0.));
#4502 = ORIENTED_EDGE('',*,*,#4488,.F.);
#4503 = ORIENTED_EDGE('',*,*,#4411,.T.);
#4504 = CYLINDRICAL_SURFACE('',#4505,1.2);
#4505 = AXIS2_PLACEMENT_3D('',#4506,#4507,#4508);
#4506 = CARTESIAN_POINT('',(2.8,2.8,5.99));
#4507 = DIRECTION('',(0.,0.,1.));
#4508 = DIRECTION('',(1.,0.,-0.));
#4509 = ADVANCED_FACE('',(#4510),#4529,.T.);
#4510 = FACE_BOUND('',#4511,.T.);
#4511 = EDGE_LOOP('',(#4512,#4520,#4527,#4528));
#4512 = ORIENTED_EDGE('',*,*,#4513,.T.);
#4513 = EDGE_CURVE('',#4432,#4514,#4516,.T.);
#4514 = VERTEX_POINT('',#4515);
#4515 = CARTESIAN_POINT('',(66.,2.8,8.4));
#4516 = LINE('',#4517,#4518);
#4517 = CARTESIAN_POINT('',(66.,2.8,5.99));
#4518 = VECTOR('',#4519,1.);
#4519 = DIRECTION('',(0.,0.,1.));
#4520 = ORIENTED_EDGE('',*,*,#4521,.F.);
#4521 = EDGE_CURVE('',#4514,#4514,#4522,.T.);
#4522 = CIRCLE('',#4523,1.2);
#4523 = AXIS2_PLACEMENT_3D('',#4524,#4525,#4526);
#4524 = CARTESIAN_POINT('',(64.8,2.8,8.4));
#4525 = DIRECTION('',(0.,0.,1.));
#4526 = DIRECTION('',(1.,0.,-0.));
#4527 = ORIENTED_EDGE('',*,*,#4513,.F.);
#4528 = ORIENTED_EDGE('',*,*,#4431,.T.);
#4529 = CYLINDRICAL_SURFACE('',#4530,1.2);
#4530 = AXIS2_PLACEMENT_3D('',#4531,#4532,#4533);
#4531 = CARTESIAN_POINT('',(64.8,2.8,5.99));
#4532 = DIRECTION('',(0.,0.,1.));
#4533 = DIRECTION('',(1.,0.,-0.));
#4534 = ADVANCED_FACE('',(#4535),#4554,.T.);
#4535 = FACE_BOUND('',#4536,.T.);
#4536 = EDGE_LOOP('',(#4537,#4545,#4552,#4553));
#4537 = ORIENTED_EDGE('',*,*,#4538,.T.);
#4538 = EDGE_CURVE('',#4452,#4539,#4541,.T.);
#4539 = VERTEX_POINT('',#4540);
#4540 = CARTESIAN_POINT('',(4.,59.2,8.4));
#4541 = LINE('',#4542,#4543);
#4542 = CARTESIAN_POINT('',(4.,59.2,5.99));
#4543 = VECTOR('',#4544,1.);
#4544 = DIRECTION('',(0.,0.,1.));
#4545 = ORIENTED_EDGE('',*,*,#4546,.F.);
#4546 = EDGE_CURVE('',#4539,#4539,#4547,.T.);
#4547 = CIRCLE('',#4548,1.2);
#4548 = AXIS2_PLACEMENT_3D('',#4549,#4550,#4551);
#4549 = CARTESIAN_POINT('',(2.8,59.2,8.4));
#4550 = DIRECTION('',(0.,0.,1.));
#4551 = DIRECTION('',(1.,0.,-0.));
#4552 = ORIENTED_EDGE('',*,*,#4538,.F.);
#4553 = ORIENTED_EDGE('',*,*,#4451,.T.);
#4554 = CYLINDRICAL_SURFACE('',#4555,1.2);
#4555 = AXIS2_PLACEMENT_3D('',#4556,#4557,#4558);
#4556 = CARTESIAN_POINT('',(2.8,59.2,5.99));
#4557 = DIRECTION('',(0.,0.,1.));
#4558 = DIRECTION('',(1.,0.,-0.));
#4559 = ADVANCED_FACE('',(#4560),#4579,.T.);
#4560 = FACE_BOUND('',#4561,.T.);
#4561 = EDGE_LOOP('',(#4562,#4570,#4577,#4578));
#4562 = ORIENTED_EDGE('',*,*,#4563,.T.);
#4563 = EDGE_CURVE('',#4472,#4564,#4566,.T.);
#4564 = VERTEX_POINT('',#4565);
#4565 = CARTESIAN_POINT('',(66.,59.2,8.4));
#4566 = LINE('',#4567,#4568);
#4567 = CARTESIAN_POINT('',(66.,59.2,5.99));
#4568 = VECTOR('',#4569,1.);
#4569 = DIRECTION('',(0.,0.,1.));
#4570 = ORIENTED_EDGE('',*,*,#4571,.F.);
#4571 = EDGE_CURVE('',#4564,#4564,#4572,.T.);
#4572 = CIRCLE('',#4573,1.2);
#4573 = AXIS2_PLACEMENT_3D('',#4574,#4575,#4576);
#4574 = CARTESIAN_POINT('',(64.8,59.2,8.4));
#4575 = DIRECTION('',(0.,0.,1.));
#4576 = DIRECTION('',(1.,0.,-0.));
#4577 = ORIENTED_EDGE('',*,*,#4563,.F.);
#4578 = ORIENTED_EDGE('',*,*,#4471,.T.);
#4579 = CYLINDRICAL_SURFACE('',#4580,1.2);
#4580 = AXIS2_PLACEMENT_3D('',#4581,#4582,#4583);
#4581 = CARTESIAN_POINT('',(64.8,59.2,5.99));
#4582 = DIRECTION('',(0.,0.,1.));
#4583 = DIRECTION('',(1.,0.,-0.));
#4584 = ADVANCED_FACE('',(#4585),#4604,.T.);
#4585 = FACE_BOUND('',#4586,.T.);
#4586 = EDGE_LOOP('',(#4587,#4596,#4602,#4603));
#4587 = ORIENTED_EDGE('',*,*,#4588,.F.);
#4588 = EDGE_CURVE('',#4589,#4589,#4591,.T.);
#4589 = VERTEX_POINT('',#4590);
#4590 = CARTESIAN_POINT('',(3.6,2.8,9.));
#4591 = CIRCLE('',#4592,0.8);
#4592 = AXIS2_PLACEMENT_3D('',#4593,#4594,#4595);
#4593 = CARTESIAN_POINT('',(2.8,2.8,9.));
#4594 = DIRECTION('',(0.,0.,1.));
#4595 = DIRECTION('',(1.,0.,-0.));
#4596 = ORIENTED_EDGE('',*,*,#4597,.F.);
#4597 = EDGE_CURVE('',#4489,#4589,#4598,.T.);
#4598 = LINE('',#4599,#4600);
#4599 = CARTESIAN_POINT('',(4.,2.8,8.4));
#4600 = VECTOR('',#4601,1.);
#4601 = DIRECTION('',(-0.554700196225,1.358623639587E-16,0.832050294338)
  );
#4602 = ORIENTED_EDGE('',*,*,#4496,.T.);
#4603 = ORIENTED_EDGE('',*,*,#4597,.T.);
#4604 = CONICAL_SURFACE('',#4605,1.2,0.588002603548);
#4605 = AXIS2_PLACEMENT_3D('',#4606,#4607,#4608);
#4606 = CARTESIAN_POINT('',(2.8,2.8,8.4));
#4607 = DIRECTION('',(-0.,-0.,-1.));
#4608 = DIRECTION('',(1.,0.,-0.));
#4609 = ADVANCED_FACE('',(#4610),#4629,.T.);
#4610 = FACE_BOUND('',#4611,.T.);
#4611 = EDGE_LOOP('',(#4612,#4621,#4627,#4628));
#4612 = ORIENTED_EDGE('',*,*,#4613,.F.);
#4613 = EDGE_CURVE('',#4614,#4614,#4616,.T.);
#4614 = VERTEX_POINT('',#4615);
#4615 = CARTESIAN_POINT('',(65.6,2.8,9.));
#4616 = CIRCLE('',#4617,0.8);
#4617 = AXIS2_PLACEMENT_3D('',#4618,#4619,#4620);
#4618 = CARTESIAN_POINT('',(64.8,2.8,9.));
#4619 = DIRECTION('',(0.,0.,1.));
#4620 = DIRECTION('',(1.,0.,-0.));
#4621 = ORIENTED_EDGE('',*,*,#4622,.F.);
#4622 = EDGE_CURVE('',#4514,#4614,#4623,.T.);
#4623 = LINE('',#4624,#4625);
#4624 = CARTESIAN_POINT('',(66.,2.8,8.4));
#4625 = VECTOR('',#4626,1.);
#4626 = DIRECTION('',(-0.554700196225,1.358623639587E-16,0.832050294338)
  );
#4627 = ORIENTED_EDGE('',*,*,#4521,.T.);
#4628 = ORIENTED_EDGE('',*,*,#4622,.T.);
#4629 = CONICAL_SURFACE('',#4630,1.2,0.588002603548);
#4630 = AXIS2_PLACEMENT_3D('',#4631,#4632,#4633);
#4631 = CARTESIAN_POINT('',(64.8,2.8,8.4));
#4632 = DIRECTION('',(-0.,-0.,-1.));
#4633 = DIRECTION('',(1.,0.,-0.));
#4634 = ADVANCED_FACE('',(#4635),#4654,.T.);
#4635 = FACE_BOUND('',#4636,.T.);
#4636 = EDGE_LOOP('',(#4637,#4646,#4652,#4653));
#4637 = ORIENTED_EDGE('',*,*,#4638,.F.);
#4638 = EDGE_CURVE('',#4639,#4639,#4641,.T.);
#4639 = VERTEX_POINT('',#4640);
#4640 = CARTESIAN_POINT('',(3.6,59.2,9.));
#4641 = CIRCLE('',#4642,0.8);
#4642 = AXIS2_PLACEMENT_3D('',#4643,#4644,#4645);
#4643 = CARTESIAN_POINT('',(2.8,59.2,9.));
#4644 = DIRECTION('',(0.,0.,1.));
#4645 = DIRECTION('',(1.,0.,-0.));
#4646 = ORIENTED_EDGE('',*,*,#4647,.F.);
#4647 = EDGE_CURVE('',#4539,#4639,#4648,.T.);
#4648 = LINE('',#4649,#4650);
#4649 = CARTESIAN_POINT('',(4.,59.2,8.4));
#4650 = VECTOR('',#4651,1.);
#4651 = DIRECTION('',(-0.554700196225,1.358623639587E-16,0.832050294338)
  );
#4652 = ORIENTED_EDGE('',*,*,#4546,.T.);
#4653 = ORIENTED_EDGE('',*,*,#4647,.T.);
#4654 = CONICAL_SURFACE('',#4655,1.2,0.588002603548);
#4655 = AXIS2_PLACEMENT_3D('',#4656,#4657,#4658);
#4656 = CARTESIAN_POINT('',(2.8,59.2,8.4));
#4657 = DIRECTION('',(-0.,-0.,-1.));
#4658 = DIRECTION('',(1.,0.,-0.));
#4659 = ADVANCED_FACE('',(#4660),#4679,.T.);
#4660 = FACE_BOUND('',#4661,.T.);
#4661 = EDGE_LOOP('',(#4662,#4671,#4677,#4678));
#4662 = ORIENTED_EDGE('',*,*,#4663,.F.);
#4663 = EDGE_CURVE('',#4664,#4664,#4666,.T.);
#4664 = VERTEX_POINT('',#4665);
#4665 = CARTESIAN_POINT('',(65.6,59.2,9.));
#4666 = CIRCLE('',#4667,0.8);
#4667 = AXIS2_PLACEMENT_3D('',#4668,#4669,#4670);
#4668 = CARTESIAN_POINT('',(64.8,59.2,9.));
#4669 = DIRECTION('',(0.,0.,1.));
#4670 = DIRECTION('',(1.,0.,-0.));
#4671 = ORIENTED_EDGE('',*,*,#4672,.F.);
#4672 = EDGE_CURVE('',#4564,#4664,#4673,.T.);
#4673 = LINE('',#4674,#4675);
#4674 = CARTESIAN_POINT('',(66.,59.2,8.4));
#4675 = VECTOR('',#4676,1.);
#4676 = DIRECTION('',(-0.554700196225,1.358623639587E-16,0.832050294338)
  );
#4677 = ORIENTED_EDGE('',*,*,#4571,.T.);
#4678 = ORIENTED_EDGE('',*,*,#4672,.T.);
#4679 = CONICAL_SURFACE('',#4680,1.2,0.588002603548);
#4680 = AXIS2_PLACEMENT_3D('',#4681,#4682,#4683);
#4681 = CARTESIAN_POINT('',(64.8,59.2,8.4));
#4682 = DIRECTION('',(-0.,-0.,-1.));
#4683 = DIRECTION('',(1.,0.,-0.));
#4684 = ADVANCED_FACE('',(#4685),#4688,.T.);
#4685 = FACE_BOUND('',#4686,.T.);
#4686 = EDGE_LOOP('',(#4687));
#4687 = ORIENTED_EDGE('',*,*,#4588,.T.);
#4688 = PLANE('',#4689);
#4689 = AXIS2_PLACEMENT_3D('',#4690,#4691,#4692);
#4690 = CARTESIAN_POINT('',(2.8,2.8,9.));
#4691 = DIRECTION('',(0.,0.,1.));
#4692 = DIRECTION('',(1.,0.,-0.));
#4693 = ADVANCED_FACE('',(#4694),#4697,.T.);
#4694 = FACE_BOUND('',#4695,.T.);
#4695 = EDGE_LOOP('',(#4696));
#4696 = ORIENTED_EDGE('',*,*,#4613,.T.);
#4697 = PLANE('',#4698);
#4698 = AXIS2_PLACEMENT_3D('',#4699,#4700,#4701);
#4699 = CARTESIAN_POINT('',(64.8,2.8,9.));
#4700 = DIRECTION('',(0.,0.,1.));
#4701 = DIRECTION('',(1.,0.,-0.));
#4702 = ADVANCED_FACE('',(#4703),#4706,.T.);
#4703 = FACE_BOUND('',#4704,.T.);
#4704 = EDGE_LOOP('',(#4705));
#4705 = ORIENTED_EDGE('',*,*,#4638,.T.);
#4706 = PLANE('',#4707);
#4707 = AXIS2_PLACEMENT_3D('',#4708,#4709,#4710);
#4708 = CARTESIAN_POINT('',(2.8,59.2,9.));
#4709 = DIRECTION('',(0.,0.,1.));
#4710 = DIRECTION('',(1.,0.,-0.));
#4711 = ADVANCED_FACE('',(#4712),#4715,.T.);
#4712 = FACE_BOUND('',#4713,.T.);
#4713 = EDGE_LOOP('',(#4714));
#4714 = ORIENTED_EDGE('',*,*,#4663,.T.);
#4715 = PLANE('',#4716);
#4716 = AXIS2_PLACEMENT_3D('',#4717,#4718,#4719);
#4717 = CARTESIAN_POINT('',(64.8,59.2,9.));
#4718 = DIRECTION('',(0.,0.,1.));
#4719 = DIRECTION('',(1.,0.,-0.));
#4720 = ( GEOMETRIC_REPRESENTATION_CONTEXT(3) 
GLOBAL_UNCERTAINTY_ASSIGNED_CONTEXT((#4724)) 
GLOBAL_UNIT_ASSIGNED_CONTEXT((#4721,#4722,#4723)) REPRESENTATION_CONTEXT
('Context #1','3D Context with UNIT and UNCERTAINTY') );
#4721 = ( LENGTH_UNIT() NAMED_UNIT(*) SI_UNIT(.MILLI.,.METRE.) );
#4722 = ( NAMED_UNIT(*) PLANE_ANGLE_UNIT() SI_UNIT($,.RADIAN.) );
#4723 = ( NAMED_UNIT(*) SI_UNIT($,.STERADIAN.) SOLID_ANGLE_UNIT() );
#4724 = UNCERTAINTY_MEASURE_WITH_UNIT(LENGTH_MEASURE(1.E-07),#4721,
  'distance_accuracy_value','confusion accuracy');
#4725 = PRODUCT_RELATED_PRODUCT_CATEGORY('part',$,(#7));
ENDSEC;
END-ISO-10303-21;
