ISO-10303-21;
HEADER;
FILE_DESCRIPTION(('FreeCAD Model'),'2;1');
FILE_NAME('Open CASCADE Shape Model','2026-09-30T13:57:01',('FreeCAD'),(
    'FreeCAD'),'Open CASCADE STEP processor 7.9','FreeCAD','Unknown');
FILE_SCHEMA(('AUTOMOTIVE_DESIGN { 1 0 10303 214 1 1 1 1 }'));
ENDSEC;
DATA;
#1 = APPLICATION_PROTOCOL_DEFINITION('international standard',
  'automotive_design',2000,#2);
#2 = APPLICATION_CONTEXT(
  'core data for automotive mechanical design processes');
#3 = SHAPE_DEFINITION_REPRESENTATION(#4,#10);
#4 = PRODUCT_DEFINITION_SHAPE('','',#5);
#5 = PRODUCT_DEFINITION('design','',#6,#9);
#6 = PRODUCT_DEFINITION_FORMATION('','',#7);
#7 = PRODUCT('Open CASCADE STEP translator 7.9 2',
  'Open CASCADE STEP translator 7.9 2','',(#8));
#8 = PRODUCT_CONTEXT('',#2,'mechanical');
#9 = PRODUCT_DEFINITION_CONTEXT('part definition',#2,'design');
#10 = ADVANCED_BREP_SHAPE_REPRESENTATION('',(#11,#15),#16387);
#11 = AXIS2_PLACEMENT_3D('',#12,#13,#14);
#12 = CARTESIAN_POINT('',(0.,0.,0.));
#13 = DIRECTION('',(0.,0.,1.));
#14 = DIRECTION('',(1.,0.,-0.));
#15 = MANIFOLD_SOLID_BREP('',#16);
#16 = CLOSED_SHELL('',(#17,#4138,#4170,#4202,#4219,#4250,#4274,#4298,
    #4315,#4346,#4370,#4394,#4411,#4442,#4466,#4490,#4507,#4538,#4562,
    #4586,#4603,#4634,#4658,#4682,#4699,#4730,#4754,#4778,#4795,#4826,
    #4850,#4874,#4891,#4922,#4946,#4970,#4987,#5018,#5042,#5066,#5083,
    #5114,#5140,#5166,#5192,#5218,#5244,#5270,#5296,#5322,#5346,#5370,
    #5394,#5411,#5442,#5468,#5494,#5520,#5546,#5570,#5594,#5618,#5642,
    #5666,#5692,#5718,#5744,#5770,#5796,#5822,#5846,#5877,#5903,#5929,
    #5955,#5981,#6007,#6033,#6057,#6083,#6109,#6135,#6161,#6187,#6213,
    #6237,#6263,#6289,#6315,#6341,#6367,#6393,#6417,#6443,#6469,#6495,
    #6521,#6547,#6566,#6597,#6621,#6647,#6673,#6699,#6725,#6751,#6777,
    #6801,#6827,#6853,#6879,#6905,#6931,#6957,#6981,#7005,#7029,#7046,
    #7077,#7101,#7125,#7142,#7173,#7197,#7221,#7245,#7269,#7293,#7317,
    #7341,#7365,#7389,#7406,#7437,#7463,#7489,#7515,#7541,#7567,#7593,
    #7619,#7645,#7671,#7697,#7723,#7749,#7775,#7801,#7827,#7846,#7877,
    #7901,#7927,#7953,#7979,#8005,#8031,#8057,#8081,#8107,#8133,#8159,
    #8185,#8211,#8237,#8261,#8285,#8309,#8326,#8357,#8381,#8405,#8422,
    #8453,#8477,#8501,#8525,#8549,#8573,#8597,#8621,#8645,#8669,#8686,
    #8717,#8743,#8769,#8795,#8821,#8847,#8873,#8899,#8925,#8951,#8977,
    #9003,#9029,#9055,#9081,#9107,#9126,#9159,#9185,#9211,#9237,#9263,
    #9289,#9315,#9341,#9367,#9393,#9419,#9445,#9471,#9497,#9523,#9542,
    #9573,#9597,#9621,#9638,#9669,#9693,#9719,#9745,#9771,#9797,#9823,
    #9849,#9873,#9899,#9925,#9951,#9977,#10003,#10029,#10053,#10077,
    #10101,#10118,#10149,#10173,#10197,#10221,#10245,#10269,#10293,
    #10317,#10341,#10365,#10382,#10415,#10441,#10467,#10493,#10519,
    #10545,#10571,#10590,#10621,#10645,#10669,#10686,#10717,#10741,
    #10767,#10793,#10819,#10845,#10871,#10897,#10921,#10947,#10973,
    #10999,#11025,#11051,#11077,#11101,#11125,#11149,#11166,#11197,
    #11221,#11247,#11273,#11299,#11325,#11351,#11377,#11403,#11429,
    #11453,#11479,#11505,#11531,#11557,#11583,#11609,#11635,#11661,
    #11685,#11709,#11726,#11759,#11785,#11811,#11837,#11863,#11889,
    #11915,#11939,#11965,#11991,#12017,#12043,#12069,#12095,#12119,
    #12143,#12167,#12193,#12219,#12245,#12271,#12297,#12323,#12347,
    #12373,#12399,#12425,#12451,#12470,#12651,#12738,#12769,#12805,
    #12832,#12844,#12863,#12954,#12981,#12993,#13012,#13103,#13259,
    #13271,#13298,#13343,#13425,#13437,#13464,#13494,#13531,#13594,
    #13693,#13717,#13742,#13766,#13791,#13815,#13862,#13887,#13912,
    #13937,#13962,#14002,#14035,#14068,#14101,#14134,#14167,#14200,
    #14226,#14266,#14299,#14332,#14365,#14398,#14431,#14464,#14490,
    #14530,#14560,#14590,#14623,#14656,#14686,#14719,#14745,#14789,
    #14826,#14863,#14900,#14937,#14970,#15007,#15037,#15077,#15106,
    #15139,#15172,#15205,#15238,#15271,#15297,#15328,#15352,#15369,
    #15413,#15450,#15487,#15524,#15559,#15596,#15633,#15663,#15687,
    #15712,#15736,#15761,#15778,#15833,#15857,#15905,#15922,#15942,
    #15962,#15982,#16002,#16018,#16034,#16050,#16066,#16082,#16093,
    #16109,#16126,#16143,#16155,#16180,#16205,#16230,#16255,#16264,
    #16273,#16282,#16291,#16313,#16332,#16351,#16363,#16375));
#17 = ADVANCED_FACE('',(#18,#88,#122,#156,#190,#224,#258,#292,#326,#360,
    #394,#563,#769,#1143,#1373,#1407,#1497,#1783,#2013,#2047,#2137,#2416
    ,#2686,#2720,#2950,#3040,#3218,#3252,#3482,#3759),#4133,.T.);
#18 = FACE_BOUND('',#19,.T.);
#19 = EDGE_LOOP('',(#20,#30,#39,#47,#56,#64,#73,#81));
#20 = ORIENTED_EDGE('',*,*,#21,.F.);
#21 = EDGE_CURVE('',#22,#24,#26,.T.);
#22 = VERTEX_POINT('',#23);
#23 = CARTESIAN_POINT('',(-4.85,-0.6,25.15));
#24 = VERTEX_POINT('',#25);
#25 = CARTESIAN_POINT('',(-4.85,62.25,25.15));
#26 = LINE('',#27,#28);
#27 = CARTESIAN_POINT('',(-4.85,-5.2,25.15));
#28 = VECTOR('',#29,1.);
#29 = DIRECTION('',(-0.,1.,0.));
#30 = ORIENTED_EDGE('',*,*,#31,.T.);
#31 = EDGE_CURVE('',#22,#32,#34,.T.);
#32 = VERTEX_POINT('',#33);
#33 = CARTESIAN_POINT('',(-0.25,-5.2,25.15));
#34 = CIRCLE('',#35,4.6);
#35 = AXIS2_PLACEMENT_3D('',#36,#37,#38);
#36 = CARTESIAN_POINT('',(-0.25,-0.6,25.15));
#37 = DIRECTION('',(0.,0.,1.));
#38 = DIRECTION('',(0.,-1.,0.));
#39 = ORIENTED_EDGE('',*,*,#40,.T.);
#40 = EDGE_CURVE('',#32,#41,#43,.T.);
#41 = VERTEX_POINT('',#42);
#42 = CARTESIAN_POINT('',(91.2,-5.2,25.15));
#43 = LINE('',#44,#45);
#44 = CARTESIAN_POINT('',(-4.85,-5.2,25.15));
#45 = VECTOR('',#46,1.);
#46 = DIRECTION('',(1.,0.,-0.));
#47 = ORIENTED_EDGE('',*,*,#48,.F.);
#48 = EDGE_CURVE('',#49,#41,#51,.T.);
#49 = VERTEX_POINT('',#50);
#50 = CARTESIAN_POINT('',(94.2,-4.087119154833,25.15));
#51 = CIRCLE('',#52,4.6);
#52 = AXIS2_PLACEMENT_3D('',#53,#54,#55);
#53 = CARTESIAN_POINT('',(91.2,-0.6,25.15));
#54 = DIRECTION('',(-0.,-0.,-1.));
#55 = DIRECTION('',(0.,-1.,0.));
#56 = ORIENTED_EDGE('',*,*,#57,.T.);
#57 = EDGE_CURVE('',#49,#58,#60,.T.);
#58 = VERTEX_POINT('',#59);
#59 = CARTESIAN_POINT('',(94.2,65.737119154833,25.15));
#60 = LINE('',#61,#62);
#61 = CARTESIAN_POINT('',(94.2,-5.7,25.15));
#62 = VECTOR('',#63,1.);
#63 = DIRECTION('',(-0.,1.,0.));
#64 = ORIENTED_EDGE('',*,*,#65,.T.);
#65 = EDGE_CURVE('',#58,#66,#68,.T.);
#66 = VERTEX_POINT('',#67);
#67 = CARTESIAN_POINT('',(91.2,66.85,25.15));
#68 = CIRCLE('',#69,4.6);
#69 = AXIS2_PLACEMENT_3D('',#70,#71,#72);
#70 = CARTESIAN_POINT('',(91.2,62.25,25.15));
#71 = DIRECTION('',(0.,0.,1.));
#72 = DIRECTION('',(0.,-1.,0.));
#73 = ORIENTED_EDGE('',*,*,#74,.F.);
#74 = EDGE_CURVE('',#75,#66,#77,.T.);
#75 = VERTEX_POINT('',#76);
#76 = CARTESIAN_POINT('',(-0.25,66.85,25.15));
#77 = LINE('',#78,#79);
#78 = CARTESIAN_POINT('',(-4.85,66.85,25.15));
#79 = VECTOR('',#80,1.);
#80 = DIRECTION('',(1.,0.,-0.));
#81 = ORIENTED_EDGE('',*,*,#82,.F.);
#82 = EDGE_CURVE('',#24,#75,#83,.T.);
#83 = CIRCLE('',#84,4.6);
#84 = AXIS2_PLACEMENT_3D('',#85,#86,#87);
#85 = CARTESIAN_POINT('',(-0.25,62.25,25.15));
#86 = DIRECTION('',(-0.,-0.,-1.));
#87 = DIRECTION('',(0.,-1.,0.));
#88 = FACE_BOUND('',#89,.T.);
#89 = EDGE_LOOP('',(#90,#100,#108,#116));
#90 = ORIENTED_EDGE('',*,*,#91,.T.);
#91 = EDGE_CURVE('',#92,#94,#96,.T.);
#92 = VERTEX_POINT('',#93);
#93 = CARTESIAN_POINT('',(16.,20.,25.15));
#94 = VERTEX_POINT('',#95);
#95 = CARTESIAN_POINT('',(14.,20.,25.15));
#96 = LINE('',#97,#98);
#97 = CARTESIAN_POINT('',(4.575,20.,25.15));
#98 = VECTOR('',#99,1.);
#99 = DIRECTION('',(-1.,-0.,0.));
#100 = ORIENTED_EDGE('',*,*,#101,.T.);
#101 = EDGE_CURVE('',#94,#102,#104,.T.);
#102 = VERTEX_POINT('',#103);
#103 = CARTESIAN_POINT('',(14.,42.,25.15));
#104 = LINE('',#105,#106);
#105 = CARTESIAN_POINT('',(14.,7.4,25.15));
#106 = VECTOR('',#107,1.);
#107 = DIRECTION('',(-0.,1.,0.));
#108 = ORIENTED_EDGE('',*,*,#109,.F.);
#109 = EDGE_CURVE('',#110,#102,#112,.T.);
#110 = VERTEX_POINT('',#111);
#111 = CARTESIAN_POINT('',(16.,42.,25.15));
#112 = LINE('',#113,#114);
#113 = CARTESIAN_POINT('',(4.575,42.,25.15));
#114 = VECTOR('',#115,1.);
#115 = DIRECTION('',(-1.,-0.,0.));
#116 = ORIENTED_EDGE('',*,*,#117,.F.);
#117 = EDGE_CURVE('',#92,#110,#118,.T.);
#118 = LINE('',#119,#120);
#119 = CARTESIAN_POINT('',(16.,7.4,25.15));
#120 = VECTOR('',#121,1.);
#121 = DIRECTION('',(-0.,1.,0.));
#122 = FACE_BOUND('',#123,.T.);
#123 = EDGE_LOOP('',(#124,#134,#142,#150));
#124 = ORIENTED_EDGE('',*,*,#125,.T.);
#125 = EDGE_CURVE('',#126,#128,#130,.T.);
#126 = VERTEX_POINT('',#127);
#127 = CARTESIAN_POINT('',(20.5,20.,25.15));
#128 = VERTEX_POINT('',#129);
#129 = CARTESIAN_POINT('',(18.5,20.,25.15));
#130 = LINE('',#131,#132);
#131 = CARTESIAN_POINT('',(6.825,20.,25.15));
#132 = VECTOR('',#133,1.);
#133 = DIRECTION('',(-1.,-0.,0.));
#134 = ORIENTED_EDGE('',*,*,#135,.T.);
#135 = EDGE_CURVE('',#128,#136,#138,.T.);
#136 = VERTEX_POINT('',#137);
#137 = CARTESIAN_POINT('',(18.5,42.,25.15));
#138 = LINE('',#139,#140);
#139 = CARTESIAN_POINT('',(18.5,7.4,25.15));
#140 = VECTOR('',#141,1.);
#141 = DIRECTION('',(-0.,1.,0.));
#142 = ORIENTED_EDGE('',*,*,#143,.F.);
#143 = EDGE_CURVE('',#144,#136,#146,.T.);
#144 = VERTEX_POINT('',#145);
#145 = CARTESIAN_POINT('',(20.5,42.,25.15));
#146 = LINE('',#147,#148);
#147 = CARTESIAN_POINT('',(6.825,42.,25.15));
#148 = VECTOR('',#149,1.);
#149 = DIRECTION('',(-1.,-0.,0.));
#150 = ORIENTED_EDGE('',*,*,#151,.F.);
#151 = EDGE_CURVE('',#126,#144,#152,.T.);
#152 = LINE('',#153,#154);
#153 = CARTESIAN_POINT('',(20.5,7.4,25.15));
#154 = VECTOR('',#155,1.);
#155 = DIRECTION('',(-0.,1.,0.));
#156 = FACE_BOUND('',#157,.T.);
#157 = EDGE_LOOP('',(#158,#168,#176,#184));
#158 = ORIENTED_EDGE('',*,*,#159,.T.);
#159 = EDGE_CURVE('',#160,#162,#164,.T.);
#160 = VERTEX_POINT('',#161);
#161 = CARTESIAN_POINT('',(25.,20.,25.15));
#162 = VERTEX_POINT('',#163);
#163 = CARTESIAN_POINT('',(23.,20.,25.15));
#164 = LINE('',#165,#166);
#165 = CARTESIAN_POINT('',(9.075,20.,25.15));
#166 = VECTOR('',#167,1.);
#167 = DIRECTION('',(-1.,-0.,0.));
#168 = ORIENTED_EDGE('',*,*,#169,.T.);
#169 = EDGE_CURVE('',#162,#170,#172,.T.);
#170 = VERTEX_POINT('',#171);
#171 = CARTESIAN_POINT('',(23.,42.,25.15));
#172 = LINE('',#173,#174);
#173 = CARTESIAN_POINT('',(23.,7.4,25.15));
#174 = VECTOR('',#175,1.);
#175 = DIRECTION('',(-0.,1.,0.));
#176 = ORIENTED_EDGE('',*,*,#177,.F.);
#177 = EDGE_CURVE('',#178,#170,#180,.T.);
#178 = VERTEX_POINT('',#179);
#179 = CARTESIAN_POINT('',(25.,42.,25.15));
#180 = LINE('',#181,#182);
#181 = CARTESIAN_POINT('',(9.075,42.,25.15));
#182 = VECTOR('',#183,1.);
#183 = DIRECTION('',(-1.,-0.,0.));
#184 = ORIENTED_EDGE('',*,*,#185,.F.);
#185 = EDGE_CURVE('',#160,#178,#186,.T.);
#186 = LINE('',#187,#188);
#187 = CARTESIAN_POINT('',(25.,7.4,25.15));
#188 = VECTOR('',#189,1.);
#189 = DIRECTION('',(-0.,1.,0.));
#190 = FACE_BOUND('',#191,.T.);
#191 = EDGE_LOOP('',(#192,#202,#210,#218));
#192 = ORIENTED_EDGE('',*,*,#193,.T.);
#193 = EDGE_CURVE('',#194,#196,#198,.T.);
#194 = VERTEX_POINT('',#195);
#195 = CARTESIAN_POINT('',(29.5,20.,25.15));
#196 = VERTEX_POINT('',#197);
#197 = CARTESIAN_POINT('',(27.5,20.,25.15));
#198 = LINE('',#199,#200);
#199 = CARTESIAN_POINT('',(11.325,20.,25.15));
#200 = VECTOR('',#201,1.);
#201 = DIRECTION('',(-1.,-0.,0.));
#202 = ORIENTED_EDGE('',*,*,#203,.T.);
#203 = EDGE_CURVE('',#196,#204,#206,.T.);
#204 = VERTEX_POINT('',#205);
#205 = CARTESIAN_POINT('',(27.5,42.,25.15));
#206 = LINE('',#207,#208);
#207 = CARTESIAN_POINT('',(27.5,7.4,25.15));
#208 = VECTOR('',#209,1.);
#209 = DIRECTION('',(-0.,1.,0.));
#210 = ORIENTED_EDGE('',*,*,#211,.F.);
#211 = EDGE_CURVE('',#212,#204,#214,.T.);
#212 = VERTEX_POINT('',#213);
#213 = CARTESIAN_POINT('',(29.5,42.,25.15));
#214 = LINE('',#215,#216);
#215 = CARTESIAN_POINT('',(11.325,42.,25.15));
#216 = VECTOR('',#217,1.);
#217 = DIRECTION('',(-1.,-0.,0.));
#218 = ORIENTED_EDGE('',*,*,#219,.F.);
#219 = EDGE_CURVE('',#194,#212,#220,.T.);
#220 = LINE('',#221,#222);
#221 = CARTESIAN_POINT('',(29.5,7.4,25.15));
#222 = VECTOR('',#223,1.);
#223 = DIRECTION('',(-0.,1.,0.));
#224 = FACE_BOUND('',#225,.T.);
#225 = EDGE_LOOP('',(#226,#236,#244,#252));
#226 = ORIENTED_EDGE('',*,*,#227,.T.);
#227 = EDGE_CURVE('',#228,#230,#232,.T.);
#228 = VERTEX_POINT('',#229);
#229 = CARTESIAN_POINT('',(34.,20.,25.15));
#230 = VERTEX_POINT('',#231);
#231 = CARTESIAN_POINT('',(32.,20.,25.15));
#232 = LINE('',#233,#234);
#233 = CARTESIAN_POINT('',(13.575,20.,25.15));
#234 = VECTOR('',#235,1.);
#235 = DIRECTION('',(-1.,-0.,0.));
#236 = ORIENTED_EDGE('',*,*,#237,.T.);
#237 = EDGE_CURVE('',#230,#238,#240,.T.);
#238 = VERTEX_POINT('',#239);
#239 = CARTESIAN_POINT('',(32.,42.,25.15));
#240 = LINE('',#241,#242);
#241 = CARTESIAN_POINT('',(32.,7.4,25.15));
#242 = VECTOR('',#243,1.);
#243 = DIRECTION('',(-0.,1.,0.));
#244 = ORIENTED_EDGE('',*,*,#245,.F.);
#245 = EDGE_CURVE('',#246,#238,#248,.T.);
#246 = VERTEX_POINT('',#247);
#247 = CARTESIAN_POINT('',(34.,42.,25.15));
#248 = LINE('',#249,#250);
#249 = CARTESIAN_POINT('',(13.575,42.,25.15));
#250 = VECTOR('',#251,1.);
#251 = DIRECTION('',(-1.,-0.,0.));
#252 = ORIENTED_EDGE('',*,*,#253,.F.);
#253 = EDGE_CURVE('',#228,#246,#254,.T.);
#254 = LINE('',#255,#256);
#255 = CARTESIAN_POINT('',(34.,7.4,25.15));
#256 = VECTOR('',#257,1.);
#257 = DIRECTION('',(-0.,1.,0.));
#258 = FACE_BOUND('',#259,.T.);
#259 = EDGE_LOOP('',(#260,#270,#278,#286));
#260 = ORIENTED_EDGE('',*,*,#261,.T.);
#261 = EDGE_CURVE('',#262,#264,#266,.T.);
#262 = VERTEX_POINT('',#263);
#263 = CARTESIAN_POINT('',(38.5,20.,25.15));
#264 = VERTEX_POINT('',#265);
#265 = CARTESIAN_POINT('',(36.5,20.,25.15));
#266 = LINE('',#267,#268);
#267 = CARTESIAN_POINT('',(15.825,20.,25.15));
#268 = VECTOR('',#269,1.);
#269 = DIRECTION('',(-1.,-0.,0.));
#270 = ORIENTED_EDGE('',*,*,#271,.T.);
#271 = EDGE_CURVE('',#264,#272,#274,.T.);
#272 = VERTEX_POINT('',#273);
#273 = CARTESIAN_POINT('',(36.5,42.,25.15));
#274 = LINE('',#275,#276);
#275 = CARTESIAN_POINT('',(36.5,7.4,25.15));
#276 = VECTOR('',#277,1.);
#277 = DIRECTION('',(-0.,1.,0.));
#278 = ORIENTED_EDGE('',*,*,#279,.F.);
#279 = EDGE_CURVE('',#280,#272,#282,.T.);
#280 = VERTEX_POINT('',#281);
#281 = CARTESIAN_POINT('',(38.5,42.,25.15));
#282 = LINE('',#283,#284);
#283 = CARTESIAN_POINT('',(15.825,42.,25.15));
#284 = VECTOR('',#285,1.);
#285 = DIRECTION('',(-1.,-0.,0.));
#286 = ORIENTED_EDGE('',*,*,#287,.F.);
#287 = EDGE_CURVE('',#262,#280,#288,.T.);
#288 = LINE('',#289,#290);
#289 = CARTESIAN_POINT('',(38.5,7.4,25.15));
#290 = VECTOR('',#291,1.);
#291 = DIRECTION('',(-0.,1.,0.));
#292 = FACE_BOUND('',#293,.T.);
#293 = EDGE_LOOP('',(#294,#304,#312,#320));
#294 = ORIENTED_EDGE('',*,*,#295,.T.);
#295 = EDGE_CURVE('',#296,#298,#300,.T.);
#296 = VERTEX_POINT('',#297);
#297 = CARTESIAN_POINT('',(43.,20.,25.15));
#298 = VERTEX_POINT('',#299);
#299 = CARTESIAN_POINT('',(41.,20.,25.15));
#300 = LINE('',#301,#302);
#301 = CARTESIAN_POINT('',(18.075,20.,25.15));
#302 = VECTOR('',#303,1.);
#303 = DIRECTION('',(-1.,-0.,0.));
#304 = ORIENTED_EDGE('',*,*,#305,.T.);
#305 = EDGE_CURVE('',#298,#306,#308,.T.);
#306 = VERTEX_POINT('',#307);
#307 = CARTESIAN_POINT('',(41.,42.,25.15));
#308 = LINE('',#309,#310);
#309 = CARTESIAN_POINT('',(41.,7.4,25.15));
#310 = VECTOR('',#311,1.);
#311 = DIRECTION('',(-0.,1.,0.));
#312 = ORIENTED_EDGE('',*,*,#313,.F.);
#313 = EDGE_CURVE('',#314,#306,#316,.T.);
#314 = VERTEX_POINT('',#315);
#315 = CARTESIAN_POINT('',(43.,42.,25.15));
#316 = LINE('',#317,#318);
#317 = CARTESIAN_POINT('',(18.075,42.,25.15));
#318 = VECTOR('',#319,1.);
#319 = DIRECTION('',(-1.,-0.,0.));
#320 = ORIENTED_EDGE('',*,*,#321,.F.);
#321 = EDGE_CURVE('',#296,#314,#322,.T.);
#322 = LINE('',#323,#324);
#323 = CARTESIAN_POINT('',(43.,7.4,25.15));
#324 = VECTOR('',#325,1.);
#325 = DIRECTION('',(-0.,1.,0.));
#326 = FACE_BOUND('',#327,.T.);
#327 = EDGE_LOOP('',(#328,#338,#346,#354));
#328 = ORIENTED_EDGE('',*,*,#329,.T.);
#329 = EDGE_CURVE('',#330,#332,#334,.T.);
#330 = VERTEX_POINT('',#331);
#331 = CARTESIAN_POINT('',(47.5,20.,25.15));
#332 = VERTEX_POINT('',#333);
#333 = CARTESIAN_POINT('',(45.5,20.,25.15));
#334 = LINE('',#335,#336);
#335 = CARTESIAN_POINT('',(20.325,20.,25.15));
#336 = VECTOR('',#337,1.);
#337 = DIRECTION('',(-1.,-0.,0.));
#338 = ORIENTED_EDGE('',*,*,#339,.T.);
#339 = EDGE_CURVE('',#332,#340,#342,.T.);
#340 = VERTEX_POINT('',#341);
#341 = CARTESIAN_POINT('',(45.5,42.,25.15));
#342 = LINE('',#343,#344);
#343 = CARTESIAN_POINT('',(45.5,7.4,25.15));
#344 = VECTOR('',#345,1.);
#345 = DIRECTION('',(-0.,1.,0.));
#346 = ORIENTED_EDGE('',*,*,#347,.F.);
#347 = EDGE_CURVE('',#348,#340,#350,.T.);
#348 = VERTEX_POINT('',#349);
#349 = CARTESIAN_POINT('',(47.5,42.,25.15));
#350 = LINE('',#351,#352);
#351 = CARTESIAN_POINT('',(20.325,42.,25.15));
#352 = VECTOR('',#353,1.);
#353 = DIRECTION('',(-1.,-0.,0.));
#354 = ORIENTED_EDGE('',*,*,#355,.F.);
#355 = EDGE_CURVE('',#330,#348,#356,.T.);
#356 = LINE('',#357,#358);
#357 = CARTESIAN_POINT('',(47.5,7.4,25.15));
#358 = VECTOR('',#359,1.);
#359 = DIRECTION('',(-0.,1.,0.));
#360 = FACE_BOUND('',#361,.T.);
#361 = EDGE_LOOP('',(#362,#372,#380,#388));
#362 = ORIENTED_EDGE('',*,*,#363,.T.);
#363 = EDGE_CURVE('',#364,#366,#368,.T.);
#364 = VERTEX_POINT('',#365);
#365 = CARTESIAN_POINT('',(52.,20.,25.15));
#366 = VERTEX_POINT('',#367);
#367 = CARTESIAN_POINT('',(50.,20.,25.15));
#368 = LINE('',#369,#370);
#369 = CARTESIAN_POINT('',(22.575,20.,25.15));
#370 = VECTOR('',#371,1.);
#371 = DIRECTION('',(-1.,-0.,0.));
#372 = ORIENTED_EDGE('',*,*,#373,.T.);
#373 = EDGE_CURVE('',#366,#374,#376,.T.);
#374 = VERTEX_POINT('',#375);
#375 = CARTESIAN_POINT('',(50.,42.,25.15));
#376 = LINE('',#377,#378);
#377 = CARTESIAN_POINT('',(50.,7.4,25.15));
#378 = VECTOR('',#379,1.);
#379 = DIRECTION('',(-0.,1.,0.));
#380 = ORIENTED_EDGE('',*,*,#381,.F.);
#381 = EDGE_CURVE('',#382,#374,#384,.T.);
#382 = VERTEX_POINT('',#383);
#383 = CARTESIAN_POINT('',(52.,42.,25.15));
#384 = LINE('',#385,#386);
#385 = CARTESIAN_POINT('',(22.575,42.,25.15));
#386 = VECTOR('',#387,1.);
#387 = DIRECTION('',(-1.,-0.,0.));
#388 = ORIENTED_EDGE('',*,*,#389,.F.);
#389 = EDGE_CURVE('',#364,#382,#390,.T.);
#390 = LINE('',#391,#392);
#391 = CARTESIAN_POINT('',(52.,7.4,25.15));
#392 = VECTOR('',#393,1.);
#393 = DIRECTION('',(-0.,1.,0.));
#394 = FACE_BOUND('',#395,.T.);
#395 = EDGE_LOOP('',(#396,#406,#414,#422,#430,#438,#450,#461,#480,#502,
    #524,#543,#554));
#396 = ORIENTED_EDGE('',*,*,#397,.F.);
#397 = EDGE_CURVE('',#398,#400,#402,.T.);
#398 = VERTEX_POINT('',#399);
#399 = CARTESIAN_POINT('',(9.707361577181,52.246979865772,25.15));
#400 = VERTEX_POINT('',#401);
#401 = CARTESIAN_POINT('',(9.707361577181,50.543624161074,25.15));
#402 = LINE('',#403,#404);
#403 = CARTESIAN_POINT('',(9.707361577181,22.671812080537,25.15));
#404 = VECTOR('',#405,1.);
#405 = DIRECTION('',(0.,-1.,0.));
#406 = ORIENTED_EDGE('',*,*,#407,.F.);
#407 = EDGE_CURVE('',#408,#398,#410,.T.);
#408 = VERTEX_POINT('',#409);
#409 = CARTESIAN_POINT('',(10.726656879195,52.246979865772,25.15));
#410 = LINE('',#411,#412);
#411 = CARTESIAN_POINT('',(2.428680788591,52.246979865772,25.15));
#412 = VECTOR('',#413,1.);
#413 = DIRECTION('',(-1.,0.,0.));
#414 = ORIENTED_EDGE('',*,*,#415,.F.);
#415 = EDGE_CURVE('',#416,#408,#418,.T.);
#416 = VERTEX_POINT('',#417);
#417 = CARTESIAN_POINT('',(10.726656879195,47.837583892617,25.15));
#418 = LINE('',#419,#420);
#419 = CARTESIAN_POINT('',(10.726656879195,23.523489932886,25.15));
#420 = VECTOR('',#421,1.);
#421 = DIRECTION('',(-0.,1.,0.));
#422 = ORIENTED_EDGE('',*,*,#423,.F.);
#423 = EDGE_CURVE('',#424,#416,#426,.T.);
#424 = VERTEX_POINT('',#425);
#425 = CARTESIAN_POINT('',(9.707361577181,47.837583892617,25.15));
#426 = LINE('',#427,#428);
#427 = CARTESIAN_POINT('',(2.938328439597,47.837583892617,25.15));
#428 = VECTOR('',#429,1.);
#429 = DIRECTION('',(1.,0.,-0.));
#430 = ORIENTED_EDGE('',*,*,#431,.F.);
#431 = EDGE_CURVE('',#432,#424,#434,.T.);
#432 = VERTEX_POINT('',#433);
#433 = CARTESIAN_POINT('',(9.707361577181,48.296644295302,25.15));
#434 = LINE('',#435,#436);
#435 = CARTESIAN_POINT('',(9.707361577181,21.318791946309,25.15));
#436 = VECTOR('',#437,1.);
#437 = DIRECTION('',(0.,-1.,0.));
#438 = ORIENTED_EDGE('',*,*,#439,.F.);
#439 = EDGE_CURVE('',#440,#432,#442,.T.);
#440 = VERTEX_POINT('',#441);
#441 = CARTESIAN_POINT('',(9.245847315436,47.883829697987,25.15));
#442 = B_SPLINE_CURVE_WITH_KNOTS('',6,(#443,#444,#445,#446,#447,#448,
    #449),.UNSPECIFIED.,.F.,.F.,(7,7),(0.,1.),.PIECEWISE_BEZIER_KNOTS.);
#443 = CARTESIAN_POINT('',(9.245847315436,47.883829697987,25.15));
#444 = CARTESIAN_POINT('',(9.331992005071,47.928612031025,25.15));
#445 = CARTESIAN_POINT('',(9.414680455594,47.983720872796,25.15));
#446 = CARTESIAN_POINT('',(9.493633813019,48.048758953767,25.15));
#447 = CARTESIAN_POINT('',(9.568730412066,48.123092825529,25.15));
#448 = CARTESIAN_POINT('',(9.639954319128,48.205978496857,25.15));
#449 = CARTESIAN_POINT('',(9.707361577181,48.296644295302,25.15));
#450 = ORIENTED_EDGE('',*,*,#451,.F.);
#451 = EDGE_CURVE('',#452,#440,#454,.T.);
#452 = VERTEX_POINT('',#453);
#453 = CARTESIAN_POINT('',(8.662583892617,47.753020134228,25.15));
#454 = B_SPLINE_CURVE_WITH_KNOTS('',5,(#455,#456,#457,#458,#459,#460),
  .UNSPECIFIED.,.F.,.F.,(6,6),(0.,1.),.PIECEWISE_BEZIER_KNOTS.);
#455 = CARTESIAN_POINT('',(8.662583892617,47.753020134228,25.15));
#456 = CARTESIAN_POINT('',(8.791631040287,47.753020134228,25.15));
#457 = CARTESIAN_POINT('',(8.9154746349,47.765426953453,25.15));
#458 = CARTESIAN_POINT('',(9.033078598021,47.791129055393,25.15));
#459 = CARTESIAN_POINT('',(9.143447615745,47.830673898821,25.15));
#460 = CARTESIAN_POINT('',(9.245847315436,47.883829697987,25.15));
#461 = ORIENTED_EDGE('',*,*,#462,.F.);
#462 = EDGE_CURVE('',#463,#452,#465,.T.);
#463 = VERTEX_POINT('',#464);
#464 = CARTESIAN_POINT('',(7.699916107383,48.219442114094,25.15));
#465 = B_SPLINE_CURVE_WITH_KNOTS('',5,(#466,#467,#468,#469,#470,#471,
    #472,#473,#474,#475,#476,#477,#478,#479),.UNSPECIFIED.,.F.,.F.,(6,4,
    4,6),(0.,0.176625895986,0.531176120266,1.),.UNSPECIFIED.);
#466 = CARTESIAN_POINT('',(7.699916107383,48.219442114094,25.15));
#467 = CARTESIAN_POINT('',(7.725366896778,48.18791885565,25.15));
#468 = CARTESIAN_POINT('',(7.75166037169,48.157423824771,25.15));
#469 = CARTESIAN_POINT('',(7.778806614339,48.128026076091,25.15));
#470 = CARTESIAN_POINT('',(7.80680730221,48.099793251645,25.15));
#471 = CARTESIAN_POINT('',(7.893564593413,48.018589741584,25.15));
#472 = CARTESIAN_POINT('',(7.954897643312,47.969339296747,25.15));
#473 = CARTESIAN_POINT('',(8.019575069032,47.925590740027,25.15));
#474 = CARTESIAN_POINT('',(8.087389513461,47.887769186004,25.15));
#475 = CARTESIAN_POINT('',(8.25122503396,47.814113916216,25.15));
#476 = CARTESIAN_POINT('',(8.349330399704,47.782833264535,25.15));
#477 = CARTESIAN_POINT('',(8.451300005596,47.762651560986,25.15));
#478 = CARTESIAN_POINT('',(8.556053953933,47.753020134228,25.15));
#479 = CARTESIAN_POINT('',(8.662583892617,47.753020134228,25.15));
#480 = ORIENTED_EDGE('',*,*,#481,.F.);
#481 = EDGE_CURVE('',#482,#463,#484,.T.);
#482 = VERTEX_POINT('',#483);
#483 = CARTESIAN_POINT('',(7.323343120805,49.420134228188,25.15));
#484 = B_SPLINE_CURVE_WITH_KNOTS('',6,(#485,#486,#487,#488,#489,#490,
    #491,#492,#493,#494,#495,#496,#497,#498,#499,#500,#501),
  .UNSPECIFIED.,.F.,.F.,(7,5,5,7),(0.,0.477265955988,0.923337332865,1.),
  .UNSPECIFIED.);
#485 = CARTESIAN_POINT('',(7.323343120805,49.420134228188,25.15));
#486 = CARTESIAN_POINT('',(7.323343120805,49.313102031853,25.15));
#487 = CARTESIAN_POINT('',(7.328143932011,49.207149982838,25.15));
#488 = CARTESIAN_POINT('',(7.338138459746,49.102578264806,25.15));
#489 = CARTESIAN_POINT('',(7.353726678146,48.999769189281,25.15));
#490 = CARTESIAN_POINT('',(7.375275576686,48.899174083121,25.15));
#491 = CARTESIAN_POINT('',(7.428962559789,48.709788964978,25.15));
#492 = CARTESIAN_POINT('',(7.46031982703,48.620645363791,25.15));
#493 = CARTESIAN_POINT('',(7.497288271064,48.534281186407,25.15));
#494 = CARTESIAN_POINT('',(7.539962539535,48.451110425094,25.15));
#495 = CARTESIAN_POINT('',(7.588299196643,48.371507591412,25.15));
#496 = CARTESIAN_POINT('',(7.651316421004,48.282769835771,25.15));
#497 = CARTESIAN_POINT('',(7.660719184581,48.269870104,25.15));
#498 = CARTESIAN_POINT('',(7.670281747347,48.257086133923,25.15));
#499 = CARTESIAN_POINT('',(7.6800029544,48.244419303614,25.15));
#500 = CARTESIAN_POINT('',(7.689881535962,48.231870899046,25.15));
#501 = CARTESIAN_POINT('',(7.699916107383,48.219442114094,25.15));
#502 = ORIENTED_EDGE('',*,*,#503,.F.);
#503 = EDGE_CURVE('',#504,#482,#506,.T.);
#504 = VERTEX_POINT('',#505);
#505 = CARTESIAN_POINT('',(7.699916107383,50.620826342282,25.15));
#506 = B_SPLINE_CURVE_WITH_KNOTS('',6,(#507,#508,#509,#510,#511,#512,
    #513,#514,#515,#516,#517,#518,#519,#520,#521,#522,#523),
  .UNSPECIFIED.,.F.,.F.,(7,5,5,7),(0.,7.666266713478E-02,0.522734044012,
    1.),.UNSPECIFIED.);
#507 = CARTESIAN_POINT('',(7.699916107383,50.620826342282,25.15));
#508 = CARTESIAN_POINT('',(7.689881535962,50.60839755733,25.15));
#509 = CARTESIAN_POINT('',(7.6800029544,50.595849152762,25.15));
#510 = CARTESIAN_POINT('',(7.670281747347,50.583182322453,25.15));
#511 = CARTESIAN_POINT('',(7.660719184581,50.570398352376,25.15));
#512 = CARTESIAN_POINT('',(7.651316421004,50.557498620605,25.15));
#513 = CARTESIAN_POINT('',(7.588299196643,50.468760864964,25.15));
#514 = CARTESIAN_POINT('',(7.539962539535,50.389158031282,25.15));
#515 = CARTESIAN_POINT('',(7.497288271064,50.305987269969,25.15));
#516 = CARTESIAN_POINT('',(7.46031982703,50.219623092585,25.15));
#517 = CARTESIAN_POINT('',(7.428962559789,50.130479491398,25.15));
#518 = CARTESIAN_POINT('',(7.375275576686,49.941094373255,25.15));
#519 = CARTESIAN_POINT('',(7.353726678146,49.840499267095,25.15));
#520 = CARTESIAN_POINT('',(7.338138459746,49.73769019157,25.15));
#521 = CARTESIAN_POINT('',(7.328143932011,49.633118473538,25.15));
#522 = CARTESIAN_POINT('',(7.323343120805,49.527166424522,25.15));
#523 = CARTESIAN_POINT('',(7.323343120805,49.420134228188,25.15));
#524 = ORIENTED_EDGE('',*,*,#525,.F.);
#525 = EDGE_CURVE('',#526,#504,#528,.T.);
#526 = VERTEX_POINT('',#527);
#527 = CARTESIAN_POINT('',(8.662583892617,51.087248322148,25.15));
#528 = B_SPLINE_CURVE_WITH_KNOTS('',5,(#529,#530,#531,#532,#533,#534,
    #535,#536,#537,#538,#539,#540,#541,#542),.UNSPECIFIED.,.F.,.F.,(6,4,
    4,6),(0.,0.468823903025,0.824384617934,1.),.UNSPECIFIED.);
#529 = CARTESIAN_POINT('',(8.662583892617,51.087248322148,25.15));
#530 = CARTESIAN_POINT('',(8.556053953933,51.087248322148,25.15));
#531 = CARTESIAN_POINT('',(8.451300005596,51.07761689539,25.15));
#532 = CARTESIAN_POINT('',(8.349330399704,51.057435191841,25.15));
#533 = CARTESIAN_POINT('',(8.25122503396,51.02615454016,25.15));
#534 = CARTESIAN_POINT('',(8.087188448886,50.952408878096,25.15));
#535 = CARTESIAN_POINT('',(8.019188495033,50.914462058922,25.15));
#536 = CARTESIAN_POINT('',(7.954344695362,50.870554929914,25.15));
#537 = CARTESIAN_POINT('',(7.892865554142,50.821116996314,25.15));
#538 = CARTESIAN_POINT('',(7.80616663581,50.739828838741,25.15));
#539 = CARTESIAN_POINT('',(7.77834074175,50.711737667168,25.15));
#540 = CARTESIAN_POINT('',(7.751359522368,50.682495634714,25.15));
#541 = CARTESIAN_POINT('',(7.725221279303,50.652169239433,25.15));
#542 = CARTESIAN_POINT('',(7.699916107383,50.620826342282,25.15));
#543 = ORIENTED_EDGE('',*,*,#544,.F.);
#544 = EDGE_CURVE('',#545,#526,#547,.T.);
#545 = VERTEX_POINT('',#546);
#546 = CARTESIAN_POINT('',(9.244337248322,50.954928691275,25.15));
#547 = B_SPLINE_CURVE_WITH_KNOTS('',5,(#548,#549,#550,#551,#552,#553),
  .UNSPECIFIED.,.F.,.F.,(6,6),(0.,1.),.PIECEWISE_BEZIER_KNOTS.);
#548 = CARTESIAN_POINT('',(9.244337248322,50.954928691275,25.15));
#549 = CARTESIAN_POINT('',(9.141619123116,51.008583986185,25.15));
#550 = CARTESIAN_POINT('',(9.031286378888,51.04858561348,25.15));
#551 = CARTESIAN_POINT('',(8.914030950147,51.074645867195,25.15));
#552 = CARTESIAN_POINT('',(8.790795563037,51.087248322148,25.15));
#553 = CARTESIAN_POINT('',(8.662583892617,51.087248322148,25.15));
#554 = ORIENTED_EDGE('',*,*,#555,.F.);
#555 = EDGE_CURVE('',#400,#545,#556,.T.);
#556 = B_SPLINE_CURVE_WITH_KNOTS('',5,(#557,#558,#559,#560,#561,#562),
  .UNSPECIFIED.,.F.,.F.,(6,6),(0.,1.),.PIECEWISE_BEZIER_KNOTS.);
#557 = CARTESIAN_POINT('',(9.707361577181,50.543624161074,25.15));
#558 = CARTESIAN_POINT('',(9.626304772308,50.651553852608,25.15));
#559 = CARTESIAN_POINT('',(9.53945113638,50.748003928049,25.15));
#560 = CARTESIAN_POINT('',(9.446699393682,50.83152310338,25.15));
#561 = CARTESIAN_POINT('',(9.348149857721,50.900742064925,25.15));
#562 = CARTESIAN_POINT('',(9.244337248322,50.954928691275,25.15));
#563 = FACE_BOUND('',#564,.T.);
#564 = EDGE_LOOP('',(#565,#575,#583,#591,#604,#615,#628,#638,#653,#668,
    #676,#684,#692,#700,#708,#720,#735,#754));
#565 = ORIENTED_EDGE('',*,*,#566,.F.);
#566 = EDGE_CURVE('',#567,#569,#571,.T.);
#567 = VERTEX_POINT('',#568);
#568 = CARTESIAN_POINT('',(14.893687080537,47.837583892617,25.15));
#569 = VERTEX_POINT('',#570);
#570 = CARTESIAN_POINT('',(14.893687080537,49.772923657718,25.15));
#571 = LINE('',#572,#573);
#572 = CARTESIAN_POINT('',(14.893687080537,22.286461828859,25.15));
#573 = VECTOR('',#574,1.);
#574 = DIRECTION('',(-0.,1.,0.));
#575 = ORIENTED_EDGE('',*,*,#576,.F.);
#576 = EDGE_CURVE('',#577,#567,#579,.T.);
#577 = VERTEX_POINT('',#578);
#578 = CARTESIAN_POINT('',(13.874391778523,47.837583892617,25.15));
#579 = LINE('',#580,#581);
#580 = CARTESIAN_POINT('',(5.021843540268,47.837583892617,25.15));
#581 = VECTOR('',#582,1.);
#582 = DIRECTION('',(1.,0.,-0.));
#583 = ORIENTED_EDGE('',*,*,#584,.F.);
#584 = EDGE_CURVE('',#585,#577,#587,.T.);
#585 = VERTEX_POINT('',#586);
#586 = CARTESIAN_POINT('',(13.874391778523,49.318770973154,25.15));
#587 = LINE('',#588,#589);
#588 = CARTESIAN_POINT('',(13.874391778523,21.318791946309,25.15));
#589 = VECTOR('',#590,1.);
#590 = DIRECTION('',(0.,-1.,0.));
#591 = ORIENTED_EDGE('',*,*,#592,.F.);
#592 = EDGE_CURVE('',#593,#585,#595,.T.);
#593 = VERTEX_POINT('',#594);
#594 = CARTESIAN_POINT('',(13.855893456376,49.886367449664,25.15));
#595 = B_SPLINE_CURVE_WITH_KNOTS('',7,(#596,#597,#598,#599,#600,#601,
    #602,#603),.UNSPECIFIED.,.F.,.F.,(8,8),(0.,1.),
  .PIECEWISE_BEZIER_KNOTS.);
#596 = CARTESIAN_POINT('',(13.855893456376,49.886367449664,25.15));
#597 = CARTESIAN_POINT('',(13.861730286939,49.837111746852,25.15));
#598 = CARTESIAN_POINT('',(13.866332992339,49.774371864085,25.15));
#599 = CARTESIAN_POINT('',(13.869777651662,49.699863010434,25.15));
#600 = CARTESIAN_POINT('',(13.872188194872,49.615524296551,25.15));
#601 = CARTESIAN_POINT('',(13.873688414413,49.523057165289,25.15));
#602 = CARTESIAN_POINT('',(13.874391778523,49.423827633288,25.15));
#603 = CARTESIAN_POINT('',(13.874391778523,49.318770973154,25.15));
#604 = ORIENTED_EDGE('',*,*,#605,.F.);
#605 = EDGE_CURVE('',#606,#593,#608,.T.);
#606 = VERTEX_POINT('',#607);
#607 = CARTESIAN_POINT('',(13.792281879195,50.116086409396,25.15));
#608 = B_SPLINE_CURVE_WITH_KNOTS('',5,(#609,#610,#611,#612,#613,#614),
  .UNSPECIFIED.,.F.,.F.,(6,6),(0.,1.),.PIECEWISE_BEZIER_KNOTS.);
#609 = CARTESIAN_POINT('',(13.792281879195,50.116086409396,25.15));
#610 = CARTESIAN_POINT('',(13.810658995477,50.086223595436,25.15));
#611 = CARTESIAN_POINT('',(13.826172535674,50.048019033317,25.15));
#612 = CARTESIAN_POINT('',(13.838830383961,50.001707691567,25.15));
#613 = CARTESIAN_POINT('',(13.848702794372,49.947673403034,25.15));
#614 = CARTESIAN_POINT('',(13.855893456376,49.886367449664,25.15));
#615 = ORIENTED_EDGE('',*,*,#616,.F.);
#616 = EDGE_CURVE('',#617,#606,#619,.T.);
#617 = VERTEX_POINT('',#618);
#618 = CARTESIAN_POINT('',(13.630893456376,50.270868288591,25.15));
#619 = B_SPLINE_CURVE_WITH_KNOTS('',4,(#620,#621,#622,#623,#624,#625,
    #626,#627),.UNSPECIFIED.,.F.,.F.,(5,3,5),(0.,0.504001809868,1.),
  .UNSPECIFIED.);
#620 = CARTESIAN_POINT('',(13.630893456376,50.270868288591,25.15));
#621 = CARTESIAN_POINT('',(13.656548827952,50.256947874013,25.15));
#622 = CARTESIAN_POINT('',(13.680441328915,50.2411452674,25.15));
#623 = CARTESIAN_POINT('',(13.702545912138,50.223458632033,25.15));
#624 = CARTESIAN_POINT('',(13.742832055574,50.184651724769,25.15));
#625 = CARTESIAN_POINT('',(13.761070366556,50.163590414448,25.15));
#626 = CARTESIAN_POINT('',(13.777553409121,50.140727373614,25.15));
#627 = CARTESIAN_POINT('',(13.792281879195,50.116086409396,25.15));
#628 = ORIENTED_EDGE('',*,*,#629,.F.);
#629 = EDGE_CURVE('',#630,#617,#632,.T.);
#630 = VERTEX_POINT('',#631);
#631 = CARTESIAN_POINT('',(13.398720637584,50.326174496644,25.15));
#632 = B_SPLINE_CURVE_WITH_KNOTS('',4,(#633,#634,#635,#636,#637),
  .UNSPECIFIED.,.F.,.F.,(5,5),(0.,1.),.PIECEWISE_BEZIER_KNOTS.);
#633 = CARTESIAN_POINT('',(13.398720637584,50.326174496644,25.15));
#634 = CARTESIAN_POINT('',(13.463548528326,50.326174496644,25.15));
#635 = CARTESIAN_POINT('',(13.523998140421,50.317040321581,25.15));
#636 = CARTESIAN_POINT('',(13.579821232033,50.298579699206,25.15));
#637 = CARTESIAN_POINT('',(13.630893456376,50.270868288591,25.15));
#638 = ORIENTED_EDGE('',*,*,#639,.F.);
#639 = EDGE_CURVE('',#640,#630,#642,.T.);
#640 = VERTEX_POINT('',#641);
#641 = CARTESIAN_POINT('',(12.900398489933,50.080599832215,25.15));
#642 = B_SPLINE_CURVE_WITH_KNOTS('',5,(#643,#644,#645,#646,#647,#648,
    #649,#650,#651,#652),.UNSPECIFIED.,.F.,.F.,(6,4,6),(0.,
    0.451101235134,1.),.UNSPECIFIED.);
#643 = CARTESIAN_POINT('',(12.900398489933,50.080599832215,25.15));
#644 = CARTESIAN_POINT('',(12.932641462215,50.124295776944,25.15));
#645 = CARTESIAN_POINT('',(12.967949502327,50.16364166665,25.15));
#646 = CARTESIAN_POINT('',(13.006341317477,50.198266327838,25.15));
#647 = CARTESIAN_POINT('',(13.047749086624,50.227897319531,25.15));
#648 = CARTESIAN_POINT('',(13.145792780705,50.282275630154,25.15));
#649 = CARTESIAN_POINT('',(13.203797194815,50.304578798476,25.15));
#650 = CARTESIAN_POINT('',(13.265633437424,50.319132142617,25.15));
#651 = CARTESIAN_POINT('',(13.33079387702,50.326174496644,25.15));
#652 = CARTESIAN_POINT('',(13.398720637584,50.326174496644,25.15));
#653 = ORIENTED_EDGE('',*,*,#654,.F.);
#654 = EDGE_CURVE('',#655,#640,#657,.T.);
#655 = VERTEX_POINT('',#656);
#656 = CARTESIAN_POINT('',(12.719190436242,49.401069630872,25.15));
#657 = B_SPLINE_CURVE_WITH_KNOTS('',5,(#658,#659,#660,#661,#662,#663,
    #664,#665,#666,#667),.UNSPECIFIED.,.F.,.F.,(6,4,6),(0.,0.51569729044
    ,1.),.UNSPECIFIED.);
#658 = CARTESIAN_POINT('',(12.719190436242,49.401069630872,25.15));
#659 = CARTESIAN_POINT('',(12.719190436242,49.484310618215,25.15));
#660 = CARTESIAN_POINT('',(12.723354293706,49.565078680296,25.15));
#661 = CARTESIAN_POINT('',(12.732053072096,49.642962784806,25.15));
#662 = CARTESIAN_POINT('',(12.745673355212,49.717452724661,25.15));
#663 = CARTESIAN_POINT('',(12.7821658767,49.854299680242,25.15));
#664 = CARTESIAN_POINT('',(12.804425152466,49.917122880485,25.15));
#665 = CARTESIAN_POINT('',(12.831494853619,49.976047159792,25.15));
#666 = CARTESIAN_POINT('',(12.86350847122,50.030644598541,25.15));
#667 = CARTESIAN_POINT('',(12.900398489933,50.080599832215,25.15));
#668 = ORIENTED_EDGE('',*,*,#669,.F.);
#669 = EDGE_CURVE('',#670,#655,#672,.T.);
#670 = VERTEX_POINT('',#671);
#671 = CARTESIAN_POINT('',(12.719190436242,47.837583892617,25.15));
#672 = LINE('',#673,#674);
#673 = CARTESIAN_POINT('',(12.719190436242,22.100534815436,25.15));
#674 = VECTOR('',#675,1.);
#675 = DIRECTION('',(-0.,1.,0.));
#676 = ORIENTED_EDGE('',*,*,#677,.F.);
#677 = EDGE_CURVE('',#678,#670,#680,.T.);
#678 = VERTEX_POINT('',#679);
#679 = CARTESIAN_POINT('',(11.705557885906,47.837583892617,25.15));
#680 = LINE('',#681,#682);
#681 = CARTESIAN_POINT('',(3.934595218121,47.837583892617,25.15));
#682 = VECTOR('',#683,1.);
#683 = DIRECTION('',(1.,0.,-0.));
#684 = ORIENTED_EDGE('',*,*,#685,.F.);
#685 = EDGE_CURVE('',#686,#678,#688,.T.);
#686 = VERTEX_POINT('',#687);
#687 = CARTESIAN_POINT('',(11.705557885906,51.014765100671,25.15));
#688 = LINE('',#689,#690);
#689 = CARTESIAN_POINT('',(11.705557885906,21.318791946309,25.15));
#690 = VECTOR('',#691,1.);
#691 = DIRECTION('',(0.,-1.,0.));
#692 = ORIENTED_EDGE('',*,*,#693,.F.);
#693 = EDGE_CURVE('',#694,#686,#696,.T.);
#694 = VERTEX_POINT('',#695);
#695 = CARTESIAN_POINT('',(12.719190436242,51.014765100671,25.15));
#696 = LINE('',#697,#698);
#697 = CARTESIAN_POINT('',(3.427778942953,51.014765100671,25.15));
#698 = VECTOR('',#699,1.);
#699 = DIRECTION('',(-1.,0.,0.));
#700 = ORIENTED_EDGE('',*,*,#701,.F.);
#701 = EDGE_CURVE('',#702,#694,#704,.T.);
#702 = VERTEX_POINT('',#703);
#703 = CARTESIAN_POINT('',(12.719190436242,50.543624161074,25.15));
#704 = LINE('',#705,#706);
#705 = CARTESIAN_POINT('',(12.719190436242,22.907382550336,25.15));
#706 = VECTOR('',#707,1.);
#707 = DIRECTION('',(-0.,1.,0.));
#708 = ORIENTED_EDGE('',*,*,#709,.F.);
#709 = EDGE_CURVE('',#710,#702,#712,.T.);
#710 = VERTEX_POINT('',#711);
#711 = CARTESIAN_POINT('',(13.206187080537,50.954928691275,25.15));
#712 = B_SPLINE_CURVE_WITH_KNOTS('',6,(#713,#714,#715,#716,#717,#718,
    #719),.UNSPECIFIED.,.F.,.F.,(7,7),(0.,1.),.PIECEWISE_BEZIER_KNOTS.);
#713 = CARTESIAN_POINT('',(13.206187080537,50.954928691275,25.15));
#714 = CARTESIAN_POINT('',(13.11783987289,50.909557707714,25.15));
#715 = CARTESIAN_POINT('',(13.032146169984,50.85417735689,25.15));
#716 = CARTESIAN_POINT('',(12.949349932942,50.789229649251,25.15));
#717 = CARTESIAN_POINT('',(12.869574460124,50.715347823516,25.15));
#718 = CARTESIAN_POINT('',(12.792860663247,50.633241112114,25.15));
#719 = CARTESIAN_POINT('',(12.719190436242,50.543624161074,25.15));
#720 = ORIENTED_EDGE('',*,*,#721,.F.);
#721 = EDGE_CURVE('',#722,#710,#724,.T.);
#722 = VERTEX_POINT('',#723);
#723 = CARTESIAN_POINT('',(13.775293624161,51.087248322148,25.15));
#724 = B_SPLINE_CURVE_WITH_KNOTS('',5,(#725,#726,#727,#728,#729,#730,
    #731,#732,#733,#734),.UNSPECIFIED.,.F.,.F.,(6,4,6),(0.,
    0.822944818925,1.),.UNSPECIFIED.);
#725 = CARTESIAN_POINT('',(13.775293624161,51.087248322148,25.15));
#726 = CARTESIAN_POINT('',(13.674255134573,51.087248322148,25.15));
#727 = CARTESIAN_POINT('',(13.575759350485,51.078544771441,25.15));
#728 = CARTESIAN_POINT('',(13.480237220375,51.060794412875,25.15));
#729 = CARTESIAN_POINT('',(13.388081700995,51.033848518533,25.15));
#730 = CARTESIAN_POINT('',(13.280583737807,50.990095337246,25.15));
#731 = CARTESIAN_POINT('',(13.261721263797,50.98192910859,25.15));
#732 = CARTESIAN_POINT('',(13.243032472006,50.973344640419,25.15));
#733 = CARTESIAN_POINT('',(13.224520208504,50.964343726224,25.15));
#734 = CARTESIAN_POINT('',(13.206187080537,50.954928691275,25.15));
#735 = ORIENTED_EDGE('',*,*,#736,.F.);
#736 = EDGE_CURVE('',#737,#722,#739,.T.);
#737 = VERTEX_POINT('',#738);
#738 = CARTESIAN_POINT('',(14.60903942953,50.750880872483,25.15));
#739 = B_SPLINE_CURVE_WITH_KNOTS('',5,(#740,#741,#742,#743,#744,#745,
    #746,#747,#748,#749,#750,#751,#752,#753),.UNSPECIFIED.,.F.,.F.,(6,4,
    4,6),(0.,0.199751679674,0.70976739311,1.),.UNSPECIFIED.);
#740 = CARTESIAN_POINT('',(14.60903942953,50.750880872483,25.15));
#741 = CARTESIAN_POINT('',(14.585737721282,50.778434717273,25.15));
#742 = CARTESIAN_POINT('',(14.561223577495,50.804698492232,25.15));
#743 = CARTESIAN_POINT('',(14.535509205027,50.829609042754,25.15));
#744 = CARTESIAN_POINT('',(14.508621915222,50.85311767835,25.15));
#745 = CARTESIAN_POINT('',(14.409067735087,50.931546739699,25.15));
#746 = CARTESIAN_POINT('',(14.330138749098,50.978559696132,25.15));
#747 = CARTESIAN_POINT('',(14.244585384631,51.01560858992,25.15));
#748 = CARTESIAN_POINT('',(14.153582853598,51.043054297015,25.15));
#749 = CARTESIAN_POINT('',(14.004119285363,51.072193262285,25.15));
#750 = CARTESIAN_POINT('',(13.948521621326,51.079889987332,25.15));
#751 = CARTESIAN_POINT('',(13.891734547408,51.084851614829,25.15));
#752 = CARTESIAN_POINT('',(13.833941631404,51.087248322148,25.15));
#753 = CARTESIAN_POINT('',(13.775293624161,51.087248322148,25.15));
#754 = ORIENTED_EDGE('',*,*,#755,.F.);
#755 = EDGE_CURVE('',#569,#737,#756,.T.);
#756 = B_SPLINE_CURVE_WITH_KNOTS('',6,(#757,#758,#759,#760,#761,#762,
    #763,#764,#765,#766,#767,#768),.UNSPECIFIED.,.F.,.F.,(7,5,7),(0.,
    0.525917226963,1.),.UNSPECIFIED.);
#757 = CARTESIAN_POINT('',(14.893687080537,49.772923657718,25.15));
#758 = CARTESIAN_POINT('',(14.893687080537,49.87281798602,25.15));
#759 = CARTESIAN_POINT('',(14.889546920105,49.971027684956,25.15));
#760 = CARTESIAN_POINT('',(14.880837888209,50.067208026537,25.15));
#761 = CARTESIAN_POINT('',(14.867082288011,50.160877867482,25.15));
#762 = CARTESIAN_POINT('',(14.847781854189,50.251434042729,25.15));
#763 = CARTESIAN_POINT('',(14.799757782893,50.416429210756,25.15));
#764 = CARTESIAN_POINT('',(14.772148629654,50.491583323506,25.15));
#765 = CARTESIAN_POINT('',(14.739407539582,50.563137950745,25.15));
#766 = CARTESIAN_POINT('',(14.701318019809,50.630537285948,25.15));
#767 = CARTESIAN_POINT('',(14.657804437468,50.693255379018,25.15));
#768 = CARTESIAN_POINT('',(14.60903942953,50.750880872483,25.15));
#769 = FACE_BOUND('',#770,.T.);
#770 = EDGE_LOOP('',(#771,#781,#792,#803,#815,#830,#843,#855,#863,#884,
    #901,#920,#937,#948,#959,#967,#978,#991,#1003,#1018,#1033,#1045,
    #1053,#1070,#1087,#1106,#1123,#1134));
#771 = ORIENTED_EDGE('',*,*,#772,.F.);
#772 = EDGE_CURVE('',#773,#775,#777,.T.);
#773 = VERTEX_POINT('',#774);
#774 = CARTESIAN_POINT('',(18.314555369128,50.13288590604,25.15));
#775 = VERTEX_POINT('',#776);
#776 = CARTESIAN_POINT('',(18.314555369128,50.906040268456,25.15));
#777 = LINE('',#778,#779);
#778 = CARTESIAN_POINT('',(18.314555369128,22.853020134228,25.15));
#779 = VECTOR('',#780,1.);
#780 = DIRECTION('',(-0.,1.,0.));
#781 = ORIENTED_EDGE('',*,*,#782,.F.);
#782 = EDGE_CURVE('',#783,#773,#785,.T.);
#783 = VERTEX_POINT('',#784);
#784 = CARTESIAN_POINT('',(17.685989932886,50.341275167785,25.15));
#785 = B_SPLINE_CURVE_WITH_KNOTS('',5,(#786,#787,#788,#789,#790,#791),
  .UNSPECIFIED.,.F.,.F.,(6,6),(0.,1.),.PIECEWISE_BEZIER_KNOTS.);
#786 = CARTESIAN_POINT('',(17.685989932886,50.341275167785,25.15));
#787 = CARTESIAN_POINT('',(17.809496373992,50.312957180043,25.15));
#788 = CARTESIAN_POINT('',(17.934294579923,50.277667187985,25.15));
#789 = CARTESIAN_POINT('',(18.060187112544,50.235680137859,25.15));
#790 = CARTESIAN_POINT('',(18.186993409251,50.187312342254,25.15));
#791 = CARTESIAN_POINT('',(18.314555369128,50.13288590604,25.15));
#792 = ORIENTED_EDGE('',*,*,#793,.F.);
#793 = EDGE_CURVE('',#794,#783,#796,.T.);
#794 = VERTEX_POINT('',#795);
#795 = CARTESIAN_POINT('',(17.114052013423,50.410738255034,25.15));
#796 = B_SPLINE_CURVE_WITH_KNOTS('',5,(#797,#798,#799,#800,#801,#802),
  .UNSPECIFIED.,.F.,.F.,(6,6),(0.,1.),.PIECEWISE_BEZIER_KNOTS.);
#797 = CARTESIAN_POINT('',(17.114052013423,50.410738255034,25.15));
#798 = CARTESIAN_POINT('',(17.223480241673,50.410738255034,25.15));
#799 = CARTESIAN_POINT('',(17.335634673361,50.403552814522,25.15));
#800 = CARTESIAN_POINT('',(17.450267558537,50.389389309629,25.15));
#801 = CARTESIAN_POINT('',(17.567130447723,50.368527685256,25.15));
#802 = CARTESIAN_POINT('',(17.685989932886,50.341275167785,25.15));
#803 = ORIENTED_EDGE('',*,*,#804,.F.);
#804 = EDGE_CURVE('',#805,#794,#807,.T.);
#805 = VERTEX_POINT('',#806);
#806 = CARTESIAN_POINT('',(16.685004194631,50.337877516779,25.15));
#807 = B_SPLINE_CURVE_WITH_KNOTS('',6,(#808,#809,#810,#811,#812,#813,
    #814),.UNSPECIFIED.,.F.,.F.,(7,7),(0.,1.),.PIECEWISE_BEZIER_KNOTS.);
#808 = CARTESIAN_POINT('',(16.685004194631,50.337877516779,25.15));
#809 = CARTESIAN_POINT('',(16.733785542531,50.36322018204,25.15));
#810 = CARTESIAN_POINT('',(16.792774778921,50.382975017167,25.15));
#811 = CARTESIAN_POINT('',(16.861258114212,50.397253346865,25.15));
#812 = CARTESIAN_POINT('',(16.938271028203,50.406376959876,25.15));
#813 = CARTESIAN_POINT('',(17.022833095335,50.410738255034,25.15));
#814 = CARTESIAN_POINT('',(17.114052013423,50.410738255034,25.15));
#815 = ORIENTED_EDGE('',*,*,#816,.F.);
#816 = EDGE_CURVE('',#817,#805,#819,.T.);
#817 = VERTEX_POINT('',#818);
#818 = CARTESIAN_POINT('',(16.544945469799,50.113443791946,25.15));
#819 = B_SPLINE_CURVE_WITH_KNOTS('',5,(#820,#821,#822,#823,#824,#825,
    #826,#827,#828,#829),.UNSPECIFIED.,.F.,.F.,(6,4,6),(0.,
    0.461702699145,1.),.UNSPECIFIED.);
#820 = CARTESIAN_POINT('',(16.544945469799,50.113443791946,25.15));
#821 = CARTESIAN_POINT('',(16.544945469799,50.141265026915,25.15));
#822 = CARTESIAN_POINT('',(16.547894632136,50.167568809035,25.15));
#823 = CARTESIAN_POINT('',(16.553852332171,50.192278054318,25.15));
#824 = CARTESIAN_POINT('',(16.562841342468,50.215333250511,25.15));
#825 = CARTESIAN_POINT('',(16.588829541836,50.261603986942,25.15));
#826 = CARTESIAN_POINT('',(16.606910839175,50.28421276772,25.15));
#827 = CARTESIAN_POINT('',(16.629050569449,50.304461956936,25.15));
#828 = CARTESIAN_POINT('',(16.65513813635,50.322340726352,25.15));
#829 = CARTESIAN_POINT('',(16.685004194631,50.337877516779,25.15));
#830 = ORIENTED_EDGE('',*,*,#831,.F.);
#831 = EDGE_CURVE('',#832,#817,#834,.T.);
#832 = VERTEX_POINT('',#833);
#833 = CARTESIAN_POINT('',(16.651027684564,49.924874161074,25.15));
#834 = B_SPLINE_CURVE_WITH_KNOTS('',4,(#835,#836,#837,#838,#839,#840,
    #841,#842),.UNSPECIFIED.,.F.,.F.,(5,3,5),(0.,0.516074229147,1.),
  .UNSPECIFIED.);
#835 = CARTESIAN_POINT('',(16.651027684564,49.924874161074,25.15));
#836 = CARTESIAN_POINT('',(16.623791821662,49.941739072622,25.15));
#837 = CARTESIAN_POINT('',(16.601085468349,49.961198861691,25.15));
#838 = CARTESIAN_POINT('',(16.583075119083,49.983270342272,25.15));
#839 = CARTESIAN_POINT('',(16.557343832318,50.030980420717,25.15));
#840 = CARTESIAN_POINT('',(16.549051533512,50.056311535998,25.15));
#841 = CARTESIAN_POINT('',(16.544945469799,50.083833968487,25.15));
#842 = CARTESIAN_POINT('',(16.544945469799,50.113443791946,25.15));
#843 = ORIENTED_EDGE('',*,*,#844,.F.);
#844 = EDGE_CURVE('',#845,#832,#847,.T.);
#845 = VERTEX_POINT('',#846);
#846 = CARTESIAN_POINT('',(17.031942114094,49.827663590604,25.15));
#847 = B_SPLINE_CURVE_WITH_KNOTS('',6,(#848,#849,#850,#851,#852,#853,
    #854),.UNSPECIFIED.,.F.,.F.,(7,7),(0.,1.),.PIECEWISE_BEZIER_KNOTS.);
#848 = CARTESIAN_POINT('',(17.031942114094,49.827663590604,25.15));
#849 = CARTESIAN_POINT('',(16.945535082137,49.837581098739,25.15));
#850 = CARTESIAN_POINT('',(16.866858826176,49.849788038589,25.15));
#851 = CARTESIAN_POINT('',(16.796961557742,49.86447715265,25.15));
#852 = CARTESIAN_POINT('',(16.736998327275,49.881825986096,25.15));
#853 = CARTESIAN_POINT('',(16.688096205272,49.901961469765,25.15));
#854 = CARTESIAN_POINT('',(16.651027684564,49.924874161074,25.15));
#855 = ORIENTED_EDGE('',*,*,#856,.F.);
#856 = EDGE_CURVE('',#857,#845,#859,.T.);
#857 = VERTEX_POINT('',#858);
#858 = CARTESIAN_POINT('',(17.210318791946,49.802181208054,25.15));
#859 = LINE('',#860,#861);
#860 = CARTESIAN_POINT('',(10.16172692953,50.809122902685,25.15));
#861 = VECTOR('',#862,1.);
#862 = DIRECTION('',(-0.989949493661,0.141421356237,0.));
#863 = ORIENTED_EDGE('',*,*,#864,.F.);
#864 = EDGE_CURVE('',#865,#857,#867,.T.);
#865 = VERTEX_POINT('',#866);
#866 = CARTESIAN_POINT('',(18.257927852349,49.477139261745,25.15));
#867 = B_SPLINE_CURVE_WITH_KNOTS('',8,(#868,#869,#870,#871,#872,#873,
    #874,#875,#876,#877,#878,#879,#880,#881,#882,#883),.UNSPECIFIED.,.F.
  ,.F.,(9,7,9),(0.,0.855473640005,1.),.UNSPECIFIED.);
#868 = CARTESIAN_POINT('',(18.257927852349,49.477139261745,25.15));
#869 = CARTESIAN_POINT('',(18.187040856366,49.536734083631,25.15));
#870 = CARTESIAN_POINT('',(18.099388145941,49.588369787017,25.15));
#871 = CARTESIAN_POINT('',(17.998613308128,49.632755303147,25.15));
#872 = CARTESIAN_POINT('',(17.888115973625,49.670851285608,25.15));
#873 = CARTESIAN_POINT('',(17.770521376818,49.703533414991,25.15));
#874 = CARTESIAN_POINT('',(17.647716150012,49.731612567705,25.15));
#875 = CARTESIAN_POINT('',(17.520750550445,49.755779916447,25.15));
#876 = CARTESIAN_POINT('',(17.367736041075,49.780130197012,25.15));
#877 = CARTESIAN_POINT('',(17.345520591192,49.783552407202,25.15));
#878 = CARTESIAN_POINT('',(17.323208297497,49.786880069768,25.15));
#879 = CARTESIAN_POINT('',(17.300802928279,49.790115592225,25.15));
#880 = CARTESIAN_POINT('',(17.278308044113,49.793261289995,25.15));
#881 = CARTESIAN_POINT('',(17.255726997859,49.79631938641,25.15));
#882 = CARTESIAN_POINT('',(17.23306293466,49.799292012713,25.15));
#883 = CARTESIAN_POINT('',(17.210318791946,49.802181208054,25.15));
#884 = ORIENTED_EDGE('',*,*,#885,.F.);
#885 = EDGE_CURVE('',#886,#865,#888,.T.);
#886 = VERTEX_POINT('',#887);
#887 = CARTESIAN_POINT('',(18.526908557047,48.767785234899,25.15));
#888 = B_SPLINE_CURVE_WITH_KNOTS('',6,(#889,#890,#891,#892,#893,#894,
    #895,#896,#897,#898,#899,#900),.UNSPECIFIED.,.F.,.F.,(7,5,7),(0.,
    0.902158776275,1.),.UNSPECIFIED.);
#889 = CARTESIAN_POINT('',(18.526908557047,48.767785234899,25.15));
#890 = CARTESIAN_POINT('',(18.526908557047,48.900639326321,25.15));
#891 = CARTESIAN_POINT('',(18.514709663748,49.027702217747,25.15));
#892 = CARTESIAN_POINT('',(18.488289036406,49.146684958554,25.15));
#893 = CARTESIAN_POINT('',(18.445704337747,49.254783006159,25.15));
#894 = CARTESIAN_POINT('',(18.385775917958,49.349167511171,25.15));
#895 = CARTESIAN_POINT('',(18.301783522057,49.436919201006,25.15));
#896 = CARTESIAN_POINT('',(18.293378830044,49.445326341663,25.15));
#897 = CARTESIAN_POINT('',(18.284788972045,49.453553222683,25.15));
#898 = CARTESIAN_POINT('',(18.276015780485,49.461598418462,25.15));
#899 = CARTESIAN_POINT('',(18.267061312981,49.469460745368,25.15));
#900 = CARTESIAN_POINT('',(18.257927852349,49.477139261745,25.15));
#901 = ORIENTED_EDGE('',*,*,#902,.F.);
#902 = EDGE_CURVE('',#903,#886,#905,.T.);
#903 = VERTEX_POINT('',#904);
#904 = CARTESIAN_POINT('',(18.153166946309,48.007277684564,25.15));
#905 = B_SPLINE_CURVE_WITH_KNOTS('',5,(#906,#907,#908,#909,#910,#911,
    #912,#913,#914,#915,#916,#917,#918,#919),.UNSPECIFIED.,.F.,.F.,(6,4,
    4,6),(0.,0.36755993721,0.781665558755,1.),.UNSPECIFIED.);
#906 = CARTESIAN_POINT('',(18.153166946309,48.007277684564,25.15));
#907 = CARTESIAN_POINT('',(18.207613571206,48.044345386766,25.15));
#908 = CARTESIAN_POINT('',(18.257936962448,48.085318455088,25.15));
#909 = CARTESIAN_POINT('',(18.303609726376,48.130248958821,25.15));
#910 = CARTESIAN_POINT('',(18.34420475737,48.179050422104,25.15));
#911 = CARTESIAN_POINT('',(18.41928789462,48.290389927654,25.15));
#912 = CARTESIAN_POINT('',(18.452364909719,48.353904668352,25.15));
#913 = CARTESIAN_POINT('',(18.478426850296,48.421494623508,25.15));
#914 = CARTESIAN_POINT('',(18.497645130199,48.49252840037,25.15));
#915 = CARTESIAN_POINT('',(18.517165471857,48.605250157812,25.15));
#916 = CARTESIAN_POINT('',(18.522115938808,48.644940712217,25.15));
#917 = CARTESIAN_POINT('',(18.525337986043,48.685315925957,25.15));
#918 = CARTESIAN_POINT('',(18.526908557047,48.726289485252,25.15));
#919 = CARTESIAN_POINT('',(18.526908557047,48.767785234899,25.15));
#920 = ORIENTED_EDGE('',*,*,#921,.F.);
#921 = EDGE_CURVE('',#922,#903,#924,.T.);
#922 = VERTEX_POINT('',#923);
#923 = CARTESIAN_POINT('',(17.037604865772,47.753020134228,25.15));
#924 = B_SPLINE_CURVE_WITH_KNOTS('',6,(#925,#926,#927,#928,#929,#930,
    #931,#932,#933,#934,#935,#936),.UNSPECIFIED.,.F.,.F.,(7,5,7),(0.,
    0.536497715873,1.),.UNSPECIFIED.);
#925 = CARTESIAN_POINT('',(17.037604865772,47.753020134228,25.15));
#926 = CARTESIAN_POINT('',(17.151486821884,47.753020134228,25.15));
#927 = CARTESIAN_POINT('',(17.263722400168,47.756615404087,25.15));
#928 = CARTESIAN_POINT('',(17.3740033709,47.76422754333,25.15));
#929 = CARTESIAN_POINT('',(17.481843987159,47.776362231897,25.15));
#930 = CARTESIAN_POINT('',(17.586583037954,47.793605161558,25.15));
#931 = CARTESIAN_POINT('',(17.774510367127,47.836437329476,25.15));
#932 = CARTESIAN_POINT('',(17.85867841722,47.860568547886,25.15));
#933 = CARTESIAN_POINT('',(17.939358565034,47.889374956436,25.15));
#934 = CARTESIAN_POINT('',(18.015854307118,47.923247889474,25.15));
#935 = CARTESIAN_POINT('',(18.087371578825,47.962516896685,25.15));
#936 = CARTESIAN_POINT('',(18.153166946309,48.007277684564,25.15));
#937 = ORIENTED_EDGE('',*,*,#938,.F.);
#938 = EDGE_CURVE('',#939,#922,#941,.T.);
#939 = VERTEX_POINT('',#940);
#940 = CARTESIAN_POINT('',(16.387709731544,47.801342281879,25.15));
#941 = B_SPLINE_CURVE_WITH_KNOTS('',5,(#942,#943,#944,#945,#946,#947),
  .UNSPECIFIED.,.F.,.F.,(6,6),(0.,1.),.PIECEWISE_BEZIER_KNOTS.);
#942 = CARTESIAN_POINT('',(16.387709731544,47.801342281879,25.15));
#943 = CARTESIAN_POINT('',(16.520367509433,47.782241949405,25.15));
#944 = CARTESIAN_POINT('',(16.651795093435,47.76773748478,25.15));
#945 = CARTESIAN_POINT('',(16.781885212866,47.757957901982,25.15));
#946 = CARTESIAN_POINT('',(16.910526254044,47.753020134228,25.15));
#947 = CARTESIAN_POINT('',(17.037604865772,47.753020134228,25.15));
#948 = ORIENTED_EDGE('',*,*,#949,.F.);
#949 = EDGE_CURVE('',#950,#939,#952,.T.);
#950 = VERTEX_POINT('',#951);
#951 = CARTESIAN_POINT('',(15.69836409396,47.946308724832,25.15));
#952 = B_SPLINE_CURVE_WITH_KNOTS('',5,(#953,#954,#955,#956,#957,#958),
  .UNSPECIFIED.,.F.,.F.,(6,6),(0.,1.),.PIECEWISE_BEZIER_KNOTS.);
#953 = CARTESIAN_POINT('',(15.69836409396,47.946308724832,25.15));
#954 = CARTESIAN_POINT('',(15.83801567097,47.908174534203,25.15));
#955 = CARTESIAN_POINT('',(15.976871719999,47.874468262506,25.15));
#956 = CARTESIAN_POINT('',(16.114839973177,47.845336218162,25.15));
#957 = CARTESIAN_POINT('',(16.251820964393,47.820918829088,25.15));
#958 = CARTESIAN_POINT('',(16.387709731544,47.801342281879,25.15));
#959 = ORIENTED_EDGE('',*,*,#960,.F.);
#960 = EDGE_CURVE('',#961,#950,#963,.T.);
#961 = VERTEX_POINT('',#962);
#962 = CARTESIAN_POINT('',(15.69836409396,48.719463087248,25.15));
#963 = LINE('',#964,#965);
#964 = CARTESIAN_POINT('',(15.69836409396,21.373154362416,25.15));
#965 = VECTOR('',#966,1.);
#966 = DIRECTION('',(0.,-1.,0.));
#967 = ORIENTED_EDGE('',*,*,#968,.F.);
#968 = EDGE_CURVE('',#969,#961,#971,.T.);
#969 = VERTEX_POINT('',#970);
#970 = CARTESIAN_POINT('',(16.319756711409,48.502013422819,25.15));
#971 = B_SPLINE_CURVE_WITH_KNOTS('',5,(#972,#973,#974,#975,#976,#977),
  .UNSPECIFIED.,.F.,.F.,(6,6),(0.,1.),.PIECEWISE_BEZIER_KNOTS.);
#972 = CARTESIAN_POINT('',(16.319756711409,48.502013422819,25.15));
#973 = CARTESIAN_POINT('',(16.191998764769,48.531094069831,25.15));
#974 = CARTESIAN_POINT('',(16.06582603761,48.5674603895,25.15));
#975 = CARTESIAN_POINT('',(15.941405495498,48.611067707819,25.15));
#976 = CARTESIAN_POINT('',(15.818878571875,48.661796346414,25.15));
#977 = CARTESIAN_POINT('',(15.69836409396,48.719463087248,25.15));
#978 = ORIENTED_EDGE('',*,*,#979,.F.);
#979 = EDGE_CURVE('',#980,#969,#982,.T.);
#980 = VERTEX_POINT('',#981);
#981 = CARTESIAN_POINT('',(16.966820469799,48.429530201342,25.15));
#982 = B_SPLINE_CURVE_WITH_KNOTS('',4,(#983,#984,#985,#986,#987,#988,
    #989,#990),.UNSPECIFIED.,.F.,.F.,(5,3,5),(0.,0.604121764994,1.),
  .UNSPECIFIED.);
#983 = CARTESIAN_POINT('',(16.966820469799,48.429530201342,25.15));
#984 = CARTESIAN_POINT('',(16.867811612825,48.429530201342,25.15));
#985 = CARTESIAN_POINT('',(16.769217988396,48.433921360743,25.15));
#986 = CARTESIAN_POINT('',(16.67113289163,48.442739736678,25.15));
#987 = CARTESIAN_POINT('',(16.509763722616,48.464645094765,25.15));
#988 = CARTESIAN_POINT('',(16.446138085322,48.475212856029,25.15));
#989 = CARTESIAN_POINT('',(16.382794546141,48.487673062311,25.15));
#990 = CARTESIAN_POINT('',(16.319756711409,48.502013422819,25.15));
#991 = ORIENTED_EDGE('',*,*,#992,.F.);
#992 = EDGE_CURVE('',#993,#980,#995,.T.);
#993 = VERTEX_POINT('',#994);
#994 = CARTESIAN_POINT('',(17.414177852349,48.510885067114,25.15));
#995 = B_SPLINE_CURVE_WITH_KNOTS('',6,(#996,#997,#998,#999,#1000,#1001,
    #1002),.UNSPECIFIED.,.F.,.F.,(7,7),(0.,1.),
  .PIECEWISE_BEZIER_KNOTS.);
#996 = CARTESIAN_POINT('',(17.414177852349,48.510885067114,25.15));
#997 = CARTESIAN_POINT('',(17.361992500922,48.482593386026,25.15));
#998 = CARTESIAN_POINT('',(17.299727817716,48.460532334825,25.15));
#999 = CARTESIAN_POINT('',(17.228108237012,48.444586666955,25.15));
#1000 = CARTESIAN_POINT('',(17.148107798035,48.434399026403,25.15));
#1001 = CARTESIAN_POINT('',(17.060713492927,48.429530201342,25.15));
#1002 = CARTESIAN_POINT('',(16.966820469799,48.429530201342,25.15));
#1003 = ORIENTED_EDGE('',*,*,#1004,.F.);
#1004 = EDGE_CURVE('',#1005,#993,#1007,.T.);
#1005 = VERTEX_POINT('',#1006);
#1006 = CARTESIAN_POINT('',(17.564240771812,48.752495805369,25.15));
#1007 = B_SPLINE_CURVE_WITH_KNOTS('',5,(#1008,#1009,#1010,#1011,#1012,
    #1013,#1014,#1015,#1016,#1017),.UNSPECIFIED.,.F.,.F.,(6,4,6),(0.,
    0.437469899676,1.),.UNSPECIFIED.);
#1008 = CARTESIAN_POINT('',(17.564240771812,48.752495805369,25.15));
#1009 = CARTESIAN_POINT('',(17.564240771812,48.724639664091,25.15));
#1010 = CARTESIAN_POINT('',(17.561400300826,48.698131212721,25.15));
#1011 = CARTESIAN_POINT('',(17.555662779069,48.673043420399,25.15));
#1012 = CARTESIAN_POINT('',(17.547006563266,48.649433885987,25.15));
#1013 = CARTESIAN_POINT('',(17.520594546842,48.598933012263,25.15));
#1014 = CARTESIAN_POINT('',(17.500944008885,48.573031320528,25.15));
#1015 = CARTESIAN_POINT('',(17.476543365733,48.549720304209,25.15));
#1016 = CARTESIAN_POINT('',(17.447544479376,48.529016366329,25.15));
#1017 = CARTESIAN_POINT('',(17.414177852349,48.510885067114,25.15));
#1018 = ORIENTED_EDGE('',*,*,#1019,.F.);
#1019 = EDGE_CURVE('',#1020,#1005,#1022,.T.);
#1020 = VERTEX_POINT('',#1021);
#1021 = CARTESIAN_POINT('',(17.460801174497,48.953334731544,25.15));
#1022 = B_SPLINE_CURVE_WITH_KNOTS('',5,(#1023,#1024,#1025,#1026,#1027,
    #1028,#1029,#1030,#1031,#1032),.UNSPECIFIED.,.F.,.F.,(6,4,6),(0.,
    0.398533544559,1.),.UNSPECIFIED.);
#1023 = CARTESIAN_POINT('',(17.460801174497,48.953334731544,25.15));
#1024 = CARTESIAN_POINT('',(17.477258961894,48.94282337098,25.15));
#1025 = CARTESIAN_POINT('',(17.492118314162,48.93120064047,25.15));
#1026 = CARTESIAN_POINT('',(17.5053515782,48.918464222283,25.15));
#1027 = CARTESIAN_POINT('',(17.516940912234,48.90461881281,25.15));
#1028 = CARTESIAN_POINT('',(17.541875760815,48.867124628325,25.15));
#1029 = CARTESIAN_POINT('',(17.553111023053,48.842073462105,25.15));
#1030 = CARTESIAN_POINT('',(17.560556267351,48.814563652631,25.15));
#1031 = CARTESIAN_POINT('',(17.564240771812,48.784670242886,25.15));
#1032 = CARTESIAN_POINT('',(17.564240771812,48.752495805369,25.15));
#1033 = ORIENTED_EDGE('',*,*,#1034,.F.);
#1034 = EDGE_CURVE('',#1035,#1020,#1037,.T.);
#1035 = VERTEX_POINT('',#1036);
#1036 = CARTESIAN_POINT('',(17.048930369128,49.055830536913,25.15));
#1037 = B_SPLINE_CURVE_WITH_KNOTS('',6,(#1038,#1039,#1040,#1041,#1042,
    #1043,#1044),.UNSPECIFIED.,.F.,.F.,(7,7),(0.,1.),
  .PIECEWISE_BEZIER_KNOTS.);
#1038 = CARTESIAN_POINT('',(17.048930369128,49.055830536913,25.15));
#1039 = CARTESIAN_POINT('',(17.144336399125,49.044568540711,25.15));
#1040 = CARTESIAN_POINT('',(17.231168199096,49.031229497787,25.15));
#1041 = CARTESIAN_POINT('',(17.307957354005,49.015597104142,25.15));
#1042 = CARTESIAN_POINT('',(17.372945993523,48.997468118798,25.15));
#1043 = CARTESIAN_POINT('',(17.424292466792,48.976694964992,25.15));
#1044 = CARTESIAN_POINT('',(17.460801174497,48.953334731544,25.15));
#1045 = ORIENTED_EDGE('',*,*,#1046,.F.);
#1046 = EDGE_CURVE('',#1047,#1035,#1049,.T.);
#1047 = VERTEX_POINT('',#1048);
#1048 = CARTESIAN_POINT('',(16.870553691275,49.078481543624,25.15));
#1049 = LINE('',#1050,#1051);
#1050 = CARTESIAN_POINT('',(9.663371722405,49.993679253957,25.15));
#1051 = VECTOR('',#1052,1.);
#1052 = DIRECTION('',(0.99203372922,-0.125972537044,0.));
#1053 = ORIENTED_EDGE('',*,*,#1054,.F.);
#1054 = EDGE_CURVE('',#1055,#1047,#1057,.T.);
#1055 = VERTEX_POINT('',#1056);
#1056 = CARTESIAN_POINT('',(15.922042785235,49.393896812081,25.15));
#1057 = B_SPLINE_CURVE_WITH_KNOTS('',6,(#1058,#1059,#1060,#1061,#1062,
    #1063,#1064,#1065,#1066,#1067,#1068,#1069),.UNSPECIFIED.,.F.,.F.,(7,
    5,7),(0.,0.460752510677,1.),.UNSPECIFIED.);
#1058 = CARTESIAN_POINT('',(15.922042785235,49.393896812081,25.15));
#1059 = CARTESIAN_POINT('',(15.970641538437,49.352756617529,25.15));
#1060 = CARTESIAN_POINT('',(16.025933553163,49.315301723077,25.15));
#1061 = CARTESIAN_POINT('',(16.087063370181,49.281480304402,25.15));
#1062 = CARTESIAN_POINT('',(16.153107196741,49.251064258824,25.15));
#1063 = CARTESIAN_POINT('',(16.223278447699,49.223784731129,25.15));
#1064 = CARTESIAN_POINT('',(16.383227105526,49.170783987176,25.15));
#1065 = CARTESIAN_POINT('',(16.474280619957,49.146129143922,25.15));
#1066 = CARTESIAN_POINT('',(16.569190125446,49.124944686794,25.15));
#1067 = CARTESIAN_POINT('',(16.667207025121,49.10683004698,25.15));
#1068 = CARTESIAN_POINT('',(16.767779736457,49.091439375584,25.15));
#1069 = CARTESIAN_POINT('',(16.870553691275,49.078481543624,25.15));
#1070 = ORIENTED_EDGE('',*,*,#1071,.F.);
#1071 = EDGE_CURVE('',#1072,#1055,#1074,.T.);
#1072 = VERTEX_POINT('',#1073);
#1073 = CARTESIAN_POINT('',(15.650230704698,50.092869127517,25.15));
#1074 = B_SPLINE_CURVE_WITH_KNOTS('',6,(#1075,#1076,#1077,#1078,#1079,
    #1080,#1081,#1082,#1083,#1084,#1085,#1086),.UNSPECIFIED.,.F.,.F.,(7,
    5,7),(0.,0.86075570168,1.),.UNSPECIFIED.);
#1075 = CARTESIAN_POINT('',(15.650230704698,50.092869127517,25.15));
#1076 = CARTESIAN_POINT('',(15.650230704698,49.968653146552,25.15));
#1077 = CARTESIAN_POINT('',(15.661676859156,49.849611493381,25.15));
#1078 = CARTESIAN_POINT('',(15.686255872339,49.73763874662,25.15));
#1079 = CARTESIAN_POINT('',(15.725509390561,49.634946487961,25.15));
#1080 = CARTESIAN_POINT('',(15.78027494829,49.543688206879,25.15));
#1081 = CARTESIAN_POINT('',(15.860579096049,49.452405302158,25.15));
#1082 = CARTESIAN_POINT('',(15.872137610914,49.440025649288,25.15));
#1083 = CARTESIAN_POINT('',(15.884068614311,49.427981612948,25.15));
#1084 = CARTESIAN_POINT('',(15.896367144336,49.416276982197,25.15));
#1085 = CARTESIAN_POINT('',(15.909027408801,49.40491468977,25.15));
#1086 = CARTESIAN_POINT('',(15.922042785235,49.393896812081,25.15));
#1087 = ORIENTED_EDGE('',*,*,#1088,.F.);
#1088 = EDGE_CURVE('',#1089,#1072,#1091,.T.);
#1089 = VERTEX_POINT('',#1090);
#1090 = CARTESIAN_POINT('',(15.995658557047,50.842806208054,25.15));
#1091 = B_SPLINE_CURVE_WITH_KNOTS('',5,(#1092,#1093,#1094,#1095,#1096,
    #1097,#1098,#1099,#1100,#1101,#1102,#1103,#1104,#1105),
  .UNSPECIFIED.,.F.,.F.,(6,4,4,6),(0.,0.289938274,0.74874086043,1.),
  .UNSPECIFIED.);
#1092 = CARTESIAN_POINT('',(15.995658557047,50.842806208054,25.15));
#1093 = CARTESIAN_POINT('',(15.955285903427,50.814258550248,25.15));
#1094 = CARTESIAN_POINT('',(15.917478609735,50.783207513552,25.15));
#1095 = CARTESIAN_POINT('',(15.882461806674,50.749648056615,25.15));
#1096 = CARTESIAN_POINT('',(15.850411871832,50.713634427162,25.15));
#1097 = CARTESIAN_POINT('',(15.775569370621,50.614646110312,25.15));
#1098 = CARTESIAN_POINT('',(15.737376933566,50.548165027696,25.15));
#1099 = CARTESIAN_POINT('',(15.707284651286,50.476418677964,25.15));
#1100 = CARTESIAN_POINT('',(15.685046193746,50.400248764736,25.15));
#1101 = CARTESIAN_POINT('',(15.661957176883,50.276886544857,25.15));
#1102 = CARTESIAN_POINT('',(15.655980708009,50.23216460302,25.15));
#1103 = CARTESIAN_POINT('',(15.652109271593,50.186507137711,25.15));
#1104 = CARTESIAN_POINT('',(15.650230704698,50.140039512999,25.15));
#1105 = CARTESIAN_POINT('',(15.650230704698,50.092869127517,25.15));
#1106 = ORIENTED_EDGE('',*,*,#1107,.F.);
#1107 = EDGE_CURVE('',#1108,#1089,#1110,.T.);
#1108 = VERTEX_POINT('',#1109);
#1109 = CARTESIAN_POINT('',(17.054593120805,51.087248322148,25.15));
#1110 = B_SPLINE_CURVE_WITH_KNOTS('',6,(#1111,#1112,#1113,#1114,#1115,
    #1116,#1117,#1118,#1119,#1120,#1121,#1122),.UNSPECIFIED.,.F.,.F.,(7,
    5,7),(0.,0.53682506497,1.),.UNSPECIFIED.);
#1111 = CARTESIAN_POINT('',(17.054593120805,51.087248322148,25.15));
#1112 = CARTESIAN_POINT('',(16.945176847878,51.087248322148,25.15));
#1113 = CARTESIAN_POINT('',(16.837491744038,51.083799358779,25.15));
#1114 = CARTESIAN_POINT('',(16.731855672179,51.076491823548,25.15));
#1115 = CARTESIAN_POINT('',(16.628767923386,51.064833227966,25.15));
#1116 = CARTESIAN_POINT('',(16.528907005112,51.048252257231,25.15));
#1117 = CARTESIAN_POINT('',(16.350448719159,51.007057340954,25.15));
#1118 = CARTESIAN_POINT('',(16.270826339792,50.983860652908,25.15));
#1119 = CARTESIAN_POINT('',(16.194801459154,50.956163857449,25.15));
#1120 = CARTESIAN_POINT('',(16.123079190245,50.92359063706,25.15));
#1121 = CARTESIAN_POINT('',(16.056455649675,50.885829287263,25.15));
#1122 = CARTESIAN_POINT('',(15.995658557047,50.842806208054,25.15));
#1123 = ORIENTED_EDGE('',*,*,#1124,.F.);
#1124 = EDGE_CURVE('',#1125,#1108,#1127,.T.);
#1125 = VERTEX_POINT('',#1126);
#1126 = CARTESIAN_POINT('',(17.643519295302,51.04326761745,25.15));
#1127 = B_SPLINE_CURVE_WITH_KNOTS('',5,(#1128,#1129,#1130,#1131,#1132,
    #1133),.UNSPECIFIED.,.F.,.F.,(6,6),(0.,1.),
  .PIECEWISE_BEZIER_KNOTS.);
#1128 = CARTESIAN_POINT('',(17.643519295302,51.04326761745,25.15));
#1129 = CARTESIAN_POINT('',(17.521822852307,51.060610290977,25.15));
#1130 = CARTESIAN_POINT('',(17.401955927127,51.073810209368,25.15));
#1131 = CARTESIAN_POINT('',(17.284042535817,51.082732089737,25.15));
#1132 = CARTESIAN_POINT('',(17.168211707726,51.087248322148,25.15));
#1133 = CARTESIAN_POINT('',(17.054593120805,51.087248322148,25.15));
#1134 = ORIENTED_EDGE('',*,*,#1135,.F.);
#1135 = EDGE_CURVE('',#775,#1125,#1136,.T.);
#1136 = B_SPLINE_CURVE_WITH_KNOTS('',5,(#1137,#1138,#1139,#1140,#1141,
    #1142),.UNSPECIFIED.,.F.,.F.,(6,6),(0.,1.),
  .PIECEWISE_BEZIER_KNOTS.);
#1137 = CARTESIAN_POINT('',(18.314555369128,50.906040268456,25.15));
#1138 = CARTESIAN_POINT('',(18.173822856701,50.942322869316,25.15));
#1139 = CARTESIAN_POINT('',(18.036047681866,50.974471499455,25.15));
#1140 = CARTESIAN_POINT('',(17.901514663641,51.002210484226,25.15));
#1141 = CARTESIAN_POINT('',(17.770552801426,51.025242067957,25.15));
#1142 = CARTESIAN_POINT('',(17.643519295302,51.04326761745,25.15));
#1143 = FACE_BOUND('',#1144,.T.);
#1144 = EDGE_LOOP('',(#1145,#1155,#1163,#1171,#1179,#1187,#1198,#1213,
    #1228,#1245,#1256,#1267,#1275,#1286,#1297,#1314,#1333,#1348,#1367));
#1145 = ORIENTED_EDGE('',*,*,#1146,.F.);
#1146 = EDGE_CURVE('',#1147,#1149,#1151,.T.);
#1147 = VERTEX_POINT('',#1148);
#1148 = CARTESIAN_POINT('',(22.33586409396,48.634899328859,25.15));
#1149 = VERTEX_POINT('',#1150);
#1150 = CARTESIAN_POINT('',(20.475650167785,48.634899328859,25.15));
#1151 = LINE('',#1152,#1153);
#1152 = CARTESIAN_POINT('',(7.812825083893,48.634899328859,25.15));
#1153 = VECTOR('',#1154,1.);
#1154 = DIRECTION('',(-1.,0.,0.));
#1155 = ORIENTED_EDGE('',*,*,#1156,.F.);
#1156 = EDGE_CURVE('',#1157,#1147,#1159,.T.);
#1157 = VERTEX_POINT('',#1158);
#1158 = CARTESIAN_POINT('',(22.33586409396,47.837583892617,25.15));
#1159 = LINE('',#1160,#1161);
#1160 = CARTESIAN_POINT('',(22.33586409396,21.71744966443,25.15));
#1161 = VECTOR('',#1162,1.);
#1162 = DIRECTION('',(-0.,1.,0.));
#1163 = ORIENTED_EDGE('',*,*,#1164,.F.);
#1164 = EDGE_CURVE('',#1165,#1157,#1167,.T.);
#1165 = VERTEX_POINT('',#1166);
#1166 = CARTESIAN_POINT('',(19.263821308725,47.837583892617,25.15));
#1167 = LINE('',#1168,#1169);
#1168 = CARTESIAN_POINT('',(8.74293204698,47.837583892617,25.15));
#1169 = VECTOR('',#1170,1.);
#1170 = DIRECTION('',(1.,0.,-0.));
#1171 = ORIENTED_EDGE('',*,*,#1172,.F.);
#1172 = EDGE_CURVE('',#1173,#1165,#1175,.T.);
#1173 = VERTEX_POINT('',#1174);
#1174 = CARTESIAN_POINT('',(19.263821308725,48.634899328859,25.15));
#1175 = LINE('',#1176,#1177);
#1176 = CARTESIAN_POINT('',(19.263821308725,21.318791946309,25.15));
#1177 = VECTOR('',#1178,1.);
#1178 = DIRECTION('',(0.,-1.,0.));
#1179 = ORIENTED_EDGE('',*,*,#1180,.F.);
#1180 = EDGE_CURVE('',#1181,#1173,#1183,.T.);
#1181 = VERTEX_POINT('',#1182);
#1182 = CARTESIAN_POINT('',(20.80692114094,49.993770973154,25.15));
#1183 = LINE('',#1184,#1185);
#1184 = CARTESIAN_POINT('',(-0.877657923031,30.898078657372,25.15));
#1185 = VECTOR('',#1186,1.);
#1186 = DIRECTION('',(-0.750485828524,-0.66088654184,0.));
#1187 = ORIENTED_EDGE('',*,*,#1188,.F.);
#1188 = EDGE_CURVE('',#1189,#1181,#1191,.T.);
#1189 = VERTEX_POINT('',#1190);
#1190 = CARTESIAN_POINT('',(21.112709731544,50.358829697987,25.15));
#1191 = B_SPLINE_CURVE_WITH_KNOTS('',5,(#1192,#1193,#1194,#1195,#1196,
    #1197),.UNSPECIFIED.,.F.,.F.,(6,6),(0.,1.),
  .PIECEWISE_BEZIER_KNOTS.);
#1192 = CARTESIAN_POINT('',(21.112709731544,50.358829697987,25.15));
#1193 = CARTESIAN_POINT('',(21.071997056102,50.285624430145,25.15));
#1194 = CARTESIAN_POINT('',(21.02037164331,50.212289775575,25.15));
#1195 = CARTESIAN_POINT('',(20.958443460288,50.139080638714,25.15));
#1196 = CARTESIAN_POINT('',(20.887025081486,50.066193713922,25.15));
#1197 = CARTESIAN_POINT('',(20.80692114094,49.993770973154,25.15));
#1198 = ORIENTED_EDGE('',*,*,#1199,.F.);
#1199 = EDGE_CURVE('',#1200,#1189,#1202,.T.);
#1200 = VERTEX_POINT('',#1201);
#1201 = CARTESIAN_POINT('',(21.211807885906,50.729739932886,25.15));
#1202 = B_SPLINE_CURVE_WITH_KNOTS('',5,(#1203,#1204,#1205,#1206,#1207,
    #1208,#1209,#1210,#1211,#1212),.UNSPECIFIED.,.F.,.F.,(6,4,6),(0.,
    0.272474376949,1.),.UNSPECIFIED.);
#1203 = CARTESIAN_POINT('',(21.211807885906,50.729739932886,25.15));
#1204 = CARTESIAN_POINT('',(21.211807885906,50.708733411705,25.15));
#1205 = CARTESIAN_POINT('',(21.211070592997,50.687818611307,25.15));
#1206 = CARTESIAN_POINT('',(21.209594090487,50.667000321569,25.15));
#1207 = CARTESIAN_POINT('',(21.207377743616,50.646283187409,25.15));
#1208 = CARTESIAN_POINT('',(21.196530690437,50.570637620836,25.15));
#1209 = CARTESIAN_POINT('',(21.183369154655,50.516356034629,25.15));
#1210 = CARTESIAN_POINT('',(21.164949949175,50.462914439042,25.15));
#1211 = CARTESIAN_POINT('',(21.141351935017,50.410385664239,25.15));
#1212 = CARTESIAN_POINT('',(21.112709731544,50.358829697987,25.15));
#1213 = ORIENTED_EDGE('',*,*,#1214,.F.);
#1214 = EDGE_CURVE('',#1215,#1200,#1217,.T.);
#1215 = VERTEX_POINT('',#1216);
#1216 = CARTESIAN_POINT('',(21.012101510067,51.208053691275,25.15));
#1217 = B_SPLINE_CURVE_WITH_KNOTS('',5,(#1218,#1219,#1220,#1221,#1222,
    #1223,#1224,#1225,#1226,#1227),.UNSPECIFIED.,.F.,.F.,(6,4,6),(0.,
    0.350158695336,1.),.UNSPECIFIED.);
#1218 = CARTESIAN_POINT('',(21.012101510067,51.208053691275,25.15));
#1219 = CARTESIAN_POINT('',(21.040026461393,51.182741755243,25.15));
#1220 = CARTESIAN_POINT('',(21.065654243156,51.155879503985,25.15));
#1221 = CARTESIAN_POINT('',(21.088889016939,51.127477436265,25.15));
#1222 = CARTESIAN_POINT('',(21.109665782919,51.097568711347,25.15));
#1223 = CARTESIAN_POINT('',(21.16188381203,51.008010568792,25.15));
#1224 = CARTESIAN_POINT('',(21.187240736111,50.944805588014,25.15));
#1225 = CARTESIAN_POINT('',(21.203793556015,50.876971660428,25.15));
#1226 = CARTESIAN_POINT('',(21.211807885906,50.805072517182,25.15));
#1227 = CARTESIAN_POINT('',(21.211807885906,50.729739932886,25.15));
#1228 = ORIENTED_EDGE('',*,*,#1229,.F.);
#1229 = EDGE_CURVE('',#1230,#1215,#1232,.T.);
#1230 = VERTEX_POINT('',#1231);
#1231 = CARTESIAN_POINT('',(20.481312919463,51.389261744966,25.15));
#1232 = B_SPLINE_CURVE_WITH_KNOTS('',6,(#1233,#1234,#1235,#1236,#1237,
    #1238,#1239,#1240,#1241,#1242,#1243,#1244),.UNSPECIFIED.,.F.,.F.,(7,
    5,7),(0.,0.872093359776,1.),.UNSPECIFIED.);
#1233 = CARTESIAN_POINT('',(20.481312919463,51.389261744966,25.15));
#1234 = CARTESIAN_POINT('',(20.573915521402,51.389261744966,25.15));
#1235 = CARTESIAN_POINT('',(20.662260605966,51.380765808679,25.15));
#1236 = CARTESIAN_POINT('',(20.745547366753,51.363113835158,25.15));
#1237 = CARTESIAN_POINT('',(20.823001228699,51.335817544294,25.15));
#1238 = CARTESIAN_POINT('',(20.893962774432,51.298704894745,25.15));
#1239 = CARTESIAN_POINT('',(20.967392439581,51.245270792656,25.15));
#1240 = CARTESIAN_POINT('',(20.976635991043,51.238231885034,25.15));
#1241 = CARTESIAN_POINT('',(20.985729710493,51.230989553814,25.15));
#1242 = CARTESIAN_POINT('',(20.994672492912,51.223544879696,25.15));
#1243 = CARTESIAN_POINT('',(21.003463369979,51.21589911652,25.15));
#1244 = CARTESIAN_POINT('',(21.012101510067,51.208053691275,25.15));
#1245 = ORIENTED_EDGE('',*,*,#1246,.F.);
#1246 = EDGE_CURVE('',#1247,#1230,#1249,.T.);
#1247 = VERTEX_POINT('',#1248);
#1248 = CARTESIAN_POINT('',(19.923531879195,51.279781879195,25.15));
#1249 = B_SPLINE_CURVE_WITH_KNOTS('',5,(#1250,#1251,#1252,#1253,#1254,
    #1255),.UNSPECIFIED.,.F.,.F.,(6,6),(0.,1.),
  .PIECEWISE_BEZIER_KNOTS.);
#1250 = CARTESIAN_POINT('',(19.923531879195,51.279781879195,25.15));
#1251 = CARTESIAN_POINT('',(20.040903359209,51.322196495025,25.15));
#1252 = CARTESIAN_POINT('',(20.155898154807,51.355113413721,25.15));
#1253 = CARTESIAN_POINT('',(20.268015572881,51.377724518982,25.15));
#1254 = CARTESIAN_POINT('',(20.376678317256,51.389261744966,25.15));
#1255 = CARTESIAN_POINT('',(20.481312919463,51.389261744966,25.15));
#1256 = ORIENTED_EDGE('',*,*,#1257,.F.);
#1257 = EDGE_CURVE('',#1258,#1247,#1260,.T.);
#1258 = VERTEX_POINT('',#1259);
#1259 = CARTESIAN_POINT('',(19.275146812081,50.954362416107,25.15));
#1260 = B_SPLINE_CURVE_WITH_KNOTS('',5,(#1261,#1262,#1263,#1264,#1265,
    #1266),.UNSPECIFIED.,.F.,.F.,(6,6),(0.,1.),
  .PIECEWISE_BEZIER_KNOTS.);
#1261 = CARTESIAN_POINT('',(19.275146812081,50.954362416107,25.15));
#1262 = CARTESIAN_POINT('',(19.407638896847,51.037188069098,25.15));
#1263 = CARTESIAN_POINT('',(19.539099729327,51.112021061458,25.15));
#1264 = CARTESIAN_POINT('',(19.669209888226,51.17802665855,25.15));
#1265 = CARTESIAN_POINT('',(19.79752997045,51.23424847915,25.15));
#1266 = CARTESIAN_POINT('',(19.923531879195,51.279781879195,25.15));
#1267 = ORIENTED_EDGE('',*,*,#1268,.F.);
#1268 = EDGE_CURVE('',#1269,#1258,#1271,.T.);
#1269 = VERTEX_POINT('',#1270);
#1270 = CARTESIAN_POINT('',(19.275146812081,51.884563758389,25.15));
#1271 = LINE('',#1272,#1273);
#1272 = CARTESIAN_POINT('',(19.275146812081,22.877181208054,25.15));
#1273 = VECTOR('',#1274,1.);
#1274 = DIRECTION('',(0.,-1.,0.));
#1275 = ORIENTED_EDGE('',*,*,#1276,.F.);
#1276 = EDGE_CURVE('',#1277,#1269,#1279,.T.);
#1277 = VERTEX_POINT('',#1278);
#1278 = CARTESIAN_POINT('',(20.002810402685,52.073322147651,25.15));
#1279 = B_SPLINE_CURVE_WITH_KNOTS('',5,(#1280,#1281,#1282,#1283,#1284,
    #1285),.UNSPECIFIED.,.F.,.F.,(6,6),(0.,1.),
  .PIECEWISE_BEZIER_KNOTS.);
#1280 = CARTESIAN_POINT('',(20.002810402685,52.073322147651,25.15));
#1281 = CARTESIAN_POINT('',(19.857470926229,52.04715341252,25.15));
#1282 = CARTESIAN_POINT('',(19.711923726848,52.015051681542,25.15));
#1283 = CARTESIAN_POINT('',(19.566284991947,51.977144939432,25.15));
#1284 = CARTESIAN_POINT('',(19.420660759137,51.933590765167,25.15));
#1285 = CARTESIAN_POINT('',(19.275146812081,51.884563758389,25.15));
#1286 = ORIENTED_EDGE('',*,*,#1287,.F.);
#1287 = EDGE_CURVE('',#1288,#1277,#1290,.T.);
#1288 = VERTEX_POINT('',#1289);
#1289 = CARTESIAN_POINT('',(20.707822986577,52.138255033557,25.15));
#1290 = B_SPLINE_CURVE_WITH_KNOTS('',5,(#1291,#1292,#1293,#1294,#1295,
    #1296),.UNSPECIFIED.,.F.,.F.,(6,6),(0.,1.),
  .PIECEWISE_BEZIER_KNOTS.);
#1291 = CARTESIAN_POINT('',(20.707822986577,52.138255033557,25.15));
#1292 = CARTESIAN_POINT('',(20.568468956895,52.138255033557,25.15));
#1293 = CARTESIAN_POINT('',(20.428139605499,52.131650084858,25.15));
#1294 = CARTESIAN_POINT('',(20.286988834607,52.118528325974,25.15));
#1295 = CARTESIAN_POINT('',(20.145165283104,52.099028225795,25.15));
#1296 = CARTESIAN_POINT('',(20.002810402685,52.073322147651,25.15));
#1297 = ORIENTED_EDGE('',*,*,#1298,.F.);
#1298 = EDGE_CURVE('',#1299,#1288,#1301,.T.);
#1299 = VERTEX_POINT('',#1300);
#1300 = CARTESIAN_POINT('',(21.886996644295,51.803775167785,25.15));
#1301 = B_SPLINE_CURVE_WITH_KNOTS('',6,(#1302,#1303,#1304,#1305,#1306,
    #1307,#1308,#1309,#1310,#1311,#1312,#1313),.UNSPECIFIED.,.F.,.F.,(7,
    5,7),(0.,0.474140743077,1.),.UNSPECIFIED.);
#1302 = CARTESIAN_POINT('',(21.886996644295,51.803775167785,25.15));
#1303 = CARTESIAN_POINT('',(21.814470249613,51.861483641686,25.15));
#1304 = CARTESIAN_POINT('',(21.736315103421,51.912887207142,25.15));
#1305 = CARTESIAN_POINT('',(21.653085905139,51.957776295328,25.15));
#1306 = CARTESIAN_POINT('',(21.565454642623,51.996267570485,25.15));
#1307 = CARTESIAN_POINT('',(21.474103322276,52.02865131479,25.15));
#1308 = CARTESIAN_POINT('',(21.274917191739,52.084861152323,25.15));
#1309 = CARTESIAN_POINT('',(21.166362691182,52.107370783776,25.15));
#1310 = CARTESIAN_POINT('',(21.054777453362,52.123363974139,25.15));
#1311 = CARTESIAN_POINT('',(20.940839730405,52.133463697596,25.15));
#1312 = CARTESIAN_POINT('',(20.825070848015,52.138255033557,25.15));
#1313 = CARTESIAN_POINT('',(20.707822986577,52.138255033557,25.15));
#1314 = ORIENTED_EDGE('',*,*,#1315,.F.);
#1315 = EDGE_CURVE('',#1316,#1299,#1318,.T.);
#1316 = VERTEX_POINT('',#1317);
#1317 = CARTESIAN_POINT('',(22.30755033557,50.871308724832,25.15));
#1318 = B_SPLINE_CURVE_WITH_KNOTS('',5,(#1319,#1320,#1321,#1322,#1323,
    #1324,#1325,#1326,#1327,#1328,#1329,#1330,#1331,#1332),
  .UNSPECIFIED.,.F.,.F.,(6,4,4,6),(0.,0.225089819764,0.64494070484,1.),
  .UNSPECIFIED.);
#1319 = CARTESIAN_POINT('',(22.30755033557,50.871308724832,25.15));
#1320 = CARTESIAN_POINT('',(22.30755033557,50.921682953143,25.15));
#1321 = CARTESIAN_POINT('',(22.305686243736,50.971576223952,25.15));
#1322 = CARTESIAN_POINT('',(22.301856285449,51.020899228624,25.15));
#1323 = CARTESIAN_POINT('',(22.295962700361,51.069547862801,25.15));
#1324 = CARTESIAN_POINT('',(22.272944015496,51.206681536307,25.15));
#1325 = CARTESIAN_POINT('',(22.250508958828,51.293237704641,25.15));
#1326 = CARTESIAN_POINT('',(22.220131289047,51.376280428053,25.15));
#1327 = CARTESIAN_POINT('',(22.181597049931,51.455030918322,25.15));
#1328 = CARTESIAN_POINT('',(22.096131925255,51.591344052122,25.15));
#1329 = CARTESIAN_POINT('',(22.051403130966,51.650319288339,25.15));
#1330 = CARTESIAN_POINT('',(22.001327570034,51.705450307234,25.15));
#1331 = CARTESIAN_POINT('',(21.946344131629,51.756600841005,25.15));
#1332 = CARTESIAN_POINT('',(21.886996644295,51.803775167785,25.15));
#1333 = ORIENTED_EDGE('',*,*,#1334,.F.);
#1334 = EDGE_CURVE('',#1335,#1316,#1337,.T.);
#1335 = VERTEX_POINT('',#1336);
#1336 = CARTESIAN_POINT('',(22.129173657718,50.226698825503,25.15));
#1337 = B_SPLINE_CURVE_WITH_KNOTS('',5,(#1338,#1339,#1340,#1341,#1342,
    #1343,#1344,#1345,#1346,#1347),.UNSPECIFIED.,.F.,.F.,(6,4,6),(0.,
    0.526199851441,1.),.UNSPECIFIED.);
#1338 = CARTESIAN_POINT('',(22.129173657718,50.226698825503,25.15));
#1339 = CARTESIAN_POINT('',(22.166385352652,50.289072714155,25.15));
#1340 = CARTESIAN_POINT('',(22.198979936288,50.353108063883,25.15));
#1341 = CARTESIAN_POINT('',(22.226762874928,50.418716044808,25.15));
#1342 = CARTESIAN_POINT('',(22.249607283455,50.485777988486,25.15));
#1343 = CARTESIAN_POINT('',(22.283560340631,50.615693135185,25.15));
#1344 = CARTESIAN_POINT('',(22.295611732262,50.678302798055,25.15));
#1345 = CARTESIAN_POINT('',(22.303597956049,50.741856305793,25.15));
#1346 = CARTESIAN_POINT('',(22.30755033557,50.806233564868,25.15));
#1347 = CARTESIAN_POINT('',(22.30755033557,50.871308724832,25.15));
#1348 = ORIENTED_EDGE('',*,*,#1349,.F.);
#1349 = EDGE_CURVE('',#1350,#1335,#1352,.T.);
#1350 = VERTEX_POINT('',#1351);
#1351 = CARTESIAN_POINT('',(21.378859060403,49.425985738255,25.15));
#1352 = B_SPLINE_CURVE_WITH_KNOTS('',7,(#1353,#1354,#1355,#1356,#1357,
    #1358,#1359,#1360,#1361,#1362,#1363,#1364,#1365,#1366),
  .UNSPECIFIED.,.F.,.F.,(8,6,8),(0.,0.923031286448,1.),.UNSPECIFIED.);
#1353 = CARTESIAN_POINT('',(21.378859060403,49.425985738255,25.15));
#1354 = CARTESIAN_POINT('',(21.502932920363,49.534826767884,25.15));
#1355 = CARTESIAN_POINT('',(21.622034270479,49.643217475688,25.15));
#1356 = CARTESIAN_POINT('',(21.735699083468,49.751417598616,25.15));
#1357 = CARTESIAN_POINT('',(21.842565075729,49.859183770681,25.15));
#1358 = CARTESIAN_POINT('',(21.940206167782,49.965731827836,25.15));
#1359 = CARTESIAN_POINT('',(22.02524788254,50.069764233182,25.15));
#1360 = CARTESIAN_POINT('',(22.098207275041,50.177635396944,25.15));
#1361 = CARTESIAN_POINT('',(22.103698322351,50.185904875379,25.15));
#1362 = CARTESIAN_POINT('',(22.109061704293,50.19413963029,25.15));
#1363 = CARTESIAN_POINT('',(22.114294227952,50.202338088878,25.15));
#1364 = CARTESIAN_POINT('',(22.119392629588,50.210498602795,25.15));
#1365 = CARTESIAN_POINT('',(22.124353574638,50.21861944815,25.15));
#1366 = CARTESIAN_POINT('',(22.129173657718,50.226698825503,25.15));
#1367 = ORIENTED_EDGE('',*,*,#1368,.F.);
#1368 = EDGE_CURVE('',#1149,#1350,#1369,.T.);
#1369 = LINE('',#1370,#1371);
#1370 = CARTESIAN_POINT('',(0.420156240855,31.069052923893,25.15));
#1371 = VECTOR('',#1372,1.);
#1372 = DIRECTION('',(0.752255226589,0.65887181915,-0.));
#1373 = FACE_BOUND('',#1374,.T.);
#1374 = EDGE_LOOP('',(#1375,#1385,#1393,#1401));
#1375 = ORIENTED_EDGE('',*,*,#1376,.F.);
#1376 = EDGE_CURVE('',#1377,#1379,#1381,.T.);
#1377 = VERTEX_POINT('',#1378);
#1378 = CARTESIAN_POINT('',(26.468540268456,50.398657718121,25.15));
#1379 = VERTEX_POINT('',#1380);
#1380 = CARTESIAN_POINT('',(25.449244966443,50.398657718121,25.15));
#1381 = LINE('',#1382,#1383);
#1382 = CARTESIAN_POINT('',(10.299622483221,50.398657718121,25.15));
#1383 = VECTOR('',#1384,1.);
#1384 = DIRECTION('',(-1.,0.,0.));
#1385 = ORIENTED_EDGE('',*,*,#1386,.F.);
#1386 = EDGE_CURVE('',#1387,#1377,#1389,.T.);
#1387 = VERTEX_POINT('',#1388);
#1388 = CARTESIAN_POINT('',(26.468540268456,49.29932885906,25.15));
#1389 = LINE('',#1390,#1391);
#1390 = CARTESIAN_POINT('',(26.468540268456,22.59932885906,25.15));
#1391 = VECTOR('',#1392,1.);
#1392 = DIRECTION('',(-0.,1.,0.));
#1393 = ORIENTED_EDGE('',*,*,#1394,.F.);
#1394 = EDGE_CURVE('',#1395,#1387,#1397,.T.);
#1395 = VERTEX_POINT('',#1396);
#1396 = CARTESIAN_POINT('',(25.449244966443,49.29932885906,25.15));
#1397 = LINE('',#1398,#1399);
#1398 = CARTESIAN_POINT('',(10.809270134228,49.29932885906,25.15));
#1399 = VECTOR('',#1400,1.);
#1400 = DIRECTION('',(1.,0.,-0.));
#1401 = ORIENTED_EDGE('',*,*,#1402,.F.);
#1402 = EDGE_CURVE('',#1379,#1395,#1403,.T.);
#1403 = LINE('',#1404,#1405);
#1404 = CARTESIAN_POINT('',(25.449244966443,22.04966442953,25.15));
#1405 = VECTOR('',#1406,1.);
#1406 = DIRECTION('',(0.,-1.,0.));
#1407 = FACE_BOUND('',#1408,.T.);
#1408 = EDGE_LOOP('',(#1409,#1419,#1427,#1435,#1443,#1451,#1459,#1467,
    #1475,#1483,#1491));
#1409 = ORIENTED_EDGE('',*,*,#1410,.F.);
#1410 = EDGE_CURVE('',#1411,#1413,#1415,.T.);
#1411 = VERTEX_POINT('',#1412);
#1412 = CARTESIAN_POINT('',(30.715792785235,48.586577181208,25.15));
#1413 = VERTEX_POINT('',#1414);
#1414 = CARTESIAN_POINT('',(29.753125,48.586577181208,25.15));
#1415 = LINE('',#1416,#1417);
#1416 = CARTESIAN_POINT('',(12.4515625,48.586577181208,25.15));
#1417 = VECTOR('',#1418,1.);
#1418 = DIRECTION('',(-1.,0.,0.));
#1419 = ORIENTED_EDGE('',*,*,#1420,.F.);
#1420 = EDGE_CURVE('',#1421,#1411,#1423,.T.);
#1421 = VERTEX_POINT('',#1422);
#1422 = CARTESIAN_POINT('',(30.715792785235,51.328859060403,25.15));
#1423 = LINE('',#1424,#1425);
#1424 = CARTESIAN_POINT('',(30.715792785235,21.693288590604,25.15));
#1425 = VECTOR('',#1426,1.);
#1426 = DIRECTION('',(0.,-1.,0.));
#1427 = ORIENTED_EDGE('',*,*,#1428,.F.);
#1428 = EDGE_CURVE('',#1429,#1421,#1431,.T.);
#1429 = VERTEX_POINT('',#1430);
#1430 = CARTESIAN_POINT('',(29.72764261745,51.123489932886,25.15));
#1431 = LINE('',#1432,#1433);
#1432 = CARTESIAN_POINT('',(8.038185111522,46.615728754959,25.15));
#1433 = VECTOR('',#1434,1.);
#1434 = DIRECTION('',(0.979078331663,0.203483710573,-0.));
#1435 = ORIENTED_EDGE('',*,*,#1436,.F.);
#1436 = EDGE_CURVE('',#1437,#1429,#1439,.T.);
#1437 = VERTEX_POINT('',#1438);
#1438 = CARTESIAN_POINT('',(29.72764261745,51.860402684564,25.15));
#1439 = LINE('',#1440,#1441);
#1440 = CARTESIAN_POINT('',(29.72764261745,22.961744966443,25.15));
#1441 = VECTOR('',#1442,1.);
#1442 = DIRECTION('',(0.,-1.,0.));
#1443 = ORIENTED_EDGE('',*,*,#1444,.F.);
#1444 = EDGE_CURVE('',#1445,#1437,#1447,.T.);
#1445 = VERTEX_POINT('',#1446);
#1446 = CARTESIAN_POINT('',(30.710130033557,52.065771812081,25.15));
#1447 = LINE('',#1448,#1449);
#1448 = CARTESIAN_POINT('',(7.448607499929,47.20342089631,25.15));
#1449 = VECTOR('',#1450,1.);
#1450 = DIRECTION('',(-0.978844086222,-0.204607563076,0.));
#1451 = ORIENTED_EDGE('',*,*,#1452,.F.);
#1452 = EDGE_CURVE('',#1453,#1445,#1455,.T.);
#1453 = VERTEX_POINT('',#1454);
#1454 = CARTESIAN_POINT('',(31.746413590604,52.065771812081,25.15));
#1455 = LINE('',#1456,#1457);
#1456 = CARTESIAN_POINT('',(12.930065016779,52.065771812081,25.15));
#1457 = VECTOR('',#1458,1.);
#1458 = DIRECTION('',(-1.,0.,0.));
#1459 = ORIENTED_EDGE('',*,*,#1460,.F.);
#1460 = EDGE_CURVE('',#1461,#1453,#1463,.T.);
#1461 = VERTEX_POINT('',#1462);
#1462 = CARTESIAN_POINT('',(31.746413590604,48.586577181208,25.15));
#1463 = LINE('',#1464,#1465);
#1464 = CARTESIAN_POINT('',(31.746413590604,23.43288590604,25.15));
#1465 = VECTOR('',#1466,1.);
#1466 = DIRECTION('',(-0.,1.,0.));
#1467 = ORIENTED_EDGE('',*,*,#1468,.F.);
#1468 = EDGE_CURVE('',#1469,#1461,#1471,.T.);
#1469 = VERTEX_POINT('',#1470);
#1470 = CARTESIAN_POINT('',(32.709081375839,48.586577181208,25.15));
#1471 = LINE('',#1472,#1473);
#1472 = CARTESIAN_POINT('',(13.448206795302,48.586577181208,25.15));
#1473 = VECTOR('',#1474,1.);
#1474 = DIRECTION('',(-1.,0.,0.));
#1475 = ORIENTED_EDGE('',*,*,#1476,.F.);
#1476 = EDGE_CURVE('',#1477,#1469,#1479,.T.);
#1477 = VERTEX_POINT('',#1478);
#1478 = CARTESIAN_POINT('',(32.709081375839,47.837583892617,25.15));
#1479 = LINE('',#1480,#1481);
#1480 = CARTESIAN_POINT('',(32.709081375839,21.693288590604,25.15));
#1481 = VECTOR('',#1482,1.);
#1482 = DIRECTION('',(-0.,1.,0.));
#1483 = ORIENTED_EDGE('',*,*,#1484,.F.);
#1484 = EDGE_CURVE('',#1485,#1477,#1487,.T.);
#1485 = VERTEX_POINT('',#1486);
#1486 = CARTESIAN_POINT('',(29.753125,47.837583892617,25.15));
#1487 = LINE('',#1488,#1489);
#1488 = CARTESIAN_POINT('',(13.929540687919,47.837583892617,25.15));
#1489 = VECTOR('',#1490,1.);
#1490 = DIRECTION('',(1.,0.,-0.));
#1491 = ORIENTED_EDGE('',*,*,#1492,.F.);
#1492 = EDGE_CURVE('',#1413,#1485,#1493,.T.);
#1493 = LINE('',#1494,#1495);
#1494 = CARTESIAN_POINT('',(29.753125,21.318791946309,25.15));
#1495 = VECTOR('',#1496,1.);
#1496 = DIRECTION('',(0.,-1.,0.));
#1497 = FACE_BOUND('',#1498,.T.);
#1498 = EDGE_LOOP('',(#1499,#1509,#1520,#1531,#1548,#1565,#1580,#1591,
    #1608,#1627,#1646,#1668,#1690,#1712,#1739,#1762,#1772));
#1499 = ORIENTED_EDGE('',*,*,#1500,.F.);
#1500 = EDGE_CURVE('',#1501,#1503,#1505,.T.);
#1501 = VERTEX_POINT('',#1502);
#1502 = CARTESIAN_POINT('',(33.688926174497,48.707382550336,25.15));
#1503 = VERTEX_POINT('',#1504);
#1504 = CARTESIAN_POINT('',(33.688926174497,47.922147651007,25.15));
#1505 = LINE('',#1506,#1507);
#1506 = CARTESIAN_POINT('',(33.688926174497,21.361073825503,25.15));
#1507 = VECTOR('',#1508,1.);
#1508 = DIRECTION('',(0.,-1.,0.));
#1509 = ORIENTED_EDGE('',*,*,#1510,.F.);
#1510 = EDGE_CURVE('',#1511,#1501,#1513,.T.);
#1511 = VERTEX_POINT('',#1512);
#1512 = CARTESIAN_POINT('',(34.187248322148,48.526174496644,25.15));
#1513 = B_SPLINE_CURVE_WITH_KNOTS('',5,(#1514,#1515,#1516,#1517,#1518,
    #1519),.UNSPECIFIED.,.F.,.F.,(6,6),(0.,1.),
  .PIECEWISE_BEZIER_KNOTS.);
#1514 = CARTESIAN_POINT('',(34.187248322148,48.526174496644,25.15));
#1515 = CARTESIAN_POINT('',(34.090533950553,48.550736876732,25.15));
#1516 = CARTESIAN_POINT('',(33.992194447053,48.581360067884,25.15));
#1517 = CARTESIAN_POINT('',(33.892383137223,48.617837758346,25.15));
#1518 = CARTESIAN_POINT('',(33.791248127658,48.659928890899,25.15));
#1519 = CARTESIAN_POINT('',(33.688926174497,48.707382550336,25.15));
#1520 = ORIENTED_EDGE('',*,*,#1521,.F.);
#1521 = EDGE_CURVE('',#1522,#1511,#1524,.T.);
#1522 = VERTEX_POINT('',#1523);
#1523 = CARTESIAN_POINT('',(34.657256711409,48.465771812081,25.15));
#1524 = B_SPLINE_CURVE_WITH_KNOTS('',5,(#1525,#1526,#1527,#1528,#1529,
    #1530),.UNSPECIFIED.,.F.,.F.,(6,6),(0.,1.),
  .PIECEWISE_BEZIER_KNOTS.);
#1525 = CARTESIAN_POINT('',(34.657256711409,48.465771812081,25.15));
#1526 = CARTESIAN_POINT('',(34.564000578326,48.465771812081,25.15));
#1527 = CARTESIAN_POINT('',(34.470274234354,48.471862525427,25.15));
#1528 = CARTESIAN_POINT('',(34.376175934171,48.484017634583,25.15));
#1529 = CARTESIAN_POINT('',(34.281802396576,48.502160763456,25.15));
#1530 = CARTESIAN_POINT('',(34.187248322148,48.526174496644,25.15));
#1531 = ORIENTED_EDGE('',*,*,#1532,.F.);
#1532 = EDGE_CURVE('',#1533,#1522,#1535,.T.);
#1533 = VERTEX_POINT('',#1534);
#1534 = CARTESIAN_POINT('',(35.416065436242,48.738527684564,25.15));
#1535 = B_SPLINE_CURVE_WITH_KNOTS('',6,(#1536,#1537,#1538,#1539,#1540,
    #1541,#1542,#1543,#1544,#1545,#1546,#1547),.UNSPECIFIED.,.F.,.F.,(7,
    5,7),(0.,0.127983368539,1.),.UNSPECIFIED.);
#1536 = CARTESIAN_POINT('',(35.416065436242,48.738527684564,25.15));
#1537 = CARTESIAN_POINT('',(35.404126728521,48.726547522997,25.15));
#1538 = CARTESIAN_POINT('',(35.39192636635,48.714870458964,25.15));
#1539 = CARTESIAN_POINT('',(35.379466457287,48.703500857071,25.15));
#1540 = CARTESIAN_POINT('',(35.366749585345,48.692442559407,25.15));
#1541 = CARTESIAN_POINT('',(35.35377881099,48.681698885547,25.15));
#1542 = CARTESIAN_POINT('',(35.250475233348,48.600233198904,25.15));
#1543 = CARTESIAN_POINT('',(35.148726191624,48.543894714386,25.15));
#1544 = CARTESIAN_POINT('',(35.036584420818,48.503306810891,25.15));
#1545 = CARTESIAN_POINT('',(34.915998583987,48.477743454211,25.15));
#1546 = CARTESIAN_POINT('',(34.788972699737,48.465771812081,25.15));
#1547 = CARTESIAN_POINT('',(34.657256711409,48.465771812081,25.15));
#1548 = ORIENTED_EDGE('',*,*,#1549,.F.);
#1549 = EDGE_CURVE('',#1550,#1533,#1552,.T.);
#1550 = VERTEX_POINT('',#1551);
#1551 = CARTESIAN_POINT('',(35.73601090604,49.548112416107,25.15));
#1552 = B_SPLINE_CURVE_WITH_KNOTS('',6,(#1553,#1554,#1555,#1556,#1557,
    #1558,#1559,#1560,#1561,#1562,#1563,#1564),.UNSPECIFIED.,.F.,.F.,(7,
    5,7),(0.,0.519740790088,1.),.UNSPECIFIED.);
#1553 = CARTESIAN_POINT('',(35.73601090604,49.548112416107,25.15));
#1554 = CARTESIAN_POINT('',(35.728415300269,49.463399071746,25.15));
#1555 = CARTESIAN_POINT('',(35.717303505873,49.38068831165,25.15));
#1556 = CARTESIAN_POINT('',(35.702386241196,49.300301417871,25.15));
#1557 = CARTESIAN_POINT('',(35.683364550676,49.222635454746,25.15));
#1558 = CARTESIAN_POINT('',(35.659955281358,49.14814605679,25.15));
#1559 = CARTESIAN_POINT('',(35.6060872034,49.011839162181,25.15));
#1560 = CARTESIAN_POINT('',(35.576296540415,48.949483183292,25.15));
#1561 = CARTESIAN_POINT('',(35.542435460366,48.890624499767,25.15));
#1562 = CARTESIAN_POINT('',(35.504413450257,48.835641593722,25.15));
#1563 = CARTESIAN_POINT('',(35.46224011876,48.784862695841,25.15));
#1564 = CARTESIAN_POINT('',(35.416065436242,48.738527684564,25.15));
#1565 = ORIENTED_EDGE('',*,*,#1566,.F.);
#1566 = EDGE_CURVE('',#1567,#1550,#1569,.T.);
#1567 = VERTEX_POINT('',#1568);
#1568 = CARTESIAN_POINT('',(35.325461409396,49.334249161074,25.15));
#1569 = B_SPLINE_CURVE_WITH_KNOTS('',5,(#1570,#1571,#1572,#1573,#1574,
    #1575,#1576,#1577,#1578,#1579),.UNSPECIFIED.,.F.,.F.,(6,4,6),(0.,
    8.379942903439E-02,1.),.UNSPECIFIED.);
#1570 = CARTESIAN_POINT('',(35.325461409396,49.334249161074,25.15));
#1571 = CARTESIAN_POINT('',(35.332786421515,49.336646437767,25.15));
#1572 = CARTESIAN_POINT('',(35.340093697877,49.339094001407,25.15));
#1573 = CARTESIAN_POINT('',(35.347383154815,49.341591832057,25.15));
#1574 = CARTESIAN_POINT('',(35.354654710223,49.344139905308,25.15));
#1575 = CARTESIAN_POINT('',(35.441213454328,49.37514592771,25.15));
#1576 = CARTESIAN_POINT('',(35.518369874259,49.409556277511,25.15));
#1577 = CARTESIAN_POINT('',(35.593269959405,49.449930974148,25.15));
#1578 = CARTESIAN_POINT('',(35.665834847708,49.49616837293,25.15));
#1579 = CARTESIAN_POINT('',(35.73601090604,49.548112416107,25.15));
#1580 = ORIENTED_EDGE('',*,*,#1581,.F.);
#1581 = EDGE_CURVE('',#1582,#1567,#1584,.T.);
#1582 = VERTEX_POINT('',#1583);
#1583 = CARTESIAN_POINT('',(34.852621644295,49.263087248322,25.15));
#1584 = B_SPLINE_CURVE_WITH_KNOTS('',5,(#1585,#1586,#1587,#1588,#1589,
    #1590),.UNSPECIFIED.,.F.,.F.,(6,6),(0.,1.),
  .PIECEWISE_BEZIER_KNOTS.);
#1585 = CARTESIAN_POINT('',(34.852621644295,49.263087248322,25.15));
#1586 = CARTESIAN_POINT('',(34.953370653306,49.263087248322,25.15));
#1587 = CARTESIAN_POINT('',(35.051266680953,49.270039565487,25.15));
#1588 = CARTESIAN_POINT('',(35.146061406151,49.284149251102,25.15));
#1589 = CARTESIAN_POINT('',(35.237524900172,49.305546075379,25.15));
#1590 = CARTESIAN_POINT('',(35.325461409396,49.334249161074,25.15));
#1591 = ORIENTED_EDGE('',*,*,#1592,.F.);
#1592 = EDGE_CURVE('',#1593,#1582,#1595,.T.);
#1593 = VERTEX_POINT('',#1594);
#1594 = CARTESIAN_POINT('',(33.806333892617,49.640792785235,25.15));
#1595 = B_SPLINE_CURVE_WITH_KNOTS('',6,(#1596,#1597,#1598,#1599,#1600,
    #1601,#1602,#1603,#1604,#1605,#1606,#1607),.UNSPECIFIED.,.F.,.F.,(7,
    5,7),(0.,0.204287976518,1.),.UNSPECIFIED.);
#1596 = CARTESIAN_POINT('',(33.806333892617,49.640792785235,25.15));
#1597 = CARTESIAN_POINT('',(33.834034614247,49.614498124903,25.15));
#1598 = CARTESIAN_POINT('',(33.862554193947,49.589215754721,25.15));
#1599 = CARTESIAN_POINT('',(33.891880180843,49.56497989434,25.15));
#1600 = CARTESIAN_POINT('',(33.921995271875,49.541819410436,25.15));
#1601 = CARTESIAN_POINT('',(33.952877311804,49.519757816715,25.15));
#1602 = CARTESIAN_POINT('',(34.107668513615,49.417233218044,25.15));
#1603 = CARTESIAN_POINT('',(34.242125818557,49.352556916452,25.15));
#1604 = CARTESIAN_POINT('',(34.386059442389,49.306027620061,25.15));
#1605 = CARTESIAN_POINT('',(34.537184268209,49.276768751782,25.15));
#1606 = CARTESIAN_POINT('',(34.693310443953,49.263087248322,25.15));
#1607 = CARTESIAN_POINT('',(34.852621644295,49.263087248322,25.15));
#1608 = ORIENTED_EDGE('',*,*,#1609,.F.);
#1609 = EDGE_CURVE('',#1610,#1593,#1612,.T.);
#1610 = VERTEX_POINT('',#1611);
#1611 = CARTESIAN_POINT('',(33.408619966443,50.635549496644,25.15));
#1612 = B_SPLINE_CURVE_WITH_KNOTS('',5,(#1613,#1614,#1615,#1616,#1617,
    #1618,#1619,#1620,#1621,#1622,#1623,#1624,#1625,#1626),
  .UNSPECIFIED.,.F.,.F.,(6,4,4,6),(0.,0.237279974304,0.689126504711,1.),
  .UNSPECIFIED.);
#1613 = CARTESIAN_POINT('',(33.408619966443,50.635549496644,25.15));
#1614 = CARTESIAN_POINT('',(33.408619966443,50.580645838228,25.15));
#1615 = CARTESIAN_POINT('',(33.410589130489,50.5262111606,25.15));
#1616 = CARTESIAN_POINT('',(33.414629770076,50.472334990956,25.15));
#1617 = CARTESIAN_POINT('',(33.420839472508,50.419121116879,25.15));
#1618 = CARTESIAN_POINT('',(33.445395864663,50.26682564381,25.15));
#1619 = CARTESIAN_POINT('',(33.469644174607,50.169755177807,25.15));
#1620 = CARTESIAN_POINT('',(33.502564166679,50.076316552064,25.15));
#1621 = CARTESIAN_POINT('',(33.544381333033,49.987339500434,25.15));
#1622 = CARTESIAN_POINT('',(33.629307454576,49.845791486012,25.15));
#1623 = CARTESIAN_POINT('',(33.667949368635,49.790512176756,25.15));
#1624 = CARTESIAN_POINT('',(33.710495241832,49.737855090171,25.15));
#1625 = CARTESIAN_POINT('',(33.756720289581,49.687933949582,25.15));
#1626 = CARTESIAN_POINT('',(33.806333892617,49.640792785235,25.15));
#1627 = ORIENTED_EDGE('',*,*,#1628,.F.);
#1628 = EDGE_CURVE('',#1629,#1610,#1631,.T.);
#1629 = VERTEX_POINT('',#1630);
#1630 = CARTESIAN_POINT('',(33.85163590604,51.727894295302,25.15));
#1631 = B_SPLINE_CURVE_WITH_KNOTS('',5,(#1632,#1633,#1634,#1635,#1636,
    #1637,#1638,#1639,#1640,#1641,#1642,#1643,#1644,#1645),
  .UNSPECIFIED.,.F.,.F.,(6,4,4,6),(0.,0.308239440423,0.756447104957,1.),
  .UNSPECIFIED.);
#1632 = CARTESIAN_POINT('',(33.85163590604,51.727894295302,25.15));
#1633 = CARTESIAN_POINT('',(33.796804757263,51.677104811944,25.15));
#1634 = CARTESIAN_POINT('',(33.745625598899,51.623168786759,25.15));
#1635 = CARTESIAN_POINT('',(33.698450907193,51.566131861164,25.15));
#1636 = CARTESIAN_POINT('',(33.655558134168,51.506126391312,25.15));
#1637 = CARTESIAN_POINT('',(33.561182109782,51.352206862424,25.15));
#1638 = CARTESIAN_POINT('',(33.514625308957,51.25524002343,25.15));
#1639 = CARTESIAN_POINT('',(33.47793406785,51.153310451043,25.15));
#1640 = CARTESIAN_POINT('',(33.450826517026,51.047429210816,25.15));
#1641 = CARTESIAN_POINT('',(33.422805201693,50.879475180294,25.15));
#1642 = CARTESIAN_POINT('',(33.415580946014,50.819463316489,25.15));
#1643 = CARTESIAN_POINT('',(33.410895829144,50.758720259602,25.15));
#1644 = CARTESIAN_POINT('',(33.408619966443,50.697378724155,25.15));
#1645 = CARTESIAN_POINT('',(33.408619966443,50.635549496644,25.15));
#1646 = ORIENTED_EDGE('',*,*,#1647,.F.);
#1647 = EDGE_CURVE('',#1648,#1629,#1650,.T.);
#1648 = VERTEX_POINT('',#1649);
#1649 = CARTESIAN_POINT('',(35.039492449664,52.138255033557,25.15));
#1650 = B_SPLINE_CURVE_WITH_KNOTS('',6,(#1651,#1652,#1653,#1654,#1655,
    #1656,#1657,#1658,#1659,#1660,#1661,#1662,#1663,#1664,#1665,#1666,
    #1667),.UNSPECIFIED.,.F.,.F.,(7,5,5,7),(0.,0.327628346883,
    0.871506080878,1.),.UNSPECIFIED.);
#1651 = CARTESIAN_POINT('',(35.039492449664,52.138255033557,25.15));
#1652 = CARTESIAN_POINT('',(34.965551993228,52.138255033557,25.15));
#1653 = CARTESIAN_POINT('',(34.892166155148,52.135827326696,25.15));
#1654 = CARTESIAN_POINT('',(34.819447865956,52.130821202683,25.15));
#1655 = CARTESIAN_POINT('',(34.747534931313,52.123080569497,25.15));
#1656 = CARTESIAN_POINT('',(34.676586140728,52.112456431341,25.15));
#1657 = CARTESIAN_POINT('',(34.490891699717,52.0761812282,25.15));
#1658 = CARTESIAN_POINT('',(34.378091900635,52.045229624136,25.15));
#1659 = CARTESIAN_POINT('',(34.269290827911,52.005381119063,25.15));
#1660 = CARTESIAN_POINT('',(34.165426619278,51.956243336784,25.15));
#1661 = CARTESIAN_POINT('',(34.067373855102,51.897775329752,25.15));
#1662 = CARTESIAN_POINT('',(33.954199263471,51.814608991265,25.15));
#1663 = CARTESIAN_POINT('',(33.932932767338,51.798222963197,25.15));
#1664 = CARTESIAN_POINT('',(33.912036398971,51.78135061889,25.15));
#1665 = CARTESIAN_POINT('',(33.891517460506,51.763999254582,25.15));
#1666 = CARTESIAN_POINT('',(33.871382218921,51.746177295388,25.15));
#1667 = CARTESIAN_POINT('',(33.85163590604,51.727894295302,25.15));
#1668 = ORIENTED_EDGE('',*,*,#1669,.F.);
#1669 = EDGE_CURVE('',#1670,#1648,#1672,.T.);
#1670 = VERTEX_POINT('',#1671);
#1671 = CARTESIAN_POINT('',(36.319274328859,51.579718959732,25.15));
#1672 = B_SPLINE_CURVE_WITH_KNOTS('',6,(#1673,#1674,#1675,#1676,#1677,
    #1678,#1679,#1680,#1681,#1682,#1683,#1684,#1685,#1686,#1687,#1688,
    #1689),.UNSPECIFIED.,.F.,.F.,(7,5,5,7),(0.,0.308361982566,
    0.744844065253,1.),.UNSPECIFIED.);
#1673 = CARTESIAN_POINT('',(36.319274328859,51.579718959732,25.15));
#1674 = CARTESIAN_POINT('',(36.272503529531,51.637383457737,25.15));
#1675 = CARTESIAN_POINT('',(36.222798355985,51.692146793807,25.15));
#1676 = CARTESIAN_POINT('',(36.170165783835,51.743716051754,25.15));
#1677 = CARTESIAN_POINT('',(36.114664799833,51.791831617595,25.15));
#1678 = CARTESIAN_POINT('',(36.056421678998,51.836285654909,25.15));
#1679 = CARTESIAN_POINT('',(35.909617091345,51.934487059555,25.15));
#1680 = CARTESIAN_POINT('',(35.818478635875,51.984444834115,25.15));
#1681 = CARTESIAN_POINT('',(35.722840304793,52.026394276481,25.15));
#1682 = CARTESIAN_POINT('',(35.623426655827,52.06036731463,25.15));
#1683 = CARTESIAN_POINT('',(35.520997177998,52.08668168179,25.15));
#1684 = CARTESIAN_POINT('',(35.355071946603,52.116999358518,25.15));
#1685 = CARTESIAN_POINT('',(35.293065303898,52.125732446009,25.15));
#1686 = CARTESIAN_POINT('',(35.23039462511,52.132110527936,25.15));
#1687 = CARTESIAN_POINT('',(35.167177178927,52.136245365841,25.15));
#1688 = CARTESIAN_POINT('',(35.103514972412,52.138255033557,25.15));
#1689 = CARTESIAN_POINT('',(35.039492449664,52.138255033557,25.15));
#1690 = ORIENTED_EDGE('',*,*,#1691,.F.);
#1691 = EDGE_CURVE('',#1692,#1670,#1694,.T.);
#1692 = VERTEX_POINT('',#1693);
#1693 = CARTESIAN_POINT('',(36.772294463087,50.000943791946,25.15));
#1694 = B_SPLINE_CURVE_WITH_KNOTS('',6,(#1695,#1696,#1697,#1698,#1699,
    #1700,#1701,#1702,#1703,#1704,#1705,#1706,#1707,#1708,#1709,#1710,
    #1711),.UNSPECIFIED.,.F.,.F.,(7,5,5,7),(0.,0.493524120291,
    0.75308604317,1.),.UNSPECIFIED.);
#1695 = CARTESIAN_POINT('',(36.772294463087,50.000943791946,25.15));
#1696 = CARTESIAN_POINT('',(36.772294463087,50.145181031492,25.15));
#1697 = CARTESIAN_POINT('',(36.766863870543,50.288320541433,25.15));
#1698 = CARTESIAN_POINT('',(36.75537461178,50.430046656859,25.15));
#1699 = CARTESIAN_POINT('',(36.737089035484,50.569822998371,25.15));
#1700 = CARTESIAN_POINT('',(36.711179734183,50.706898026018,25.15));
#1701 = CARTESIAN_POINT('',(36.658797406467,50.910529474799,25.15));
#1702 = CARTESIAN_POINT('',(36.638416249045,50.979702935999,25.15));
#1703 = CARTESIAN_POINT('',(36.615596313711,51.047722870894,25.15));
#1704 = CARTESIAN_POINT('',(36.590231135147,51.114425626508,25.15));
#1705 = CARTESIAN_POINT('',(36.562232127996,51.179633033298,25.15));
#1706 = CARTESIAN_POINT('',(36.502345373508,51.303589578679,25.15));
#1707 = CARTESIAN_POINT('',(36.470712716839,51.362500575319,25.15));
#1708 = CARTESIAN_POINT('',(36.436595306755,51.419727606933,25.15));
#1709 = CARTESIAN_POINT('',(36.399969200644,51.475107126813,25.15));
#1710 = CARTESIAN_POINT('',(36.360844284147,51.52848398984,25.15));
#1711 = CARTESIAN_POINT('',(36.319274328859,51.579718959732,25.15));
#1712 = ORIENTED_EDGE('',*,*,#1713,.F.);
#1713 = EDGE_CURVE('',#1714,#1692,#1716,.T.);
#1714 = VERTEX_POINT('',#1715);
#1715 = CARTESIAN_POINT('',(36.242827181208,48.352516778523,25.15));
#1716 = B_SPLINE_CURVE_WITH_KNOTS('',6,(#1717,#1718,#1719,#1720,#1721,
    #1722,#1723,#1724,#1725,#1726,#1727,#1728,#1729,#1730,#1731,#1732,
    #1733,#1734,#1735,#1736,#1737,#1738),.UNSPECIFIED.,.F.,.F.,(7,5,5,5,
    7),(0.,2.132045401367E-02,0.299752684157,0.591060859271,1.),
  .UNSPECIFIED.);
#1717 = CARTESIAN_POINT('',(36.242827181208,48.352516778524,25.15));
#1718 = CARTESIAN_POINT('',(36.246886052387,48.357112491488,25.15));
#1719 = CARTESIAN_POINT('',(36.250926483254,48.361724310542,25.15));
#1720 = CARTESIAN_POINT('',(36.254948411716,48.3663521732,25.15));
#1721 = CARTESIAN_POINT('',(36.258951777429,48.370996015419,25.15));
#1722 = CARTESIAN_POINT('',(36.262936521799,48.375655771604,25.15));
#1723 = CARTESIAN_POINT('',(36.318697012795,48.441391920924,25.15));
#1724 = CARTESIAN_POINT('',(36.367309043824,48.505158775338,25.15));
#1725 = CARTESIAN_POINT('',(36.412603908168,48.571474307615,25.15));
#1726 = CARTESIAN_POINT('',(36.454514642054,48.640148929727,25.15));
#1727 = CARTESIAN_POINT('',(36.493030995667,48.710968832888,25.15));
#1728 = CARTESIAN_POINT('',(36.564971512209,48.85980220128,25.15));
#1729 = CARTESIAN_POINT('',(36.598080496901,48.938002882557,25.15));
#1730 = CARTESIAN_POINT('',(36.627560001328,49.018051430852,25.15));
#1731 = CARTESIAN_POINT('',(36.653515081165,49.099699722193,25.15));
#1732 = CARTESIAN_POINT('',(36.676088228691,49.182716678456,25.15));
#1733 = CARTESIAN_POINT('',(36.722597562401,49.385074591774,25.15));
#1734 = CARTESIAN_POINT('',(36.743402005242,49.505539134815,25.15));
#1735 = CARTESIAN_POINT('',(36.758294717411,49.627756550895,25.15));
#1736 = CARTESIAN_POINT('',(36.76776909629,49.751275897226,25.15));
#1737 = CARTESIAN_POINT('',(36.772294463087,49.875750590819,25.15));
#1738 = CARTESIAN_POINT('',(36.772294463087,50.000943791946,25.15));
#1739 = ORIENTED_EDGE('',*,*,#1740,.F.);
#1740 = EDGE_CURVE('',#1741,#1714,#1743,.T.);
#1741 = VERTEX_POINT('',#1742);
#1742 = CARTESIAN_POINT('',(34.790331375839,47.753020134228,25.15));
#1743 = B_SPLINE_CURVE_WITH_KNOTS('',5,(#1744,#1745,#1746,#1747,#1748,
    #1749,#1750,#1751,#1752,#1753,#1754,#1755,#1756,#1757,#1758,#1759,
    #1760,#1761),.UNSPECIFIED.,.F.,.F.,(6,4,4,4,6),(0.,0.265047390621,
    0.492920123006,0.713984101831,1.),.UNSPECIFIED.);
#1744 = CARTESIAN_POINT('',(34.790331375839,47.753020134228,25.15));
#1745 = CARTESIAN_POINT('',(34.879196362844,47.753020134228,25.15));
#1746 = CARTESIAN_POINT('',(34.967543635659,47.756493227978,25.15));
#1747 = CARTESIAN_POINT('',(35.055181271156,47.763713963783,25.15));
#1748 = CARTESIAN_POINT('',(35.141851952506,47.774968329012,25.15));
#1749 = CARTESIAN_POINT('',(35.300666795782,47.803832188368,25.15));
#1750 = CARTESIAN_POINT('',(35.373143879784,47.820328958558,25.15));
#1751 = CARTESIAN_POINT('',(35.444479084835,47.840124812236,25.15));
#1752 = CARTESIAN_POINT('',(35.514449001836,47.863334227156,25.15));
#1753 = CARTESIAN_POINT('',(35.64915636756,47.915860194047,25.15));
#1754 = CARTESIAN_POINT('',(35.713991063737,47.944974792669,25.15));
#1755 = CARTESIAN_POINT('',(35.77711459368,47.977373136941,25.15));
#1756 = CARTESIAN_POINT('',(35.838332988307,48.013027780424,25.15));
#1757 = CARTESIAN_POINT('',(35.974011164775,48.102034829963,25.15));
#1758 = CARTESIAN_POINT('',(36.047086858864,48.157515835243,25.15));
#1759 = CARTESIAN_POINT('',(36.116345321525,48.218038155288,25.15));
#1760 = CARTESIAN_POINT('',(36.181609056004,48.283201710556,25.15));
#1761 = CARTESIAN_POINT('',(36.242827181208,48.352516778523,25.15));
#1762 = ORIENTED_EDGE('',*,*,#1763,.F.);
#1763 = EDGE_CURVE('',#1764,#1741,#1766,.T.);
#1764 = VERTEX_POINT('',#1765);
#1765 = CARTESIAN_POINT('',(34.221224832215,47.795302013423,25.15));
#1766 = B_SPLINE_CURVE_WITH_KNOTS('',4,(#1767,#1768,#1769,#1770,#1771),
  .UNSPECIFIED.,.F.,.F.,(5,5),(0.,1.),.PIECEWISE_BEZIER_KNOTS.);
#1767 = CARTESIAN_POINT('',(34.221224832215,47.795302013423,25.15));
#1768 = CARTESIAN_POINT('',(34.358364849432,47.773969121856,25.15));
#1769 = CARTESIAN_POINT('',(34.499101981389,47.759925504634,25.15));
#1770 = CARTESIAN_POINT('',(34.643179496242,47.753020134228,25.15));
#1771 = CARTESIAN_POINT('',(34.790331375839,47.753020134228,25.15));
#1772 = ORIENTED_EDGE('',*,*,#1773,.F.);
#1773 = EDGE_CURVE('',#1503,#1764,#1774,.T.);
#1774 = B_SPLINE_CURVE_WITH_KNOTS('',4,(#1775,#1776,#1777,#1778,#1779,
    #1780,#1781,#1782),.UNSPECIFIED.,.F.,.F.,(5,3,5),(0.,0.324925485153,
    1.),.UNSPECIFIED.);
#1775 = CARTESIAN_POINT('',(33.688926174497,47.922147651007,25.15));
#1776 = CARTESIAN_POINT('',(33.731246399526,47.908408911287,25.15));
#1777 = CARTESIAN_POINT('',(33.773774738184,47.89541133413,25.15));
#1778 = CARTESIAN_POINT('',(33.81650699443,47.883157040879,25.15));
#1779 = CARTESIAN_POINT('',(33.948634862166,47.847734121283,25.15));
#1780 = CARTESIAN_POINT('',(34.03869201499,47.82703460286,25.15));
#1781 = CARTESIAN_POINT('',(34.129570021036,47.809559428495,25.15));
#1782 = CARTESIAN_POINT('',(34.221224832215,47.795302013423,25.15));
#1783 = FACE_BOUND('',#1784,.T.);
#1784 = EDGE_LOOP('',(#1785,#1795,#1803,#1811,#1819,#1827,#1838,#1853,
    #1868,#1885,#1896,#1907,#1915,#1926,#1937,#1954,#1973,#1988,#2007));
#1785 = ORIENTED_EDGE('',*,*,#1786,.F.);
#1786 = EDGE_CURVE('',#1787,#1789,#1791,.T.);
#1787 = VERTEX_POINT('',#1788);
#1788 = CARTESIAN_POINT('',(40.674119127517,48.634899328859,25.15));
#1789 = VERTEX_POINT('',#1790);
#1790 = CARTESIAN_POINT('',(38.813905201342,48.634899328859,25.15));
#1791 = LINE('',#1792,#1793);
#1792 = CARTESIAN_POINT('',(16.981952600671,48.634899328859,25.15));
#1793 = VECTOR('',#1794,1.);
#1794 = DIRECTION('',(-1.,0.,0.));
#1795 = ORIENTED_EDGE('',*,*,#1796,.F.);
#1796 = EDGE_CURVE('',#1797,#1787,#1799,.T.);
#1797 = VERTEX_POINT('',#1798);
#1798 = CARTESIAN_POINT('',(40.674119127517,47.837583892617,25.15));
#1799 = LINE('',#1800,#1801);
#1800 = CARTESIAN_POINT('',(40.674119127517,21.71744966443,25.15));
#1801 = VECTOR('',#1802,1.);
#1802 = DIRECTION('',(-0.,1.,0.));
#1803 = ORIENTED_EDGE('',*,*,#1804,.F.);
#1804 = EDGE_CURVE('',#1805,#1797,#1807,.T.);
#1805 = VERTEX_POINT('',#1806);
#1806 = CARTESIAN_POINT('',(37.602076342282,47.837583892617,25.15));
#1807 = LINE('',#1808,#1809);
#1808 = CARTESIAN_POINT('',(17.912059563758,47.837583892617,25.15));
#1809 = VECTOR('',#1810,1.);
#1810 = DIRECTION('',(1.,0.,-0.));
#1811 = ORIENTED_EDGE('',*,*,#1812,.F.);
#1812 = EDGE_CURVE('',#1813,#1805,#1815,.T.);
#1813 = VERTEX_POINT('',#1814);
#1814 = CARTESIAN_POINT('',(37.602076342282,48.634899328859,25.15));
#1815 = LINE('',#1816,#1817);
#1816 = CARTESIAN_POINT('',(37.602076342282,21.318791946309,25.15));
#1817 = VECTOR('',#1818,1.);
#1818 = DIRECTION('',(0.,-1.,0.));
#1819 = ORIENTED_EDGE('',*,*,#1820,.F.);
#1820 = EDGE_CURVE('',#1821,#1813,#1823,.T.);
#1821 = VERTEX_POINT('',#1822);
#1822 = CARTESIAN_POINT('',(39.145176174497,49.993770973154,25.15));
#1823 = LINE('',#1824,#1825);
#1824 = CARTESIAN_POINT('',(12.296278782628,26.35031992434,25.15));
#1825 = VECTOR('',#1826,1.);
#1826 = DIRECTION('',(-0.750485828524,-0.66088654184,0.));
#1827 = ORIENTED_EDGE('',*,*,#1828,.F.);
#1828 = EDGE_CURVE('',#1829,#1821,#1831,.T.);
#1829 = VERTEX_POINT('',#1830);
#1830 = CARTESIAN_POINT('',(39.450964765101,50.358829697987,25.15));
#1831 = B_SPLINE_CURVE_WITH_KNOTS('',5,(#1832,#1833,#1834,#1835,#1836,
    #1837),.UNSPECIFIED.,.F.,.F.,(6,6),(0.,1.),
  .PIECEWISE_BEZIER_KNOTS.);
#1832 = CARTESIAN_POINT('',(39.450964765101,50.358829697987,25.15));
#1833 = CARTESIAN_POINT('',(39.410252089659,50.285624430145,25.15));
#1834 = CARTESIAN_POINT('',(39.358626676867,50.212289775575,25.15));
#1835 = CARTESIAN_POINT('',(39.296698493845,50.139080638714,25.15));
#1836 = CARTESIAN_POINT('',(39.225280115043,50.066193713922,25.15));
#1837 = CARTESIAN_POINT('',(39.145176174497,49.993770973154,25.15));
#1838 = ORIENTED_EDGE('',*,*,#1839,.F.);
#1839 = EDGE_CURVE('',#1840,#1829,#1842,.T.);
#1840 = VERTEX_POINT('',#1841);
#1841 = CARTESIAN_POINT('',(39.550062919463,50.729739932886,25.15));
#1842 = B_SPLINE_CURVE_WITH_KNOTS('',5,(#1843,#1844,#1845,#1846,#1847,
    #1848,#1849,#1850,#1851,#1852),.UNSPECIFIED.,.F.,.F.,(6,4,6),(0.,
    0.272474376949,1.),.UNSPECIFIED.);
#1843 = CARTESIAN_POINT('',(39.550062919463,50.729739932886,25.15));
#1844 = CARTESIAN_POINT('',(39.550062919463,50.708733411705,25.15));
#1845 = CARTESIAN_POINT('',(39.549325626554,50.687818611307,25.15));
#1846 = CARTESIAN_POINT('',(39.547849124044,50.667000321569,25.15));
#1847 = CARTESIAN_POINT('',(39.545632777173,50.646283187409,25.15));
#1848 = CARTESIAN_POINT('',(39.534785723994,50.570637620836,25.15));
#1849 = CARTESIAN_POINT('',(39.521624188212,50.516356034629,25.15));
#1850 = CARTESIAN_POINT('',(39.503204982732,50.462914439042,25.15));
#1851 = CARTESIAN_POINT('',(39.479606968574,50.410385664239,25.15));
#1852 = CARTESIAN_POINT('',(39.450964765101,50.358829697987,25.15));
#1853 = ORIENTED_EDGE('',*,*,#1854,.F.);
#1854 = EDGE_CURVE('',#1855,#1840,#1857,.T.);
#1855 = VERTEX_POINT('',#1856);
#1856 = CARTESIAN_POINT('',(39.350356543624,51.208053691275,25.15));
#1857 = B_SPLINE_CURVE_WITH_KNOTS('',5,(#1858,#1859,#1860,#1861,#1862,
    #1863,#1864,#1865,#1866,#1867),.UNSPECIFIED.,.F.,.F.,(6,4,6),(0.,
    0.350158695336,1.),.UNSPECIFIED.);
#1858 = CARTESIAN_POINT('',(39.350356543624,51.208053691275,25.15));
#1859 = CARTESIAN_POINT('',(39.37828149495,51.182741755243,25.15));
#1860 = CARTESIAN_POINT('',(39.403909276713,51.155879503985,25.15));
#1861 = CARTESIAN_POINT('',(39.427144050496,51.127477436265,25.15));
#1862 = CARTESIAN_POINT('',(39.447920816476,51.097568711347,25.15));
#1863 = CARTESIAN_POINT('',(39.500138845587,51.008010568792,25.15));
#1864 = CARTESIAN_POINT('',(39.525495769668,50.944805588014,25.15));
#1865 = CARTESIAN_POINT('',(39.542048589572,50.876971660428,25.15));
#1866 = CARTESIAN_POINT('',(39.550062919463,50.805072517182,25.15));
#1867 = CARTESIAN_POINT('',(39.550062919463,50.729739932886,25.15));
#1868 = ORIENTED_EDGE('',*,*,#1869,.F.);
#1869 = EDGE_CURVE('',#1870,#1855,#1872,.T.);
#1870 = VERTEX_POINT('',#1871);
#1871 = CARTESIAN_POINT('',(38.81956795302,51.389261744966,25.15));
#1872 = B_SPLINE_CURVE_WITH_KNOTS('',6,(#1873,#1874,#1875,#1876,#1877,
    #1878,#1879,#1880,#1881,#1882,#1883,#1884),.UNSPECIFIED.,.F.,.F.,(7,
    5,7),(0.,0.872093359776,1.),.UNSPECIFIED.);
#1873 = CARTESIAN_POINT('',(38.81956795302,51.389261744966,25.15));
#1874 = CARTESIAN_POINT('',(38.912170554959,51.389261744966,25.15));
#1875 = CARTESIAN_POINT('',(39.000515639523,51.380765808679,25.15));
#1876 = CARTESIAN_POINT('',(39.08380240031,51.363113835158,25.15));
#1877 = CARTESIAN_POINT('',(39.161256262257,51.335817544294,25.15));
#1878 = CARTESIAN_POINT('',(39.232217807989,51.298704894745,25.15));
#1879 = CARTESIAN_POINT('',(39.305647473138,51.245270792656,25.15));
#1880 = CARTESIAN_POINT('',(39.3148910246,51.238231885034,25.15));
#1881 = CARTESIAN_POINT('',(39.32398474405,51.230989553814,25.15));
#1882 = CARTESIAN_POINT('',(39.332927526469,51.223544879696,25.15));
#1883 = CARTESIAN_POINT('',(39.341718403536,51.21589911652,25.15));
#1884 = CARTESIAN_POINT('',(39.350356543624,51.208053691275,25.15));
#1885 = ORIENTED_EDGE('',*,*,#1886,.F.);
#1886 = EDGE_CURVE('',#1887,#1870,#1889,.T.);
#1887 = VERTEX_POINT('',#1888);
#1888 = CARTESIAN_POINT('',(38.261786912752,51.279781879195,25.15));
#1889 = B_SPLINE_CURVE_WITH_KNOTS('',5,(#1890,#1891,#1892,#1893,#1894,
    #1895),.UNSPECIFIED.,.F.,.F.,(6,6),(0.,1.),
  .PIECEWISE_BEZIER_KNOTS.);
#1890 = CARTESIAN_POINT('',(38.261786912752,51.279781879195,25.15));
#1891 = CARTESIAN_POINT('',(38.379158392766,51.322196495025,25.15));
#1892 = CARTESIAN_POINT('',(38.494153188364,51.355113413721,25.15));
#1893 = CARTESIAN_POINT('',(38.606270606438,51.377724518982,25.15));
#1894 = CARTESIAN_POINT('',(38.714933350813,51.389261744966,25.15));
#1895 = CARTESIAN_POINT('',(38.81956795302,51.389261744966,25.15));
#1896 = ORIENTED_EDGE('',*,*,#1897,.F.);
#1897 = EDGE_CURVE('',#1898,#1887,#1900,.T.);
#1898 = VERTEX_POINT('',#1899);
#1899 = CARTESIAN_POINT('',(37.613401845638,50.954362416107,25.15));
#1900 = B_SPLINE_CURVE_WITH_KNOTS('',5,(#1901,#1902,#1903,#1904,#1905,
    #1906),.UNSPECIFIED.,.F.,.F.,(6,6),(0.,1.),
  .PIECEWISE_BEZIER_KNOTS.);
#1901 = CARTESIAN_POINT('',(37.613401845638,50.954362416107,25.15));
#1902 = CARTESIAN_POINT('',(37.745893930404,51.037188069098,25.15));
#1903 = CARTESIAN_POINT('',(37.877354762884,51.112021061458,25.15));
#1904 = CARTESIAN_POINT('',(38.007464921783,51.17802665855,25.15));
#1905 = CARTESIAN_POINT('',(38.135785004007,51.23424847915,25.15));
#1906 = CARTESIAN_POINT('',(38.261786912752,51.279781879195,25.15));
#1907 = ORIENTED_EDGE('',*,*,#1908,.F.);
#1908 = EDGE_CURVE('',#1909,#1898,#1911,.T.);
#1909 = VERTEX_POINT('',#1910);
#1910 = CARTESIAN_POINT('',(37.613401845638,51.884563758389,25.15));
#1911 = LINE('',#1912,#1913);
#1912 = CARTESIAN_POINT('',(37.613401845638,22.877181208054,25.15));
#1913 = VECTOR('',#1914,1.);
#1914 = DIRECTION('',(0.,-1.,0.));
#1915 = ORIENTED_EDGE('',*,*,#1916,.F.);
#1916 = EDGE_CURVE('',#1917,#1909,#1919,.T.);
#1917 = VERTEX_POINT('',#1918);
#1918 = CARTESIAN_POINT('',(38.341065436242,52.073322147651,25.15));
#1919 = B_SPLINE_CURVE_WITH_KNOTS('',5,(#1920,#1921,#1922,#1923,#1924,
    #1925),.UNSPECIFIED.,.F.,.F.,(6,6),(0.,1.),
  .PIECEWISE_BEZIER_KNOTS.);
#1920 = CARTESIAN_POINT('',(38.341065436242,52.073322147651,25.15));
#1921 = CARTESIAN_POINT('',(38.195725959786,52.04715341252,25.15));
#1922 = CARTESIAN_POINT('',(38.050178760405,52.015051681542,25.15));
#1923 = CARTESIAN_POINT('',(37.904540025504,51.977144939432,25.15));
#1924 = CARTESIAN_POINT('',(37.758915792694,51.933590765167,25.15));
#1925 = CARTESIAN_POINT('',(37.613401845638,51.884563758389,25.15));
#1926 = ORIENTED_EDGE('',*,*,#1927,.F.);
#1927 = EDGE_CURVE('',#1928,#1917,#1930,.T.);
#1928 = VERTEX_POINT('',#1929);
#1929 = CARTESIAN_POINT('',(39.046078020134,52.138255033557,25.15));
#1930 = B_SPLINE_CURVE_WITH_KNOTS('',5,(#1931,#1932,#1933,#1934,#1935,
    #1936),.UNSPECIFIED.,.F.,.F.,(6,6),(0.,1.),
  .PIECEWISE_BEZIER_KNOTS.);
#1931 = CARTESIAN_POINT('',(39.046078020134,52.138255033557,25.15));
#1932 = CARTESIAN_POINT('',(38.906723990452,52.138255033557,25.15));
#1933 = CARTESIAN_POINT('',(38.766394639056,52.131650084858,25.15));
#1934 = CARTESIAN_POINT('',(38.625243868164,52.118528325974,25.15));
#1935 = CARTESIAN_POINT('',(38.483420316661,52.099028225795,25.15));
#1936 = CARTESIAN_POINT('',(38.341065436242,52.073322147651,25.15));
#1937 = ORIENTED_EDGE('',*,*,#1938,.F.);
#1938 = EDGE_CURVE('',#1939,#1928,#1941,.T.);
#1939 = VERTEX_POINT('',#1940);
#1940 = CARTESIAN_POINT('',(40.225251677852,51.803775167785,25.15));
#1941 = B_SPLINE_CURVE_WITH_KNOTS('',6,(#1942,#1943,#1944,#1945,#1946,
    #1947,#1948,#1949,#1950,#1951,#1952,#1953),.UNSPECIFIED.,.F.,.F.,(7,
    5,7),(0.,0.474140743077,1.),.UNSPECIFIED.);
#1942 = CARTESIAN_POINT('',(40.225251677852,51.803775167785,25.15));
#1943 = CARTESIAN_POINT('',(40.15272528317,51.861483641686,25.15));
#1944 = CARTESIAN_POINT('',(40.074570136978,51.912887207142,25.15));
#1945 = CARTESIAN_POINT('',(39.991340938696,51.957776295328,25.15));
#1946 = CARTESIAN_POINT('',(39.90370967618,51.996267570485,25.15));
#1947 = CARTESIAN_POINT('',(39.812358355833,52.02865131479,25.15));
#1948 = CARTESIAN_POINT('',(39.613172225296,52.084861152323,25.15));
#1949 = CARTESIAN_POINT('',(39.504617724739,52.107370783776,25.15));
#1950 = CARTESIAN_POINT('',(39.393032486919,52.123363974139,25.15));
#1951 = CARTESIAN_POINT('',(39.279094763962,52.133463697596,25.15));
#1952 = CARTESIAN_POINT('',(39.163325881572,52.138255033557,25.15));
#1953 = CARTESIAN_POINT('',(39.046078020134,52.138255033557,25.15));
#1954 = ORIENTED_EDGE('',*,*,#1955,.F.);
#1955 = EDGE_CURVE('',#1956,#1939,#1958,.T.);
#1956 = VERTEX_POINT('',#1957);
#1957 = CARTESIAN_POINT('',(40.645805369128,50.871308724832,25.15));
#1958 = B_SPLINE_CURVE_WITH_KNOTS('',5,(#1959,#1960,#1961,#1962,#1963,
    #1964,#1965,#1966,#1967,#1968,#1969,#1970,#1971,#1972),
  .UNSPECIFIED.,.F.,.F.,(6,4,4,6),(0.,0.225089819764,0.64494070484,1.),
  .UNSPECIFIED.);
#1959 = CARTESIAN_POINT('',(40.645805369128,50.871308724832,25.15));
#1960 = CARTESIAN_POINT('',(40.645805369128,50.921682953143,25.15));
#1961 = CARTESIAN_POINT('',(40.643941277293,50.971576223952,25.15));
#1962 = CARTESIAN_POINT('',(40.640111319006,51.020899228624,25.15));
#1963 = CARTESIAN_POINT('',(40.634217733918,51.069547862801,25.15));
#1964 = CARTESIAN_POINT('',(40.611199049053,51.206681536307,25.15));
#1965 = CARTESIAN_POINT('',(40.588763992385,51.293237704641,25.15));
#1966 = CARTESIAN_POINT('',(40.558386322605,51.376280428053,25.15));
#1967 = CARTESIAN_POINT('',(40.519852083488,51.455030918322,25.15));
#1968 = CARTESIAN_POINT('',(40.434386958812,51.591344052122,25.15));
#1969 = CARTESIAN_POINT('',(40.389658164523,51.650319288339,25.15));
#1970 = CARTESIAN_POINT('',(40.339582603591,51.705450307234,25.15));
#1971 = CARTESIAN_POINT('',(40.284599165186,51.756600841005,25.15));
#1972 = CARTESIAN_POINT('',(40.225251677852,51.803775167785,25.15));
#1973 = ORIENTED_EDGE('',*,*,#1974,.F.);
#1974 = EDGE_CURVE('',#1975,#1956,#1977,.T.);
#1975 = VERTEX_POINT('',#1976);
#1976 = CARTESIAN_POINT('',(40.467428691275,50.226698825503,25.15));
#1977 = B_SPLINE_CURVE_WITH_KNOTS('',5,(#1978,#1979,#1980,#1981,#1982,
    #1983,#1984,#1985,#1986,#1987),.UNSPECIFIED.,.F.,.F.,(6,4,6),(0.,
    0.526199851441,1.),.UNSPECIFIED.);
#1978 = CARTESIAN_POINT('',(40.467428691275,50.226698825503,25.15));
#1979 = CARTESIAN_POINT('',(40.504640386209,50.289072714155,25.15));
#1980 = CARTESIAN_POINT('',(40.537234969845,50.353108063883,25.15));
#1981 = CARTESIAN_POINT('',(40.565017908485,50.418716044808,25.15));
#1982 = CARTESIAN_POINT('',(40.587862317012,50.485777988486,25.15));
#1983 = CARTESIAN_POINT('',(40.621815374188,50.615693135185,25.15));
#1984 = CARTESIAN_POINT('',(40.633866765819,50.678302798055,25.15));
#1985 = CARTESIAN_POINT('',(40.641852989606,50.741856305793,25.15));
#1986 = CARTESIAN_POINT('',(40.645805369128,50.806233564868,25.15));
#1987 = CARTESIAN_POINT('',(40.645805369128,50.871308724832,25.15));
#1988 = ORIENTED_EDGE('',*,*,#1989,.F.);
#1989 = EDGE_CURVE('',#1990,#1975,#1992,.T.);
#1990 = VERTEX_POINT('',#1991);
#1991 = CARTESIAN_POINT('',(39.71711409396,49.425985738255,25.15));
#1992 = B_SPLINE_CURVE_WITH_KNOTS('',7,(#1993,#1994,#1995,#1996,#1997,
    #1998,#1999,#2000,#2001,#2002,#2003,#2004,#2005,#2006),
  .UNSPECIFIED.,.F.,.F.,(8,6,8),(0.,0.923031286448,1.),.UNSPECIFIED.);
#1993 = CARTESIAN_POINT('',(39.71711409396,49.425985738255,25.15));
#1994 = CARTESIAN_POINT('',(39.841187953921,49.534826767884,25.15));
#1995 = CARTESIAN_POINT('',(39.960289304036,49.643217475688,25.15));
#1996 = CARTESIAN_POINT('',(40.073954117025,49.751417598616,25.15));
#1997 = CARTESIAN_POINT('',(40.180820109286,49.859183770681,25.15));
#1998 = CARTESIAN_POINT('',(40.278461201339,49.965731827836,25.15));
#1999 = CARTESIAN_POINT('',(40.363502916097,50.069764233182,25.15));
#2000 = CARTESIAN_POINT('',(40.436462308598,50.177635396944,25.15));
#2001 = CARTESIAN_POINT('',(40.441953355908,50.185904875379,25.15));
#2002 = CARTESIAN_POINT('',(40.44731673785,50.19413963029,25.15));
#2003 = CARTESIAN_POINT('',(40.452549261509,50.202338088878,25.15));
#2004 = CARTESIAN_POINT('',(40.457647663145,50.210498602795,25.15));
#2005 = CARTESIAN_POINT('',(40.462608608195,50.21861944815,25.15));
#2006 = CARTESIAN_POINT('',(40.467428691275,50.226698825503,25.15));
#2007 = ORIENTED_EDGE('',*,*,#2008,.F.);
#2008 = EDGE_CURVE('',#1789,#1990,#2009,.T.);
#2009 = LINE('',#2010,#2011);
#2010 = CARTESIAN_POINT('',(13.569712721356,26.524468673974,25.15));
#2011 = VECTOR('',#2012,1.);
#2012 = DIRECTION('',(0.752255226589,0.65887181915,-0.));
#2013 = FACE_BOUND('',#2014,.T.);
#2014 = EDGE_LOOP('',(#2015,#2025,#2033,#2041));
#2015 = ORIENTED_EDGE('',*,*,#2016,.F.);
#2016 = EDGE_CURVE('',#2017,#2019,#2021,.T.);
#2017 = VERTEX_POINT('',#2018);
#2018 = CARTESIAN_POINT('',(42.789345637584,48.936912751678,25.15));
#2019 = VERTEX_POINT('',#2020);
#2020 = CARTESIAN_POINT('',(41.77005033557,48.936912751678,25.15));
#2021 = LINE('',#2022,#2023);
#2022 = CARTESIAN_POINT('',(18.460025167785,48.936912751678,25.15));
#2023 = VECTOR('',#2024,1.);
#2024 = DIRECTION('',(-1.,0.,0.));
#2025 = ORIENTED_EDGE('',*,*,#2026,.F.);
#2026 = EDGE_CURVE('',#2027,#2017,#2029,.T.);
#2027 = VERTEX_POINT('',#2028);
#2028 = CARTESIAN_POINT('',(42.789345637584,47.837583892617,25.15));
#2029 = LINE('',#2030,#2031);
#2030 = CARTESIAN_POINT('',(42.789345637584,21.868456375839,25.15));
#2031 = VECTOR('',#2032,1.);
#2032 = DIRECTION('',(-0.,1.,0.));
#2033 = ORIENTED_EDGE('',*,*,#2034,.F.);
#2034 = EDGE_CURVE('',#2035,#2027,#2037,.T.);
#2035 = VERTEX_POINT('',#2036);
#2036 = CARTESIAN_POINT('',(41.77005033557,47.837583892617,25.15));
#2037 = LINE('',#2038,#2039);
#2038 = CARTESIAN_POINT('',(18.969672818792,47.837583892617,25.15));
#2039 = VECTOR('',#2040,1.);
#2040 = DIRECTION('',(1.,0.,-0.));
#2041 = ORIENTED_EDGE('',*,*,#2042,.F.);
#2042 = EDGE_CURVE('',#2019,#2035,#2043,.T.);
#2043 = LINE('',#2044,#2045);
#2044 = CARTESIAN_POINT('',(41.77005033557,21.318791946309,25.15));
#2045 = VECTOR('',#2046,1.);
#2046 = DIRECTION('',(0.,-1.,0.));
#2047 = FACE_BOUND('',#2048,.T.);
#2048 = EDGE_LOOP('',(#2049,#2059,#2067,#2075,#2083,#2091,#2099,#2107,
    #2115,#2123,#2131));
#2049 = ORIENTED_EDGE('',*,*,#2050,.F.);
#2050 = EDGE_CURVE('',#2051,#2053,#2055,.T.);
#2051 = VERTEX_POINT('',#2052);
#2052 = CARTESIAN_POINT('',(45.019148489933,48.586577181208,25.15));
#2053 = VERTEX_POINT('',#2054);
#2054 = CARTESIAN_POINT('',(44.056480704698,48.586577181208,25.15));
#2055 = LINE('',#2056,#2057);
#2056 = CARTESIAN_POINT('',(19.603240352349,48.586577181208,25.15));
#2057 = VECTOR('',#2058,1.);
#2058 = DIRECTION('',(-1.,0.,0.));
#2059 = ORIENTED_EDGE('',*,*,#2060,.F.);
#2060 = EDGE_CURVE('',#2061,#2051,#2063,.T.);
#2061 = VERTEX_POINT('',#2062);
#2062 = CARTESIAN_POINT('',(45.019148489933,51.328859060403,25.15));
#2063 = LINE('',#2064,#2065);
#2064 = CARTESIAN_POINT('',(45.019148489933,21.693288590604,25.15));
#2065 = VECTOR('',#2066,1.);
#2066 = DIRECTION('',(0.,-1.,0.));
#2067 = ORIENTED_EDGE('',*,*,#2068,.F.);
#2068 = EDGE_CURVE('',#2069,#2061,#2071,.T.);
#2069 = VERTEX_POINT('',#2070);
#2070 = CARTESIAN_POINT('',(44.030998322148,51.123489932886,25.15));
#2071 = LINE('',#2072,#2073);
#2072 = CARTESIAN_POINT('',(15.485982622738,45.190925065463,25.15));
#2073 = VECTOR('',#2074,1.);
#2074 = DIRECTION('',(0.979078331663,0.203483710573,-0.));
#2075 = ORIENTED_EDGE('',*,*,#2076,.F.);
#2076 = EDGE_CURVE('',#2077,#2069,#2079,.T.);
#2077 = VERTEX_POINT('',#2078);
#2078 = CARTESIAN_POINT('',(44.030998322148,51.860402684564,25.15));
#2079 = LINE('',#2080,#2081);
#2080 = CARTESIAN_POINT('',(44.030998322148,22.961744966443,25.15));
#2081 = VECTOR('',#2082,1.);
#2082 = DIRECTION('',(0.,-1.,0.));
#2083 = ORIENTED_EDGE('',*,*,#2084,.F.);
#2084 = EDGE_CURVE('',#2085,#2077,#2087,.T.);
#2085 = VERTEX_POINT('',#2086);
#2086 = CARTESIAN_POINT('',(45.013485738255,52.065771812081,25.15));
#2087 = LINE('',#2088,#2089);
#2088 = CARTESIAN_POINT('',(14.899685016621,45.771090700623,25.15));
#2089 = VECTOR('',#2090,1.);
#2090 = DIRECTION('',(-0.978844086222,-0.204607563076,0.));
#2091 = ORIENTED_EDGE('',*,*,#2092,.F.);
#2092 = EDGE_CURVE('',#2093,#2085,#2095,.T.);
#2093 = VERTEX_POINT('',#2094);
#2094 = CARTESIAN_POINT('',(46.049769295302,52.065771812081,25.15));
#2095 = LINE('',#2096,#2097);
#2096 = CARTESIAN_POINT('',(20.081742869128,52.065771812081,25.15));
#2097 = VECTOR('',#2098,1.);
#2098 = DIRECTION('',(-1.,0.,0.));
#2099 = ORIENTED_EDGE('',*,*,#2100,.F.);
#2100 = EDGE_CURVE('',#2101,#2093,#2103,.T.);
#2101 = VERTEX_POINT('',#2102);
#2102 = CARTESIAN_POINT('',(46.049769295302,48.586577181208,25.15));
#2103 = LINE('',#2104,#2105);
#2104 = CARTESIAN_POINT('',(46.049769295302,23.43288590604,25.15));
#2105 = VECTOR('',#2106,1.);
#2106 = DIRECTION('',(-0.,1.,0.));
#2107 = ORIENTED_EDGE('',*,*,#2108,.F.);
#2108 = EDGE_CURVE('',#2109,#2101,#2111,.T.);
#2109 = VERTEX_POINT('',#2110);
#2110 = CARTESIAN_POINT('',(47.012437080537,48.586577181208,25.15));
#2111 = LINE('',#2112,#2113);
#2112 = CARTESIAN_POINT('',(20.599884647651,48.586577181208,25.15));
#2113 = VECTOR('',#2114,1.);
#2114 = DIRECTION('',(-1.,0.,0.));
#2115 = ORIENTED_EDGE('',*,*,#2116,.F.);
#2116 = EDGE_CURVE('',#2117,#2109,#2119,.T.);
#2117 = VERTEX_POINT('',#2118);
#2118 = CARTESIAN_POINT('',(47.012437080537,47.837583892617,25.15));
#2119 = LINE('',#2120,#2121);
#2120 = CARTESIAN_POINT('',(47.012437080537,21.693288590604,25.15));
#2121 = VECTOR('',#2122,1.);
#2122 = DIRECTION('',(-0.,1.,0.));
#2123 = ORIENTED_EDGE('',*,*,#2124,.F.);
#2124 = EDGE_CURVE('',#2125,#2117,#2127,.T.);
#2125 = VERTEX_POINT('',#2126);
#2126 = CARTESIAN_POINT('',(44.056480704698,47.837583892617,25.15));
#2127 = LINE('',#2128,#2129);
#2128 = CARTESIAN_POINT('',(21.081218540268,47.837583892617,25.15));
#2129 = VECTOR('',#2130,1.);
#2130 = DIRECTION('',(1.,0.,-0.));
#2131 = ORIENTED_EDGE('',*,*,#2132,.F.);
#2132 = EDGE_CURVE('',#2053,#2125,#2133,.T.);
#2133 = LINE('',#2134,#2135);
#2134 = CARTESIAN_POINT('',(44.056480704698,21.318791946309,25.15));
#2135 = VECTOR('',#2136,1.);
#2136 = DIRECTION('',(0.,-1.,0.));
#2137 = FACE_BOUND('',#2138,.T.);
#2138 = EDGE_LOOP('',(#2139,#2149,#2160,#2171,#2188,#2205,#2218,#2229,
    #2246,#2263,#2282,#2304,#2326,#2348,#2375,#2398,#2408));
#2139 = ORIENTED_EDGE('',*,*,#2140,.F.);
#2140 = EDGE_CURVE('',#2141,#2143,#2145,.T.);
#2141 = VERTEX_POINT('',#2142);
#2142 = CARTESIAN_POINT('',(50.857634228188,51.171812080537,25.15));
#2143 = VERTEX_POINT('',#2144);
#2144 = CARTESIAN_POINT('',(50.857634228188,51.957046979866,25.15));
#2145 = LINE('',#2146,#2147);
#2146 = CARTESIAN_POINT('',(50.857634228188,23.378523489933,25.15));
#2147 = VECTOR('',#2148,1.);
#2148 = DIRECTION('',(-0.,1.,0.));
#2149 = ORIENTED_EDGE('',*,*,#2150,.F.);
#2150 = EDGE_CURVE('',#2151,#2141,#2153,.T.);
#2151 = VERTEX_POINT('',#2152);
#2152 = CARTESIAN_POINT('',(50.35081795302,51.363401845638,25.15));
#2153 = B_SPLINE_CURVE_WITH_KNOTS('',5,(#2154,#2155,#2156,#2157,#2158,
    #2159),.UNSPECIFIED.,.F.,.F.,(6,6),(0.,1.),
  .PIECEWISE_BEZIER_KNOTS.);
#2154 = CARTESIAN_POINT('',(50.35081795302,51.363401845638,25.15));
#2155 = CARTESIAN_POINT('',(50.447984542445,51.338107685851,25.15));
#2156 = CARTESIAN_POINT('',(50.547472711914,51.305985847485,25.15));
#2157 = CARTESIAN_POINT('',(50.64905380719,51.267333806693,25.15));
#2158 = CARTESIAN_POINT('',(50.752507240118,51.222494354786,25.15));
#2159 = CARTESIAN_POINT('',(50.857634228188,51.171812080537,25.15));
#2160 = ORIENTED_EDGE('',*,*,#2161,.F.);
#2161 = EDGE_CURVE('',#2162,#2151,#2164,.T.);
#2162 = VERTEX_POINT('',#2163);
#2163 = CARTESIAN_POINT('',(49.886472315436,51.425503355705,25.15));
#2164 = B_SPLINE_CURVE_WITH_KNOTS('',5,(#2165,#2166,#2167,#2168,#2169,
    #2170),.UNSPECIFIED.,.F.,.F.,(6,6),(0.,1.),
  .PIECEWISE_BEZIER_KNOTS.);
#2165 = CARTESIAN_POINT('',(49.886472315436,51.425503355705,25.15));
#2166 = CARTESIAN_POINT('',(49.977658915363,51.425503355705,25.15));
#2167 = CARTESIAN_POINT('',(50.069797846723,51.419213085916,25.15));
#2168 = CARTESIAN_POINT('',(50.162778166077,51.406686311325,25.15));
#2169 = CARTESIAN_POINT('',(50.256488317406,51.388032361604,25.15));
#2170 = CARTESIAN_POINT('',(50.35081795302,51.363401845638,25.15));
#2171 = ORIENTED_EDGE('',*,*,#2172,.F.);
#2172 = EDGE_CURVE('',#2173,#2162,#2175,.T.);
#2173 = VERTEX_POINT('',#2174);
#2174 = CARTESIAN_POINT('',(49.127663590604,51.154823825503,25.15));
#2175 = B_SPLINE_CURVE_WITH_KNOTS('',6,(#2176,#2177,#2178,#2179,#2180,
    #2181,#2182,#2183,#2184,#2185,#2186,#2187),.UNSPECIFIED.,.F.,.F.,(7,
    5,7),(0.,0.120137387236,1.),.UNSPECIFIED.);
#2176 = CARTESIAN_POINT('',(49.127663590604,51.154823825503,25.15));
#2177 = CARTESIAN_POINT('',(49.138881221455,51.165994716226,25.15));
#2178 = CARTESIAN_POINT('',(49.150329095329,51.176899297001,25.15));
#2179 = CARTESIAN_POINT('',(49.162005419367,51.187534058564,25.15));
#2180 = CARTESIAN_POINT('',(49.173908034082,51.197895894665,25.15));
#2181 = CARTESIAN_POINT('',(49.186034413353,51.207982102063,25.15));
#2182 = CARTESIAN_POINT('',(49.288810504634,51.289624284394,25.15));
#2183 = CARTESIAN_POINT('',(49.391130288673,51.346585942685,25.15));
#2184 = CARTESIAN_POINT('',(49.504045956257,51.387601676692,25.15));
#2185 = CARTESIAN_POINT('',(49.625563078923,51.413419378641,25.15));
#2186 = CARTESIAN_POINT('',(49.753633178045,51.425503355705,25.15));
#2187 = CARTESIAN_POINT('',(49.886472315436,51.425503355705,25.15));
#2188 = ORIENTED_EDGE('',*,*,#2189,.F.);
#2189 = EDGE_CURVE('',#2190,#2173,#2192,.T.);
#2190 = VERTEX_POINT('',#2191);
#2191 = CARTESIAN_POINT('',(48.810549496644,50.351279362416,25.15));
#2192 = B_SPLINE_CURVE_WITH_KNOTS('',6,(#2193,#2194,#2195,#2196,#2197,
    #2198,#2199,#2200,#2201,#2202,#2203,#2204),.UNSPECIFIED.,.F.,.F.,(7,
    5,7),(0.,0.519393706132,1.),.UNSPECIFIED.);
#2193 = CARTESIAN_POINT('',(48.810549496644,50.351279362416,25.15));
#2194 = CARTESIAN_POINT('',(48.81770083294,50.435396955589,25.15));
#2195 = CARTESIAN_POINT('',(48.828402376268,50.517517932557,25.15));
#2196 = CARTESIAN_POINT('',(48.842945920036,50.597319829897,25.15));
#2197 = CARTESIAN_POINT('',(48.861632151373,50.674405301544,25.15));
#2198 = CARTESIAN_POINT('',(48.884744176761,50.748319815578,25.15));
#2199 = CARTESIAN_POINT('',(48.938142686903,50.883627826097,25.15));
#2200 = CARTESIAN_POINT('',(48.967767104025,50.945550331748,25.15));
#2201 = CARTESIAN_POINT('',(49.001500621418,51.003975327692,25.15));
#2202 = CARTESIAN_POINT('',(49.039429040269,51.058528506289,25.15));
#2203 = CARTESIAN_POINT('',(49.081536038678,51.10888847171,25.15));
#2204 = CARTESIAN_POINT('',(49.127663590604,51.154823825503,25.15));
#2205 = ORIENTED_EDGE('',*,*,#2206,.F.);
#2206 = EDGE_CURVE('',#2207,#2190,#2209,.T.);
#2207 = VERTEX_POINT('',#2208);
#2208 = CARTESIAN_POINT('',(49.215436241611,50.558913590604,25.15));
#2209 = B_SPLINE_CURVE_WITH_KNOTS('',4,(#2210,#2211,#2212,#2213,#2214,
    #2215,#2216,#2217),.UNSPECIFIED.,.F.,.F.,(5,3,5),(0.,0.343774388374,
    1.),.UNSPECIFIED.);
#2210 = CARTESIAN_POINT('',(49.215436241611,50.558913590604,25.15));
#2211 = CARTESIAN_POINT('',(49.17796582096,50.547039846917,25.15));
#2212 = CARTESIAN_POINT('',(49.141080446516,50.533789212008,25.15));
#2213 = CARTESIAN_POINT('',(49.104796270786,50.519161480909,25.15));
#2214 = CARTESIAN_POINT('',(49.001038090361,50.472622974196,25.15));
#2215 = CARTESIAN_POINT('',(48.935189214205,50.437087237466,25.15));
#2216 = CARTESIAN_POINT('',(48.871675110625,50.396598757024,25.15));
#2217 = CARTESIAN_POINT('',(48.810549496644,50.351279362416,25.15));
#2218 = ORIENTED_EDGE('',*,*,#2219,.F.);
#2219 = EDGE_CURVE('',#2220,#2207,#2222,.T.);
#2220 = VERTEX_POINT('',#2221);
#2221 = CARTESIAN_POINT('',(49.69110738255,50.628187919463,25.15));
#2222 = B_SPLINE_CURVE_WITH_KNOTS('',5,(#2223,#2224,#2225,#2226,#2227,
    #2228),.UNSPECIFIED.,.F.,.F.,(6,6),(0.,1.),
  .PIECEWISE_BEZIER_KNOTS.);
#2223 = CARTESIAN_POINT('',(49.69110738255,50.628187919463,25.15));
#2224 = CARTESIAN_POINT('',(49.589374059633,50.628187919463,25.15));
#2225 = CARTESIAN_POINT('',(49.490691182075,50.621437949116,25.15));
#2226 = CARTESIAN_POINT('',(49.395317784803,50.607722612937,25.15));
#2227 = CARTESIAN_POINT('',(49.303496777227,50.586894730493,25.15));
#2228 = CARTESIAN_POINT('',(49.215436241611,50.558913590604,25.15));
#2229 = ORIENTED_EDGE('',*,*,#2230,.F.);
#2230 = EDGE_CURVE('',#2231,#2220,#2233,.T.);
#2231 = VERTEX_POINT('',#2232);
#2232 = CARTESIAN_POINT('',(50.737206375839,50.248217281879,25.15));
#2233 = B_SPLINE_CURVE_WITH_KNOTS('',6,(#2234,#2235,#2236,#2237,#2238,
    #2239,#2240,#2241,#2242,#2243,#2244,#2245),.UNSPECIFIED.,.F.,.F.,(7,
    5,7),(0.,0.210256120961,1.),.UNSPECIFIED.);
#2234 = CARTESIAN_POINT('',(50.737206375839,50.248217281879,25.15));
#2235 = CARTESIAN_POINT('',(50.708738231222,50.275415371635,25.15));
#2236 = CARTESIAN_POINT('',(50.679400387603,50.301540223979,25.15));
#2237 = CARTESIAN_POINT('',(50.649206050822,50.32655378575,25.15));
#2238 = CARTESIAN_POINT('',(50.61817392719,50.350424036536,25.15));
#2239 = CARTESIAN_POINT('',(50.58632822349,50.373124988673,25.15));
#2240 = CARTESIAN_POINT('',(50.431138560708,50.475436866572,25.15));
#2241 = CARTESIAN_POINT('',(50.297457269695,50.539502189356,25.15));
#2242 = CARTESIAN_POINT('',(50.154440525647,50.585610815604,25.15));
#2243 = CARTESIAN_POINT('',(50.004334053709,50.614618239943,25.15));
#2244 = CARTESIAN_POINT('',(49.849292540763,50.628187919463,25.15));
#2245 = CARTESIAN_POINT('',(49.69110738255,50.628187919463,25.15));
#2246 = ORIENTED_EDGE('',*,*,#2247,.F.);
#2247 = EDGE_CURVE('',#2248,#2231,#2250,.T.);
#2248 = VERTEX_POINT('',#2249);
#2249 = CARTESIAN_POINT('',(51.135109060403,49.252894295302,25.15));
#2250 = B_SPLINE_CURVE_WITH_KNOTS('',6,(#2251,#2252,#2253,#2254,#2255,
    #2256,#2257,#2258,#2259,#2260,#2261,#2262),.UNSPECIFIED.,.F.,.F.,(7,
    5,7),(0.,0.682921767695,1.),.UNSPECIFIED.);
#2251 = CARTESIAN_POINT('',(51.135109060403,49.252894295302,25.15));
#2252 = CARTESIAN_POINT('',(51.135109060403,49.384440735044,25.15));
#2253 = CARTESIAN_POINT('',(51.124198587603,49.513530882954,25.15));
#2254 = CARTESIAN_POINT('',(51.101135008021,49.638928018531,25.15));
#2255 = CARTESIAN_POINT('',(51.064887001839,49.759230241304,25.15));
#2256 = CARTESIAN_POINT('',(51.014997286812,49.873020268191,25.15));
#2257 = CARTESIAN_POINT('',(50.923042795052,50.028368377941,25.15));
#2258 = CARTESIAN_POINT('',(50.891096264899,50.075978144299,25.15));
#2259 = CARTESIAN_POINT('',(50.85642447569,50.121830170087,25.15));
#2260 = CARTESIAN_POINT('',(50.81912813869,50.165848120737,25.15));
#2261 = CARTESIAN_POINT('',(50.779337618052,50.207984743655,25.15));
#2262 = CARTESIAN_POINT('',(50.737206375839,50.248217281879,25.15));
#2263 = ORIENTED_EDGE('',*,*,#2264,.F.);
#2264 = EDGE_CURVE('',#2265,#2248,#2267,.T.);
#2265 = VERTEX_POINT('',#2266);
#2266 = CARTESIAN_POINT('',(50.690583053691,48.162625838926,25.15));
#2267 = B_SPLINE_CURVE_WITH_KNOTS('',5,(#2268,#2269,#2270,#2271,#2272,
    #2273,#2274,#2275,#2276,#2277,#2278,#2279,#2280,#2281),
  .UNSPECIFIED.,.F.,.F.,(6,4,4,6),(0.,0.314344891598,0.760706680401,1.),
  .UNSPECIFIED.);
#2268 = CARTESIAN_POINT('',(50.690583053691,48.162625838926,25.15));
#2269 = CARTESIAN_POINT('',(50.746618675511,48.214283306005,25.15));
#2270 = CARTESIAN_POINT('',(50.798865961752,48.269206528552,25.15));
#2271 = CARTESIAN_POINT('',(50.84694786329,48.327350199481,25.15));
#2272 = CARTESIAN_POINT('',(50.890567051961,48.388575790805,25.15));
#2273 = CARTESIAN_POINT('',(50.984929567606,48.543541503711,25.15));
#2274 = CARTESIAN_POINT('',(51.030988343466,48.640166267411,25.15));
#2275 = CARTESIAN_POINT('',(51.067241699913,48.741689254122,25.15));
#2276 = CARTESIAN_POINT('',(51.093969264679,48.847111216448,25.15));
#2277 = CARTESIAN_POINT('',(51.121355431952,49.013502336506,25.15));
#2278 = CARTESIAN_POINT('',(51.128357362421,49.072416498033,25.15));
#2279 = CARTESIAN_POINT('',(51.132900803947,49.132033937846,25.15));
#2280 = CARTESIAN_POINT('',(51.135109060403,49.192228459905,25.15));
#2281 = CARTESIAN_POINT('',(51.135109060403,49.252894295302,25.15));
#2282 = ORIENTED_EDGE('',*,*,#2283,.F.);
#2283 = EDGE_CURVE('',#2284,#2265,#2286,.T.);
#2284 = VERTEX_POINT('',#2285);
#2285 = CARTESIAN_POINT('',(49.498573825503,47.753020134228,25.15));
#2286 = B_SPLINE_CURVE_WITH_KNOTS('',6,(#2287,#2288,#2289,#2290,#2291,
    #2292,#2293,#2294,#2295,#2296,#2297,#2298,#2299,#2300,#2301,#2302,
    #2303),.UNSPECIFIED.,.F.,.F.,(7,5,5,7),(0.,0.329896632622,
    0.877387009522,1.),.UNSPECIFIED.);
#2287 = CARTESIAN_POINT('',(49.498573825503,47.753020134228,25.15));
#2288 = CARTESIAN_POINT('',(49.573242441963,47.753020134228,25.15));
#2289 = CARTESIAN_POINT('',(49.647349829783,47.755472654274,25.15));
#2290 = CARTESIAN_POINT('',(49.720781304859,47.760531393816,25.15));
#2291 = CARTESIAN_POINT('',(49.79339651117,47.768355882668,25.15));
#2292 = CARTESIAN_POINT('',(49.865033413239,47.779098716436,25.15));
#2293 = CARTESIAN_POINT('',(50.052477732352,47.815785185664,25.15));
#2294 = CARTESIAN_POINT('',(50.166311253829,47.847092298414,25.15));
#2295 = CARTESIAN_POINT('',(50.276079525246,47.887412649194,25.15));
#2296 = CARTESIAN_POINT('',(50.380821071553,47.937151002875,25.15));
#2297 = CARTESIAN_POINT('',(50.479638591161,47.996352452303,25.15));
#2298 = CARTESIAN_POINT('',(50.592465362705,48.079734734327,25.15));
#2299 = CARTESIAN_POINT('',(50.612778440632,48.095440239896,25.15));
#2300 = CARTESIAN_POINT('',(50.632752718282,48.111588896613,25.15));
#2301 = CARTESIAN_POINT('',(50.652381795775,48.128174382668,25.15));
#2302 = CARTESIAN_POINT('',(50.671660133816,48.145189432926,25.15));
#2303 = CARTESIAN_POINT('',(50.690583053691,48.162625838926,25.15));
#2304 = ORIENTED_EDGE('',*,*,#2305,.F.);
#2305 = EDGE_CURVE('',#2306,#2284,#2308,.T.);
#2306 = VERTEX_POINT('',#2307);
#2307 = CARTESIAN_POINT('',(48.222944630872,48.31004614094,25.15));
#2308 = B_SPLINE_CURVE_WITH_KNOTS('',6,(#2309,#2310,#2311,#2312,#2313,
    #2314,#2315,#2316,#2317,#2318,#2319,#2320,#2321,#2322,#2323,#2324,
    #2325),.UNSPECIFIED.,.F.,.F.,(7,5,5,7),(0.,0.30939597622,
    0.744915110158,1.),.UNSPECIFIED.);
#2309 = CARTESIAN_POINT('',(48.222944630872,48.31004614094,25.15));
#2310 = CARTESIAN_POINT('',(48.269723602727,48.252359243345,25.15));
#2311 = CARTESIAN_POINT('',(48.319443986873,48.197583474962,25.15));
#2312 = CARTESIAN_POINT('',(48.372098997172,48.146013316417,25.15));
#2313 = CARTESIAN_POINT('',(48.427629543578,48.097909738051,25.15));
#2314 = CARTESIAN_POINT('',(48.485908814945,48.053481531135,25.15));
#2315 = CARTESIAN_POINT('',(48.632336970371,47.955695363505,25.15));
#2316 = CARTESIAN_POINT('',(48.723011754986,47.906057107562,25.15));
#2317 = CARTESIAN_POINT('',(48.818148155405,47.864365342681,25.15));
#2318 = CARTESIAN_POINT('',(48.917030690983,47.830589077205,25.15));
#2319 = CARTESIAN_POINT('',(49.01890905272,47.804415250416,25.15));
#2320 = CARTESIAN_POINT('',(49.184059891968,47.774219517809,25.15));
#2321 = CARTESIAN_POINT('',(49.245853850097,47.765510213758,25.15));
#2322 = CARTESIAN_POINT('',(49.308311217431,47.759148987578,25.15));
#2323 = CARTESIAN_POINT('',(49.371315203857,47.755024770764,25.15));
#2324 = CARTESIAN_POINT('',(49.434764150379,47.753020134228,25.15));
#2325 = CARTESIAN_POINT('',(49.498573825503,47.753020134228,25.15));
#2326 = ORIENTED_EDGE('',*,*,#2327,.F.);
#2327 = EDGE_CURVE('',#2328,#2306,#2330,.T.);
#2328 = VERTEX_POINT('',#2329);
#2329 = CARTESIAN_POINT('',(47.771434563758,49.890331375839,25.15));
#2330 = B_SPLINE_CURVE_WITH_KNOTS('',6,(#2331,#2332,#2333,#2334,#2335,
    #2336,#2337,#2338,#2339,#2340,#2341,#2342,#2343,#2344,#2345,#2346,
    #2347),.UNSPECIFIED.,.F.,.F.,(7,5,5,7),(0.,0.498035223933,
    0.755363341036,1.),.UNSPECIFIED.);
#2331 = CARTESIAN_POINT('',(47.771434563758,49.890331375839,25.15));
#2332 = CARTESIAN_POINT('',(47.771434563758,49.744631063005,25.15));
#2333 = CARTESIAN_POINT('',(47.776926886241,49.600051171435,25.15));
#2334 = CARTESIAN_POINT('',(47.788555904898,49.45691178801,25.15));
#2335 = CARTESIAN_POINT('',(47.807081845186,49.315764280624,25.15));
#2336 = CARTESIAN_POINT('',(47.83336176356,49.177386062565,25.15));
#2337 = CARTESIAN_POINT('',(47.886237343186,48.973169094253,25.15));
#2338 = CARTESIAN_POINT('',(47.906539683996,48.904602863088,25.15));
#2339 = CARTESIAN_POINT('',(47.929241885344,48.83718101871,25.15));
#2340 = CARTESIAN_POINT('',(47.954449377539,48.771065077852,25.15));
#2341 = CARTESIAN_POINT('',(47.982250402847,48.706431114846,25.15));
#2342 = CARTESIAN_POINT('',(48.041655494234,48.583600939046,25.15));
#2343 = CARTESIAN_POINT('',(48.073005196929,48.525242568416,25.15));
#2344 = CARTESIAN_POINT('',(48.10680126737,48.46855048964,25.15));
#2345 = CARTESIAN_POINT('',(48.143068919151,48.413686774944,25.15));
#2346 = CARTESIAN_POINT('',(48.181800332333,48.36080568316,25.15));
#2347 = CARTESIAN_POINT('',(48.222944630872,48.31004614094,25.15));
#2348 = ORIENTED_EDGE('',*,*,#2349,.F.);
#2349 = EDGE_CURVE('',#2350,#2328,#2352,.T.);
#2350 = VERTEX_POINT('',#2351);
#2351 = CARTESIAN_POINT('',(48.299391778523,51.538758389262,25.15));
#2352 = B_SPLINE_CURVE_WITH_KNOTS('',6,(#2353,#2354,#2355,#2356,#2357,
    #2358,#2359,#2360,#2361,#2362,#2363,#2364,#2365,#2366,#2367,#2368,
    #2369,#2370,#2371,#2372,#2373,#2374),.UNSPECIFIED.,.F.,.F.,(7,5,5,5,
    7),(0.,1.760196623166E-02,0.296798217571,0.588938723777,1.),
  .UNSPECIFIED.);
#2353 = CARTESIAN_POINT('',(48.299391778523,51.538758389262,25.15));
#2354 = CARTESIAN_POINT('',(48.296048273412,51.534961831437,25.15));
#2355 = CARTESIAN_POINT('',(48.292717339662,51.531154307547,25.15));
#2356 = CARTESIAN_POINT('',(48.289399011816,51.527335853044,25.15));
#2357 = CARTESIAN_POINT('',(48.286093323602,51.523506504103,25.15));
#2358 = CARTESIAN_POINT('',(48.282800307935,51.519666297618,25.15));
#2359 = CARTESIAN_POINT('',(48.227488847249,51.454731632908,25.15));
#2360 = CARTESIAN_POINT('',(48.178650907556,51.390922077834,25.15));
#2361 = CARTESIAN_POINT('',(48.133142597868,51.324544888278,25.15));
#2362 = CARTESIAN_POINT('',(48.09103189169,51.255790790858,25.15));
#2363 = CARTESIAN_POINT('',(48.052329513344,51.184875121014,25.15));
#2364 = CARTESIAN_POINT('',(47.980032796643,51.035807566614,25.15));
#2365 = CARTESIAN_POINT('',(47.946755754786,50.957466550344,25.15));
#2366 = CARTESIAN_POINT('',(47.917124258925,50.877263311323,25.15));
#2367 = CARTESIAN_POINT('',(47.891032587684,50.79544802658,25.15));
#2368 = CARTESIAN_POINT('',(47.868337232275,50.712253678355,25.15));
#2369 = CARTESIAN_POINT('',(47.821502561537,50.509172746015,25.15));
#2370 = CARTESIAN_POINT('',(47.800537656983,50.388143480463,25.15));
#2371 = CARTESIAN_POINT('',(47.785534069272,50.265341196536,25.15));
#2372 = CARTESIAN_POINT('',(47.775991503349,50.141223095438,25.15));
#2373 = CARTESIAN_POINT('',(47.771434563758,50.016140093956,25.15));
#2374 = CARTESIAN_POINT('',(47.771434563758,49.890331375839,25.15));
#2375 = ORIENTED_EDGE('',*,*,#2376,.F.);
#2376 = EDGE_CURVE('',#2377,#2350,#2379,.T.);
#2377 = VERTEX_POINT('',#2378);
#2378 = CARTESIAN_POINT('',(49.747734899329,52.138255033557,25.15));
#2379 = B_SPLINE_CURVE_WITH_KNOTS('',5,(#2380,#2381,#2382,#2383,#2384,
    #2385,#2386,#2387,#2388,#2389,#2390,#2391,#2392,#2393,#2394,#2395,
    #2396,#2397),.UNSPECIFIED.,.F.,.F.,(6,4,4,4,6),(0.,0.263873799621,
    0.490750016044,0.710907535509,1.),.UNSPECIFIED.);
#2380 = CARTESIAN_POINT('',(49.747734899329,52.138255033557,25.15));
#2381 = CARTESIAN_POINT('',(49.659475043215,52.138255033557,25.15));
#2382 = CARTESIAN_POINT('',(49.571729453791,52.134807966252,25.15));
#2383 = CARTESIAN_POINT('',(49.484688160136,52.127642938363,25.15));
#2384 = CARTESIAN_POINT('',(49.398605301074,52.116478289752,25.15));
#2385 = CARTESIAN_POINT('',(49.24085597082,52.087851188137,25.15));
#2386 = CARTESIAN_POINT('',(49.168859983947,52.071491204548,25.15));
#2387 = CARTESIAN_POINT('',(49.097993794414,52.051862311697,25.15));
#2388 = CARTESIAN_POINT('',(49.028477399757,52.028852218564,25.15));
#2389 = CARTESIAN_POINT('',(48.894607797807,51.976777404019,25.15));
#2390 = CARTESIAN_POINT('',(48.830159342872,51.947910941639,25.15));
#2391 = CARTESIAN_POINT('',(48.767401663652,51.915791008177,25.15));
#2392 = CARTESIAN_POINT('',(48.706525752917,51.880444789802,25.15));
#2393 = CARTESIAN_POINT('',(48.570438578162,51.791467541914,25.15));
#2394 = CARTESIAN_POINT('',(48.49669651985,51.73556974821,25.15));
#2395 = CARTESIAN_POINT('',(48.426842613366,51.674527655622,25.15));
#2396 = CARTESIAN_POINT('',(48.361057763664,51.60875523301,25.15));
#2397 = CARTESIAN_POINT('',(48.299391778523,51.538758389262,25.15));
#2398 = ORIENTED_EDGE('',*,*,#2399,.F.);
#2399 = EDGE_CURVE('',#2400,#2377,#2402,.T.);
#2400 = VERTEX_POINT('',#2401);
#2401 = CARTESIAN_POINT('',(50.314010067114,52.092953020134,25.15));
#2402 = B_SPLINE_CURVE_WITH_KNOTS('',4,(#2403,#2404,#2405,#2406,#2407),
  .UNSPECIFIED.,.F.,.F.,(5,5),(0.,1.),.PIECEWISE_BEZIER_KNOTS.);
#2403 = CARTESIAN_POINT('',(50.314010067114,52.092953020134,25.15));
#2404 = CARTESIAN_POINT('',(50.175979427496,52.11572096069,25.15));
#2405 = CARTESIAN_POINT('',(50.035456796416,52.130799211284,25.15));
#2406 = CARTESIAN_POINT('',(49.892638762803,52.138255033557,25.15));
#2407 = CARTESIAN_POINT('',(49.747734899329,52.138255033557,25.15));
#2408 = ORIENTED_EDGE('',*,*,#2409,.F.);
#2409 = EDGE_CURVE('',#2143,#2400,#2410,.T.);
#2410 = B_SPLINE_CURVE_WITH_KNOTS('',4,(#2411,#2412,#2413,#2414,#2415),
  .UNSPECIFIED.,.F.,.F.,(5,5),(0.,1.),.PIECEWISE_BEZIER_KNOTS.);
#2411 = CARTESIAN_POINT('',(50.857634228188,51.957046979866,25.15));
#2412 = CARTESIAN_POINT('',(50.72352838925,52.002219472982,25.15));
#2413 = CARTESIAN_POINT('',(50.588135787594,52.040002229865,25.15));
#2414 = CARTESIAN_POINT('',(50.451581274818,52.070260862162,25.15));
#2415 = CARTESIAN_POINT('',(50.314010067114,52.092953020134,25.15));
#2416 = FACE_BOUND('',#2417,.T.);
#2417 = EDGE_LOOP('',(#2418,#2435,#2450,#2469,#2486,#2503,#2522,#2537,
    #2552,#2567,#2584,#2603,#2620,#2637,#2656,#2673));
#2418 = ORIENTED_EDGE('',*,*,#2419,.F.);
#2419 = EDGE_CURVE('',#2420,#2422,#2424,.T.);
#2420 = VERTEX_POINT('',#2421);
#2421 = CARTESIAN_POINT('',(52.08947147651,50.436598154362,25.15));
#2422 = VERTEX_POINT('',#2423);
#2423 = CARTESIAN_POINT('',(52.66990352349,50.078712248322,25.15));
#2424 = B_SPLINE_CURVE_WITH_KNOTS('',5,(#2425,#2426,#2427,#2428,#2429,
    #2430,#2431,#2432,#2433,#2434),.UNSPECIFIED.,.F.,.F.,(6,4,6),(0.,
    0.490979271753,1.),.UNSPECIFIED.);
#2425 = CARTESIAN_POINT('',(52.08947147651,50.436598154362,25.15));
#2426 = CARTESIAN_POINT('',(52.129137988836,50.387580309662,25.15));
#2427 = CARTESIAN_POINT('',(52.173593675223,50.341903863016,25.15));
#2428 = CARTESIAN_POINT('',(52.22265913701,50.299698290915,25.15));
#2429 = CARTESIAN_POINT('',(52.276048717515,50.26098138394,25.15));
#2430 = CARTESIAN_POINT('',(52.392906726369,50.189123018363,25.15));
#2431 = CARTESIAN_POINT('',(52.456676638638,50.156236891481,25.15));
#2432 = CARTESIAN_POINT('',(52.524362364566,50.126979132244,25.15));
#2433 = CARTESIAN_POINT('',(52.595560790958,50.101197280661,25.15));
#2434 = CARTESIAN_POINT('',(52.66990352349,50.078712248322,25.15));
#2435 = ORIENTED_EDGE('',*,*,#2436,.F.);
#2436 = EDGE_CURVE('',#2437,#2420,#2439,.T.);
#2437 = VERTEX_POINT('',#2438);
#2438 = CARTESIAN_POINT('',(51.894106543624,51.038926174497,25.15));
#2439 = B_SPLINE_CURVE_WITH_KNOTS('',5,(#2440,#2441,#2442,#2443,#2444,
    #2445,#2446,#2447,#2448,#2449),.UNSPECIFIED.,.F.,.F.,(6,4,6),(0.,
    0.824315809347,1.),.UNSPECIFIED.);
#2440 = CARTESIAN_POINT('',(51.894106543624,51.038926174497,25.15));
#2441 = CARTESIAN_POINT('',(51.894106543624,50.924031110928,25.15));
#2442 = CARTESIAN_POINT('',(51.906481985376,50.814069836226,25.15));
#2443 = CARTESIAN_POINT('',(51.932364300145,50.710355474543,25.15));
#2444 = CARTESIAN_POINT('',(51.972419921951,50.614157817979,25.15));
#2445 = CARTESIAN_POINT('',(52.037554643833,50.507611631653,25.15));
#2446 = CARTESIAN_POINT('',(52.049617803234,50.48927228235,25.15));
#2447 = CARTESIAN_POINT('',(52.062296337422,50.47131963673,25.15));
#2448 = CARTESIAN_POINT('',(52.075583706925,50.453759948854,25.15));
#2449 = CARTESIAN_POINT('',(52.08947147651,50.436598154362,25.15));
#2450 = ORIENTED_EDGE('',*,*,#2451,.F.);
#2451 = EDGE_CURVE('',#2452,#2437,#2454,.T.);
#2452 = VERTEX_POINT('',#2453);
#2453 = CARTESIAN_POINT('',(52.293330536913,51.857005033557,25.15));
#2454 = B_SPLINE_CURVE_WITH_KNOTS('',5,(#2455,#2456,#2457,#2458,#2459,
    #2460,#2461,#2462,#2463,#2464,#2465,#2466,#2467,#2468),
  .UNSPECIFIED.,.F.,.F.,(6,4,4,6),(0.,0.385899029802,0.788081747769,1.),
  .UNSPECIFIED.);
#2455 = CARTESIAN_POINT('',(52.293330536913,51.857005033557,25.15));
#2456 = CARTESIAN_POINT('',(52.23252477605,51.81416787815,25.15));
#2457 = CARTESIAN_POINT('',(52.17645798489,51.766885758449,25.15));
#2458 = CARTESIAN_POINT('',(52.125803499393,51.715096284141,25.15));
#2459 = CARTESIAN_POINT('',(52.081115658322,51.658912504026,25.15));
#2460 = CARTESIAN_POINT('',(52.002577127414,51.536062085327,25.15));
#2461 = CARTESIAN_POINT('',(51.969249301553,51.469031182301,25.15));
#2462 = CARTESIAN_POINT('',(51.942982843399,51.398138016447,25.15));
#2463 = CARTESIAN_POINT('',(51.923607850067,51.324012855271,25.15));
#2464 = CARTESIAN_POINT('',(51.903930121207,51.206903140991,25.15));
#2465 = CARTESIAN_POINT('',(51.898940025104,51.165771024833,25.15));
#2466 = CARTESIAN_POINT('',(51.895690913787,51.12400975126,25.15));
#2467 = CARTESIAN_POINT('',(51.894106543624,51.081703483453,25.15));
#2468 = CARTESIAN_POINT('',(51.894106543624,51.038926174497,25.15));
#2469 = ORIENTED_EDGE('',*,*,#2470,.F.);
#2470 = EDGE_CURVE('',#2471,#2452,#2473,.T.);
#2471 = VERTEX_POINT('',#2472);
#2472 = CARTESIAN_POINT('',(53.465520134228,52.138255033557,25.15));
#2473 = B_SPLINE_CURVE_WITH_KNOTS('',6,(#2474,#2475,#2476,#2477,#2478,
    #2479,#2480,#2481,#2482,#2483,#2484,#2485),.UNSPECIFIED.,.F.,.F.,(7,
    5,7),(0.,0.535602736763,1.),.UNSPECIFIED.);
#2474 = CARTESIAN_POINT('',(53.465520134228,52.138255033557,25.15));
#2475 = CARTESIAN_POINT('',(53.346797030779,52.138255033557,25.15));
#2476 = CARTESIAN_POINT('',(53.229655644164,52.134274085843,25.15));
#2477 = CARTESIAN_POINT('',(53.11441179986,52.125845414855,25.15));
#2478 = CARTESIAN_POINT('',(53.001568755348,52.112411953322,25.15));
#2479 = CARTESIAN_POINT('',(52.891813942262,52.093333479446,25.15));
#2480 = CARTESIAN_POINT('',(52.694234650536,52.045927175956,25.15));
#2481 = CARTESIAN_POINT('',(52.605445564508,52.01916902048,25.15));
#2482 = CARTESIAN_POINT('',(52.520206253215,51.987243443545,25.15));
#2483 = CARTESIAN_POINT('',(52.439242284569,51.949742950311,25.15));
#2484 = CARTESIAN_POINT('',(52.363367349738,51.906345388692,25.15));
#2485 = CARTESIAN_POINT('',(52.293330536913,51.857005033557,25.15));
#2486 = ORIENTED_EDGE('',*,*,#2487,.F.);
#2487 = EDGE_CURVE('',#2488,#2471,#2490,.T.);
#2488 = VERTEX_POINT('',#2489);
#2489 = CARTESIAN_POINT('',(54.632046979866,51.858326342282,25.15));
#2490 = B_SPLINE_CURVE_WITH_KNOTS('',6,(#2491,#2492,#2493,#2494,#2495,
    #2496,#2497,#2498,#2499,#2500,#2501,#2502),.UNSPECIFIED.,.F.,.F.,(7,
    5,7),(0.,0.46695613678,1.),.UNSPECIFIED.);
#2491 = CARTESIAN_POINT('',(54.632046979866,51.858326342282,25.15));
#2492 = CARTESIAN_POINT('',(54.561781856615,51.907594984259,25.15));
#2493 = CARTESIAN_POINT('',(54.485723770257,51.950925536858,25.15));
#2494 = CARTESIAN_POINT('',(54.40460971713,51.988361585198,25.15));
#2495 = CARTESIAN_POINT('',(54.319240856148,52.020219731109,25.15));
#2496 = CARTESIAN_POINT('',(54.230334100469,52.046902742321,25.15));
#2497 = CARTESIAN_POINT('',(54.033601800736,52.093864018462,25.15));
#2498 = CARTESIAN_POINT('',(53.924892646557,52.112698019594,25.15));
#2499 = CARTESIAN_POINT('',(53.813152718839,52.125974813141,25.15));
#2500 = CARTESIAN_POINT('',(53.699047135256,52.134313443229,25.15));
#2501 = CARTESIAN_POINT('',(53.583065861956,52.138255033557,25.15));
#2502 = CARTESIAN_POINT('',(53.465520134228,52.138255033557,25.15));
#2503 = ORIENTED_EDGE('',*,*,#2504,.F.);
#2504 = EDGE_CURVE('',#2505,#2488,#2507,.T.);
#2505 = VERTEX_POINT('',#2506);
#2506 = CARTESIAN_POINT('',(55.031270973154,51.038926174497,25.15));
#2507 = B_SPLINE_CURVE_WITH_KNOTS('',5,(#2508,#2509,#2510,#2511,#2512,
    #2513,#2514,#2515,#2516,#2517,#2518,#2519,#2520,#2521),
  .UNSPECIFIED.,.F.,.F.,(6,4,4,6),(0.,0.214301313299,0.622371190485,1.),
  .UNSPECIFIED.);
#2508 = CARTESIAN_POINT('',(55.031270973154,51.038926174497,25.15));
#2509 = CARTESIAN_POINT('',(55.031270973154,51.082322204246,25.15));
#2510 = CARTESIAN_POINT('',(55.029657502855,51.125233130434,25.15));
#2511 = CARTESIAN_POINT('',(55.026346603845,51.167582089271,25.15));
#2512 = CARTESIAN_POINT('',(55.021258187413,51.209281171308,25.15));
#2513 = CARTESIAN_POINT('',(55.001135991157,51.328222291513,25.15));
#2514 = CARTESIAN_POINT('',(54.98126633715,51.40353060986,25.15));
#2515 = CARTESIAN_POINT('',(54.954290316454,51.475460827655,25.15));
#2516 = CARTESIAN_POINT('',(54.920023487399,51.543342508326,25.15));
#2517 = CARTESIAN_POINT('',(54.840647354702,51.665285775114,25.15));
#2518 = CARTESIAN_POINT('',(54.796524934711,51.720020057585,25.15));
#2519 = CARTESIAN_POINT('',(54.74668362037,51.770482374765,25.15));
#2520 = CARTESIAN_POINT('',(54.691645745747,51.816564937537,25.15));
#2521 = CARTESIAN_POINT('',(54.632046979866,51.858326342282,25.15));
#2522 = ORIENTED_EDGE('',*,*,#2523,.F.);
#2523 = EDGE_CURVE('',#2524,#2505,#2526,.T.);
#2524 = VERTEX_POINT('',#2525);
#2525 = CARTESIAN_POINT('',(54.834395973154,50.436598154362,25.15));
#2526 = B_SPLINE_CURVE_WITH_KNOTS('',5,(#2527,#2528,#2529,#2530,#2531,
    #2532,#2533,#2534,#2535,#2536),.UNSPECIFIED.,.F.,.F.,(6,4,6),(0.,
    0.183651960998,1.),.UNSPECIFIED.);
#2527 = CARTESIAN_POINT('',(54.834395973154,50.436598154362,25.15));
#2528 = CARTESIAN_POINT('',(54.849017435338,50.454528020261,25.15));
#2529 = CARTESIAN_POINT('',(54.862979618607,50.472893576192,25.15));
#2530 = CARTESIAN_POINT('',(54.876272565766,50.491689261748,25.15));
#2531 = CARTESIAN_POINT('',(54.888888612156,50.510907920787,25.15));
#2532 = CARTESIAN_POINT('',(54.953868988263,50.617810567144,25.15));
#2533 = CARTESIAN_POINT('',(54.993448336323,50.713287780198,25.15));
#2534 = CARTESIAN_POINT('',(55.019032892778,50.816134560343,25.15));
#2535 = CARTESIAN_POINT('',(55.031270973154,50.925109428899,25.15));
#2536 = CARTESIAN_POINT('',(55.031270973154,51.038926174497,25.15));
#2537 = ORIENTED_EDGE('',*,*,#2538,.F.);
#2538 = EDGE_CURVE('',#2539,#2524,#2541,.T.);
#2539 = VERTEX_POINT('',#2540);
#2540 = CARTESIAN_POINT('',(54.25264261745,50.078712248322,25.15));
#2541 = B_SPLINE_CURVE_WITH_KNOTS('',5,(#2542,#2543,#2544,#2545,#2546,
    #2547,#2548,#2549,#2550,#2551),.UNSPECIFIED.,.F.,.F.,(6,4,6),(0.,
    0.510912692373,1.),.UNSPECIFIED.);
#2542 = CARTESIAN_POINT('',(54.25264261745,50.078712248322,25.15));
#2543 = CARTESIAN_POINT('',(54.32729658459,50.101291413874,25.15));
#2544 = CARTESIAN_POINT('',(54.39879974404,50.127191683451,25.15));
#2545 = CARTESIAN_POINT('',(54.466783508326,50.156592565471,25.15));
#2546 = CARTESIAN_POINT('',(54.530845156826,50.189646479578,25.15));
#2547 = CARTESIAN_POINT('',(54.647830617334,50.261614173648,25.15));
#2548 = CARTESIAN_POINT('',(54.701116216147,50.300218949464,25.15));
#2549 = CARTESIAN_POINT('',(54.750140918355,50.342281088713,25.15));
#2550 = CARTESIAN_POINT('',(54.794626191024,50.38778284597,25.15));
#2551 = CARTESIAN_POINT('',(54.834395973154,50.436598154362,25.15));
#2552 = ORIENTED_EDGE('',*,*,#2553,.F.);
#2553 = EDGE_CURVE('',#2554,#2539,#2556,.T.);
#2554 = VERTEX_POINT('',#2555);
#2555 = CARTESIAN_POINT('',(54.902348993289,49.693456375839,25.15));
#2556 = B_SPLINE_CURVE_WITH_KNOTS('',5,(#2557,#2558,#2559,#2560,#2561,
    #2562,#2563,#2564,#2565,#2566),.UNSPECIFIED.,.F.,.F.,(6,4,6),(0.,
    0.489450461593,1.),.UNSPECIFIED.);
#2557 = CARTESIAN_POINT('',(54.902348993289,49.693456375839,25.15));
#2558 = CARTESIAN_POINT('',(54.857775937527,49.747657518516,25.15));
#2559 = CARTESIAN_POINT('',(54.807857159772,49.797911086827,25.15));
#2560 = CARTESIAN_POINT('',(54.752822146049,49.844033188568,25.15));
#2561 = CARTESIAN_POINT('',(54.693042367164,49.886003051923,25.15));
#2562 = CARTESIAN_POINT('',(54.56210194744,49.963426644437,25.15));
#2563 = CARTESIAN_POINT('',(54.490556868902,49.998524123556,25.15));
#2564 = CARTESIAN_POINT('',(54.414800967235,50.02928570056,25.15));
#2565 = CARTESIAN_POINT('',(54.335346803325,50.055932323441,25.15));
#2566 = CARTESIAN_POINT('',(54.25264261745,50.078712248322,25.15));
#2567 = ORIENTED_EDGE('',*,*,#2568,.F.);
#2568 = EDGE_CURVE('',#2569,#2554,#2571,.T.);
#2569 = VERTEX_POINT('',#2570);
#2570 = CARTESIAN_POINT('',(55.121875,49.020343959732,25.15));
#2571 = B_SPLINE_CURVE_WITH_KNOTS('',6,(#2572,#2573,#2574,#2575,#2576,
    #2577,#2578,#2579,#2580,#2581,#2582,#2583),.UNSPECIFIED.,.F.,.F.,(7,
    5,7),(0.,0.840713458481,1.),.UNSPECIFIED.);
#2572 = CARTESIAN_POINT('',(55.121875,49.020343959732,25.15));
#2573 = CARTESIAN_POINT('',(55.121875,49.129405565998,25.15));
#2574 = CARTESIAN_POINT('',(55.112388984857,49.234881516091,25.15));
#2575 = CARTESIAN_POINT('',(55.092618285213,49.335872891738,25.15));
#2576 = CARTESIAN_POINT('',(55.061958802083,49.431469028237,25.15));
#2577 = CARTESIAN_POINT('',(55.020187565995,49.520842507408,25.15));
#2578 = CARTESIAN_POINT('',(54.957772260848,49.61901176861,25.15));
#2579 = CARTESIAN_POINT('',(54.947445609446,49.634404087099,25.15));
#2580 = CARTESIAN_POINT('',(54.936736650376,49.649547873378,25.15));
#2581 = CARTESIAN_POINT('',(54.925648396592,49.66443974704,25.15));
#2582 = CARTESIAN_POINT('',(54.914184448367,49.679076755869,25.15));
#2583 = CARTESIAN_POINT('',(54.902348993289,49.693456375839,25.15));
#2584 = ORIENTED_EDGE('',*,*,#2585,.F.);
#2585 = EDGE_CURVE('',#2586,#2569,#2588,.T.);
#2586 = VERTEX_POINT('',#2587);
#2587 = CARTESIAN_POINT('',(54.704152684564,48.073343120805,25.15));
#2588 = B_SPLINE_CURVE_WITH_KNOTS('',5,(#2589,#2590,#2591,#2592,#2593,
    #2594,#2595,#2596,#2597,#2598,#2599,#2600,#2601,#2602),
  .UNSPECIFIED.,.F.,.F.,(6,4,4,6),(0.,0.277791879335,0.73733285578,1.),
  .UNSPECIFIED.);
#2589 = CARTESIAN_POINT('',(54.704152684564,48.073343120805,25.15));
#2590 = CARTESIAN_POINT('',(54.751111835157,48.109352916809,25.15));
#2591 = CARTESIAN_POINT('',(54.795252988148,48.148151588845,25.15));
#2592 = CARTESIAN_POINT('',(54.836300589247,48.189730870417,25.15));
#2593 = CARTESIAN_POINT('',(54.874034718054,48.234010803632,25.15));
#2594 = CARTESIAN_POINT('',(54.96504992228,48.358230585253,25.15));
#2595 = CARTESIAN_POINT('',(55.012372045474,48.442577426603,25.15));
#2596 = CARTESIAN_POINT('',(55.049655073265,48.532999247884,25.15));
#2597 = CARTESIAN_POINT('',(55.077273821474,48.628289124069,25.15));
#2598 = CARTESIAN_POINT('',(55.106665585282,48.783818880711,25.15));
#2599 = CARTESIAN_POINT('',(55.114445133361,48.841600240584,25.15));
#2600 = CARTESIAN_POINT('',(55.119456163547,48.900395309577,25.15));
#2601 = CARTESIAN_POINT('',(55.121875,48.960024583594,25.15));
#2602 = CARTESIAN_POINT('',(55.121875,49.020343959732,25.15));
#2603 = ORIENTED_EDGE('',*,*,#2604,.F.);
#2604 = EDGE_CURVE('',#2605,#2586,#2607,.T.);
#2605 = VERTEX_POINT('',#2606);
#2606 = CARTESIAN_POINT('',(53.465520134228,47.753020134228,25.15));
#2607 = B_SPLINE_CURVE_WITH_KNOTS('',6,(#2608,#2609,#2610,#2611,#2612,
    #2613,#2614,#2615,#2616,#2617,#2618,#2619),.UNSPECIFIED.,.F.,.F.,(7,
    5,7),(0.,0.538486671564,1.),.UNSPECIFIED.);
#2608 = CARTESIAN_POINT('',(53.465520134228,47.753020134228,25.15));
#2609 = CARTESIAN_POINT('',(53.59161115243,47.753020134228,25.15));
#2610 = CARTESIAN_POINT('',(53.716130266548,47.757552299988,25.15));
#2611 = CARTESIAN_POINT('',(53.838734958455,47.767175171916,25.15));
#2612 = CARTESIAN_POINT('',(53.958849735389,47.782560967698,25.15));
#2613 = CARTESIAN_POINT('',(54.075669930928,47.804485963942,25.15));
#2614 = CARTESIAN_POINT('',(54.284650940691,47.858817567193,25.15));
#2615 = CARTESIAN_POINT('',(54.377940577814,47.889275316784,25.15));
#2616 = CARTESIAN_POINT('',(54.467393286992,47.925598782685,25.15));
#2617 = CARTESIAN_POINT('',(54.552174490582,47.968234916726,25.15));
#2618 = CARTESIAN_POINT('',(54.631365191067,48.017502082621,25.15));
#2619 = CARTESIAN_POINT('',(54.704152684564,48.073343120805,25.15));
#2620 = ORIENTED_EDGE('',*,*,#2621,.F.);
#2621 = EDGE_CURVE('',#2622,#2605,#2624,.T.);
#2622 = VERTEX_POINT('',#2623);
#2623 = CARTESIAN_POINT('',(52.221036073825,48.073343120805,25.15));
#2624 = B_SPLINE_CURVE_WITH_KNOTS('',6,(#2625,#2626,#2627,#2628,#2629,
    #2630,#2631,#2632,#2633,#2634,#2635,#2636),.UNSPECIFIED.,.F.,.F.,(7,
    5,7),(0.,0.461510745405,1.),.UNSPECIFIED.);
#2625 = CARTESIAN_POINT('',(52.221036073825,48.073343120805,25.15));
#2626 = CARTESIAN_POINT('',(52.294368157967,48.017488297292,25.15));
#2627 = CARTESIAN_POINT('',(52.374084089922,47.968219858621,25.15));
#2628 = CARTESIAN_POINT('',(52.459367972741,47.92558749035,25.15));
#2629 = CARTESIAN_POINT('',(52.549301477202,47.889268782564,25.15));
#2630 = CARTESIAN_POINT('',(52.643052779762,47.858814977247,25.15));
#2631 = CARTESIAN_POINT('',(52.853001954624,47.804488681795,25.15));
#2632 = CARTESIAN_POINT('',(52.970322687095,47.782564822468,25.15));
#2633 = CARTESIAN_POINT('',(53.090920985654,47.767178135033,25.15));
#2634 = CARTESIAN_POINT('',(53.213996373433,47.757553589324,25.15));
#2635 = CARTESIAN_POINT('',(53.338976356357,47.753020134228,25.15));
#2636 = CARTESIAN_POINT('',(53.465520134228,47.753020134228,25.15));
#2637 = ORIENTED_EDGE('',*,*,#2638,.F.);
#2638 = EDGE_CURVE('',#2639,#2622,#2641,.T.);
#2639 = VERTEX_POINT('',#2640);
#2640 = CARTESIAN_POINT('',(51.80067114094,49.020343959732,25.15));
#2641 = B_SPLINE_CURVE_WITH_KNOTS('',5,(#2642,#2643,#2644,#2645,#2646,
    #2647,#2648,#2649,#2650,#2651,#2652,#2653,#2654,#2655),
  .UNSPECIFIED.,.F.,.F.,(6,4,4,6),(0.,0.261471698703,0.717117068372,1.),
  .UNSPECIFIED.);
#2642 = CARTESIAN_POINT('',(51.80067114094,49.020343959732,25.15));
#2643 = CARTESIAN_POINT('',(51.80067114094,48.960257070972,25.15));
#2644 = CARTESIAN_POINT('',(51.803086551599,48.900854956224,25.15));
#2645 = CARTESIAN_POINT('',(51.808089821393,48.842281096119,25.15));
#2646 = CARTESIAN_POINT('',(51.815856010543,48.784713988173,25.15));
#2647 = CARTESIAN_POINT('',(51.845117705286,48.630139489418,25.15));
#2648 = CARTESIAN_POINT('',(51.872534791861,48.53554550147,25.15));
#2649 = CARTESIAN_POINT('',(51.909507201451,48.445743740897,25.15));
#2650 = CARTESIAN_POINT('',(51.956396137133,48.361914949217,25.15));
#2651 = CARTESIAN_POINT('',(52.047456502271,48.23707775796,25.15));
#2652 = CARTESIAN_POINT('',(52.085925823097,48.191873220082,25.15));
#2653 = CARTESIAN_POINT('',(52.127846014444,48.149473603125,25.15));
#2654 = CARTESIAN_POINT('',(52.172981020292,48.109961632636,25.15));
#2655 = CARTESIAN_POINT('',(52.221036073825,48.073343120805,25.15));
#2656 = ORIENTED_EDGE('',*,*,#2657,.F.);
#2657 = EDGE_CURVE('',#2658,#2639,#2660,.T.);
#2658 = VERTEX_POINT('',#2659);
#2659 = CARTESIAN_POINT('',(52.020008389262,49.693456375839,25.15));
#2660 = B_SPLINE_CURVE_WITH_KNOTS('',6,(#2661,#2662,#2663,#2664,#2665,
    #2666,#2667,#2668,#2669,#2670,#2671,#2672),.UNSPECIFIED.,.F.,.F.,(7,
    5,7),(0.,0.157312434452,1.),.UNSPECIFIED.);
#2661 = CARTESIAN_POINT('',(52.020008389262,49.693456375839,25.15));
#2662 = CARTESIAN_POINT('',(52.008328790401,49.679253903213,25.15));
#2663 = CARTESIAN_POINT('',(51.997011371412,49.66480044352,25.15));
#2664 = CARTESIAN_POINT('',(51.986060151094,49.650098432025,25.15));
#2665 = CARTESIAN_POINT('',(51.975478590459,49.635150710943,25.15));
#2666 = CARTESIAN_POINT('',(51.965269592734,49.619960529438,25.15));
#2667 = CARTESIAN_POINT('',(51.902756483633,49.521881913672,25.15));
#2668 = CARTESIAN_POINT('',(51.860819863067,49.432355637877,25.15));
#2669 = CARTESIAN_POINT('',(51.830039845093,49.336573937468,25.15));
#2670 = CARTESIAN_POINT('',(51.810192838755,49.235369069203,25.15));
#2671 = CARTESIAN_POINT('',(51.80067114094,49.129657499454,25.15));
#2672 = CARTESIAN_POINT('',(51.80067114094,49.020343959732,25.15));
#2673 = ORIENTED_EDGE('',*,*,#2674,.F.);
#2674 = EDGE_CURVE('',#2422,#2658,#2675,.T.);
#2675 = B_SPLINE_CURVE_WITH_KNOTS('',5,(#2676,#2677,#2678,#2679,#2680,
    #2681,#2682,#2683,#2684,#2685),.UNSPECIFIED.,.F.,.F.,(6,4,6),(0.,
    0.512521894912,1.),.UNSPECIFIED.);
#2676 = CARTESIAN_POINT('',(52.66990352349,50.078712248322,25.15));
#2677 = CARTESIAN_POINT('',(52.586874043397,50.055842724858,25.15));
#2678 = CARTESIAN_POINT('',(52.507117594638,50.029076514914,25.15));
#2679 = CARTESIAN_POINT('',(52.431087089425,49.998162764591,25.15));
#2680 = CARTESIAN_POINT('',(52.359300537965,49.962878361894,25.15));
#2681 = CARTESIAN_POINT('',(52.228466397109,49.885320278395,25.15));
#2682 = CARTESIAN_POINT('',(52.168963306227,49.843469996787,25.15));
#2683 = CARTESIAN_POINT('',(52.114165275802,49.797501778005,25.15));
#2684 = CARTESIAN_POINT('',(52.064438146052,49.747436811217,25.15));
#2685 = CARTESIAN_POINT('',(52.020008389262,49.693456375839,25.15));
#2686 = FACE_BOUND('',#2687,.T.);
#2687 = EDGE_LOOP('',(#2688,#2698,#2706,#2714));
#2688 = ORIENTED_EDGE('',*,*,#2689,.F.);
#2689 = EDGE_CURVE('',#2690,#2692,#2694,.T.);
#2690 = VERTEX_POINT('',#2691);
#2691 = CARTESIAN_POINT('',(57.092701342282,48.936912751678,25.15));
#2692 = VERTEX_POINT('',#2693);
#2693 = CARTESIAN_POINT('',(56.073406040268,48.936912751678,25.15));
#2694 = LINE('',#2695,#2696);
#2695 = CARTESIAN_POINT('',(25.611703020134,48.936912751678,25.15));
#2696 = VECTOR('',#2697,1.);
#2697 = DIRECTION('',(-1.,0.,0.));
#2698 = ORIENTED_EDGE('',*,*,#2699,.F.);
#2699 = EDGE_CURVE('',#2700,#2690,#2702,.T.);
#2700 = VERTEX_POINT('',#2701);
#2701 = CARTESIAN_POINT('',(57.092701342282,47.837583892617,25.15));
#2702 = LINE('',#2703,#2704);
#2703 = CARTESIAN_POINT('',(57.092701342282,21.868456375839,25.15));
#2704 = VECTOR('',#2705,1.);
#2705 = DIRECTION('',(-0.,1.,0.));
#2706 = ORIENTED_EDGE('',*,*,#2707,.F.);
#2707 = EDGE_CURVE('',#2708,#2700,#2710,.T.);
#2708 = VERTEX_POINT('',#2709);
#2709 = CARTESIAN_POINT('',(56.073406040268,47.837583892617,25.15));
#2710 = LINE('',#2711,#2712);
#2711 = CARTESIAN_POINT('',(26.121350671141,47.837583892617,25.15));
#2712 = VECTOR('',#2713,1.);
#2713 = DIRECTION('',(1.,0.,-0.));
#2714 = ORIENTED_EDGE('',*,*,#2715,.F.);
#2715 = EDGE_CURVE('',#2692,#2708,#2716,.T.);
#2716 = LINE('',#2717,#2718);
#2717 = CARTESIAN_POINT('',(56.073406040268,21.318791946309,25.15));
#2718 = VECTOR('',#2719,1.);
#2719 = DIRECTION('',(0.,-1.,0.));
#2720 = FACE_BOUND('',#2721,.T.);
#2721 = EDGE_LOOP('',(#2722,#2732,#2740,#2748,#2756,#2764,#2775,#2790,
    #2805,#2822,#2833,#2844,#2852,#2863,#2874,#2891,#2910,#2925,#2944));
#2722 = ORIENTED_EDGE('',*,*,#2723,.F.);
#2723 = EDGE_CURVE('',#2724,#2726,#2728,.T.);
#2724 = VERTEX_POINT('',#2725);
#2725 = CARTESIAN_POINT('',(61.211031879195,48.634899328859,25.15));
#2726 = VERTEX_POINT('',#2727);
#2727 = CARTESIAN_POINT('',(59.35081795302,48.634899328859,25.15));
#2728 = LINE('',#2729,#2730);
#2729 = CARTESIAN_POINT('',(27.25040897651,48.634899328859,25.15));
#2730 = VECTOR('',#2731,1.);
#2731 = DIRECTION('',(-1.,0.,0.));
#2732 = ORIENTED_EDGE('',*,*,#2733,.F.);
#2733 = EDGE_CURVE('',#2734,#2724,#2736,.T.);
#2734 = VERTEX_POINT('',#2735);
#2735 = CARTESIAN_POINT('',(61.211031879195,47.837583892617,25.15));
#2736 = LINE('',#2737,#2738);
#2737 = CARTESIAN_POINT('',(61.211031879195,21.71744966443,25.15));
#2738 = VECTOR('',#2739,1.);
#2739 = DIRECTION('',(-0.,1.,0.));
#2740 = ORIENTED_EDGE('',*,*,#2741,.F.);
#2741 = EDGE_CURVE('',#2742,#2734,#2744,.T.);
#2742 = VERTEX_POINT('',#2743);
#2743 = CARTESIAN_POINT('',(58.13898909396,47.837583892617,25.15));
#2744 = LINE('',#2745,#2746);
#2745 = CARTESIAN_POINT('',(28.180515939597,47.837583892617,25.15));
#2746 = VECTOR('',#2747,1.);
#2747 = DIRECTION('',(1.,0.,-0.));
#2748 = ORIENTED_EDGE('',*,*,#2749,.F.);
#2749 = EDGE_CURVE('',#2750,#2742,#2752,.T.);
#2750 = VERTEX_POINT('',#2751);
#2751 = CARTESIAN_POINT('',(58.13898909396,48.634899328859,25.15));
#2752 = LINE('',#2753,#2754);
#2753 = CARTESIAN_POINT('',(58.13898909396,21.318791946309,25.15));
#2754 = VECTOR('',#2755,1.);
#2755 = DIRECTION('',(0.,-1.,0.));
#2756 = ORIENTED_EDGE('',*,*,#2757,.F.);
#2757 = EDGE_CURVE('',#2758,#2750,#2760,.T.);
#2758 = VERTEX_POINT('',#2759);
#2759 = CARTESIAN_POINT('',(59.682088926174,49.993770973154,25.15));
#2760 = LINE('',#2761,#2762);
#2761 = CARTESIAN_POINT('',(27.049699335738,21.257309485502,25.15));
#2762 = VECTOR('',#2763,1.);
#2763 = DIRECTION('',(-0.750485828524,-0.66088654184,0.));
#2764 = ORIENTED_EDGE('',*,*,#2765,.F.);
#2765 = EDGE_CURVE('',#2766,#2758,#2768,.T.);
#2766 = VERTEX_POINT('',#2767);
#2767 = CARTESIAN_POINT('',(59.987877516779,50.358829697987,25.15));
#2768 = B_SPLINE_CURVE_WITH_KNOTS('',5,(#2769,#2770,#2771,#2772,#2773,
    #2774),.UNSPECIFIED.,.F.,.F.,(6,6),(0.,1.),
  .PIECEWISE_BEZIER_KNOTS.);
#2769 = CARTESIAN_POINT('',(59.987877516779,50.358829697987,25.15));
#2770 = CARTESIAN_POINT('',(59.947164841337,50.285624430145,25.15));
#2771 = CARTESIAN_POINT('',(59.895539428545,50.212289775575,25.15));
#2772 = CARTESIAN_POINT('',(59.833611245523,50.139080638714,25.15));
#2773 = CARTESIAN_POINT('',(59.762192866721,50.066193713922,25.15));
#2774 = CARTESIAN_POINT('',(59.682088926174,49.993770973154,25.15));
#2775 = ORIENTED_EDGE('',*,*,#2776,.F.);
#2776 = EDGE_CURVE('',#2777,#2766,#2779,.T.);
#2777 = VERTEX_POINT('',#2778);
#2778 = CARTESIAN_POINT('',(60.086975671141,50.729739932886,25.15));
#2779 = B_SPLINE_CURVE_WITH_KNOTS('',5,(#2780,#2781,#2782,#2783,#2784,
    #2785,#2786,#2787,#2788,#2789),.UNSPECIFIED.,.F.,.F.,(6,4,6),(0.,
    0.272474376949,1.),.UNSPECIFIED.);
#2780 = CARTESIAN_POINT('',(60.086975671141,50.729739932886,25.15));
#2781 = CARTESIAN_POINT('',(60.086975671141,50.708733411705,25.15));
#2782 = CARTESIAN_POINT('',(60.086238378232,50.687818611307,25.15));
#2783 = CARTESIAN_POINT('',(60.084761875722,50.667000321569,25.15));
#2784 = CARTESIAN_POINT('',(60.082545528851,50.646283187409,25.15));
#2785 = CARTESIAN_POINT('',(60.071698475672,50.570637620836,25.15));
#2786 = CARTESIAN_POINT('',(60.05853693989,50.516356034629,25.15));
#2787 = CARTESIAN_POINT('',(60.040117734409,50.462914439042,25.15));
#2788 = CARTESIAN_POINT('',(60.016519720252,50.410385664239,25.15));
#2789 = CARTESIAN_POINT('',(59.987877516779,50.358829697987,25.15));
#2790 = ORIENTED_EDGE('',*,*,#2791,.F.);
#2791 = EDGE_CURVE('',#2792,#2777,#2794,.T.);
#2792 = VERTEX_POINT('',#2793);
#2793 = CARTESIAN_POINT('',(59.887269295302,51.208053691275,25.15));
#2794 = B_SPLINE_CURVE_WITH_KNOTS('',5,(#2795,#2796,#2797,#2798,#2799,
    #2800,#2801,#2802,#2803,#2804),.UNSPECIFIED.,.F.,.F.,(6,4,6),(0.,
    0.350158695336,1.),.UNSPECIFIED.);
#2795 = CARTESIAN_POINT('',(59.887269295302,51.208053691275,25.15));
#2796 = CARTESIAN_POINT('',(59.915194246628,51.182741755243,25.15));
#2797 = CARTESIAN_POINT('',(59.94082202839,51.155879503985,25.15));
#2798 = CARTESIAN_POINT('',(59.964056802173,51.127477436265,25.15));
#2799 = CARTESIAN_POINT('',(59.984833568154,51.097568711347,25.15));
#2800 = CARTESIAN_POINT('',(60.037051597265,51.008010568792,25.15));
#2801 = CARTESIAN_POINT('',(60.062408521346,50.944805588014,25.15));
#2802 = CARTESIAN_POINT('',(60.07896134125,50.876971660428,25.15));
#2803 = CARTESIAN_POINT('',(60.086975671141,50.805072517182,25.15));
#2804 = CARTESIAN_POINT('',(60.086975671141,50.729739932886,25.15));
#2805 = ORIENTED_EDGE('',*,*,#2806,.F.);
#2806 = EDGE_CURVE('',#2807,#2792,#2809,.T.);
#2807 = VERTEX_POINT('',#2808);
#2808 = CARTESIAN_POINT('',(59.356480704698,51.389261744966,25.15));
#2809 = B_SPLINE_CURVE_WITH_KNOTS('',6,(#2810,#2811,#2812,#2813,#2814,
    #2815,#2816,#2817,#2818,#2819,#2820,#2821),.UNSPECIFIED.,.F.,.F.,(7,
    5,7),(0.,0.872093359776,1.),.UNSPECIFIED.);
#2810 = CARTESIAN_POINT('',(59.356480704698,51.389261744966,25.15));
#2811 = CARTESIAN_POINT('',(59.449083306637,51.389261744966,25.15));
#2812 = CARTESIAN_POINT('',(59.537428391201,51.380765808679,25.15));
#2813 = CARTESIAN_POINT('',(59.620715151988,51.363113835158,25.15));
#2814 = CARTESIAN_POINT('',(59.698169013934,51.335817544294,25.15));
#2815 = CARTESIAN_POINT('',(59.769130559667,51.298704894745,25.15));
#2816 = CARTESIAN_POINT('',(59.842560224816,51.245270792656,25.15));
#2817 = CARTESIAN_POINT('',(59.851803776278,51.238231885034,25.15));
#2818 = CARTESIAN_POINT('',(59.860897495728,51.230989553814,25.15));
#2819 = CARTESIAN_POINT('',(59.869840278147,51.223544879696,25.15));
#2820 = CARTESIAN_POINT('',(59.878631155214,51.21589911652,25.15));
#2821 = CARTESIAN_POINT('',(59.887269295302,51.208053691275,25.15));
#2822 = ORIENTED_EDGE('',*,*,#2823,.F.);
#2823 = EDGE_CURVE('',#2824,#2807,#2826,.T.);
#2824 = VERTEX_POINT('',#2825);
#2825 = CARTESIAN_POINT('',(58.79869966443,51.279781879195,25.15));
#2826 = B_SPLINE_CURVE_WITH_KNOTS('',5,(#2827,#2828,#2829,#2830,#2831,
    #2832),.UNSPECIFIED.,.F.,.F.,(6,6),(0.,1.),
  .PIECEWISE_BEZIER_KNOTS.);
#2827 = CARTESIAN_POINT('',(58.79869966443,51.279781879195,25.15));
#2828 = CARTESIAN_POINT('',(58.916071144444,51.322196495025,25.15));
#2829 = CARTESIAN_POINT('',(59.031065940042,51.355113413721,25.15));
#2830 = CARTESIAN_POINT('',(59.143183358116,51.377724518982,25.15));
#2831 = CARTESIAN_POINT('',(59.251846102491,51.389261744966,25.15));
#2832 = CARTESIAN_POINT('',(59.356480704698,51.389261744966,25.15));
#2833 = ORIENTED_EDGE('',*,*,#2834,.F.);
#2834 = EDGE_CURVE('',#2835,#2824,#2837,.T.);
#2835 = VERTEX_POINT('',#2836);
#2836 = CARTESIAN_POINT('',(58.150314597315,50.954362416107,25.15));
#2837 = B_SPLINE_CURVE_WITH_KNOTS('',5,(#2838,#2839,#2840,#2841,#2842,
    #2843),.UNSPECIFIED.,.F.,.F.,(6,6),(0.,1.),
  .PIECEWISE_BEZIER_KNOTS.);
#2838 = CARTESIAN_POINT('',(58.150314597315,50.954362416107,25.15));
#2839 = CARTESIAN_POINT('',(58.282806682082,51.037188069098,25.15));
#2840 = CARTESIAN_POINT('',(58.414267514562,51.112021061458,25.15));
#2841 = CARTESIAN_POINT('',(58.544377673461,51.17802665855,25.15));
#2842 = CARTESIAN_POINT('',(58.672697755685,51.23424847915,25.15));
#2843 = CARTESIAN_POINT('',(58.79869966443,51.279781879195,25.15));
#2844 = ORIENTED_EDGE('',*,*,#2845,.F.);
#2845 = EDGE_CURVE('',#2846,#2835,#2848,.T.);
#2846 = VERTEX_POINT('',#2847);
#2847 = CARTESIAN_POINT('',(58.150314597315,51.884563758389,25.15));
#2848 = LINE('',#2849,#2850);
#2849 = CARTESIAN_POINT('',(58.150314597315,22.877181208054,25.15));
#2850 = VECTOR('',#2851,1.);
#2851 = DIRECTION('',(0.,-1.,0.));
#2852 = ORIENTED_EDGE('',*,*,#2853,.F.);
#2853 = EDGE_CURVE('',#2854,#2846,#2856,.T.);
#2854 = VERTEX_POINT('',#2855);
#2855 = CARTESIAN_POINT('',(58.877978187919,52.073322147651,25.15));
#2856 = B_SPLINE_CURVE_WITH_KNOTS('',5,(#2857,#2858,#2859,#2860,#2861,
    #2862),.UNSPECIFIED.,.F.,.F.,(6,6),(0.,1.),
  .PIECEWISE_BEZIER_KNOTS.);
#2857 = CARTESIAN_POINT('',(58.877978187919,52.073322147651,25.15));
#2858 = CARTESIAN_POINT('',(58.732638711464,52.04715341252,25.15));
#2859 = CARTESIAN_POINT('',(58.587091512083,52.015051681542,25.15));
#2860 = CARTESIAN_POINT('',(58.441452777182,51.977144939432,25.15));
#2861 = CARTESIAN_POINT('',(58.295828544372,51.933590765167,25.15));
#2862 = CARTESIAN_POINT('',(58.150314597315,51.884563758389,25.15));
#2863 = ORIENTED_EDGE('',*,*,#2864,.F.);
#2864 = EDGE_CURVE('',#2865,#2854,#2867,.T.);
#2865 = VERTEX_POINT('',#2866);
#2866 = CARTESIAN_POINT('',(59.582990771812,52.138255033557,25.15));
#2867 = B_SPLINE_CURVE_WITH_KNOTS('',5,(#2868,#2869,#2870,#2871,#2872,
    #2873),.UNSPECIFIED.,.F.,.F.,(6,6),(0.,1.),
  .PIECEWISE_BEZIER_KNOTS.);
#2868 = CARTESIAN_POINT('',(59.582990771812,52.138255033557,25.15));
#2869 = CARTESIAN_POINT('',(59.44363674213,52.138255033557,25.15));
#2870 = CARTESIAN_POINT('',(59.303307390734,52.131650084858,25.15));
#2871 = CARTESIAN_POINT('',(59.162156619842,52.118528325974,25.15));
#2872 = CARTESIAN_POINT('',(59.020333068339,52.099028225795,25.15));
#2873 = CARTESIAN_POINT('',(58.877978187919,52.073322147651,25.15));
#2874 = ORIENTED_EDGE('',*,*,#2875,.F.);
#2875 = EDGE_CURVE('',#2876,#2865,#2878,.T.);
#2876 = VERTEX_POINT('',#2877);
#2877 = CARTESIAN_POINT('',(60.76216442953,51.803775167785,25.15));
#2878 = B_SPLINE_CURVE_WITH_KNOTS('',6,(#2879,#2880,#2881,#2882,#2883,
    #2884,#2885,#2886,#2887,#2888,#2889,#2890),.UNSPECIFIED.,.F.,.F.,(7,
    5,7),(0.,0.474140743077,1.),.UNSPECIFIED.);
#2879 = CARTESIAN_POINT('',(60.76216442953,51.803775167785,25.15));
#2880 = CARTESIAN_POINT('',(60.689638034847,51.861483641686,25.15));
#2881 = CARTESIAN_POINT('',(60.611482888655,51.912887207142,25.15));
#2882 = CARTESIAN_POINT('',(60.528253690374,51.957776295328,25.15));
#2883 = CARTESIAN_POINT('',(60.440622427858,51.996267570485,25.15));
#2884 = CARTESIAN_POINT('',(60.34927110751,52.02865131479,25.15));
#2885 = CARTESIAN_POINT('',(60.150084976974,52.084861152323,25.15));
#2886 = CARTESIAN_POINT('',(60.041530476417,52.107370783776,25.15));
#2887 = CARTESIAN_POINT('',(59.929945238597,52.123363974139,25.15));
#2888 = CARTESIAN_POINT('',(59.81600751564,52.133463697596,25.15));
#2889 = CARTESIAN_POINT('',(59.70023863325,52.138255033557,25.15));
#2890 = CARTESIAN_POINT('',(59.582990771812,52.138255033557,25.15));
#2891 = ORIENTED_EDGE('',*,*,#2892,.F.);
#2892 = EDGE_CURVE('',#2893,#2876,#2895,.T.);
#2893 = VERTEX_POINT('',#2894);
#2894 = CARTESIAN_POINT('',(61.182718120805,50.871308724832,25.15));
#2895 = B_SPLINE_CURVE_WITH_KNOTS('',5,(#2896,#2897,#2898,#2899,#2900,
    #2901,#2902,#2903,#2904,#2905,#2906,#2907,#2908,#2909),
  .UNSPECIFIED.,.F.,.F.,(6,4,4,6),(0.,0.225089819764,0.64494070484,1.),
  .UNSPECIFIED.);
#2896 = CARTESIAN_POINT('',(61.182718120805,50.871308724832,25.15));
#2897 = CARTESIAN_POINT('',(61.182718120805,50.921682953143,25.15));
#2898 = CARTESIAN_POINT('',(61.180854028971,50.971576223952,25.15));
#2899 = CARTESIAN_POINT('',(61.177024070684,51.020899228624,25.15));
#2900 = CARTESIAN_POINT('',(61.171130485596,51.069547862801,25.15));
#2901 = CARTESIAN_POINT('',(61.148111800731,51.206681536307,25.15));
#2902 = CARTESIAN_POINT('',(61.125676744062,51.293237704641,25.15));
#2903 = CARTESIAN_POINT('',(61.095299074282,51.376280428053,25.15));
#2904 = CARTESIAN_POINT('',(61.056764835166,51.455030918322,25.15));
#2905 = CARTESIAN_POINT('',(60.97129971049,51.591344052122,25.15));
#2906 = CARTESIAN_POINT('',(60.926570916201,51.650319288339,25.15));
#2907 = CARTESIAN_POINT('',(60.876495355269,51.705450307234,25.15));
#2908 = CARTESIAN_POINT('',(60.821511916864,51.756600841005,25.15));
#2909 = CARTESIAN_POINT('',(60.76216442953,51.803775167785,25.15));
#2910 = ORIENTED_EDGE('',*,*,#2911,.F.);
#2911 = EDGE_CURVE('',#2912,#2893,#2914,.T.);
#2912 = VERTEX_POINT('',#2913);
#2913 = CARTESIAN_POINT('',(61.004341442953,50.226698825503,25.15));
#2914 = B_SPLINE_CURVE_WITH_KNOTS('',5,(#2915,#2916,#2917,#2918,#2919,
    #2920,#2921,#2922,#2923,#2924),.UNSPECIFIED.,.F.,.F.,(6,4,6),(0.,
    0.526199851441,1.),.UNSPECIFIED.);
#2915 = CARTESIAN_POINT('',(61.004341442953,50.226698825503,25.15));
#2916 = CARTESIAN_POINT('',(61.041553137887,50.289072714155,25.15));
#2917 = CARTESIAN_POINT('',(61.074147721523,50.353108063883,25.15));
#2918 = CARTESIAN_POINT('',(61.101930660162,50.418716044808,25.15));
#2919 = CARTESIAN_POINT('',(61.12477506869,50.485777988486,25.15));
#2920 = CARTESIAN_POINT('',(61.158728125866,50.615693135185,25.15));
#2921 = CARTESIAN_POINT('',(61.170779517497,50.678302798055,25.15));
#2922 = CARTESIAN_POINT('',(61.178765741283,50.741856305793,25.15));
#2923 = CARTESIAN_POINT('',(61.182718120805,50.806233564868,25.15));
#2924 = CARTESIAN_POINT('',(61.182718120805,50.871308724832,25.15));
#2925 = ORIENTED_EDGE('',*,*,#2926,.F.);
#2926 = EDGE_CURVE('',#2927,#2912,#2929,.T.);
#2927 = VERTEX_POINT('',#2928);
#2928 = CARTESIAN_POINT('',(60.254026845638,49.425985738255,25.15));
#2929 = B_SPLINE_CURVE_WITH_KNOTS('',7,(#2930,#2931,#2932,#2933,#2934,
    #2935,#2936,#2937,#2938,#2939,#2940,#2941,#2942,#2943),
  .UNSPECIFIED.,.F.,.F.,(8,6,8),(0.,0.923031286448,1.),.UNSPECIFIED.);
#2930 = CARTESIAN_POINT('',(60.254026845638,49.425985738255,25.15));
#2931 = CARTESIAN_POINT('',(60.378100705598,49.534826767884,25.15));
#2932 = CARTESIAN_POINT('',(60.497202055713,49.643217475688,25.15));
#2933 = CARTESIAN_POINT('',(60.610866868702,49.751417598616,25.15));
#2934 = CARTESIAN_POINT('',(60.717732860964,49.859183770681,25.15));
#2935 = CARTESIAN_POINT('',(60.815373953017,49.965731827836,25.15));
#2936 = CARTESIAN_POINT('',(60.900415667774,50.069764233182,25.15));
#2937 = CARTESIAN_POINT('',(60.973375060276,50.177635396944,25.15));
#2938 = CARTESIAN_POINT('',(60.978866107586,50.185904875379,25.15));
#2939 = CARTESIAN_POINT('',(60.984229489528,50.19413963029,25.15));
#2940 = CARTESIAN_POINT('',(60.989462013187,50.202338088878,25.15));
#2941 = CARTESIAN_POINT('',(60.994560414823,50.210498602795,25.15));
#2942 = CARTESIAN_POINT('',(60.999521359873,50.21861944815,25.15));
#2943 = CARTESIAN_POINT('',(61.004341442953,50.226698825503,25.15));
#2944 = ORIENTED_EDGE('',*,*,#2945,.F.);
#2945 = EDGE_CURVE('',#2726,#2927,#2946,.T.);
#2946 = LINE('',#2947,#2948);
#2947 = CARTESIAN_POINT('',(28.295829992008,21.435013321628,25.15));
#2948 = VECTOR('',#2949,1.);
#2949 = DIRECTION('',(0.752255226589,0.65887181915,-0.));
#2950 = FACE_BOUND('',#2951,.T.);
#2951 = EDGE_LOOP('',(#2952,#2962,#2970,#2978,#2986,#2994,#3002,#3010,
    #3018,#3026,#3034));
#2952 = ORIENTED_EDGE('',*,*,#2953,.F.);
#2953 = EDGE_CURVE('',#2954,#2956,#2958,.T.);
#2954 = VERTEX_POINT('',#2955);
#2955 = CARTESIAN_POINT('',(64.880683724832,52.065771812081,25.15));
#2956 = VERTEX_POINT('',#2957);
#2957 = CARTESIAN_POINT('',(63.668854865772,52.065771812081,25.15));
#2958 = LINE('',#2959,#2960);
#2959 = CARTESIAN_POINT('',(29.409427432886,52.065771812081,25.15));
#2960 = VECTOR('',#2961,1.);
#2961 = DIRECTION('',(-1.,0.,0.));
#2962 = ORIENTED_EDGE('',*,*,#2963,.F.);
#2963 = EDGE_CURVE('',#2964,#2954,#2966,.T.);
#2964 = VERTEX_POINT('',#2965);
#2965 = CARTESIAN_POINT('',(64.880683724832,49.395973154362,25.15));
#2966 = LINE('',#2967,#2968);
#2967 = CARTESIAN_POINT('',(64.880683724832,23.43288590604,25.15));
#2968 = VECTOR('',#2969,1.);
#2969 = DIRECTION('',(-0.,1.,0.));
#2970 = ORIENTED_EDGE('',*,*,#2971,.F.);
#2971 = EDGE_CURVE('',#2972,#2964,#2974,.T.);
#2972 = VERTEX_POINT('',#2973);
#2973 = CARTESIAN_POINT('',(65.483766778523,49.395973154362,25.15));
#2974 = LINE('',#2975,#2976);
#2975 = CARTESIAN_POINT('',(30.015341862416,49.395973154362,25.15));
#2976 = VECTOR('',#2977,1.);
#2977 = DIRECTION('',(-1.,0.,0.));
#2978 = ORIENTED_EDGE('',*,*,#2979,.F.);
#2979 = EDGE_CURVE('',#2980,#2972,#2982,.T.);
#2980 = VERTEX_POINT('',#2981);
#2981 = CARTESIAN_POINT('',(65.483766778523,48.610738255034,25.15));
#2982 = LINE('',#2983,#2984);
#2983 = CARTESIAN_POINT('',(65.483766778523,22.097986577181,25.15));
#2984 = VECTOR('',#2985,1.);
#2985 = DIRECTION('',(-0.,1.,0.));
#2986 = ORIENTED_EDGE('',*,*,#2987,.F.);
#2987 = EDGE_CURVE('',#2988,#2980,#2990,.T.);
#2988 = VERTEX_POINT('',#2989);
#2989 = CARTESIAN_POINT('',(64.880683724832,48.610738255034,25.15));
#2990 = LINE('',#2991,#2992);
#2991 = CARTESIAN_POINT('',(30.316883389262,48.610738255034,25.15));
#2992 = VECTOR('',#2993,1.);
#2993 = DIRECTION('',(1.,0.,-0.));
#2994 = ORIENTED_EDGE('',*,*,#2995,.F.);
#2995 = EDGE_CURVE('',#2996,#2988,#2998,.T.);
#2996 = VERTEX_POINT('',#2997);
#2997 = CARTESIAN_POINT('',(64.880683724832,47.837583892617,25.15));
#2998 = LINE('',#2999,#3000);
#2999 = CARTESIAN_POINT('',(64.880683724832,21.705369127517,25.15));
#3000 = VECTOR('',#3001,1.);
#3001 = DIRECTION('',(-0.,1.,0.));
#3002 = ORIENTED_EDGE('',*,*,#3003,.F.);
#3003 = EDGE_CURVE('',#3004,#2996,#3006,.T.);
#3004 = VERTEX_POINT('',#3005);
#3005 = CARTESIAN_POINT('',(63.850062919463,47.837583892617,25.15));
#3006 = LINE('',#3007,#3008);
#3007 = CARTESIAN_POINT('',(30.015341862416,47.837583892617,25.15));
#3008 = VECTOR('',#3009,1.);
#3009 = DIRECTION('',(1.,0.,-0.));
#3010 = ORIENTED_EDGE('',*,*,#3011,.F.);
#3011 = EDGE_CURVE('',#3012,#3004,#3014,.T.);
#3012 = VERTEX_POINT('',#3013);
#3013 = CARTESIAN_POINT('',(63.850062919463,48.610738255034,25.15));
#3014 = LINE('',#3015,#3016);
#3015 = CARTESIAN_POINT('',(63.850062919463,21.318791946309,25.15));
#3016 = VECTOR('',#3017,1.);
#3017 = DIRECTION('',(0.,-1.,0.));
#3018 = ORIENTED_EDGE('',*,*,#3019,.F.);
#3019 = EDGE_CURVE('',#3020,#3012,#3022,.T.);
#3020 = VERTEX_POINT('',#3021);
#3021 = CARTESIAN_POINT('',(61.975692114094,48.610738255034,25.15));
#3022 = LINE('',#3023,#3024);
#3023 = CARTESIAN_POINT('',(29.500031459732,48.610738255034,25.15));
#3024 = VECTOR('',#3025,1.);
#3025 = DIRECTION('',(1.,0.,-0.));
#3026 = ORIENTED_EDGE('',*,*,#3027,.F.);
#3027 = EDGE_CURVE('',#3028,#3020,#3030,.T.);
#3028 = VERTEX_POINT('',#3029);
#3029 = CARTESIAN_POINT('',(61.975692114094,49.544526006711,25.15));
#3030 = LINE('',#3031,#3032);
#3031 = CARTESIAN_POINT('',(61.975692114094,21.705369127517,25.15));
#3032 = VECTOR('',#3033,1.);
#3033 = DIRECTION('',(0.,-1.,0.));
#3034 = ORIENTED_EDGE('',*,*,#3035,.F.);
#3035 = EDGE_CURVE('',#2956,#3028,#3036,.T.);
#3036 = LINE('',#3037,#3038);
#3037 = CARTESIAN_POINT('',(38.921830591213,15.215604227323,25.15));
#3038 = VECTOR('',#3039,1.);
#3039 = DIRECTION('',(-0.557508237146,-0.830171407309,0.));
#3040 = FACE_BOUND('',#3041,.T.);
#3041 = EDGE_LOOP('',(#3042,#3066,#3088,#3110,#3132,#3154,#3176,#3198));
#3042 = ORIENTED_EDGE('',*,*,#3043,.F.);
#3043 = EDGE_CURVE('',#3044,#3046,#3048,.T.);
#3044 = VERTEX_POINT('',#3045);
#3045 = CARTESIAN_POINT('',(69.054320469799,48.323447986577,25.15));
#3046 = VERTEX_POINT('',#3047);
#3047 = CARTESIAN_POINT('',(69.507340604027,49.944316275168,25.15));
#3048 = B_SPLINE_CURVE_WITH_KNOTS('',6,(#3049,#3050,#3051,#3052,#3053,
    #3054,#3055,#3056,#3057,#3058,#3059,#3060,#3061,#3062,#3063,#3064,
    #3065),.UNSPECIFIED.,.F.,.F.,(7,5,5,7),(0.,0.237976185751,
    0.487714200307,1.),.UNSPECIFIED.);
#3049 = CARTESIAN_POINT('',(69.054320469799,48.323447986577,25.15));
#3050 = CARTESIAN_POINT('',(69.094740247727,48.374343223619,25.15));
#3051 = CARTESIAN_POINT('',(69.13280697645,48.427293016503,25.15));
#3052 = CARTESIAN_POINT('',(69.168479921721,48.482157655698,25.15));
#3053 = CARTESIAN_POINT('',(69.201758641689,48.538784589118,25.15));
#3054 = CARTESIAN_POINT('',(69.232673155307,48.597015773758,25.15));
#3055 = CARTESIAN_POINT('',(69.291288651064,48.71932389185,25.15));
#3056 = CARTESIAN_POINT('',(69.318756011539,48.783549143267,25.15));
#3057 = CARTESIAN_POINT('',(69.343737373566,48.849194621973,25.15));
#3058 = CARTESIAN_POINT('',(69.36631955805,48.916092864662,25.15));
#3059 = CARTESIAN_POINT('',(69.386604231824,48.984090944462,25.15));
#3060 = CARTESIAN_POINT('',(69.441810913845,49.194524473414,25.15));
#3061 = CARTESIAN_POINT('',(69.46969279337,49.340026361826,25.15));
#3062 = CARTESIAN_POINT('',(69.489288460775,49.488485249745,25.15));
#3063 = CARTESIAN_POINT('',(69.501557708368,49.639041309636,25.15));
#3064 = CARTESIAN_POINT('',(69.507340604027,49.791095914737,25.15));
#3065 = CARTESIAN_POINT('',(69.507340604027,49.944316275168,25.15));
#3066 = ORIENTED_EDGE('',*,*,#3067,.F.);
#3067 = EDGE_CURVE('',#3068,#3044,#3070,.T.);
#3068 = VERTEX_POINT('',#3069);
#3069 = CARTESIAN_POINT('',(67.768875838926,47.753020134228,25.15));
#3070 = B_SPLINE_CURVE_WITH_KNOTS('',6,(#3071,#3072,#3073,#3074,#3075,
    #3076,#3077,#3078,#3079,#3080,#3081,#3082,#3083,#3084,#3085,#3086,
    #3087),.UNSPECIFIED.,.F.,.F.,(7,5,5,7),(0.,0.250857111281,
    0.680495336331,1.),.UNSPECIFIED.);
#3071 = CARTESIAN_POINT('',(67.768875838926,47.753020134228,25.15));
#3072 = CARTESIAN_POINT('',(67.832278758905,47.753020134228,25.15));
#3073 = CARTESIAN_POINT('',(67.895331346807,47.755005760548,25.15));
#3074 = CARTESIAN_POINT('',(67.957950625387,47.759090602995,25.15));
#3075 = CARTESIAN_POINT('',(68.020036422474,47.765390679552,25.15));
#3076 = CARTESIAN_POINT('',(68.081473600612,47.774015727789,25.15));
#3077 = CARTESIAN_POINT('',(68.246026695292,47.80397666213,25.15));
#3078 = CARTESIAN_POINT('',(68.347681713887,47.82999767478,25.15));
#3079 = CARTESIAN_POINT('',(68.446377715971,47.863593592431,25.15));
#3080 = CARTESIAN_POINT('',(68.541366519917,47.905076717693,25.15));
#3081 = CARTESIAN_POINT('',(68.631933788209,47.954477711999,25.15));
#3082 = CARTESIAN_POINT('',(68.781090254379,48.053701959722,25.15));
#3083 = CARTESIAN_POINT('',(68.841945170894,48.100183945705,25.15));
#3084 = CARTESIAN_POINT('',(68.899798469894,48.150670656422,25.15));
#3085 = CARTESIAN_POINT('',(68.954508857721,48.204918789873,25.15));
#3086 = CARTESIAN_POINT('',(69.006015991302,48.262624597404,25.15));
#3087 = CARTESIAN_POINT('',(69.054320469799,48.323447986577,25.15));
#3088 = ORIENTED_EDGE('',*,*,#3089,.F.);
#3089 = EDGE_CURVE('',#3090,#3068,#3092,.T.);
#3090 = VERTEX_POINT('',#3091);
#3091 = CARTESIAN_POINT('',(66.480599832215,48.323447986577,25.15));
#3092 = B_SPLINE_CURVE_WITH_KNOTS('',6,(#3093,#3094,#3095,#3096,#3097,
    #3098,#3099,#3100,#3101,#3102,#3103,#3104,#3105,#3106,#3107,#3108,
    #3109),.UNSPECIFIED.,.F.,.F.,(7,5,5,7),(0.,0.315348946033,
    0.74684573721,1.),.UNSPECIFIED.);
#3093 = CARTESIAN_POINT('',(66.480599832215,48.323447986577,25.15));
#3094 = CARTESIAN_POINT('',(66.52833585879,48.263340373115,25.15));
#3095 = CARTESIAN_POINT('',(66.57921332183,48.206283870904,25.15));
#3096 = CARTESIAN_POINT('',(66.633231554798,48.152606592295,25.15));
#3097 = CARTESIAN_POINT('',(66.690331083697,48.102601182166,25.15));
#3098 = CARTESIAN_POINT('',(66.750374796278,48.056502243232,25.15));
#3099 = CARTESIAN_POINT('',(66.898996801289,47.956941862979,25.15));
#3100 = CARTESIAN_POINT('',(66.989975329489,47.906998221306,25.15));
#3101 = CARTESIAN_POINT('',(67.085450402837,47.865055804858,25.15));
#3102 = CARTESIAN_POINT('',(67.184693157726,47.831082262509,25.15));
#3103 = CARTESIAN_POINT('',(67.286940412138,47.804757976817,25.15));
#3104 = CARTESIAN_POINT('',(67.452776042367,47.774365855321,25.15));
#3105 = CARTESIAN_POINT('',(67.514890274237,47.765593520298,25.15));
#3106 = CARTESIAN_POINT('',(67.577667959697,47.759188469085,25.15));
#3107 = CARTESIAN_POINT('',(67.640990452882,47.755037255781,25.15));
#3108 = CARTESIAN_POINT('',(67.70475475284,47.753020134228,25.15));
#3109 = CARTESIAN_POINT('',(67.768875838926,47.753020134228,25.15));
#3110 = ORIENTED_EDGE('',*,*,#3111,.F.);
#3111 = EDGE_CURVE('',#3112,#3090,#3114,.T.);
#3112 = VERTEX_POINT('',#3113);
#3113 = CARTESIAN_POINT('',(66.027579697987,49.944316275168,25.15));
#3114 = B_SPLINE_CURVE_WITH_KNOTS('',6,(#3115,#3116,#3117,#3118,#3119,
    #3120,#3121,#3122,#3123,#3124,#3125,#3126,#3127,#3128,#3129,#3130,
    #3131),.UNSPECIFIED.,.F.,.F.,(7,5,5,7),(0.,0.512285793697,
    0.762949707798,1.),.UNSPECIFIED.);
#3115 = CARTESIAN_POINT('',(66.027579697987,49.944316275168,25.15));
#3116 = CARTESIAN_POINT('',(66.027579697987,49.791095914737,25.15));
#3117 = CARTESIAN_POINT('',(66.033362593645,49.639041309636,25.15));
#3118 = CARTESIAN_POINT('',(66.045631841238,49.488485249745,25.15));
#3119 = CARTESIAN_POINT('',(66.065227508644,49.340026361826,25.15));
#3120 = CARTESIAN_POINT('',(66.093109388168,49.194524473414,25.15));
#3121 = CARTESIAN_POINT('',(66.148383149463,48.9838352557,25.15));
#3122 = CARTESIAN_POINT('',(66.168751187629,48.915588667943,25.15));
#3123 = CARTESIAN_POINT('',(66.191434196798,48.848450578515,25.15));
#3124 = CARTESIAN_POINT('',(66.216534966845,48.782575705766,25.15));
#3125 = CARTESIAN_POINT('',(66.244141178043,48.718133496206,25.15));
#3126 = CARTESIAN_POINT('',(66.302848898647,48.595883219648,25.15));
#3127 = CARTESIAN_POINT('',(66.333679788399,48.537903474764,25.15));
#3128 = CARTESIAN_POINT('',(66.366856873209,48.481517347461,25.15));
#3129 = CARTESIAN_POINT('',(66.402409579618,48.426881015205,25.15));
#3130 = CARTESIAN_POINT('',(66.440337315398,48.374145205669,25.15));
#3131 = CARTESIAN_POINT('',(66.480599832215,48.323447986577,25.15));
#3132 = ORIENTED_EDGE('',*,*,#3133,.F.);
#3133 = EDGE_CURVE('',#3134,#3112,#3136,.T.);
#3134 = VERTEX_POINT('',#3135);
#3135 = CARTESIAN_POINT('',(66.480599832215,51.567827181208,25.15));
#3136 = B_SPLINE_CURVE_WITH_KNOTS('',6,(#3137,#3138,#3139,#3140,#3141,
    #3142,#3143,#3144,#3145,#3146,#3147,#3148,#3149,#3150,#3151,#3152,
    #3153),.UNSPECIFIED.,.F.,.F.,(7,5,5,7),(0.,0.236847739983,
    0.486455257899,1.),.UNSPECIFIED.);
#3137 = CARTESIAN_POINT('',(66.480599832215,51.567827181208,25.15));
#3138 = CARTESIAN_POINT('',(66.440326109749,51.517115852336,25.15));
#3139 = CARTESIAN_POINT('',(66.402392625956,51.464357499063,25.15));
#3140 = CARTESIAN_POINT('',(66.366839087266,51.409691747034,25.15));
#3141 = CARTESIAN_POINT('',(66.33366522118,51.353270846584,25.15));
#3142 = CARTESIAN_POINT('',(66.30284058857,51.295252319026,25.15));
#3143 = CARTESIAN_POINT('',(66.244251402211,51.173127539696,25.15));
#3144 = CARTESIAN_POINT('',(66.216740467958,51.108860115714,25.15));
#3145 = CARTESIAN_POINT('',(66.191719459033,51.043166913478,25.15));
#3146 = CARTESIAN_POINT('',(66.169100575661,50.976216608156,25.15));
#3147 = CARTESIAN_POINT('',(66.148781228738,50.908163067723,25.15));
#3148 = CARTESIAN_POINT('',(66.093361678216,50.697129650352,25.15));
#3149 = CARTESIAN_POINT('',(66.065360975441,50.551051057739,25.15));
#3150 = CARTESIAN_POINT('',(66.045691225032,50.40199442588,25.15));
#3151 = CARTESIAN_POINT('',(66.033380412804,50.25082908424,25.15));
#3152 = CARTESIAN_POINT('',(66.027579697987,50.098158591213,25.15));
#3153 = CARTESIAN_POINT('',(66.027579697987,49.944316275168,25.15));
#3154 = ORIENTED_EDGE('',*,*,#3155,.F.);
#3155 = EDGE_CURVE('',#3156,#3134,#3158,.T.);
#3156 = VERTEX_POINT('',#3157);
#3157 = CARTESIAN_POINT('',(67.768875838926,52.138255033557,25.15));
#3158 = B_SPLINE_CURVE_WITH_KNOTS('',6,(#3159,#3160,#3161,#3162,#3163,
    #3164,#3165,#3166,#3167,#3168,#3169,#3170,#3171,#3172,#3173,#3174,
    #3175),.UNSPECIFIED.,.F.,.F.,(7,5,5,7),(0.,0.25315426279,
    0.684651053967,1.),.UNSPECIFIED.);
#3159 = CARTESIAN_POINT('',(67.768875838926,52.138255033557,25.15));
#3160 = CARTESIAN_POINT('',(67.70475475284,52.138255033557,25.15));
#3161 = CARTESIAN_POINT('',(67.640990452882,52.136237912005,25.15));
#3162 = CARTESIAN_POINT('',(67.577667959697,52.1320866987,25.15));
#3163 = CARTESIAN_POINT('',(67.514890274237,52.125681647487,25.15));
#3164 = CARTESIAN_POINT('',(67.452776042367,52.116909312464,25.15));
#3165 = CARTESIAN_POINT('',(67.286940412137,52.086517190968,25.15));
#3166 = CARTESIAN_POINT('',(67.184693157726,52.060192905276,25.15));
#3167 = CARTESIAN_POINT('',(67.085450402836,52.026219362927,25.15));
#3168 = CARTESIAN_POINT('',(66.989975329489,51.98427694648,25.15));
#3169 = CARTESIAN_POINT('',(66.898996801289,51.934333304806,25.15));
#3170 = CARTESIAN_POINT('',(66.750374796278,51.834772924553,25.15));
#3171 = CARTESIAN_POINT('',(66.690331083697,51.78867398562,25.15));
#3172 = CARTESIAN_POINT('',(66.633231554798,51.73866857549,25.15));
#3173 = CARTESIAN_POINT('',(66.57921332183,51.684991296881,25.15));
#3174 = CARTESIAN_POINT('',(66.52833585879,51.62793479467,25.15));
#3175 = CARTESIAN_POINT('',(66.480599832215,51.567827181208,25.15));
#3176 = ORIENTED_EDGE('',*,*,#3177,.F.);
#3177 = EDGE_CURVE('',#3178,#3156,#3180,.T.);
#3178 = VERTEX_POINT('',#3179);
#3179 = CARTESIAN_POINT('',(69.054320469799,51.567827181208,25.15));
#3180 = B_SPLINE_CURVE_WITH_KNOTS('',6,(#3181,#3182,#3183,#3184,#3185,
    #3186,#3187,#3188,#3189,#3190,#3191,#3192,#3193,#3194,#3195,#3196,
    #3197),.UNSPECIFIED.,.F.,.F.,(7,5,5,7),(0.,0.319504663669,
    0.749142888719,1.),.UNSPECIFIED.);
#3181 = CARTESIAN_POINT('',(69.054320469799,51.567827181208,25.15));
#3182 = CARTESIAN_POINT('',(69.006015991302,51.628650570381,25.15));
#3183 = CARTESIAN_POINT('',(68.954508857721,51.686356377913,25.15));
#3184 = CARTESIAN_POINT('',(68.899798469894,51.740604511363,25.15));
#3185 = CARTESIAN_POINT('',(68.841945170894,51.791091222081,25.15));
#3186 = CARTESIAN_POINT('',(68.781090254379,51.837573208064,25.15));
#3187 = CARTESIAN_POINT('',(68.631933788209,51.936797455786,25.15));
#3188 = CARTESIAN_POINT('',(68.541366519917,51.986198450092,25.15));
#3189 = CARTESIAN_POINT('',(68.446377715971,52.027681575354,25.15));
#3190 = CARTESIAN_POINT('',(68.347681713887,52.061277493006,25.15));
#3191 = CARTESIAN_POINT('',(68.246026695292,52.087298505655,25.15));
#3192 = CARTESIAN_POINT('',(68.081473600612,52.117259439996,25.15));
#3193 = CARTESIAN_POINT('',(68.020036422474,52.125884488233,25.15));
#3194 = CARTESIAN_POINT('',(67.957950625387,52.13218456479,25.15));
#3195 = CARTESIAN_POINT('',(67.895331346807,52.136269407237,25.15));
#3196 = CARTESIAN_POINT('',(67.832278758905,52.138255033557,25.15));
#3197 = CARTESIAN_POINT('',(67.768875838926,52.138255033557,25.15));
#3198 = ORIENTED_EDGE('',*,*,#3199,.F.);
#3199 = EDGE_CURVE('',#3046,#3178,#3200,.T.);
#3200 = B_SPLINE_CURVE_WITH_KNOTS('',6,(#3201,#3202,#3203,#3204,#3205,
    #3206,#3207,#3208,#3209,#3210,#3211,#3212,#3213,#3214,#3215,#3216,
    #3217),.UNSPECIFIED.,.F.,.F.,(7,5,5,7),(0.,0.513544733044,
    0.763152255608,1.),.UNSPECIFIED.);
#3201 = CARTESIAN_POINT('',(69.507340604027,49.944316275168,25.15));
#3202 = CARTESIAN_POINT('',(69.507340604027,50.098158594258,25.15));
#3203 = CARTESIAN_POINT('',(69.50153988906,50.250829082315,25.15));
#3204 = CARTESIAN_POINT('',(69.489229077097,50.401994418807,25.15));
#3205 = CARTESIAN_POINT('',(69.469559328174,50.551051054893,25.15));
#3206 = CARTESIAN_POINT('',(69.441558622446,50.697129655501,25.15));
#3207 = CARTESIAN_POINT('',(69.386139073275,50.908163067723,25.15));
#3208 = CARTESIAN_POINT('',(69.365819726352,50.976216608156,25.15));
#3209 = CARTESIAN_POINT('',(69.34320084298,51.043166913478,25.15));
#3210 = CARTESIAN_POINT('',(69.318179834056,51.108860115714,25.15));
#3211 = CARTESIAN_POINT('',(69.290668899802,51.173127539696,25.15));
#3212 = CARTESIAN_POINT('',(69.232079713444,51.295252319026,25.15));
#3213 = CARTESIAN_POINT('',(69.201255080833,51.353270846584,25.15));
#3214 = CARTESIAN_POINT('',(69.168081214747,51.409691747034,25.15));
#3215 = CARTESIAN_POINT('',(69.132527676057,51.464357499063,25.15));
#3216 = CARTESIAN_POINT('',(69.094594192265,51.517115852336,25.15));
#3217 = CARTESIAN_POINT('',(69.054320469799,51.567827181208,25.15));
#3218 = FACE_BOUND('',#3219,.T.);
#3219 = EDGE_LOOP('',(#3220,#3230,#3238,#3246));
#3220 = ORIENTED_EDGE('',*,*,#3221,.F.);
#3221 = EDGE_CURVE('',#3222,#3224,#3226,.T.);
#3222 = VERTEX_POINT('',#3223);
#3223 = CARTESIAN_POINT('',(71.39605704698,48.936912751678,25.15));
#3224 = VERTEX_POINT('',#3225);
#3225 = CARTESIAN_POINT('',(70.376761744966,48.936912751678,25.15));
#3226 = LINE('',#3227,#3228);
#3227 = CARTESIAN_POINT('',(32.763380872483,48.936912751678,25.15));
#3228 = VECTOR('',#3229,1.);
#3229 = DIRECTION('',(-1.,0.,0.));
#3230 = ORIENTED_EDGE('',*,*,#3231,.F.);
#3231 = EDGE_CURVE('',#3232,#3222,#3234,.T.);
#3232 = VERTEX_POINT('',#3233);
#3233 = CARTESIAN_POINT('',(71.39605704698,47.837583892617,25.15));
#3234 = LINE('',#3235,#3236);
#3235 = CARTESIAN_POINT('',(71.39605704698,21.868456375839,25.15));
#3236 = VECTOR('',#3237,1.);
#3237 = DIRECTION('',(-0.,1.,0.));
#3238 = ORIENTED_EDGE('',*,*,#3239,.F.);
#3239 = EDGE_CURVE('',#3240,#3232,#3242,.T.);
#3240 = VERTEX_POINT('',#3241);
#3241 = CARTESIAN_POINT('',(70.376761744966,47.837583892617,25.15));
#3242 = LINE('',#3243,#3244);
#3243 = CARTESIAN_POINT('',(33.27302852349,47.837583892617,25.15));
#3244 = VECTOR('',#3245,1.);
#3245 = DIRECTION('',(1.,0.,-0.));
#3246 = ORIENTED_EDGE('',*,*,#3247,.F.);
#3247 = EDGE_CURVE('',#3224,#3240,#3248,.T.);
#3248 = LINE('',#3249,#3250);
#3249 = CARTESIAN_POINT('',(70.376761744966,21.318791946309,25.15));
#3250 = VECTOR('',#3251,1.);
#3251 = DIRECTION('',(0.,-1.,0.));
#3252 = FACE_BOUND('',#3253,.T.);
#3253 = EDGE_LOOP('',(#3254,#3264,#3272,#3280,#3288,#3296,#3307,#3322,
    #3337,#3354,#3365,#3376,#3384,#3395,#3406,#3423,#3442,#3457,#3476));
#3254 = ORIENTED_EDGE('',*,*,#3255,.F.);
#3255 = EDGE_CURVE('',#3256,#3258,#3260,.T.);
#3256 = VERTEX_POINT('',#3257);
#3257 = CARTESIAN_POINT('',(75.514387583893,48.634899328859,25.15));
#3258 = VERTEX_POINT('',#3259);
#3259 = CARTESIAN_POINT('',(73.654173657718,48.634899328859,25.15));
#3260 = LINE('',#3261,#3262);
#3261 = CARTESIAN_POINT('',(34.402086828859,48.634899328859,25.15));
#3262 = VECTOR('',#3263,1.);
#3263 = DIRECTION('',(-1.,0.,0.));
#3264 = ORIENTED_EDGE('',*,*,#3265,.F.);
#3265 = EDGE_CURVE('',#3266,#3256,#3268,.T.);
#3266 = VERTEX_POINT('',#3267);
#3267 = CARTESIAN_POINT('',(75.514387583893,47.837583892617,25.15));
#3268 = LINE('',#3269,#3270);
#3269 = CARTESIAN_POINT('',(75.514387583893,21.71744966443,25.15));
#3270 = VECTOR('',#3271,1.);
#3271 = DIRECTION('',(-0.,1.,0.));
#3272 = ORIENTED_EDGE('',*,*,#3273,.F.);
#3273 = EDGE_CURVE('',#3274,#3266,#3276,.T.);
#3274 = VERTEX_POINT('',#3275);
#3275 = CARTESIAN_POINT('',(72.442344798658,47.837583892617,25.15));
#3276 = LINE('',#3277,#3278);
#3277 = CARTESIAN_POINT('',(35.332193791946,47.837583892617,25.15));
#3278 = VECTOR('',#3279,1.);
#3279 = DIRECTION('',(1.,0.,-0.));
#3280 = ORIENTED_EDGE('',*,*,#3281,.F.);
#3281 = EDGE_CURVE('',#3282,#3274,#3284,.T.);
#3282 = VERTEX_POINT('',#3283);
#3283 = CARTESIAN_POINT('',(72.442344798658,48.634899328859,25.15));
#3284 = LINE('',#3285,#3286);
#3285 = CARTESIAN_POINT('',(72.442344798658,21.318791946309,25.15));
#3286 = VECTOR('',#3287,1.);
#3287 = DIRECTION('',(0.,-1.,0.));
#3288 = ORIENTED_EDGE('',*,*,#3289,.F.);
#3289 = EDGE_CURVE('',#3290,#3282,#3292,.T.);
#3290 = VERTEX_POINT('',#3291);
#3291 = CARTESIAN_POINT('',(73.985444630872,49.993770973154,25.15));
#3292 = LINE('',#3293,#3294);
#3293 = CARTESIAN_POINT('',(37.325022826845,17.710177509277,25.15));
#3294 = VECTOR('',#3295,1.);
#3295 = DIRECTION('',(-0.750485828524,-0.66088654184,0.));
#3296 = ORIENTED_EDGE('',*,*,#3297,.F.);
#3297 = EDGE_CURVE('',#3298,#3290,#3300,.T.);
#3298 = VERTEX_POINT('',#3299);
#3299 = CARTESIAN_POINT('',(74.291233221477,50.358829697987,25.15));
#3300 = B_SPLINE_CURVE_WITH_KNOTS('',5,(#3301,#3302,#3303,#3304,#3305,
    #3306),.UNSPECIFIED.,.F.,.F.,(6,6),(0.,1.),
  .PIECEWISE_BEZIER_KNOTS.);
#3301 = CARTESIAN_POINT('',(74.291233221477,50.358829697987,25.15));
#3302 = CARTESIAN_POINT('',(74.250520546035,50.285624430145,25.15));
#3303 = CARTESIAN_POINT('',(74.198895133243,50.212289775575,25.15));
#3304 = CARTESIAN_POINT('',(74.136966950221,50.139080638714,25.15));
#3305 = CARTESIAN_POINT('',(74.065548571419,50.066193713922,25.15));
#3306 = CARTESIAN_POINT('',(73.985444630872,49.993770973154,25.15));
#3307 = ORIENTED_EDGE('',*,*,#3308,.F.);
#3308 = EDGE_CURVE('',#3309,#3298,#3311,.T.);
#3309 = VERTEX_POINT('',#3310);
#3310 = CARTESIAN_POINT('',(74.390331375839,50.729739932886,25.15));
#3311 = B_SPLINE_CURVE_WITH_KNOTS('',5,(#3312,#3313,#3314,#3315,#3316,
    #3317,#3318,#3319,#3320,#3321),.UNSPECIFIED.,.F.,.F.,(6,4,6),(0.,
    0.272474376949,1.),.UNSPECIFIED.);
#3312 = CARTESIAN_POINT('',(74.390331375839,50.729739932886,25.15));
#3313 = CARTESIAN_POINT('',(74.390331375839,50.708733411705,25.15));
#3314 = CARTESIAN_POINT('',(74.38959408293,50.687818611307,25.15));
#3315 = CARTESIAN_POINT('',(74.38811758042,50.667000321569,25.15));
#3316 = CARTESIAN_POINT('',(74.385901233549,50.646283187409,25.15));
#3317 = CARTESIAN_POINT('',(74.37505418037,50.570637620836,25.15));
#3318 = CARTESIAN_POINT('',(74.361892644588,50.516356034629,25.15));
#3319 = CARTESIAN_POINT('',(74.343473439107,50.462914439042,25.15));
#3320 = CARTESIAN_POINT('',(74.31987542495,50.410385664239,25.15));
#3321 = CARTESIAN_POINT('',(74.291233221477,50.358829697987,25.15));
#3322 = ORIENTED_EDGE('',*,*,#3323,.F.);
#3323 = EDGE_CURVE('',#3324,#3309,#3326,.T.);
#3324 = VERTEX_POINT('',#3325);
#3325 = CARTESIAN_POINT('',(74.190625,51.208053691275,25.15));
#3326 = B_SPLINE_CURVE_WITH_KNOTS('',5,(#3327,#3328,#3329,#3330,#3331,
    #3332,#3333,#3334,#3335,#3336),.UNSPECIFIED.,.F.,.F.,(6,4,6),(0.,
    0.350158695336,1.),.UNSPECIFIED.);
#3327 = CARTESIAN_POINT('',(74.190625,51.208053691275,25.15));
#3328 = CARTESIAN_POINT('',(74.218549951326,51.182741755243,25.15));
#3329 = CARTESIAN_POINT('',(74.244177733088,51.155879503985,25.15));
#3330 = CARTESIAN_POINT('',(74.267412506871,51.127477436265,25.15));
#3331 = CARTESIAN_POINT('',(74.288189272852,51.097568711347,25.15));
#3332 = CARTESIAN_POINT('',(74.340407301963,51.008010568792,25.15));
#3333 = CARTESIAN_POINT('',(74.365764226044,50.944805588014,25.15));
#3334 = CARTESIAN_POINT('',(74.382317045947,50.876971660428,25.15));
#3335 = CARTESIAN_POINT('',(74.390331375839,50.805072517182,25.15));
#3336 = CARTESIAN_POINT('',(74.390331375839,50.729739932886,25.15));
#3337 = ORIENTED_EDGE('',*,*,#3338,.F.);
#3338 = EDGE_CURVE('',#3339,#3324,#3341,.T.);
#3339 = VERTEX_POINT('',#3340);
#3340 = CARTESIAN_POINT('',(73.659836409396,51.389261744966,25.15));
#3341 = B_SPLINE_CURVE_WITH_KNOTS('',6,(#3342,#3343,#3344,#3345,#3346,
    #3347,#3348,#3349,#3350,#3351,#3352,#3353),.UNSPECIFIED.,.F.,.F.,(7,
    5,7),(0.,0.872093359776,1.),.UNSPECIFIED.);
#3342 = CARTESIAN_POINT('',(73.659836409396,51.389261744966,25.15));
#3343 = CARTESIAN_POINT('',(73.752439011335,51.389261744966,25.15));
#3344 = CARTESIAN_POINT('',(73.840784095899,51.380765808679,25.15));
#3345 = CARTESIAN_POINT('',(73.924070856686,51.363113835158,25.15));
#3346 = CARTESIAN_POINT('',(74.001524718632,51.335817544294,25.15));
#3347 = CARTESIAN_POINT('',(74.072486264365,51.298704894745,25.15));
#3348 = CARTESIAN_POINT('',(74.145915929514,51.245270792656,25.15));
#3349 = CARTESIAN_POINT('',(74.155159480976,51.238231885034,25.15));
#3350 = CARTESIAN_POINT('',(74.164253200426,51.230989553814,25.15));
#3351 = CARTESIAN_POINT('',(74.173195982845,51.223544879696,25.15));
#3352 = CARTESIAN_POINT('',(74.181986859912,51.21589911652,25.15));
#3353 = CARTESIAN_POINT('',(74.190625,51.208053691275,25.15));
#3354 = ORIENTED_EDGE('',*,*,#3355,.F.);
#3355 = EDGE_CURVE('',#3356,#3339,#3358,.T.);
#3356 = VERTEX_POINT('',#3357);
#3357 = CARTESIAN_POINT('',(73.102055369128,51.279781879195,25.15));
#3358 = B_SPLINE_CURVE_WITH_KNOTS('',5,(#3359,#3360,#3361,#3362,#3363,
    #3364),.UNSPECIFIED.,.F.,.F.,(6,6),(0.,1.),
  .PIECEWISE_BEZIER_KNOTS.);
#3359 = CARTESIAN_POINT('',(73.102055369128,51.279781879195,25.15));
#3360 = CARTESIAN_POINT('',(73.219426849142,51.322196495025,25.15));
#3361 = CARTESIAN_POINT('',(73.33442164474,51.355113413721,25.15));
#3362 = CARTESIAN_POINT('',(73.446539062814,51.377724518982,25.15));
#3363 = CARTESIAN_POINT('',(73.555201807189,51.389261744966,25.15));
#3364 = CARTESIAN_POINT('',(73.659836409396,51.389261744966,25.15));
#3365 = ORIENTED_EDGE('',*,*,#3366,.F.);
#3366 = EDGE_CURVE('',#3367,#3356,#3369,.T.);
#3367 = VERTEX_POINT('',#3368);
#3368 = CARTESIAN_POINT('',(72.453670302013,50.954362416107,25.15));
#3369 = B_SPLINE_CURVE_WITH_KNOTS('',5,(#3370,#3371,#3372,#3373,#3374,
    #3375),.UNSPECIFIED.,.F.,.F.,(6,6),(0.,1.),
  .PIECEWISE_BEZIER_KNOTS.);
#3370 = CARTESIAN_POINT('',(72.453670302013,50.954362416107,25.15));
#3371 = CARTESIAN_POINT('',(72.58616238678,51.037188069098,25.15));
#3372 = CARTESIAN_POINT('',(72.71762321926,51.112021061458,25.15));
#3373 = CARTESIAN_POINT('',(72.847733378158,51.17802665855,25.15));
#3374 = CARTESIAN_POINT('',(72.976053460383,51.23424847915,25.15));
#3375 = CARTESIAN_POINT('',(73.102055369128,51.279781879195,25.15));
#3376 = ORIENTED_EDGE('',*,*,#3377,.F.);
#3377 = EDGE_CURVE('',#3378,#3367,#3380,.T.);
#3378 = VERTEX_POINT('',#3379);
#3379 = CARTESIAN_POINT('',(72.453670302013,51.884563758389,25.15));
#3380 = LINE('',#3381,#3382);
#3381 = CARTESIAN_POINT('',(72.453670302013,22.877181208054,25.15));
#3382 = VECTOR('',#3383,1.);
#3383 = DIRECTION('',(0.,-1.,0.));
#3384 = ORIENTED_EDGE('',*,*,#3385,.F.);
#3385 = EDGE_CURVE('',#3386,#3378,#3388,.T.);
#3386 = VERTEX_POINT('',#3387);
#3387 = CARTESIAN_POINT('',(73.181333892617,52.073322147651,25.15));
#3388 = B_SPLINE_CURVE_WITH_KNOTS('',5,(#3389,#3390,#3391,#3392,#3393,
    #3394),.UNSPECIFIED.,.F.,.F.,(6,6),(0.,1.),
  .PIECEWISE_BEZIER_KNOTS.);
#3389 = CARTESIAN_POINT('',(73.181333892617,52.073322147651,25.15));
#3390 = CARTESIAN_POINT('',(73.035994416162,52.04715341252,25.15));
#3391 = CARTESIAN_POINT('',(72.890447216781,52.015051681542,25.15));
#3392 = CARTESIAN_POINT('',(72.74480848188,51.977144939432,25.15));
#3393 = CARTESIAN_POINT('',(72.59918424907,51.933590765167,25.15));
#3394 = CARTESIAN_POINT('',(72.453670302013,51.884563758389,25.15));
#3395 = ORIENTED_EDGE('',*,*,#3396,.F.);
#3396 = EDGE_CURVE('',#3397,#3386,#3399,.T.);
#3397 = VERTEX_POINT('',#3398);
#3398 = CARTESIAN_POINT('',(73.88634647651,52.138255033557,25.15));
#3399 = B_SPLINE_CURVE_WITH_KNOTS('',5,(#3400,#3401,#3402,#3403,#3404,
    #3405),.UNSPECIFIED.,.F.,.F.,(6,6),(0.,1.),
  .PIECEWISE_BEZIER_KNOTS.);
#3400 = CARTESIAN_POINT('',(73.88634647651,52.138255033557,25.15));
#3401 = CARTESIAN_POINT('',(73.746992446828,52.138255033557,25.15));
#3402 = CARTESIAN_POINT('',(73.606663095432,52.131650084858,25.15));
#3403 = CARTESIAN_POINT('',(73.46551232454,52.118528325974,25.15));
#3404 = CARTESIAN_POINT('',(73.323688773037,52.099028225795,25.15));
#3405 = CARTESIAN_POINT('',(73.181333892617,52.073322147651,25.15));
#3406 = ORIENTED_EDGE('',*,*,#3407,.F.);
#3407 = EDGE_CURVE('',#3408,#3397,#3410,.T.);
#3408 = VERTEX_POINT('',#3409);
#3409 = CARTESIAN_POINT('',(75.065520134228,51.803775167785,25.15));
#3410 = B_SPLINE_CURVE_WITH_KNOTS('',6,(#3411,#3412,#3413,#3414,#3415,
    #3416,#3417,#3418,#3419,#3420,#3421,#3422),.UNSPECIFIED.,.F.,.F.,(7,
    5,7),(0.,0.474140743077,1.),.UNSPECIFIED.);
#3411 = CARTESIAN_POINT('',(75.065520134228,51.803775167785,25.15));
#3412 = CARTESIAN_POINT('',(74.992993739545,51.861483641686,25.15));
#3413 = CARTESIAN_POINT('',(74.914838593353,51.912887207142,25.15));
#3414 = CARTESIAN_POINT('',(74.831609395072,51.957776295328,25.15));
#3415 = CARTESIAN_POINT('',(74.743978132556,51.996267570485,25.15));
#3416 = CARTESIAN_POINT('',(74.652626812208,52.02865131479,25.15));
#3417 = CARTESIAN_POINT('',(74.453440681672,52.084861152323,25.15));
#3418 = CARTESIAN_POINT('',(74.344886181115,52.107370783776,25.15));
#3419 = CARTESIAN_POINT('',(74.233300943295,52.123363974139,25.15));
#3420 = CARTESIAN_POINT('',(74.119363220338,52.133463697596,25.15));
#3421 = CARTESIAN_POINT('',(74.003594337948,52.138255033557,25.15));
#3422 = CARTESIAN_POINT('',(73.88634647651,52.138255033557,25.15));
#3423 = ORIENTED_EDGE('',*,*,#3424,.F.);
#3424 = EDGE_CURVE('',#3425,#3408,#3427,.T.);
#3425 = VERTEX_POINT('',#3426);
#3426 = CARTESIAN_POINT('',(75.486073825503,50.871308724832,25.15));
#3427 = B_SPLINE_CURVE_WITH_KNOTS('',5,(#3428,#3429,#3430,#3431,#3432,
    #3433,#3434,#3435,#3436,#3437,#3438,#3439,#3440,#3441),
  .UNSPECIFIED.,.F.,.F.,(6,4,4,6),(0.,0.225089819764,0.64494070484,1.),
  .UNSPECIFIED.);
#3428 = CARTESIAN_POINT('',(75.486073825503,50.871308724832,25.15));
#3429 = CARTESIAN_POINT('',(75.486073825503,50.921682953143,25.15));
#3430 = CARTESIAN_POINT('',(75.484209733669,50.971576223952,25.15));
#3431 = CARTESIAN_POINT('',(75.480379775382,51.020899228624,25.15));
#3432 = CARTESIAN_POINT('',(75.474486190294,51.069547862801,25.15));
#3433 = CARTESIAN_POINT('',(75.451467505429,51.206681536307,25.15));
#3434 = CARTESIAN_POINT('',(75.42903244876,51.293237704641,25.15));
#3435 = CARTESIAN_POINT('',(75.39865477898,51.376280428053,25.15));
#3436 = CARTESIAN_POINT('',(75.360120539864,51.455030918322,25.15));
#3437 = CARTESIAN_POINT('',(75.274655415188,51.591344052122,25.15));
#3438 = CARTESIAN_POINT('',(75.229926620899,51.650319288339,25.15));
#3439 = CARTESIAN_POINT('',(75.179851059967,51.705450307234,25.15));
#3440 = CARTESIAN_POINT('',(75.124867621562,51.756600841005,25.15));
#3441 = CARTESIAN_POINT('',(75.065520134228,51.803775167785,25.15));
#3442 = ORIENTED_EDGE('',*,*,#3443,.F.);
#3443 = EDGE_CURVE('',#3444,#3425,#3446,.T.);
#3444 = VERTEX_POINT('',#3445);
#3445 = CARTESIAN_POINT('',(75.307697147651,50.226698825503,25.15));
#3446 = B_SPLINE_CURVE_WITH_KNOTS('',5,(#3447,#3448,#3449,#3450,#3451,
    #3452,#3453,#3454,#3455,#3456),.UNSPECIFIED.,.F.,.F.,(6,4,6),(0.,
    0.526199851441,1.),.UNSPECIFIED.);
#3447 = CARTESIAN_POINT('',(75.307697147651,50.226698825503,25.15));
#3448 = CARTESIAN_POINT('',(75.344908842585,50.289072714155,25.15));
#3449 = CARTESIAN_POINT('',(75.377503426221,50.353108063883,25.15));
#3450 = CARTESIAN_POINT('',(75.40528636486,50.418716044808,25.15));
#3451 = CARTESIAN_POINT('',(75.428130773388,50.485777988486,25.15));
#3452 = CARTESIAN_POINT('',(75.462083830564,50.615693135185,25.15));
#3453 = CARTESIAN_POINT('',(75.474135222195,50.678302798055,25.15));
#3454 = CARTESIAN_POINT('',(75.482121445981,50.741856305793,25.15));
#3455 = CARTESIAN_POINT('',(75.486073825503,50.806233564868,25.15));
#3456 = CARTESIAN_POINT('',(75.486073825503,50.871308724832,25.15));
#3457 = ORIENTED_EDGE('',*,*,#3458,.F.);
#3458 = EDGE_CURVE('',#3459,#3444,#3461,.T.);
#3459 = VERTEX_POINT('',#3460);
#3460 = CARTESIAN_POINT('',(74.557382550336,49.425985738255,25.15));
#3461 = B_SPLINE_CURVE_WITH_KNOTS('',7,(#3462,#3463,#3464,#3465,#3466,
    #3467,#3468,#3469,#3470,#3471,#3472,#3473,#3474,#3475),
  .UNSPECIFIED.,.F.,.F.,(8,6,8),(0.,0.923031286448,1.),.UNSPECIFIED.);
#3462 = CARTESIAN_POINT('',(74.557382550336,49.425985738255,25.15));
#3463 = CARTESIAN_POINT('',(74.681456410296,49.534826767884,25.15));
#3464 = CARTESIAN_POINT('',(74.800557760411,49.643217475688,25.15));
#3465 = CARTESIAN_POINT('',(74.9142225734,49.751417598616,25.15));
#3466 = CARTESIAN_POINT('',(75.021088565662,49.859183770681,25.15));
#3467 = CARTESIAN_POINT('',(75.118729657715,49.965731827836,25.15));
#3468 = CARTESIAN_POINT('',(75.203771372472,50.069764233182,25.15));
#3469 = CARTESIAN_POINT('',(75.276730764974,50.177635396944,25.15));
#3470 = CARTESIAN_POINT('',(75.282221812284,50.185904875379,25.15));
#3471 = CARTESIAN_POINT('',(75.287585194226,50.19413963029,25.15));
#3472 = CARTESIAN_POINT('',(75.292817717885,50.202338088878,25.15));
#3473 = CARTESIAN_POINT('',(75.297916119521,50.210498602795,25.15));
#3474 = CARTESIAN_POINT('',(75.302877064571,50.21861944815,25.15));
#3475 = CARTESIAN_POINT('',(75.307697147651,50.226698825503,25.15));
#3476 = ORIENTED_EDGE('',*,*,#3477,.F.);
#3477 = EDGE_CURVE('',#3258,#3459,#3478,.T.);
#3478 = LINE('',#3479,#3480);
#3479 = CARTESIAN_POINT('',(38.552137549921,17.890357358582,25.15));
#3480 = VECTOR('',#3481,1.);
#3481 = DIRECTION('',(0.752255226589,0.65887181915,-0.));
#3482 = FACE_BOUND('',#3483,.T.);
#3483 = EDGE_LOOP('',(#3484,#3494,#3502,#3510,#3518,#3528,#3538,#3557,
    #3576,#3595,#3617,#3630,#3641,#3649,#3660,#3671,#3686,#3701,#3716,
    #3731,#3742,#3753));
#3484 = ORIENTED_EDGE('',*,*,#3485,.F.);
#3485 = EDGE_CURVE('',#3486,#3488,#3490,.T.);
#3486 = VERTEX_POINT('',#3487);
#3487 = CARTESIAN_POINT('',(79.34259647651,52.065771812081,25.15));
#3488 = VERTEX_POINT('',#3489);
#3489 = CARTESIAN_POINT('',(76.632969798658,52.065771812081,25.15));
#3490 = LINE('',#3491,#3492);
#3491 = CARTESIAN_POINT('',(35.891484899329,52.065771812081,25.15));
#3492 = VECTOR('',#3493,1.);
#3493 = DIRECTION('',(-1.,0.,0.));
#3494 = ORIENTED_EDGE('',*,*,#3495,.F.);
#3495 = EDGE_CURVE('',#3496,#3486,#3498,.T.);
#3496 = VERTEX_POINT('',#3497);
#3497 = CARTESIAN_POINT('',(79.34259647651,51.268456375839,25.15));
#3498 = LINE('',#3499,#3500);
#3499 = CARTESIAN_POINT('',(79.34259647651,23.43288590604,25.15));
#3500 = VECTOR('',#3501,1.);
#3501 = DIRECTION('',(-0.,1.,0.));
#3502 = ORIENTED_EDGE('',*,*,#3503,.F.);
#3503 = EDGE_CURVE('',#3504,#3496,#3506,.T.);
#3504 = VERTEX_POINT('',#3505);
#3505 = CARTESIAN_POINT('',(77.502202181208,51.268456375839,25.15));
#3506 = LINE('',#3507,#3508);
#3507 = CARTESIAN_POINT('',(37.246298238255,51.268456375839,25.15));
#3508 = VECTOR('',#3509,1.);
#3509 = DIRECTION('',(1.,0.,-0.));
#3510 = ORIENTED_EDGE('',*,*,#3511,.F.);
#3511 = EDGE_CURVE('',#3512,#3504,#3514,.T.);
#3512 = VERTEX_POINT('',#3513);
#3513 = CARTESIAN_POINT('',(77.502202181208,50.605348154362,25.15));
#3514 = LINE('',#3515,#3516);
#3515 = CARTESIAN_POINT('',(77.502202181208,23.034228187919,25.15));
#3516 = VECTOR('',#3517,1.);
#3517 = DIRECTION('',(-0.,1.,0.));
#3518 = ORIENTED_EDGE('',*,*,#3519,.F.);
#3519 = EDGE_CURVE('',#3520,#3512,#3522,.T.);
#3520 = VERTEX_POINT('',#3521);
#3521 = CARTESIAN_POINT('',(77.752684563758,50.658011744966,25.15));
#3522 = B_SPLINE_CURVE_WITH_KNOTS('',4,(#3523,#3524,#3525,#3526,#3527),
  .UNSPECIFIED.,.F.,.F.,(5,5),(0.,1.),.PIECEWISE_BEZIER_KNOTS.);
#3523 = CARTESIAN_POINT('',(77.752684563758,50.658011744966,25.15));
#3524 = CARTESIAN_POINT('',(77.689709307341,50.648759008641,25.15));
#3525 = CARTESIAN_POINT('',(77.62696417603,50.636894524706,25.15));
#3526 = CARTESIAN_POINT('',(77.564458773756,50.622421553228,25.15));
#3527 = CARTESIAN_POINT('',(77.502202181208,50.605348154362,25.15));
#3528 = ORIENTED_EDGE('',*,*,#3529,.F.);
#3529 = EDGE_CURVE('',#3530,#3520,#3532,.T.);
#3530 = VERTEX_POINT('',#3531);
#3531 = CARTESIAN_POINT('',(78.014681208054,50.676510067114,25.15));
#3532 = B_SPLINE_CURVE_WITH_KNOTS('',4,(#3533,#3534,#3535,#3536,#3537),
  .UNSPECIFIED.,.F.,.F.,(5,5),(0.,1.),.PIECEWISE_BEZIER_KNOTS.);
#3533 = CARTESIAN_POINT('',(78.014681208054,50.676510067114,25.15));
#3534 = CARTESIAN_POINT('',(77.946878728517,50.676510067114,25.15));
#3535 = CARTESIAN_POINT('',(77.880592848679,50.673440671319,25.15));
#3536 = CARTESIAN_POINT('',(77.815853025287,50.667278974352,25.15));
#3537 = CARTESIAN_POINT('',(77.752684563758,50.658011744966,25.15));
#3538 = ORIENTED_EDGE('',*,*,#3539,.F.);
#3539 = EDGE_CURVE('',#3540,#3530,#3542,.T.);
#3540 = VERTEX_POINT('',#3541);
#3541 = CARTESIAN_POINT('',(79.218015939597,50.290121644295,25.15));
#3542 = B_SPLINE_CURVE_WITH_KNOTS('',5,(#3543,#3544,#3545,#3546,#3547,
    #3548,#3549,#3550,#3551,#3552,#3553,#3554,#3555,#3556),
  .UNSPECIFIED.,.F.,.F.,(6,4,4,6),(0.,0.219493814309,0.599392516153,1.),
  .UNSPECIFIED.);
#3543 = CARTESIAN_POINT('',(79.218015939597,50.290121644295,25.15));
#3544 = CARTESIAN_POINT('',(79.177581343966,50.326424108005,25.15));
#3545 = CARTESIAN_POINT('',(79.135248191805,50.360602455098,25.15));
#3546 = CARTESIAN_POINT('',(79.091102471919,50.392576222429,25.15));
#3547 = CARTESIAN_POINT('',(79.045256732438,50.422307735702,25.15));
#3548 = CARTESIAN_POINT('',(78.915782232589,50.49736801008,25.15));
#3549 = CARTESIAN_POINT('',(78.829019415926,50.538219987073,25.15));
#3550 = CARTESIAN_POINT('',(78.738244987702,50.572337758322,25.15));
#3551 = CARTESIAN_POINT('',(78.644200764948,50.600077739765,25.15));
#3552 = CARTESIAN_POINT('',(78.445561688991,50.644878984247,25.15));
#3553 = CARTESIAN_POINT('',(78.340669288766,50.661276134633,25.15));
#3554 = CARTESIAN_POINT('',(78.233543369335,50.671612244699,25.15));
#3555 = CARTESIAN_POINT('',(78.124755212669,50.676510067114,25.15));
#3556 = CARTESIAN_POINT('',(78.014681208054,50.676510067114,25.15));
#3557 = ORIENTED_EDGE('',*,*,#3558,.F.);
#3558 = EDGE_CURVE('',#3559,#3540,#3561,.T.);
#3559 = VERTEX_POINT('',#3560);
#3560 = CARTESIAN_POINT('',(79.648385067114,49.213443791946,25.15));
#3561 = B_SPLINE_CURVE_WITH_KNOTS('',5,(#3562,#3563,#3564,#3565,#3566,
    #3567,#3568,#3569,#3570,#3571,#3572,#3573,#3574,#3575),
  .UNSPECIFIED.,.F.,.F.,(6,4,4,6),(0.,0.280654353111,0.763142097335,1.),
  .UNSPECIFIED.);
#3562 = CARTESIAN_POINT('',(79.648385067114,49.213443791946,25.15));
#3563 = CARTESIAN_POINT('',(79.648385067114,49.284359599516,25.15));
#3564 = CARTESIAN_POINT('',(79.645547653579,49.354585166649,25.15));
#3565 = CARTESIAN_POINT('',(79.639662875549,49.423954362329,25.15));
#3566 = CARTESIAN_POINT('',(79.630515820156,49.492255949751,25.15));
#3567 = CARTESIAN_POINT('',(79.596303571566,49.674419362965,25.15));
#3568 = CARTESIAN_POINT('',(79.564510121221,49.785779746423,25.15));
#3569 = CARTESIAN_POINT('',(79.521690194195,49.891960222873,25.15));
#3570 = CARTESIAN_POINT('',(79.467410892481,49.991557440843,25.15));
#3571 = CARTESIAN_POINT('',(79.370505826159,50.128696145024,25.15));
#3572 = CARTESIAN_POINT('',(79.336009853613,50.172024336714,25.15));
#3573 = CARTESIAN_POINT('',(79.299006390031,50.213410118296,25.15));
#3574 = CARTESIAN_POINT('',(79.259621789109,50.252785868812,25.15));
#3575 = CARTESIAN_POINT('',(79.218015939597,50.290121644295,25.15));
#3576 = ORIENTED_EDGE('',*,*,#3577,.F.);
#3577 = EDGE_CURVE('',#3578,#3559,#3580,.T.);
#3578 = VERTEX_POINT('',#3579);
#3579 = CARTESIAN_POINT('',(79.179697986577,48.140729865772,25.15));
#3580 = B_SPLINE_CURVE_WITH_KNOTS('',5,(#3581,#3582,#3583,#3584,#3585,
    #3586,#3587,#3588,#3589,#3590,#3591,#3592,#3593,#3594),
  .UNSPECIFIED.,.F.,.F.,(6,4,4,6),(0.,0.333075594175,0.763170258799,1.),
  .UNSPECIFIED.);
#3581 = CARTESIAN_POINT('',(79.179697986577,48.140729865772,25.15));
#3582 = CARTESIAN_POINT('',(79.242026460581,48.192289545837,25.15));
#3583 = CARTESIAN_POINT('',(79.300055371003,48.247864003272,25.15));
#3584 = CARTESIAN_POINT('',(79.35325038465,48.307439157426,25.15));
#3585 = CARTESIAN_POINT('',(79.401177657686,48.370862162343,25.15));
#3586 = CARTESIAN_POINT('',(79.498392604778,48.524149595224,25.15));
#3587 = CARTESIAN_POINT('',(79.544031414009,48.616368885019,25.15));
#3588 = CARTESIAN_POINT('',(79.579995547615,48.713606604669,25.15));
#3589 = CARTESIAN_POINT('',(79.606585106562,48.814827425728,25.15));
#3590 = CARTESIAN_POINT('',(79.63428165189,48.976372262803,25.15));
#3591 = CARTESIAN_POINT('',(79.641472315318,49.034645789439,25.15));
#3592 = CARTESIAN_POINT('',(79.646127482176,49.093670985236,25.15));
#3593 = CARTESIAN_POINT('',(79.648385067114,49.153308558817,25.15));
#3594 = CARTESIAN_POINT('',(79.648385067114,49.213443791946,25.15));
#3595 = ORIENTED_EDGE('',*,*,#3596,.F.);
#3596 = EDGE_CURVE('',#3597,#3578,#3599,.T.);
#3597 = VERTEX_POINT('',#3598);
#3598 = CARTESIAN_POINT('',(77.878775167785,47.753020134228,25.15));
#3599 = B_SPLINE_CURVE_WITH_KNOTS('',6,(#3600,#3601,#3602,#3603,#3604,
    #3605,#3606,#3607,#3608,#3609,#3610,#3611,#3612,#3613,#3614,#3615,
    #3616),.UNSPECIFIED.,.F.,.F.,(7,5,5,7),(0.,0.443805319276,
    0.784738621726,1.),.UNSPECIFIED.);
#3600 = CARTESIAN_POINT('',(77.878775167785,47.753020134228,25.15));
#3601 = CARTESIAN_POINT('',(77.987216025609,47.753020134228,25.15));
#3602 = CARTESIAN_POINT('',(78.094667912127,47.756967881412,25.15));
#3603 = CARTESIAN_POINT('',(78.200892070975,47.765234541879,25.15));
#3604 = CARTESIAN_POINT('',(78.305550303092,47.778232050293,25.15));
#3605 = CARTESIAN_POINT('',(78.408211258673,47.79639458757,25.15));
#3606 = CARTESIAN_POINT('',(78.585317255672,47.838338243866,25.15));
#3607 = CARTESIAN_POINT('',(78.660783671498,47.859840676858,25.15));
#3608 = CARTESIAN_POINT('',(78.734533522884,47.884796734644,25.15));
#3609 = CARTESIAN_POINT('',(78.806296667561,47.913363826404,25.15));
#3610 = CARTESIAN_POINT('',(78.875788439633,47.945653276884,25.15));
#3611 = CARTESIAN_POINT('',(78.984990917649,48.004460530027,25.15));
#3612 = CARTESIAN_POINT('',(79.026238039606,48.028718906967,25.15));
#3613 = CARTESIAN_POINT('',(79.06639653456,48.054484167532,25.15));
#3614 = CARTESIAN_POINT('',(79.105399063138,48.081753854117,25.15));
#3615 = CARTESIAN_POINT('',(79.143184188889,48.110512565026,25.15));
#3616 = CARTESIAN_POINT('',(79.179697986577,48.140729865772,25.15));
#3617 = ORIENTED_EDGE('',*,*,#3618,.F.);
#3618 = EDGE_CURVE('',#3619,#3597,#3621,.T.);
#3619 = VERTEX_POINT('',#3620);
#3620 = CARTESIAN_POINT('',(77.166589765101,47.821916946309,25.15));
#3621 = B_SPLINE_CURVE_WITH_KNOTS('',4,(#3622,#3623,#3624,#3625,#3626,
    #3627,#3628,#3629),.UNSPECIFIED.,.F.,.F.,(5,3,5),(0.,0.475975226094,
    1.),.UNSPECIFIED.);
#3622 = CARTESIAN_POINT('',(77.166589765101,47.821916946309,25.15));
#3623 = CARTESIAN_POINT('',(77.250428412845,47.805535197686,25.15));
#3624 = CARTESIAN_POINT('',(77.334610409301,47.79173453759,25.15));
#3625 = CARTESIAN_POINT('',(77.419097213314,47.78053392682,25.15));
#3626 = CARTESIAN_POINT('',(77.597154403135,47.762473361802,25.15));
#3627 = CARTESIAN_POINT('',(77.690780886854,47.756165732158,25.15));
#3628 = CARTESIAN_POINT('',(77.784672974276,47.753020134228,25.15));
#3629 = CARTESIAN_POINT('',(77.878775167785,47.753020134228,25.15));
#3630 = ORIENTED_EDGE('',*,*,#3631,.F.);
#3631 = EDGE_CURVE('',#3632,#3619,#3634,.T.);
#3632 = VERTEX_POINT('',#3633);
#3633 = CARTESIAN_POINT('',(76.465918624161,48.030872483221,25.15));
#3634 = B_SPLINE_CURVE_WITH_KNOTS('',5,(#3635,#3636,#3637,#3638,#3639,
    #3640),.UNSPECIFIED.,.F.,.F.,(6,6),(0.,1.),
  .PIECEWISE_BEZIER_KNOTS.);
#3635 = CARTESIAN_POINT('',(76.465918624161,48.030872483221,25.15));
#3636 = CARTESIAN_POINT('',(76.603990345949,47.975269616398,25.15));
#3637 = CARTESIAN_POINT('',(76.743222373076,47.926391740239,25.15));
#3638 = CARTESIAN_POINT('',(76.883494546921,47.884443988818,25.15));
#3639 = CARTESIAN_POINT('',(77.024669400422,47.849586476434,25.15));
#3640 = CARTESIAN_POINT('',(77.166589765101,47.821916946309,25.15));
#3641 = ORIENTED_EDGE('',*,*,#3642,.F.);
#3642 = EDGE_CURVE('',#3643,#3632,#3645,.T.);
#3643 = VERTEX_POINT('',#3644);
#3644 = CARTESIAN_POINT('',(76.465918624161,48.888590604027,25.15));
#3645 = LINE('',#3646,#3647);
#3646 = CARTESIAN_POINT('',(76.465918624161,21.415436241611,25.15));
#3647 = VECTOR('',#3648,1.);
#3648 = DIRECTION('',(0.,-1.,0.));
#3649 = ORIENTED_EDGE('',*,*,#3650,.F.);
#3650 = EDGE_CURVE('',#3651,#3643,#3653,.T.);
#3651 = VERTEX_POINT('',#3652);
#3652 = CARTESIAN_POINT('',(77.121287751678,48.589597315436,25.15));
#3653 = B_SPLINE_CURVE_WITH_KNOTS('',5,(#3654,#3655,#3656,#3657,#3658,
    #3659),.UNSPECIFIED.,.F.,.F.,(6,6),(0.,1.),
  .PIECEWISE_BEZIER_KNOTS.);
#3654 = CARTESIAN_POINT('',(77.121287751678,48.589597315436,25.15));
#3655 = CARTESIAN_POINT('',(76.99311421858,48.630812678089,25.15));
#3656 = CARTESIAN_POINT('',(76.863097153107,48.682054133112,25.15));
#3657 = CARTESIAN_POINT('',(76.731665499111,48.742607908321,25.15));
#3658 = CARTESIAN_POINT('',(76.59918110381,48.811691599377,25.15));
#3659 = CARTESIAN_POINT('',(76.465918624161,48.888590604027,25.15));
#3660 = ORIENTED_EDGE('',*,*,#3661,.F.);
#3661 = EDGE_CURVE('',#3662,#3651,#3664,.T.);
#3662 = VERTEX_POINT('',#3663);
#3663 = CARTESIAN_POINT('',(77.706061241611,48.489932885906,25.15));
#3664 = B_SPLINE_CURVE_WITH_KNOTS('',5,(#3665,#3666,#3667,#3668,#3669,
    #3670),.UNSPECIFIED.,.F.,.F.,(6,6),(0.,1.),
  .PIECEWISE_BEZIER_KNOTS.);
#3665 = CARTESIAN_POINT('',(77.706061241611,48.489932885906,25.15));
#3666 = CARTESIAN_POINT('',(77.593962047931,48.489932885906,25.15));
#3667 = CARTESIAN_POINT('',(77.4790224623,48.50031042308,25.15));
#3668 = CARTESIAN_POINT('',(77.361662378201,48.520747874088,25.15));
#3669 = CARTESIAN_POINT('',(77.242294215312,48.550710271736,25.15));
#3670 = CARTESIAN_POINT('',(77.121287751678,48.589597315436,25.15));
#3671 = ORIENTED_EDGE('',*,*,#3672,.F.);
#3672 = EDGE_CURVE('',#3673,#3662,#3675,.T.);
#3673 = VERTEX_POINT('',#3674);
#3674 = CARTESIAN_POINT('',(78.330285234899,48.683787751678,25.15));
#3675 = B_SPLINE_CURVE_WITH_KNOTS('',5,(#3676,#3677,#3678,#3679,#3680,
    #3681,#3682,#3683,#3684,#3685),.UNSPECIFIED.,.F.,.F.,(6,4,6),(0.,
    0.490343932411,1.),.UNSPECIFIED.);
#3676 = CARTESIAN_POINT('',(78.330285234899,48.683787751678,25.15));
#3677 = CARTESIAN_POINT('',(78.284139041677,48.644523343692,25.15));
#3678 = CARTESIAN_POINT('',(78.233681542562,48.610238512665,25.15));
#3679 = CARTESIAN_POINT('',(78.179119592803,48.581101409906,25.15));
#3680 = CARTESIAN_POINT('',(78.120782112747,48.557079039613,25.15));
#3681 = CARTESIAN_POINT('',(77.994915996657,48.518189251618,25.15));
#3682 = CARTESIAN_POINT('',(77.927109501009,48.503718011564,25.15));
#3683 = CARTESIAN_POINT('',(77.856075064843,48.494410589558,25.15));
#3684 = CARTESIAN_POINT('',(77.782262574455,48.489932885906,25.15));
#3685 = CARTESIAN_POINT('',(77.706061241611,48.489932885906,25.15));
#3686 = ORIENTED_EDGE('',*,*,#3687,.F.);
#3687 = EDGE_CURVE('',#3688,#3673,#3690,.T.);
#3688 = VERTEX_POINT('',#3689);
#3689 = CARTESIAN_POINT('',(78.558305369128,49.208724832215,25.15));
#3690 = B_SPLINE_CURVE_WITH_KNOTS('',5,(#3691,#3692,#3693,#3694,#3695,
    #3696,#3697,#3698,#3699,#3700),.UNSPECIFIED.,.F.,.F.,(6,4,6),(0.,
    0.64424856632,1.),.UNSPECIFIED.);
#3691 = CARTESIAN_POINT('',(78.558305369128,49.208724832215,25.15));
#3692 = CARTESIAN_POINT('',(78.558305369128,49.126045354356,25.15));
#3693 = CARTESIAN_POINT('',(78.549417713526,49.047061193226,25.15));
#3694 = CARTESIAN_POINT('',(78.530932898871,48.972611173467,25.15));
#3695 = CARTESIAN_POINT('',(78.502460059248,48.903475747728,25.15));
#3696 = CARTESIAN_POINT('',(78.443264924453,48.805221270326,25.15));
#3697 = CARTESIAN_POINT('',(78.41925662829,48.772041373179,25.15));
#3698 = CARTESIAN_POINT('',(78.392348917463,48.740719524584,25.15));
#3699 = CARTESIAN_POINT('',(78.362644350316,48.711298357251,25.15));
#3700 = CARTESIAN_POINT('',(78.330285234899,48.683787751678,25.15));
#3701 = ORIENTED_EDGE('',*,*,#3702,.F.);
#3702 = EDGE_CURVE('',#3703,#3688,#3705,.T.);
#3703 = VERTEX_POINT('',#3704);
#3704 = CARTESIAN_POINT('',(78.330285234899,49.734983221477,25.15));
#3705 = B_SPLINE_CURVE_WITH_KNOTS('',5,(#3706,#3707,#3708,#3709,#3710,
    #3711,#3712,#3713,#3714,#3715),.UNSPECIFIED.,.F.,.F.,(6,4,6),(0.,
    0.341517093984,1.),.UNSPECIFIED.);
#3706 = CARTESIAN_POINT('',(78.330285234899,49.734983221477,25.15));
#3707 = CARTESIAN_POINT('',(78.361396555664,49.708739483182,25.15));
#3708 = CARTESIAN_POINT('',(78.390049460538,49.680684411201,25.15));
#3709 = CARTESIAN_POINT('',(78.416117659473,49.650827271038,25.15));
#3710 = CARTESIAN_POINT('',(78.439509861283,49.619206618452,25.15));
#3711 = CARTESIAN_POINT('',(78.500034607263,49.521673277948,25.15));
#3712 = CARTESIAN_POINT('',(78.529780567188,49.451153830615,25.15));
#3713 = CARTESIAN_POINT('',(78.549057024105,49.374903304712,25.15));
#3714 = CARTESIAN_POINT('',(78.558305369128,49.293786275662,25.15));
#3715 = CARTESIAN_POINT('',(78.558305369128,49.208724832215,25.15));
#3716 = ORIENTED_EDGE('',*,*,#3717,.F.);
#3717 = EDGE_CURVE('',#3718,#3703,#3720,.T.);
#3718 = VERTEX_POINT('',#3719);
#3719 = CARTESIAN_POINT('',(77.706061241611,49.927516778523,25.15));
#3720 = B_SPLINE_CURVE_WITH_KNOTS('',5,(#3721,#3722,#3723,#3724,#3725,
    #3726,#3727,#3728,#3729,#3730),.UNSPECIFIED.,.F.,.F.,(6,4,6),(0.,
    0.511735441132,1.),.UNSPECIFIED.);
#3721 = CARTESIAN_POINT('',(77.706061241611,49.927516778523,25.15));
#3722 = CARTESIAN_POINT('',(77.782555115503,49.927516778523,25.15));
#3723 = CARTESIAN_POINT('',(77.85664172041,49.923035380619,25.15));
#3724 = CARTESIAN_POINT('',(77.927929360072,49.913718948843,25.15));
#3725 = CARTESIAN_POINT('',(77.995964600558,49.899230963214,25.15));
#3726 = CARTESIAN_POINT('',(78.121711115119,49.860446129573,25.15));
#3727 = CARTESIAN_POINT('',(78.179758412615,49.836628192506,25.15));
#3728 = CARTESIAN_POINT('',(78.234066785421,49.807769547044,25.15));
#3729 = CARTESIAN_POINT('',(78.28431117758,49.773834537521,25.15));
#3730 = CARTESIAN_POINT('',(78.330285234899,49.734983221477,25.15));
#3731 = ORIENTED_EDGE('',*,*,#3732,.F.);
#3732 = EDGE_CURVE('',#3733,#3718,#3735,.T.);
#3733 = VERTEX_POINT('',#3734);
#3734 = CARTESIAN_POINT('',(77.204907718121,49.865415268456,25.15));
#3735 = B_SPLINE_CURVE_WITH_KNOTS('',5,(#3736,#3737,#3738,#3739,#3740,
    #3741),.UNSPECIFIED.,.F.,.F.,(6,6),(0.,1.),
  .PIECEWISE_BEZIER_KNOTS.);
#3736 = CARTESIAN_POINT('',(77.204907718121,49.865415268456,25.15));
#3737 = CARTESIAN_POINT('',(77.309621425428,49.889848466828,25.15));
#3738 = CARTESIAN_POINT('',(77.412285708069,49.908498401716,25.15));
#3739 = CARTESIAN_POINT('',(77.512710093167,49.921125471127,25.15));
#3740 = CARTESIAN_POINT('',(77.610698548414,49.927516778523,25.15));
#3741 = CARTESIAN_POINT('',(77.706061241611,49.927516778523,25.15));
#3742 = ORIENTED_EDGE('',*,*,#3743,.F.);
#3743 = EDGE_CURVE('',#3744,#3733,#3746,.T.);
#3744 = VERTEX_POINT('',#3745);
#3745 = CARTESIAN_POINT('',(76.632969798658,49.673825503356,25.15));
#3746 = B_SPLINE_CURVE_WITH_KNOTS('',5,(#3747,#3748,#3749,#3750,#3751,
    #3752),.UNSPECIFIED.,.F.,.F.,(6,6),(0.,1.),
  .PIECEWISE_BEZIER_KNOTS.);
#3747 = CARTESIAN_POINT('',(76.632969798658,49.673825503356,25.15));
#3748 = CARTESIAN_POINT('',(76.752028535364,49.724315226885,25.15));
#3749 = CARTESIAN_POINT('',(76.869012720141,49.76909741647,25.15));
#3750 = CARTESIAN_POINT('',(76.983676849602,49.807795698992,25.15));
#3751 = CARTESIAN_POINT('',(77.095740658466,49.840020377984,25.15));
#3752 = CARTESIAN_POINT('',(77.204907718121,49.865415268456,25.15));
#3753 = ORIENTED_EDGE('',*,*,#3754,.F.);
#3754 = EDGE_CURVE('',#3488,#3744,#3755,.T.);
#3755 = LINE('',#3756,#3757);
#3756 = CARTESIAN_POINT('',(76.632969798658,22.236912751678,25.15));
#3757 = VECTOR('',#3758,1.);
#3758 = DIRECTION('',(0.,-1.,0.));
#3759 = FACE_BOUND('',#3760,.T.);
#3760 = EDGE_LOOP('',(#3761,#3778,#3795,#3814,#3831,#3841,#3851,#3859,
    #3870,#3881,#3896,#3911,#3926,#3941,#3949,#3957,#3965,#3977,#3992,
    #4007,#4019,#4029,#4039,#4047,#4057,#4067,#4084,#4103,#4120));
#3761 = ORIENTED_EDGE('',*,*,#3762,.F.);
#3762 = EDGE_CURVE('',#3763,#3765,#3767,.T.);
#3763 = VERTEX_POINT('',#3764);
#3764 = CARTESIAN_POINT('',(83.404299496644,49.730264261745,25.15));
#3765 = VERTEX_POINT('',#3766);
#3766 = CARTESIAN_POINT('',(82.754593120805,50.113821308725,25.15));
#3767 = B_SPLINE_CURVE_WITH_KNOTS('',5,(#3768,#3769,#3770,#3771,#3772,
    #3773,#3774,#3775,#3776,#3777),.UNSPECIFIED.,.F.,.F.,(6,4,6),(0.,
    0.490859057894,1.),.UNSPECIFIED.);
#3768 = CARTESIAN_POINT('',(83.404299496644,49.730264261745,25.15));
#3769 = CARTESIAN_POINT('',(83.359311949064,49.785571807496,25.15));
#3770 = CARTESIAN_POINT('',(83.309076365994,49.836691186795,25.15));
#3771 = CARTESIAN_POINT('',(83.253785847456,49.883398999284,25.15));
#3772 = CARTESIAN_POINT('',(83.19378126197,49.925643332168,25.15));
#3773 = CARTESIAN_POINT('',(83.062800882653,50.002739493681,25.15));
#3774 = CARTESIAN_POINT('',(82.991493628392,50.037260652216,25.15));
#3775 = CARTESIAN_POINT('',(82.916029207838,50.06712661591,25.15));
#3776 = CARTESIAN_POINT('',(82.836912100084,50.092560115401,25.15));
#3777 = CARTESIAN_POINT('',(82.754593120805,50.113821308725,25.15));
#3778 = ORIENTED_EDGE('',*,*,#3779,.F.);
#3779 = EDGE_CURVE('',#3780,#3763,#3782,.T.);
#3780 = VERTEX_POINT('',#3781);
#3781 = CARTESIAN_POINT('',(83.626656879195,49.035255872483,25.15));
#3782 = B_SPLINE_CURVE_WITH_KNOTS('',6,(#3783,#3784,#3785,#3786,#3787,
    #3788,#3789,#3790,#3791,#3792,#3793,#3794),.UNSPECIFIED.,.F.,.F.,(7,
    5,7),(0.,0.878506140063,1.),.UNSPECIFIED.);
#3783 = CARTESIAN_POINT('',(83.626656879195,49.035255872483,25.15));
#3784 = CARTESIAN_POINT('',(83.626656879195,49.152999725366,25.15));
#3785 = CARTESIAN_POINT('',(83.616264479765,49.266749252186,25.15));
#3786 = CARTESIAN_POINT('',(83.59450145827,49.37541228117,25.15));
#3787 = CARTESIAN_POINT('',(83.560603540379,49.477858748847,25.15));
#3788 = CARTESIAN_POINT('',(83.514269775301,49.573052695062,25.15));
#3789 = CARTESIAN_POINT('',(83.447970164812,49.67229780123,25.15));
#3790 = CARTESIAN_POINT('',(83.439686984586,49.684202904497,25.15));
#3791 = CARTESIAN_POINT('',(83.431176812272,49.695953651042,25.15));
#3792 = CARTESIAN_POINT('',(83.42244105564,49.70754841197,25.15));
#3793 = CARTESIAN_POINT('',(83.41348133769,49.718985718457,25.15));
#3794 = CARTESIAN_POINT('',(83.404299496644,49.730264261745,25.15));
#3795 = ORIENTED_EDGE('',*,*,#3796,.F.);
#3796 = EDGE_CURVE('',#3797,#3780,#3799,.T.);
#3797 = VERTEX_POINT('',#3798);
#3798 = CARTESIAN_POINT('',(83.145322986577,48.07994966443,25.15));
#3799 = B_SPLINE_CURVE_WITH_KNOTS('',5,(#3800,#3801,#3802,#3803,#3804,
    #3805,#3806,#3807,#3808,#3809,#3810,#3811,#3812,#3813),
  .UNSPECIFIED.,.F.,.F.,(6,4,4,6),(0.,0.409013670258,0.793569977025,1.),
  .UNSPECIFIED.);
#3800 = CARTESIAN_POINT('',(83.145322986577,48.07994966443,25.15));
#3801 = CARTESIAN_POINT('',(83.222308225906,48.132239246593,25.15));
#3802 = CARTESIAN_POINT('',(83.29336677242,48.190550452222,25.15));
#3803 = CARTESIAN_POINT('',(83.357376088773,48.255041374979,25.15));
#3804 = CARTESIAN_POINT('',(83.41334138452,48.325578361235,25.15));
#3805 = CARTESIAN_POINT('',(83.505428816864,48.472709143735,25.15));
#3806 = CARTESIAN_POINT('',(83.542558152889,48.548721533576,25.15));
#3807 = CARTESIAN_POINT('',(83.571802043109,48.628836861658,25.15));
#3808 = CARTESIAN_POINT('',(83.593380304384,48.712272297339,25.15));
#3809 = CARTESIAN_POINT('',(83.61552000719,48.84438234641,25.15));
#3810 = CARTESIAN_POINT('',(83.621187987734,48.891264061015,25.15));
#3811 = CARTESIAN_POINT('',(83.624867636016,48.938769197029,25.15));
#3812 = CARTESIAN_POINT('',(83.626656879195,48.986795382005,25.15));
#3813 = CARTESIAN_POINT('',(83.626656879195,49.035255872483,25.15));
#3814 = ORIENTED_EDGE('',*,*,#3815,.F.);
#3815 = EDGE_CURVE('',#3816,#3797,#3818,.T.);
#3816 = VERTEX_POINT('',#3817);
#3817 = CARTESIAN_POINT('',(81.74096057047,47.753020134228,25.15));
#3818 = B_SPLINE_CURVE_WITH_KNOTS('',6,(#3819,#3820,#3821,#3822,#3823,
    #3824,#3825,#3826,#3827,#3828,#3829,#3830),.UNSPECIFIED.,.F.,.F.,(7,
    5,7),(0.,0.591480330838,1.),.UNSPECIFIED.);
#3819 = CARTESIAN_POINT('',(81.74096057047,47.753020134228,25.15));
#3820 = CARTESIAN_POINT('',(81.894858194838,47.753020134228,25.15));
#3821 = CARTESIAN_POINT('',(82.047029245676,47.758473053172,25.15));
#3822 = CARTESIAN_POINT('',(82.19709528651,47.770129212901,25.15));
#3823 = CARTESIAN_POINT('',(82.344310740467,47.78893107248,25.15));
#3824 = CARTESIAN_POINT('',(82.487561679917,47.816014144256,25.15));
#3825 = CARTESIAN_POINT('',(82.720597763273,47.87793120833,25.15));
#3826 = CARTESIAN_POINT('',(82.813186865692,47.907768683957,25.15));
#3827 = CARTESIAN_POINT('',(82.902651680573,47.942548983604,25.15));
#3828 = CARTESIAN_POINT('',(82.988333860522,47.9826615935,25.15));
#3829 = CARTESIAN_POINT('',(83.069471697975,48.028430279387,25.15));
#3830 = CARTESIAN_POINT('',(83.145322986577,48.07994966443,25.15));
#3831 = ORIENTED_EDGE('',*,*,#3832,.F.);
#3832 = EDGE_CURVE('',#3833,#3816,#3835,.T.);
#3833 = VERTEX_POINT('',#3834);
#3834 = CARTESIAN_POINT('',(81.088234060403,47.804362416107,25.15));
#3835 = B_SPLINE_CURVE_WITH_KNOTS('',4,(#3836,#3837,#3838,#3839,#3840),
  .UNSPECIFIED.,.F.,.F.,(5,5),(0.,1.),.PIECEWISE_BEZIER_KNOTS.);
#3836 = CARTESIAN_POINT('',(81.088234060403,47.804362416107,25.15));
#3837 = CARTESIAN_POINT('',(81.251280376955,47.778771765154,25.15));
#3838 = CARTESIAN_POINT('',(81.414548601272,47.76161030371,25.15));
#3839 = CARTESIAN_POINT('',(81.577843511491,47.753020134228,25.15));
#3840 = CARTESIAN_POINT('',(81.74096057047,47.753020134228,25.15));
#3841 = ORIENTED_EDGE('',*,*,#3842,.F.);
#3842 = EDGE_CURVE('',#3843,#3833,#3845,.T.);
#3843 = VERTEX_POINT('',#3844);
#3844 = CARTESIAN_POINT('',(80.441359060403,47.958389261745,25.15));
#3845 = B_SPLINE_CURVE_WITH_KNOTS('',4,(#3846,#3847,#3848,#3849,#3850),
  .UNSPECIFIED.,.F.,.F.,(5,5),(0.,1.),.PIECEWISE_BEZIER_KNOTS.);
#3846 = CARTESIAN_POINT('',(80.441359060403,47.958389261745,25.15));
#3847 = CARTESIAN_POINT('',(80.600858621505,47.907198842134,25.15));
#3848 = CARTESIAN_POINT('',(80.761959461022,47.864372183579,25.15));
#3849 = CARTESIAN_POINT('',(80.924486127236,47.830078026859,25.15));
#3850 = CARTESIAN_POINT('',(81.088234060403,47.804362416107,25.15));
#3851 = ORIENTED_EDGE('',*,*,#3852,.F.);
#3852 = EDGE_CURVE('',#3853,#3843,#3855,.T.);
#3853 = VERTEX_POINT('',#3854);
#3854 = CARTESIAN_POINT('',(80.441359060403,48.804026845638,25.15));
#3855 = LINE('',#3856,#3857);
#3856 = CARTESIAN_POINT('',(80.441359060403,21.379194630872,25.15));
#3857 = VECTOR('',#3858,1.);
#3858 = DIRECTION('',(0.,-1.,0.));
#3859 = ORIENTED_EDGE('',*,*,#3860,.F.);
#3860 = EDGE_CURVE('',#3861,#3853,#3863,.T.);
#3861 = VERTEX_POINT('',#3862);
#3862 = CARTESIAN_POINT('',(81.048594798658,48.569211409396,25.15));
#3863 = B_SPLINE_CURVE_WITH_KNOTS('',5,(#3864,#3865,#3866,#3867,#3868,
    #3869),.UNSPECIFIED.,.F.,.F.,(6,6),(0.,1.),
  .PIECEWISE_BEZIER_KNOTS.);
#3864 = CARTESIAN_POINT('',(81.048594798658,48.569211409396,25.15));
#3865 = CARTESIAN_POINT('',(80.926416025564,48.601343585163,25.15));
#3866 = CARTESIAN_POINT('',(80.804446517278,48.64113307606,25.15));
#3867 = CARTESIAN_POINT('',(80.682855016855,48.688369945866,25.15));
#3868 = CARTESIAN_POINT('',(80.561785434518,48.742772936828,25.15));
#3869 = CARTESIAN_POINT('',(80.441359060403,48.804026845638,25.15));
#3870 = ORIENTED_EDGE('',*,*,#3871,.F.);
#3871 = EDGE_CURVE('',#3872,#3861,#3874,.T.);
#3872 = VERTEX_POINT('',#3873);
#3873 = CARTESIAN_POINT('',(81.641862416107,48.489932885906,25.15));
#3874 = B_SPLINE_CURVE_WITH_KNOTS('',5,(#3875,#3876,#3877,#3878,#3879,
    #3880),.UNSPECIFIED.,.F.,.F.,(6,6),(0.,1.),
  .PIECEWISE_BEZIER_KNOTS.);
#3875 = CARTESIAN_POINT('',(81.641862416107,48.489932885906,25.15));
#3876 = CARTESIAN_POINT('',(81.524336480907,48.489932885906,25.15));
#3877 = CARTESIAN_POINT('',(81.406051514432,48.497979879289,25.15));
#3878 = CARTESIAN_POINT('',(81.28720701839,48.514003623161,25.15));
#3879 = CARTESIAN_POINT('',(81.167994338467,48.537829803188,25.15));
#3880 = CARTESIAN_POINT('',(81.048594798658,48.569211409396,25.15));
#3881 = ORIENTED_EDGE('',*,*,#3882,.F.);
#3882 = EDGE_CURVE('',#3883,#3872,#3885,.T.);
#3883 = VERTEX_POINT('',#3884);
#3884 = CARTESIAN_POINT('',(82.305725671141,48.640562080537,25.15));
#3885 = B_SPLINE_CURVE_WITH_KNOTS('',5,(#3886,#3887,#3888,#3889,#3890,
    #3891,#3892,#3893,#3894,#3895),.UNSPECIFIED.,.F.,.F.,(6,4,6),(0.,
    0.447493934417,1.),.UNSPECIFIED.);
#3886 = CARTESIAN_POINT('',(82.305725671141,48.640562080537,25.15));
#3887 = CARTESIAN_POINT('',(82.261704891413,48.611815286574,25.15));
#3888 = CARTESIAN_POINT('',(82.213459800662,48.586749723272,25.15));
#3889 = CARTESIAN_POINT('',(82.16130192397,48.565341575744,25.15));
#3890 = CARTESIAN_POINT('',(82.105613442729,48.547448216021,25.15));
#3891 = CARTESIAN_POINT('',(81.974108321365,48.514905849811,25.15));
#3892 = CARTESIAN_POINT('',(81.896634902467,48.502003790806,25.15));
#3893 = CARTESIAN_POINT('',(81.815031403678,48.493825256855,25.15));
#3894 = CARTESIAN_POINT('',(81.729942807016,48.489932885906,25.15));
#3895 = CARTESIAN_POINT('',(81.641862416107,48.489932885906,25.15));
#3896 = ORIENTED_EDGE('',*,*,#3897,.F.);
#3897 = EDGE_CURVE('',#3898,#3883,#3900,.T.);
#3898 = VERTEX_POINT('',#3899);
#3899 = CARTESIAN_POINT('',(82.536577181208,49.073007550336,25.15));
#3900 = B_SPLINE_CURVE_WITH_KNOTS('',5,(#3901,#3902,#3903,#3904,#3905,
    #3906,#3907,#3908,#3909,#3910),.UNSPECIFIED.,.F.,.F.,(6,4,6),(0.,
    0.524419615531,1.),.UNSPECIFIED.);
#3901 = CARTESIAN_POINT('',(82.536577181208,49.073007550336,25.15));
#3902 = CARTESIAN_POINT('',(82.536577181208,49.015146965325,25.15));
#3903 = CARTESIAN_POINT('',(82.53048701338,48.959897771188,25.15));
#3904 = CARTESIAN_POINT('',(82.517953334321,48.907689396188,25.15));
#3905 = CARTESIAN_POINT('',(82.498804815786,48.858898285361,25.15));
#3906 = CARTESIAN_POINT('',(82.449962404008,48.772861828115,25.15));
#3907 = CARTESIAN_POINT('',(82.421412244015,48.73495655885,25.15));
#3908 = CARTESIAN_POINT('',(82.387646533935,48.700253651306,25.15));
#3909 = CARTESIAN_POINT('',(82.348953033445,48.668803014699,25.15));
#3910 = CARTESIAN_POINT('',(82.305725671141,48.640562080537,25.15));
#3911 = ORIENTED_EDGE('',*,*,#3912,.F.);
#3912 = EDGE_CURVE('',#3913,#3898,#3915,.T.);
#3913 = VERTEX_POINT('',#3914);
#3914 = CARTESIAN_POINT('',(82.300062919463,49.512437080537,25.15));
#3915 = B_SPLINE_CURVE_WITH_KNOTS('',5,(#3916,#3917,#3918,#3919,#3920,
    #3921,#3922,#3923,#3924,#3925),.UNSPECIFIED.,.F.,.F.,(6,4,6),(0.,
    0.459244646349,1.),.UNSPECIFIED.);
#3916 = CARTESIAN_POINT('',(82.300062919463,49.512437080537,25.15));
#3917 = CARTESIAN_POINT('',(82.342862958701,49.485418061353,25.15));
#3918 = CARTESIAN_POINT('',(82.381341463666,49.455189255046,25.15));
#3919 = CARTESIAN_POINT('',(82.415117129516,49.421703225954,25.15));
#3920 = CARTESIAN_POINT('',(82.44390925778,49.385004520268,25.15));
#3921 = CARTESIAN_POINT('',(82.495516532665,49.298499677249,25.15));
#3922 = CARTESIAN_POINT('',(82.516370617473,49.247511731168,25.15));
#3923 = CARTESIAN_POINT('',(82.529984992433,49.192616098676,25.15));
#3924 = CARTESIAN_POINT('',(82.536577181208,49.134274283388,25.15));
#3925 = CARTESIAN_POINT('',(82.536577181208,49.073007550336,25.15));
#3926 = ORIENTED_EDGE('',*,*,#3927,.F.);
#3927 = EDGE_CURVE('',#3928,#3913,#3930,.T.);
#3928 = VERTEX_POINT('',#3929);
#3929 = CARTESIAN_POINT('',(81.602223154362,49.661744966443,25.15));
#3930 = B_SPLINE_CURVE_WITH_KNOTS('',5,(#3931,#3932,#3933,#3934,#3935,
    #3936,#3937,#3938,#3939,#3940),.UNSPECIFIED.,.F.,.F.,(6,4,6),(0.,
    0.558608068467,1.),.UNSPECIFIED.);
#3931 = CARTESIAN_POINT('',(81.602223154362,49.661744966443,25.15));
#3932 = CARTESIAN_POINT('',(81.695941632239,49.661744966443,25.15));
#3933 = CARTESIAN_POINT('',(81.786520926892,49.657896403602,25.15));
#3934 = CARTESIAN_POINT('',(81.873408200405,49.649764567978,25.15));
#3935 = CARTESIAN_POINT('',(81.95583662065,49.636843057248,25.15));
#3936 = CARTESIAN_POINT('',(82.093885814909,49.604344678545,25.15));
#3937 = CARTESIAN_POINT('',(82.151500787438,49.586733816568,25.15));
#3938 = CARTESIAN_POINT('',(82.205367301957,49.565643994506,25.15));
#3939 = CARTESIAN_POINT('',(82.255019086243,49.540895285071,25.15));
#3940 = CARTESIAN_POINT('',(82.300062919463,49.512437080537,25.15));
#3941 = ORIENTED_EDGE('',*,*,#3942,.F.);
#3942 = EDGE_CURVE('',#3943,#3928,#3945,.T.);
#3943 = VERTEX_POINT('',#3944);
#3944 = CARTESIAN_POINT('',(81.166191275168,49.661744966443,25.15));
#3945 = LINE('',#3946,#3947);
#3946 = CARTESIAN_POINT('',(38.376111577181,49.661744966443,25.15));
#3947 = VECTOR('',#3948,1.);
#3948 = DIRECTION('',(1.,0.,-0.));
#3949 = ORIENTED_EDGE('',*,*,#3950,.F.);
#3950 = EDGE_CURVE('',#3951,#3943,#3953,.T.);
#3951 = VERTEX_POINT('',#3952);
#3952 = CARTESIAN_POINT('',(81.166191275168,50.362416107383,25.15));
#3953 = LINE('',#3954,#3955);
#3954 = CARTESIAN_POINT('',(81.166191275168,22.230872483221,25.15));
#3955 = VECTOR('',#3956,1.);
#3956 = DIRECTION('',(0.,-1.,0.));
#3957 = ORIENTED_EDGE('',*,*,#3958,.F.);
#3958 = EDGE_CURVE('',#3959,#3951,#3961,.T.);
#3959 = VERTEX_POINT('',#3960);
#3960 = CARTESIAN_POINT('',(81.624874161074,50.362416107383,25.15));
#3961 = LINE('',#3962,#3963);
#3962 = CARTESIAN_POINT('',(38.158095637584,50.362416107383,25.15));
#3963 = VECTOR('',#3964,1.);
#3964 = DIRECTION('',(-1.,0.,0.));
#3965 = ORIENTED_EDGE('',*,*,#3966,.F.);
#3966 = EDGE_CURVE('',#3967,#3959,#3969,.T.);
#3967 = VERTEX_POINT('',#3968);
#3968 = CARTESIAN_POINT('',(82.236451342282,50.490771812081,25.15));
#3969 = B_SPLINE_CURVE_WITH_KNOTS('',6,(#3970,#3971,#3972,#3973,#3974,
    #3975,#3976),.UNSPECIFIED.,.F.,.F.,(7,7),(0.,1.),
  .PIECEWISE_BEZIER_KNOTS.);
#3970 = CARTESIAN_POINT('',(82.236451342282,50.490771812081,25.15));
#3971 = CARTESIAN_POINT('',(82.164681571294,50.444946981778,25.15));
#3972 = CARTESIAN_POINT('',(82.078196936209,50.409774640238,25.15));
#3973 = CARTESIAN_POINT('',(81.978785351999,50.385018187129,25.15));
#3974 = CARTESIAN_POINT('',(81.868819434332,50.369608150381,25.15));
#3975 = CARTESIAN_POINT('',(81.750340616961,50.362416107383,25.15));
#3976 = CARTESIAN_POINT('',(81.624874161074,50.362416107383,25.15));
#3977 = ORIENTED_EDGE('',*,*,#3978,.F.);
#3978 = EDGE_CURVE('',#3979,#3967,#3981,.T.);
#3979 = VERTEX_POINT('',#3980);
#3980 = CARTESIAN_POINT('',(82.437479026846,50.881501677852,25.15));
#3981 = B_SPLINE_CURVE_WITH_KNOTS('',5,(#3982,#3983,#3984,#3985,#3986,
    #3987,#3988,#3989,#3990,#3991),.UNSPECIFIED.,.F.,.F.,(6,4,6),(0.,
    0.603563634835,1.),.UNSPECIFIED.);
#3982 = CARTESIAN_POINT('',(82.437479026846,50.881501677852,25.15));
#3983 = CARTESIAN_POINT('',(82.437479026846,50.81974265526,25.15));
#3984 = CARTESIAN_POINT('',(82.43051760583,50.761611090416,25.15));
#3985 = CARTESIAN_POINT('',(82.416138191001,50.707678995737,25.15));
#3986 = CARTESIAN_POINT('',(82.394108535803,50.658436828768,25.15));
#3987 = CARTESIAN_POINT('',(82.345260751986,50.585097724771,25.15));
#3988 = CARTESIAN_POINT('',(82.322677794502,50.558166972669,25.15));
#3989 = CARTESIAN_POINT('',(82.29692899052,50.533459230302,25.15));
#3990 = CARTESIAN_POINT('',(82.268131751707,50.510999679132,25.15));
#3991 = CARTESIAN_POINT('',(82.236451342282,50.490771812081,25.15));
#3992 = ORIENTED_EDGE('',*,*,#3993,.F.);
#3993 = EDGE_CURVE('',#3994,#3979,#3996,.T.);
#3994 = VERTEX_POINT('',#3995);
#3995 = CARTESIAN_POINT('',(82.24211409396,51.256564597315,25.15));
#3996 = B_SPLINE_CURVE_WITH_KNOTS('',5,(#3997,#3998,#3999,#4000,#4001,
    #4002,#4003,#4004,#4005,#4006),.UNSPECIFIED.,.F.,.F.,(6,4,6),(0.,
    0.469565771305,1.),.UNSPECIFIED.);
#3997 = CARTESIAN_POINT('',(82.24211409396,51.256564597315,25.15));
#3998 = CARTESIAN_POINT('',(82.278395476528,51.231956355225,25.15));
#3999 = CARTESIAN_POINT('',(82.310792583353,51.204754339313,25.15));
#4000 = CARTESIAN_POINT('',(82.339056664896,51.17493876926,25.15));
#4001 = CARTESIAN_POINT('',(82.363014137886,51.142547560035,25.15));
#4002 = CARTESIAN_POINT('',(82.404726887216,51.068329967338,25.15));
#4003 = CARTESIAN_POINT('',(82.421278492304,51.025819707551,25.15));
#4004 = CARTESIAN_POINT('',(82.432159456051,50.980335090837,25.15));
#4005 = CARTESIAN_POINT('',(82.437479026846,50.9321289758,25.15));
#4006 = CARTESIAN_POINT('',(82.437479026846,50.881501677852,25.15));
#4007 = ORIENTED_EDGE('',*,*,#4008,.F.);
#4008 = EDGE_CURVE('',#4009,#3994,#4011,.T.);
#4009 = VERTEX_POINT('',#4010);
#4010 = CARTESIAN_POINT('',(81.689995805369,51.389261744966,25.15));
#4011 = B_SPLINE_CURVE_WITH_KNOTS('',6,(#4012,#4013,#4014,#4015,#4016,
    #4017,#4018),.UNSPECIFIED.,.F.,.F.,(7,7),(0.,1.),
  .PIECEWISE_BEZIER_KNOTS.);
#4012 = CARTESIAN_POINT('',(81.689995805369,51.389261744966,25.15));
#4013 = CARTESIAN_POINT('',(81.80185820534,51.389261744966,25.15));
#4014 = CARTESIAN_POINT('',(81.90744753912,51.381433948882,25.15));
#4015 = CARTESIAN_POINT('',(82.005577632736,51.364925535448,25.15));
#4016 = CARTESIAN_POINT('',(82.094897441921,51.338915189915,25.15));
#4017 = CARTESIAN_POINT('',(82.174058524885,51.302789780948,25.15));
#4018 = CARTESIAN_POINT('',(82.24211409396,51.256564597315,25.15));
#4019 = ORIENTED_EDGE('',*,*,#4020,.F.);
#4020 = EDGE_CURVE('',#4021,#4009,#4023,.T.);
#4021 = VERTEX_POINT('',#4022);
#4022 = CARTESIAN_POINT('',(81.157697147651,51.331124161074,25.15));
#4023 = B_SPLINE_CURVE_WITH_KNOTS('',4,(#4024,#4025,#4026,#4027,#4028),
  .UNSPECIFIED.,.F.,.F.,(5,5),(0.,1.),.PIECEWISE_BEZIER_KNOTS.);
#4024 = CARTESIAN_POINT('',(81.157697147651,51.331124161074,25.15));
#4025 = CARTESIAN_POINT('',(81.291407103712,51.360024277893,25.15));
#4026 = CARTESIAN_POINT('',(81.424852057592,51.37949188101,25.15));
#4027 = CARTESIAN_POINT('',(81.55779674938,51.389261744966,25.15));
#4028 = CARTESIAN_POINT('',(81.689995805369,51.389261744966,25.15));
#4029 = ORIENTED_EDGE('',*,*,#4030,.F.);
#4030 = EDGE_CURVE('',#4031,#4021,#4033,.T.);
#4031 = VERTEX_POINT('',#4032);
#4032 = CARTESIAN_POINT('',(80.622567114094,51.159731543624,25.15));
#4033 = B_SPLINE_CURVE_WITH_KNOTS('',4,(#4034,#4035,#4036,#4037,#4038),
  .UNSPECIFIED.,.F.,.F.,(5,5),(0.,1.),.PIECEWISE_BEZIER_KNOTS.);
#4034 = CARTESIAN_POINT('',(80.622567114094,51.159731543624,25.15));
#4035 = CARTESIAN_POINT('',(80.754737985478,51.216068205824,25.15));
#4036 = CARTESIAN_POINT('',(80.888101620009,51.263591542815,25.15));
#4037 = CARTESIAN_POINT('',(81.022490415542,51.301995412472,25.15));
#4038 = CARTESIAN_POINT('',(81.157697147651,51.331124161074,25.15));
#4039 = ORIENTED_EDGE('',*,*,#4040,.F.);
#4040 = EDGE_CURVE('',#4041,#4031,#4043,.T.);
#4041 = VERTEX_POINT('',#4042);
#4042 = CARTESIAN_POINT('',(80.622567114094,51.957046979866,25.15));
#4043 = LINE('',#4044,#4045);
#4044 = CARTESIAN_POINT('',(80.622567114094,22.979865771812,25.15));
#4045 = VECTOR('',#4046,1.);
#4046 = DIRECTION('',(0.,-1.,0.));
#4047 = ORIENTED_EDGE('',*,*,#4048,.F.);
#4048 = EDGE_CURVE('',#4049,#4041,#4051,.T.);
#4049 = VERTEX_POINT('',#4050);
#4050 = CARTESIAN_POINT('',(81.262458053691,52.092953020134,25.15));
#4051 = B_SPLINE_CURVE_WITH_KNOTS('',4,(#4052,#4053,#4054,#4055,#4056),
  .UNSPECIFIED.,.F.,.F.,(5,5),(0.,1.),.PIECEWISE_BEZIER_KNOTS.);
#4052 = CARTESIAN_POINT('',(81.262458053691,52.092953020134,25.15));
#4053 = CARTESIAN_POINT('',(81.102884188327,52.070156753654,25.15));
#4054 = CARTESIAN_POINT('',(80.942938389908,52.039796091866,25.15));
#4055 = CARTESIAN_POINT('',(80.782783741319,52.00202006821,25.15));
#4056 = CARTESIAN_POINT('',(80.622567114094,51.957046979866,25.15));
#4057 = ORIENTED_EDGE('',*,*,#4058,.F.);
#4058 = EDGE_CURVE('',#4059,#4049,#4061,.T.);
#4059 = VERTEX_POINT('',#4060);
#4060 = CARTESIAN_POINT('',(81.885360738255,52.138255033557,25.15));
#4061 = B_SPLINE_CURVE_WITH_KNOTS('',4,(#4062,#4063,#4064,#4065,#4066),
  .UNSPECIFIED.,.F.,.F.,(5,5),(0.,1.),.PIECEWISE_BEZIER_KNOTS.);
#4062 = CARTESIAN_POINT('',(81.885360738255,52.138255033557,25.15));
#4063 = CARTESIAN_POINT('',(81.731537907819,52.138255033557,25.15));
#4064 = CARTESIAN_POINT('',(81.576324311125,52.130612354333,25.15));
#4065 = CARTESIAN_POINT('',(81.419904562537,52.115445378541,25.15));
#4066 = CARTESIAN_POINT('',(81.262458053691,52.092953020134,25.15));
#4067 = ORIENTED_EDGE('',*,*,#4068,.F.);
#4068 = EDGE_CURVE('',#4069,#4059,#4071,.T.);
#4069 = VERTEX_POINT('',#4070);
#4070 = CARTESIAN_POINT('',(83.118330536913,51.867764261745,25.15));
#4071 = B_SPLINE_CURVE_WITH_KNOTS('',6,(#4072,#4073,#4074,#4075,#4076,
    #4077,#4078,#4079,#4080,#4081,#4082,#4083),.UNSPECIFIED.,.F.,.F.,(7,
    5,7),(0.,0.460838818708,1.),.UNSPECIFIED.);
#4072 = CARTESIAN_POINT('',(83.118330536913,51.867764261745,25.15));
#4073 = CARTESIAN_POINT('',(83.045278839632,51.916072098479,25.15));
#4074 = CARTESIAN_POINT('',(82.965844102514,51.958173643368,25.15));
#4075 = CARTESIAN_POINT('',(82.881002818856,51.994258586779,25.15));
#4076 = CARTESIAN_POINT('',(82.791752338766,52.024788187072,25.15));
#4077 = CARTESIAN_POINT('',(82.698916714015,52.050264217725,25.15));
#4078 = CARTESIAN_POINT('',(82.491000330232,52.095633708338,25.15));
#4079 = CARTESIAN_POINT('',(82.37485477586,52.113834576981,25.15));
#4080 = CARTESIAN_POINT('',(82.255599705137,52.126566415905,25.15));
#4081 = CARTESIAN_POINT('',(82.133959690858,52.134514322734,25.15));
#4082 = CARTESIAN_POINT('',(82.01044707137,52.138255033557,25.15));
#4083 = CARTESIAN_POINT('',(81.885360738255,52.138255033557,25.15));
#4084 = ORIENTED_EDGE('',*,*,#4085,.F.);
#4085 = EDGE_CURVE('',#4086,#4069,#4088,.T.);
#4086 = VERTEX_POINT('',#4087);
#4087 = CARTESIAN_POINT('',(83.527558724832,51.053838087248,25.15));
#4088 = B_SPLINE_CURVE_WITH_KNOTS('',5,(#4089,#4090,#4091,#4092,#4093,
    #4094,#4095,#4096,#4097,#4098,#4099,#4100,#4101,#4102),
  .UNSPECIFIED.,.F.,.F.,(6,4,4,6),(0.,0.214648825588,0.618478555573,1.),
  .UNSPECIFIED.);
#4089 = CARTESIAN_POINT('',(83.527558724832,51.053838087248,25.15));
#4090 = CARTESIAN_POINT('',(83.527558724832,51.097497991128,25.15));
#4091 = CARTESIAN_POINT('',(83.525908969221,51.140653052421,25.15));
#4092 = CARTESIAN_POINT('',(83.522519367138,51.183221363237,25.15));
#4093 = CARTESIAN_POINT('',(83.51730328526,51.225108401868,25.15));
#4094 = CARTESIAN_POINT('',(83.496815245335,51.343543849799,25.15));
#4095 = CARTESIAN_POINT('',(83.476728456064,51.418125706577,25.15));
#4096 = CARTESIAN_POINT('',(83.449483090663,51.489227086082,25.15));
#4097 = CARTESIAN_POINT('',(83.414883065916,51.556145868224,25.15));
#4098 = CARTESIAN_POINT('',(83.333977758838,51.677151314041,25.15));
#4099 = CARTESIAN_POINT('',(83.288410095812,51.731764539976,25.15));
#4100 = CARTESIAN_POINT('',(83.236865268075,51.781770042214,25.15));
#4101 = CARTESIAN_POINT('',(83.1799361248,51.827072747974,25.15));
#4102 = CARTESIAN_POINT('',(83.118330536913,51.867764261745,25.15));
#4103 = ORIENTED_EDGE('',*,*,#4104,.F.);
#4104 = EDGE_CURVE('',#4105,#4086,#4107,.T.);
#4105 = VERTEX_POINT('',#4106);
#4106 = CARTESIAN_POINT('',(83.332193791946,50.446413590604,25.15));
#4107 = B_SPLINE_CURVE_WITH_KNOTS('',6,(#4108,#4109,#4110,#4111,#4112,
    #4113,#4114,#4115,#4116,#4117,#4118,#4119),.UNSPECIFIED.,.F.,.F.,(7,
    5,7),(0.,0.111950894738,1.),.UNSPECIFIED.);
#4108 = CARTESIAN_POINT('',(83.332193791946,50.446413590604,25.15));
#4109 = CARTESIAN_POINT('',(83.339612437681,50.455394810997,25.15));
#4110 = CARTESIAN_POINT('',(83.346865192915,50.464496103965,25.15));
#4111 = CARTESIAN_POINT('',(83.353951006676,50.473716707162,25.15));
#4112 = CARTESIAN_POINT('',(83.360868944297,50.48305577142,25.15));
#4113 = CARTESIAN_POINT('',(83.367618187416,50.492512360752,25.15));
#4114 = CARTESIAN_POINT('',(83.426392586457,50.57802388453,25.15));
#4115 = CARTESIAN_POINT('',(83.46794301363,50.661314818708,25.15));
#4116 = CARTESIAN_POINT('',(83.498444756654,50.751394098084,25.15));
#4117 = CARTESIAN_POINT('',(83.518117610965,50.847452711718,25.15));
#4118 = CARTESIAN_POINT('',(83.527558724832,50.948574097676,25.15));
#4119 = CARTESIAN_POINT('',(83.527558724832,51.053838087248,25.15));
#4120 = ORIENTED_EDGE('',*,*,#4121,.F.);
#4121 = EDGE_CURVE('',#3765,#4105,#4122,.T.);
#4122 = B_SPLINE_CURVE_WITH_KNOTS('',5,(#4123,#4124,#4125,#4126,#4127,
    #4128,#4129,#4130,#4131,#4132),.UNSPECIFIED.,.F.,.F.,(6,4,6),(0.,
    0.510467929949,1.),.UNSPECIFIED.);
#4123 = CARTESIAN_POINT('',(82.754593120805,50.113821308725,25.15));
#4124 = CARTESIAN_POINT('',(82.828690141165,50.132482780519,25.15));
#4125 = CARTESIAN_POINT('',(82.899682834292,50.154757441251,25.15));
#4126 = CARTESIAN_POINT('',(82.967188471562,50.180852682998,25.15));
#4127 = CARTESIAN_POINT('',(83.030790340533,50.210944833855,25.15));
#4128 = CARTESIAN_POINT('',(83.146999045732,50.277859781097,25.15));
#4129 = CARTESIAN_POINT('',(83.199953534788,50.314357860763,25.15));
#4130 = CARTESIAN_POINT('',(83.24863507074,50.354654126599,25.15));
#4131 = CARTESIAN_POINT('',(83.292768910321,50.398722815922,25.15));
#4132 = CARTESIAN_POINT('',(83.332193791946,50.446413590604,25.15));
#4133 = PLANE('',#4134);
#4134 = AXIS2_PLACEMENT_3D('',#4135,#4136,#4137);
#4135 = CARTESIAN_POINT('',(-4.85,-5.2,25.15));
#4136 = DIRECTION('',(0.,0.,1.));
#4137 = DIRECTION('',(1.,0.,-0.));
#4138 = ADVANCED_FACE('',(#4139),#4165,.T.);
#4139 = FACE_BOUND('',#4140,.F.);
#4140 = EDGE_LOOP('',(#4141,#4149,#4158,#4164));
#4141 = ORIENTED_EDGE('',*,*,#4142,.F.);
#4142 = EDGE_CURVE('',#4143,#49,#4145,.T.);
#4143 = VERTEX_POINT('',#4144);
#4144 = CARTESIAN_POINT('',(94.2,-4.087119154833,23.15));
#4145 = LINE('',#4146,#4147);
#4146 = CARTESIAN_POINT('',(94.2,-4.087119154833,23.15));
#4147 = VECTOR('',#4148,1.);
#4148 = DIRECTION('',(0.,0.,1.));
#4149 = ORIENTED_EDGE('',*,*,#4150,.T.);
#4150 = EDGE_CURVE('',#4143,#4151,#4153,.T.);
#4151 = VERTEX_POINT('',#4152);
#4152 = CARTESIAN_POINT('',(91.2,-5.2,23.15));
#4153 = CIRCLE('',#4154,4.6);
#4154 = AXIS2_PLACEMENT_3D('',#4155,#4156,#4157);
#4155 = CARTESIAN_POINT('',(91.2,-0.6,23.15));
#4156 = DIRECTION('',(-0.,-0.,-1.));
#4157 = DIRECTION('',(0.,-1.,0.));
#4158 = ORIENTED_EDGE('',*,*,#4159,.T.);
#4159 = EDGE_CURVE('',#4151,#41,#4160,.T.);
#4160 = LINE('',#4161,#4162);
#4161 = CARTESIAN_POINT('',(91.2,-5.2,23.15));
#4162 = VECTOR('',#4163,1.);
#4163 = DIRECTION('',(0.,0.,1.));
#4164 = ORIENTED_EDGE('',*,*,#48,.F.);
#4165 = CYLINDRICAL_SURFACE('',#4166,4.6);
#4166 = AXIS2_PLACEMENT_3D('',#4167,#4168,#4169);
#4167 = CARTESIAN_POINT('',(91.2,-0.6,23.15));
#4168 = DIRECTION('',(0.,0.,1.));
#4169 = DIRECTION('',(1.,0.,-0.));
#4170 = ADVANCED_FACE('',(#4171),#4197,.T.);
#4171 = FACE_BOUND('',#4172,.T.);
#4172 = EDGE_LOOP('',(#4173,#4181,#4190,#4196));
#4173 = ORIENTED_EDGE('',*,*,#4174,.F.);
#4174 = EDGE_CURVE('',#4175,#58,#4177,.T.);
#4175 = VERTEX_POINT('',#4176);
#4176 = CARTESIAN_POINT('',(94.2,65.737119154833,23.15));
#4177 = LINE('',#4178,#4179);
#4178 = CARTESIAN_POINT('',(94.2,65.737119154833,23.15));
#4179 = VECTOR('',#4180,1.);
#4180 = DIRECTION('',(0.,0.,1.));
#4181 = ORIENTED_EDGE('',*,*,#4182,.T.);
#4182 = EDGE_CURVE('',#4175,#4183,#4185,.T.);
#4183 = VERTEX_POINT('',#4184);
#4184 = CARTESIAN_POINT('',(91.2,66.85,23.15));
#4185 = CIRCLE('',#4186,4.6);
#4186 = AXIS2_PLACEMENT_3D('',#4187,#4188,#4189);
#4187 = CARTESIAN_POINT('',(91.2,62.25,23.15));
#4188 = DIRECTION('',(0.,0.,1.));
#4189 = DIRECTION('',(0.,-1.,0.));
#4190 = ORIENTED_EDGE('',*,*,#4191,.T.);
#4191 = EDGE_CURVE('',#4183,#66,#4192,.T.);
#4192 = LINE('',#4193,#4194);
#4193 = CARTESIAN_POINT('',(91.2,66.85,23.15));
#4194 = VECTOR('',#4195,1.);
#4195 = DIRECTION('',(0.,0.,1.));
#4196 = ORIENTED_EDGE('',*,*,#65,.F.);
#4197 = CYLINDRICAL_SURFACE('',#4198,4.6);
#4198 = AXIS2_PLACEMENT_3D('',#4199,#4200,#4201);
#4199 = CARTESIAN_POINT('',(91.2,62.25,23.15));
#4200 = DIRECTION('',(0.,0.,1.));
#4201 = DIRECTION('',(1.,0.,-0.));
#4202 = ADVANCED_FACE('',(#4203),#4214,.T.);
#4203 = FACE_BOUND('',#4204,.T.);
#4204 = EDGE_LOOP('',(#4205,#4206,#4207,#4213));
#4205 = ORIENTED_EDGE('',*,*,#57,.F.);
#4206 = ORIENTED_EDGE('',*,*,#4142,.F.);
#4207 = ORIENTED_EDGE('',*,*,#4208,.T.);
#4208 = EDGE_CURVE('',#4143,#4175,#4209,.T.);
#4209 = LINE('',#4210,#4211);
#4210 = CARTESIAN_POINT('',(94.2,-5.7,23.15));
#4211 = VECTOR('',#4212,1.);
#4212 = DIRECTION('',(-0.,1.,0.));
#4213 = ORIENTED_EDGE('',*,*,#4174,.T.);
#4214 = PLANE('',#4215);
#4215 = AXIS2_PLACEMENT_3D('',#4216,#4217,#4218);
#4216 = CARTESIAN_POINT('',(94.2,-6.2,22.15));
#4217 = DIRECTION('',(1.,0.,-0.));
#4218 = DIRECTION('',(0.,0.,1.));
#4219 = ADVANCED_FACE('',(#4220),#4245,.T.);
#4220 = FACE_BOUND('',#4221,.T.);
#4221 = EDGE_LOOP('',(#4222,#4230,#4238,#4244));
#4222 = ORIENTED_EDGE('',*,*,#4223,.F.);
#4223 = EDGE_CURVE('',#4224,#92,#4226,.T.);
#4224 = VERTEX_POINT('',#4225);
#4225 = CARTESIAN_POINT('',(16.,20.,23.15));
#4226 = LINE('',#4227,#4228);
#4227 = CARTESIAN_POINT('',(16.,20.,22.15));
#4228 = VECTOR('',#4229,1.);
#4229 = DIRECTION('',(0.,0.,1.));
#4230 = ORIENTED_EDGE('',*,*,#4231,.T.);
#4231 = EDGE_CURVE('',#4224,#4232,#4234,.T.);
#4232 = VERTEX_POINT('',#4233);
#4233 = CARTESIAN_POINT('',(14.,20.,23.15));
#4234 = LINE('',#4235,#4236);
#4235 = CARTESIAN_POINT('',(4.575,20.,23.15));
#4236 = VECTOR('',#4237,1.);
#4237 = DIRECTION('',(-1.,-0.,0.));
#4238 = ORIENTED_EDGE('',*,*,#4239,.T.);
#4239 = EDGE_CURVE('',#4232,#94,#4240,.T.);
#4240 = LINE('',#4241,#4242);
#4241 = CARTESIAN_POINT('',(14.,20.,22.15));
#4242 = VECTOR('',#4243,1.);
#4243 = DIRECTION('',(0.,0.,1.));
#4244 = ORIENTED_EDGE('',*,*,#91,.F.);
#4245 = PLANE('',#4246);
#4246 = AXIS2_PLACEMENT_3D('',#4247,#4248,#4249);
#4247 = CARTESIAN_POINT('',(14.,20.,22.15));
#4248 = DIRECTION('',(-0.,1.,0.));
#4249 = DIRECTION('',(0.,0.,1.));
#4250 = ADVANCED_FACE('',(#4251),#4269,.F.);
#4251 = FACE_BOUND('',#4252,.F.);
#4252 = EDGE_LOOP('',(#4253,#4254,#4262,#4268));
#4253 = ORIENTED_EDGE('',*,*,#4223,.F.);
#4254 = ORIENTED_EDGE('',*,*,#4255,.T.);
#4255 = EDGE_CURVE('',#4224,#4256,#4258,.T.);
#4256 = VERTEX_POINT('',#4257);
#4257 = CARTESIAN_POINT('',(16.,42.,23.15));
#4258 = LINE('',#4259,#4260);
#4259 = CARTESIAN_POINT('',(16.,7.4,23.15));
#4260 = VECTOR('',#4261,1.);
#4261 = DIRECTION('',(-0.,1.,0.));
#4262 = ORIENTED_EDGE('',*,*,#4263,.T.);
#4263 = EDGE_CURVE('',#4256,#110,#4264,.T.);
#4264 = LINE('',#4265,#4266);
#4265 = CARTESIAN_POINT('',(16.,42.,22.15));
#4266 = VECTOR('',#4267,1.);
#4267 = DIRECTION('',(0.,0.,1.));
#4268 = ORIENTED_EDGE('',*,*,#117,.F.);
#4269 = PLANE('',#4270);
#4270 = AXIS2_PLACEMENT_3D('',#4271,#4272,#4273);
#4271 = CARTESIAN_POINT('',(16.,20.,22.15));
#4272 = DIRECTION('',(1.,0.,-0.));
#4273 = DIRECTION('',(0.,0.,1.));
#4274 = ADVANCED_FACE('',(#4275),#4293,.T.);
#4275 = FACE_BOUND('',#4276,.T.);
#4276 = EDGE_LOOP('',(#4277,#4278,#4286,#4292));
#4277 = ORIENTED_EDGE('',*,*,#4239,.F.);
#4278 = ORIENTED_EDGE('',*,*,#4279,.T.);
#4279 = EDGE_CURVE('',#4232,#4280,#4282,.T.);
#4280 = VERTEX_POINT('',#4281);
#4281 = CARTESIAN_POINT('',(14.,42.,23.15));
#4282 = LINE('',#4283,#4284);
#4283 = CARTESIAN_POINT('',(14.,7.4,23.15));
#4284 = VECTOR('',#4285,1.);
#4285 = DIRECTION('',(-0.,1.,0.));
#4286 = ORIENTED_EDGE('',*,*,#4287,.T.);
#4287 = EDGE_CURVE('',#4280,#102,#4288,.T.);
#4288 = LINE('',#4289,#4290);
#4289 = CARTESIAN_POINT('',(14.,42.,22.15));
#4290 = VECTOR('',#4291,1.);
#4291 = DIRECTION('',(0.,0.,1.));
#4292 = ORIENTED_EDGE('',*,*,#101,.F.);
#4293 = PLANE('',#4294);
#4294 = AXIS2_PLACEMENT_3D('',#4295,#4296,#4297);
#4295 = CARTESIAN_POINT('',(14.,20.,22.15));
#4296 = DIRECTION('',(1.,0.,-0.));
#4297 = DIRECTION('',(0.,0.,1.));
#4298 = ADVANCED_FACE('',(#4299),#4310,.F.);
#4299 = FACE_BOUND('',#4300,.F.);
#4300 = EDGE_LOOP('',(#4301,#4302,#4308,#4309));
#4301 = ORIENTED_EDGE('',*,*,#4263,.F.);
#4302 = ORIENTED_EDGE('',*,*,#4303,.T.);
#4303 = EDGE_CURVE('',#4256,#4280,#4304,.T.);
#4304 = LINE('',#4305,#4306);
#4305 = CARTESIAN_POINT('',(4.575,42.,23.15));
#4306 = VECTOR('',#4307,1.);
#4307 = DIRECTION('',(-1.,-0.,0.));
#4308 = ORIENTED_EDGE('',*,*,#4287,.T.);
#4309 = ORIENTED_EDGE('',*,*,#109,.F.);
#4310 = PLANE('',#4311);
#4311 = AXIS2_PLACEMENT_3D('',#4312,#4313,#4314);
#4312 = CARTESIAN_POINT('',(14.,42.,22.15));
#4313 = DIRECTION('',(-0.,1.,0.));
#4314 = DIRECTION('',(0.,0.,1.));
#4315 = ADVANCED_FACE('',(#4316),#4341,.T.);
#4316 = FACE_BOUND('',#4317,.T.);
#4317 = EDGE_LOOP('',(#4318,#4326,#4334,#4340));
#4318 = ORIENTED_EDGE('',*,*,#4319,.F.);
#4319 = EDGE_CURVE('',#4320,#126,#4322,.T.);
#4320 = VERTEX_POINT('',#4321);
#4321 = CARTESIAN_POINT('',(20.5,20.,23.15));
#4322 = LINE('',#4323,#4324);
#4323 = CARTESIAN_POINT('',(20.5,20.,22.15));
#4324 = VECTOR('',#4325,1.);
#4325 = DIRECTION('',(0.,0.,1.));
#4326 = ORIENTED_EDGE('',*,*,#4327,.T.);
#4327 = EDGE_CURVE('',#4320,#4328,#4330,.T.);
#4328 = VERTEX_POINT('',#4329);
#4329 = CARTESIAN_POINT('',(18.5,20.,23.15));
#4330 = LINE('',#4331,#4332);
#4331 = CARTESIAN_POINT('',(6.825,20.,23.15));
#4332 = VECTOR('',#4333,1.);
#4333 = DIRECTION('',(-1.,-0.,0.));
#4334 = ORIENTED_EDGE('',*,*,#4335,.T.);
#4335 = EDGE_CURVE('',#4328,#128,#4336,.T.);
#4336 = LINE('',#4337,#4338);
#4337 = CARTESIAN_POINT('',(18.5,20.,22.15));
#4338 = VECTOR('',#4339,1.);
#4339 = DIRECTION('',(0.,0.,1.));
#4340 = ORIENTED_EDGE('',*,*,#125,.F.);
#4341 = PLANE('',#4342);
#4342 = AXIS2_PLACEMENT_3D('',#4343,#4344,#4345);
#4343 = CARTESIAN_POINT('',(18.5,20.,22.15));
#4344 = DIRECTION('',(-0.,1.,0.));
#4345 = DIRECTION('',(0.,0.,1.));
#4346 = ADVANCED_FACE('',(#4347),#4365,.F.);
#4347 = FACE_BOUND('',#4348,.F.);
#4348 = EDGE_LOOP('',(#4349,#4350,#4358,#4364));
#4349 = ORIENTED_EDGE('',*,*,#4319,.F.);
#4350 = ORIENTED_EDGE('',*,*,#4351,.T.);
#4351 = EDGE_CURVE('',#4320,#4352,#4354,.T.);
#4352 = VERTEX_POINT('',#4353);
#4353 = CARTESIAN_POINT('',(20.5,42.,23.15));
#4354 = LINE('',#4355,#4356);
#4355 = CARTESIAN_POINT('',(20.5,7.4,23.15));
#4356 = VECTOR('',#4357,1.);
#4357 = DIRECTION('',(-0.,1.,0.));
#4358 = ORIENTED_EDGE('',*,*,#4359,.T.);
#4359 = EDGE_CURVE('',#4352,#144,#4360,.T.);
#4360 = LINE('',#4361,#4362);
#4361 = CARTESIAN_POINT('',(20.5,42.,22.15));
#4362 = VECTOR('',#4363,1.);
#4363 = DIRECTION('',(0.,0.,1.));
#4364 = ORIENTED_EDGE('',*,*,#151,.F.);
#4365 = PLANE('',#4366);
#4366 = AXIS2_PLACEMENT_3D('',#4367,#4368,#4369);
#4367 = CARTESIAN_POINT('',(20.5,20.,22.15));
#4368 = DIRECTION('',(1.,0.,-0.));
#4369 = DIRECTION('',(0.,0.,1.));
#4370 = ADVANCED_FACE('',(#4371),#4389,.T.);
#4371 = FACE_BOUND('',#4372,.T.);
#4372 = EDGE_LOOP('',(#4373,#4374,#4382,#4388));
#4373 = ORIENTED_EDGE('',*,*,#4335,.F.);
#4374 = ORIENTED_EDGE('',*,*,#4375,.T.);
#4375 = EDGE_CURVE('',#4328,#4376,#4378,.T.);
#4376 = VERTEX_POINT('',#4377);
#4377 = CARTESIAN_POINT('',(18.5,42.,23.15));
#4378 = LINE('',#4379,#4380);
#4379 = CARTESIAN_POINT('',(18.5,7.4,23.15));
#4380 = VECTOR('',#4381,1.);
#4381 = DIRECTION('',(-0.,1.,0.));
#4382 = ORIENTED_EDGE('',*,*,#4383,.T.);
#4383 = EDGE_CURVE('',#4376,#136,#4384,.T.);
#4384 = LINE('',#4385,#4386);
#4385 = CARTESIAN_POINT('',(18.5,42.,22.15));
#4386 = VECTOR('',#4387,1.);
#4387 = DIRECTION('',(0.,0.,1.));
#4388 = ORIENTED_EDGE('',*,*,#135,.F.);
#4389 = PLANE('',#4390);
#4390 = AXIS2_PLACEMENT_3D('',#4391,#4392,#4393);
#4391 = CARTESIAN_POINT('',(18.5,20.,22.15));
#4392 = DIRECTION('',(1.,0.,-0.));
#4393 = DIRECTION('',(0.,0.,1.));
#4394 = ADVANCED_FACE('',(#4395),#4406,.F.);
#4395 = FACE_BOUND('',#4396,.F.);
#4396 = EDGE_LOOP('',(#4397,#4398,#4404,#4405));
#4397 = ORIENTED_EDGE('',*,*,#4359,.F.);
#4398 = ORIENTED_EDGE('',*,*,#4399,.T.);
#4399 = EDGE_CURVE('',#4352,#4376,#4400,.T.);
#4400 = LINE('',#4401,#4402);
#4401 = CARTESIAN_POINT('',(6.825,42.,23.15));
#4402 = VECTOR('',#4403,1.);
#4403 = DIRECTION('',(-1.,-0.,0.));
#4404 = ORIENTED_EDGE('',*,*,#4383,.T.);
#4405 = ORIENTED_EDGE('',*,*,#143,.F.);
#4406 = PLANE('',#4407);
#4407 = AXIS2_PLACEMENT_3D('',#4408,#4409,#4410);
#4408 = CARTESIAN_POINT('',(18.5,42.,22.15));
#4409 = DIRECTION('',(-0.,1.,0.));
#4410 = DIRECTION('',(0.,0.,1.));
#4411 = ADVANCED_FACE('',(#4412),#4437,.T.);
#4412 = FACE_BOUND('',#4413,.T.);
#4413 = EDGE_LOOP('',(#4414,#4422,#4430,#4436));
#4414 = ORIENTED_EDGE('',*,*,#4415,.F.);
#4415 = EDGE_CURVE('',#4416,#160,#4418,.T.);
#4416 = VERTEX_POINT('',#4417);
#4417 = CARTESIAN_POINT('',(25.,20.,23.15));
#4418 = LINE('',#4419,#4420);
#4419 = CARTESIAN_POINT('',(25.,20.,22.15));
#4420 = VECTOR('',#4421,1.);
#4421 = DIRECTION('',(0.,0.,1.));
#4422 = ORIENTED_EDGE('',*,*,#4423,.T.);
#4423 = EDGE_CURVE('',#4416,#4424,#4426,.T.);
#4424 = VERTEX_POINT('',#4425);
#4425 = CARTESIAN_POINT('',(23.,20.,23.15));
#4426 = LINE('',#4427,#4428);
#4427 = CARTESIAN_POINT('',(9.075,20.,23.15));
#4428 = VECTOR('',#4429,1.);
#4429 = DIRECTION('',(-1.,-0.,0.));
#4430 = ORIENTED_EDGE('',*,*,#4431,.T.);
#4431 = EDGE_CURVE('',#4424,#162,#4432,.T.);
#4432 = LINE('',#4433,#4434);
#4433 = CARTESIAN_POINT('',(23.,20.,22.15));
#4434 = VECTOR('',#4435,1.);
#4435 = DIRECTION('',(0.,0.,1.));
#4436 = ORIENTED_EDGE('',*,*,#159,.F.);
#4437 = PLANE('',#4438);
#4438 = AXIS2_PLACEMENT_3D('',#4439,#4440,#4441);
#4439 = CARTESIAN_POINT('',(23.,20.,22.15));
#4440 = DIRECTION('',(-0.,1.,0.));
#4441 = DIRECTION('',(0.,0.,1.));
#4442 = ADVANCED_FACE('',(#4443),#4461,.F.);
#4443 = FACE_BOUND('',#4444,.F.);
#4444 = EDGE_LOOP('',(#4445,#4446,#4454,#4460));
#4445 = ORIENTED_EDGE('',*,*,#4415,.F.);
#4446 = ORIENTED_EDGE('',*,*,#4447,.T.);
#4447 = EDGE_CURVE('',#4416,#4448,#4450,.T.);
#4448 = VERTEX_POINT('',#4449);
#4449 = CARTESIAN_POINT('',(25.,42.,23.15));
#4450 = LINE('',#4451,#4452);
#4451 = CARTESIAN_POINT('',(25.,7.4,23.15));
#4452 = VECTOR('',#4453,1.);
#4453 = DIRECTION('',(-0.,1.,0.));
#4454 = ORIENTED_EDGE('',*,*,#4455,.T.);
#4455 = EDGE_CURVE('',#4448,#178,#4456,.T.);
#4456 = LINE('',#4457,#4458);
#4457 = CARTESIAN_POINT('',(25.,42.,22.15));
#4458 = VECTOR('',#4459,1.);
#4459 = DIRECTION('',(0.,0.,1.));
#4460 = ORIENTED_EDGE('',*,*,#185,.F.);
#4461 = PLANE('',#4462);
#4462 = AXIS2_PLACEMENT_3D('',#4463,#4464,#4465);
#4463 = CARTESIAN_POINT('',(25.,20.,22.15));
#4464 = DIRECTION('',(1.,0.,-0.));
#4465 = DIRECTION('',(0.,0.,1.));
#4466 = ADVANCED_FACE('',(#4467),#4485,.T.);
#4467 = FACE_BOUND('',#4468,.T.);
#4468 = EDGE_LOOP('',(#4469,#4470,#4478,#4484));
#4469 = ORIENTED_EDGE('',*,*,#4431,.F.);
#4470 = ORIENTED_EDGE('',*,*,#4471,.T.);
#4471 = EDGE_CURVE('',#4424,#4472,#4474,.T.);
#4472 = VERTEX_POINT('',#4473);
#4473 = CARTESIAN_POINT('',(23.,42.,23.15));
#4474 = LINE('',#4475,#4476);
#4475 = CARTESIAN_POINT('',(23.,7.4,23.15));
#4476 = VECTOR('',#4477,1.);
#4477 = DIRECTION('',(-0.,1.,0.));
#4478 = ORIENTED_EDGE('',*,*,#4479,.T.);
#4479 = EDGE_CURVE('',#4472,#170,#4480,.T.);
#4480 = LINE('',#4481,#4482);
#4481 = CARTESIAN_POINT('',(23.,42.,22.15));
#4482 = VECTOR('',#4483,1.);
#4483 = DIRECTION('',(0.,0.,1.));
#4484 = ORIENTED_EDGE('',*,*,#169,.F.);
#4485 = PLANE('',#4486);
#4486 = AXIS2_PLACEMENT_3D('',#4487,#4488,#4489);
#4487 = CARTESIAN_POINT('',(23.,20.,22.15));
#4488 = DIRECTION('',(1.,0.,-0.));
#4489 = DIRECTION('',(0.,0.,1.));
#4490 = ADVANCED_FACE('',(#4491),#4502,.F.);
#4491 = FACE_BOUND('',#4492,.F.);
#4492 = EDGE_LOOP('',(#4493,#4494,#4500,#4501));
#4493 = ORIENTED_EDGE('',*,*,#4455,.F.);
#4494 = ORIENTED_EDGE('',*,*,#4495,.T.);
#4495 = EDGE_CURVE('',#4448,#4472,#4496,.T.);
#4496 = LINE('',#4497,#4498);
#4497 = CARTESIAN_POINT('',(9.075,42.,23.15));
#4498 = VECTOR('',#4499,1.);
#4499 = DIRECTION('',(-1.,-0.,0.));
#4500 = ORIENTED_EDGE('',*,*,#4479,.T.);
#4501 = ORIENTED_EDGE('',*,*,#177,.F.);
#4502 = PLANE('',#4503);
#4503 = AXIS2_PLACEMENT_3D('',#4504,#4505,#4506);
#4504 = CARTESIAN_POINT('',(23.,42.,22.15));
#4505 = DIRECTION('',(-0.,1.,0.));
#4506 = DIRECTION('',(0.,0.,1.));
#4507 = ADVANCED_FACE('',(#4508),#4533,.T.);
#4508 = FACE_BOUND('',#4509,.T.);
#4509 = EDGE_LOOP('',(#4510,#4518,#4526,#4532));
#4510 = ORIENTED_EDGE('',*,*,#4511,.F.);
#4511 = EDGE_CURVE('',#4512,#194,#4514,.T.);
#4512 = VERTEX_POINT('',#4513);
#4513 = CARTESIAN_POINT('',(29.5,20.,23.15));
#4514 = LINE('',#4515,#4516);
#4515 = CARTESIAN_POINT('',(29.5,20.,22.15));
#4516 = VECTOR('',#4517,1.);
#4517 = DIRECTION('',(0.,0.,1.));
#4518 = ORIENTED_EDGE('',*,*,#4519,.T.);
#4519 = EDGE_CURVE('',#4512,#4520,#4522,.T.);
#4520 = VERTEX_POINT('',#4521);
#4521 = CARTESIAN_POINT('',(27.5,20.,23.15));
#4522 = LINE('',#4523,#4524);
#4523 = CARTESIAN_POINT('',(11.325,20.,23.15));
#4524 = VECTOR('',#4525,1.);
#4525 = DIRECTION('',(-1.,-0.,0.));
#4526 = ORIENTED_EDGE('',*,*,#4527,.T.);
#4527 = EDGE_CURVE('',#4520,#196,#4528,.T.);
#4528 = LINE('',#4529,#4530);
#4529 = CARTESIAN_POINT('',(27.5,20.,22.15));
#4530 = VECTOR('',#4531,1.);
#4531 = DIRECTION('',(0.,0.,1.));
#4532 = ORIENTED_EDGE('',*,*,#193,.F.);
#4533 = PLANE('',#4534);
#4534 = AXIS2_PLACEMENT_3D('',#4535,#4536,#4537);
#4535 = CARTESIAN_POINT('',(27.5,20.,22.15));
#4536 = DIRECTION('',(-0.,1.,0.));
#4537 = DIRECTION('',(0.,0.,1.));
#4538 = ADVANCED_FACE('',(#4539),#4557,.F.);
#4539 = FACE_BOUND('',#4540,.F.);
#4540 = EDGE_LOOP('',(#4541,#4542,#4550,#4556));
#4541 = ORIENTED_EDGE('',*,*,#4511,.F.);
#4542 = ORIENTED_EDGE('',*,*,#4543,.T.);
#4543 = EDGE_CURVE('',#4512,#4544,#4546,.T.);
#4544 = VERTEX_POINT('',#4545);
#4545 = CARTESIAN_POINT('',(29.5,42.,23.15));
#4546 = LINE('',#4547,#4548);
#4547 = CARTESIAN_POINT('',(29.5,7.4,23.15));
#4548 = VECTOR('',#4549,1.);
#4549 = DIRECTION('',(-0.,1.,0.));
#4550 = ORIENTED_EDGE('',*,*,#4551,.T.);
#4551 = EDGE_CURVE('',#4544,#212,#4552,.T.);
#4552 = LINE('',#4553,#4554);
#4553 = CARTESIAN_POINT('',(29.5,42.,22.15));
#4554 = VECTOR('',#4555,1.);
#4555 = DIRECTION('',(0.,0.,1.));
#4556 = ORIENTED_EDGE('',*,*,#219,.F.);
#4557 = PLANE('',#4558);
#4558 = AXIS2_PLACEMENT_3D('',#4559,#4560,#4561);
#4559 = CARTESIAN_POINT('',(29.5,20.,22.15));
#4560 = DIRECTION('',(1.,0.,-0.));
#4561 = DIRECTION('',(0.,0.,1.));
#4562 = ADVANCED_FACE('',(#4563),#4581,.T.);
#4563 = FACE_BOUND('',#4564,.T.);
#4564 = EDGE_LOOP('',(#4565,#4566,#4574,#4580));
#4565 = ORIENTED_EDGE('',*,*,#4527,.F.);
#4566 = ORIENTED_EDGE('',*,*,#4567,.T.);
#4567 = EDGE_CURVE('',#4520,#4568,#4570,.T.);
#4568 = VERTEX_POINT('',#4569);
#4569 = CARTESIAN_POINT('',(27.5,42.,23.15));
#4570 = LINE('',#4571,#4572);
#4571 = CARTESIAN_POINT('',(27.5,7.4,23.15));
#4572 = VECTOR('',#4573,1.);
#4573 = DIRECTION('',(-0.,1.,0.));
#4574 = ORIENTED_EDGE('',*,*,#4575,.T.);
#4575 = EDGE_CURVE('',#4568,#204,#4576,.T.);
#4576 = LINE('',#4577,#4578);
#4577 = CARTESIAN_POINT('',(27.5,42.,22.15));
#4578 = VECTOR('',#4579,1.);
#4579 = DIRECTION('',(0.,0.,1.));
#4580 = ORIENTED_EDGE('',*,*,#203,.F.);
#4581 = PLANE('',#4582);
#4582 = AXIS2_PLACEMENT_3D('',#4583,#4584,#4585);
#4583 = CARTESIAN_POINT('',(27.5,20.,22.15));
#4584 = DIRECTION('',(1.,0.,-0.));
#4585 = DIRECTION('',(0.,0.,1.));
#4586 = ADVANCED_FACE('',(#4587),#4598,.F.);
#4587 = FACE_BOUND('',#4588,.F.);
#4588 = EDGE_LOOP('',(#4589,#4590,#4596,#4597));
#4589 = ORIENTED_EDGE('',*,*,#4551,.F.);
#4590 = ORIENTED_EDGE('',*,*,#4591,.T.);
#4591 = EDGE_CURVE('',#4544,#4568,#4592,.T.);
#4592 = LINE('',#4593,#4594);
#4593 = CARTESIAN_POINT('',(11.325,42.,23.15));
#4594 = VECTOR('',#4595,1.);
#4595 = DIRECTION('',(-1.,-0.,0.));
#4596 = ORIENTED_EDGE('',*,*,#4575,.T.);
#4597 = ORIENTED_EDGE('',*,*,#211,.F.);
#4598 = PLANE('',#4599);
#4599 = AXIS2_PLACEMENT_3D('',#4600,#4601,#4602);
#4600 = CARTESIAN_POINT('',(27.5,42.,22.15));
#4601 = DIRECTION('',(-0.,1.,0.));
#4602 = DIRECTION('',(0.,0.,1.));
#4603 = ADVANCED_FACE('',(#4604),#4629,.T.);
#4604 = FACE_BOUND('',#4605,.T.);
#4605 = EDGE_LOOP('',(#4606,#4614,#4622,#4628));
#4606 = ORIENTED_EDGE('',*,*,#4607,.F.);
#4607 = EDGE_CURVE('',#4608,#228,#4610,.T.);
#4608 = VERTEX_POINT('',#4609);
#4609 = CARTESIAN_POINT('',(34.,20.,23.15));
#4610 = LINE('',#4611,#4612);
#4611 = CARTESIAN_POINT('',(34.,20.,22.15));
#4612 = VECTOR('',#4613,1.);
#4613 = DIRECTION('',(0.,0.,1.));
#4614 = ORIENTED_EDGE('',*,*,#4615,.T.);
#4615 = EDGE_CURVE('',#4608,#4616,#4618,.T.);
#4616 = VERTEX_POINT('',#4617);
#4617 = CARTESIAN_POINT('',(32.,20.,23.15));
#4618 = LINE('',#4619,#4620);
#4619 = CARTESIAN_POINT('',(13.575,20.,23.15));
#4620 = VECTOR('',#4621,1.);
#4621 = DIRECTION('',(-1.,-0.,0.));
#4622 = ORIENTED_EDGE('',*,*,#4623,.T.);
#4623 = EDGE_CURVE('',#4616,#230,#4624,.T.);
#4624 = LINE('',#4625,#4626);
#4625 = CARTESIAN_POINT('',(32.,20.,22.15));
#4626 = VECTOR('',#4627,1.);
#4627 = DIRECTION('',(0.,0.,1.));
#4628 = ORIENTED_EDGE('',*,*,#227,.F.);
#4629 = PLANE('',#4630);
#4630 = AXIS2_PLACEMENT_3D('',#4631,#4632,#4633);
#4631 = CARTESIAN_POINT('',(32.,20.,22.15));
#4632 = DIRECTION('',(-0.,1.,0.));
#4633 = DIRECTION('',(0.,0.,1.));
#4634 = ADVANCED_FACE('',(#4635),#4653,.F.);
#4635 = FACE_BOUND('',#4636,.F.);
#4636 = EDGE_LOOP('',(#4637,#4638,#4646,#4652));
#4637 = ORIENTED_EDGE('',*,*,#4607,.F.);
#4638 = ORIENTED_EDGE('',*,*,#4639,.T.);
#4639 = EDGE_CURVE('',#4608,#4640,#4642,.T.);
#4640 = VERTEX_POINT('',#4641);
#4641 = CARTESIAN_POINT('',(34.,42.,23.15));
#4642 = LINE('',#4643,#4644);
#4643 = CARTESIAN_POINT('',(34.,7.4,23.15));
#4644 = VECTOR('',#4645,1.);
#4645 = DIRECTION('',(-0.,1.,0.));
#4646 = ORIENTED_EDGE('',*,*,#4647,.T.);
#4647 = EDGE_CURVE('',#4640,#246,#4648,.T.);
#4648 = LINE('',#4649,#4650);
#4649 = CARTESIAN_POINT('',(34.,42.,22.15));
#4650 = VECTOR('',#4651,1.);
#4651 = DIRECTION('',(0.,0.,1.));
#4652 = ORIENTED_EDGE('',*,*,#253,.F.);
#4653 = PLANE('',#4654);
#4654 = AXIS2_PLACEMENT_3D('',#4655,#4656,#4657);
#4655 = CARTESIAN_POINT('',(34.,20.,22.15));
#4656 = DIRECTION('',(1.,0.,-0.));
#4657 = DIRECTION('',(0.,0.,1.));
#4658 = ADVANCED_FACE('',(#4659),#4677,.T.);
#4659 = FACE_BOUND('',#4660,.T.);
#4660 = EDGE_LOOP('',(#4661,#4662,#4670,#4676));
#4661 = ORIENTED_EDGE('',*,*,#4623,.F.);
#4662 = ORIENTED_EDGE('',*,*,#4663,.T.);
#4663 = EDGE_CURVE('',#4616,#4664,#4666,.T.);
#4664 = VERTEX_POINT('',#4665);
#4665 = CARTESIAN_POINT('',(32.,42.,23.15));
#4666 = LINE('',#4667,#4668);
#4667 = CARTESIAN_POINT('',(32.,7.4,23.15));
#4668 = VECTOR('',#4669,1.);
#4669 = DIRECTION('',(-0.,1.,0.));
#4670 = ORIENTED_EDGE('',*,*,#4671,.T.);
#4671 = EDGE_CURVE('',#4664,#238,#4672,.T.);
#4672 = LINE('',#4673,#4674);
#4673 = CARTESIAN_POINT('',(32.,42.,22.15));
#4674 = VECTOR('',#4675,1.);
#4675 = DIRECTION('',(0.,0.,1.));
#4676 = ORIENTED_EDGE('',*,*,#237,.F.);
#4677 = PLANE('',#4678);
#4678 = AXIS2_PLACEMENT_3D('',#4679,#4680,#4681);
#4679 = CARTESIAN_POINT('',(32.,20.,22.15));
#4680 = DIRECTION('',(1.,0.,-0.));
#4681 = DIRECTION('',(0.,0.,1.));
#4682 = ADVANCED_FACE('',(#4683),#4694,.F.);
#4683 = FACE_BOUND('',#4684,.F.);
#4684 = EDGE_LOOP('',(#4685,#4686,#4692,#4693));
#4685 = ORIENTED_EDGE('',*,*,#4647,.F.);
#4686 = ORIENTED_EDGE('',*,*,#4687,.T.);
#4687 = EDGE_CURVE('',#4640,#4664,#4688,.T.);
#4688 = LINE('',#4689,#4690);
#4689 = CARTESIAN_POINT('',(13.575,42.,23.15));
#4690 = VECTOR('',#4691,1.);
#4691 = DIRECTION('',(-1.,-0.,0.));
#4692 = ORIENTED_EDGE('',*,*,#4671,.T.);
#4693 = ORIENTED_EDGE('',*,*,#245,.F.);
#4694 = PLANE('',#4695);
#4695 = AXIS2_PLACEMENT_3D('',#4696,#4697,#4698);
#4696 = CARTESIAN_POINT('',(32.,42.,22.15));
#4697 = DIRECTION('',(-0.,1.,0.));
#4698 = DIRECTION('',(0.,0.,1.));
#4699 = ADVANCED_FACE('',(#4700),#4725,.T.);
#4700 = FACE_BOUND('',#4701,.T.);
#4701 = EDGE_LOOP('',(#4702,#4710,#4718,#4724));
#4702 = ORIENTED_EDGE('',*,*,#4703,.F.);
#4703 = EDGE_CURVE('',#4704,#262,#4706,.T.);
#4704 = VERTEX_POINT('',#4705);
#4705 = CARTESIAN_POINT('',(38.5,20.,23.15));
#4706 = LINE('',#4707,#4708);
#4707 = CARTESIAN_POINT('',(38.5,20.,22.15));
#4708 = VECTOR('',#4709,1.);
#4709 = DIRECTION('',(0.,0.,1.));
#4710 = ORIENTED_EDGE('',*,*,#4711,.T.);
#4711 = EDGE_CURVE('',#4704,#4712,#4714,.T.);
#4712 = VERTEX_POINT('',#4713);
#4713 = CARTESIAN_POINT('',(36.5,20.,23.15));
#4714 = LINE('',#4715,#4716);
#4715 = CARTESIAN_POINT('',(15.825,20.,23.15));
#4716 = VECTOR('',#4717,1.);
#4717 = DIRECTION('',(-1.,-0.,0.));
#4718 = ORIENTED_EDGE('',*,*,#4719,.T.);
#4719 = EDGE_CURVE('',#4712,#264,#4720,.T.);
#4720 = LINE('',#4721,#4722);
#4721 = CARTESIAN_POINT('',(36.5,20.,22.15));
#4722 = VECTOR('',#4723,1.);
#4723 = DIRECTION('',(0.,0.,1.));
#4724 = ORIENTED_EDGE('',*,*,#261,.F.);
#4725 = PLANE('',#4726);
#4726 = AXIS2_PLACEMENT_3D('',#4727,#4728,#4729);
#4727 = CARTESIAN_POINT('',(36.5,20.,22.15));
#4728 = DIRECTION('',(-0.,1.,0.));
#4729 = DIRECTION('',(0.,0.,1.));
#4730 = ADVANCED_FACE('',(#4731),#4749,.F.);
#4731 = FACE_BOUND('',#4732,.F.);
#4732 = EDGE_LOOP('',(#4733,#4734,#4742,#4748));
#4733 = ORIENTED_EDGE('',*,*,#4703,.F.);
#4734 = ORIENTED_EDGE('',*,*,#4735,.T.);
#4735 = EDGE_CURVE('',#4704,#4736,#4738,.T.);
#4736 = VERTEX_POINT('',#4737);
#4737 = CARTESIAN_POINT('',(38.5,42.,23.15));
#4738 = LINE('',#4739,#4740);
#4739 = CARTESIAN_POINT('',(38.5,7.4,23.15));
#4740 = VECTOR('',#4741,1.);
#4741 = DIRECTION('',(-0.,1.,0.));
#4742 = ORIENTED_EDGE('',*,*,#4743,.T.);
#4743 = EDGE_CURVE('',#4736,#280,#4744,.T.);
#4744 = LINE('',#4745,#4746);
#4745 = CARTESIAN_POINT('',(38.5,42.,22.15));
#4746 = VECTOR('',#4747,1.);
#4747 = DIRECTION('',(0.,0.,1.));
#4748 = ORIENTED_EDGE('',*,*,#287,.F.);
#4749 = PLANE('',#4750);
#4750 = AXIS2_PLACEMENT_3D('',#4751,#4752,#4753);
#4751 = CARTESIAN_POINT('',(38.5,20.,22.15));
#4752 = DIRECTION('',(1.,0.,-0.));
#4753 = DIRECTION('',(0.,0.,1.));
#4754 = ADVANCED_FACE('',(#4755),#4773,.T.);
#4755 = FACE_BOUND('',#4756,.T.);
#4756 = EDGE_LOOP('',(#4757,#4758,#4766,#4772));
#4757 = ORIENTED_EDGE('',*,*,#4719,.F.);
#4758 = ORIENTED_EDGE('',*,*,#4759,.T.);
#4759 = EDGE_CURVE('',#4712,#4760,#4762,.T.);
#4760 = VERTEX_POINT('',#4761);
#4761 = CARTESIAN_POINT('',(36.5,42.,23.15));
#4762 = LINE('',#4763,#4764);
#4763 = CARTESIAN_POINT('',(36.5,7.4,23.15));
#4764 = VECTOR('',#4765,1.);
#4765 = DIRECTION('',(-0.,1.,0.));
#4766 = ORIENTED_EDGE('',*,*,#4767,.T.);
#4767 = EDGE_CURVE('',#4760,#272,#4768,.T.);
#4768 = LINE('',#4769,#4770);
#4769 = CARTESIAN_POINT('',(36.5,42.,22.15));
#4770 = VECTOR('',#4771,1.);
#4771 = DIRECTION('',(0.,0.,1.));
#4772 = ORIENTED_EDGE('',*,*,#271,.F.);
#4773 = PLANE('',#4774);
#4774 = AXIS2_PLACEMENT_3D('',#4775,#4776,#4777);
#4775 = CARTESIAN_POINT('',(36.5,20.,22.15));
#4776 = DIRECTION('',(1.,0.,-0.));
#4777 = DIRECTION('',(0.,0.,1.));
#4778 = ADVANCED_FACE('',(#4779),#4790,.F.);
#4779 = FACE_BOUND('',#4780,.F.);
#4780 = EDGE_LOOP('',(#4781,#4782,#4788,#4789));
#4781 = ORIENTED_EDGE('',*,*,#4743,.F.);
#4782 = ORIENTED_EDGE('',*,*,#4783,.T.);
#4783 = EDGE_CURVE('',#4736,#4760,#4784,.T.);
#4784 = LINE('',#4785,#4786);
#4785 = CARTESIAN_POINT('',(15.825,42.,23.15));
#4786 = VECTOR('',#4787,1.);
#4787 = DIRECTION('',(-1.,-0.,0.));
#4788 = ORIENTED_EDGE('',*,*,#4767,.T.);
#4789 = ORIENTED_EDGE('',*,*,#279,.F.);
#4790 = PLANE('',#4791);
#4791 = AXIS2_PLACEMENT_3D('',#4792,#4793,#4794);
#4792 = CARTESIAN_POINT('',(36.5,42.,22.15));
#4793 = DIRECTION('',(-0.,1.,0.));
#4794 = DIRECTION('',(0.,0.,1.));
#4795 = ADVANCED_FACE('',(#4796),#4821,.T.);
#4796 = FACE_BOUND('',#4797,.T.);
#4797 = EDGE_LOOP('',(#4798,#4806,#4814,#4820));
#4798 = ORIENTED_EDGE('',*,*,#4799,.F.);
#4799 = EDGE_CURVE('',#4800,#296,#4802,.T.);
#4800 = VERTEX_POINT('',#4801);
#4801 = CARTESIAN_POINT('',(43.,20.,23.15));
#4802 = LINE('',#4803,#4804);
#4803 = CARTESIAN_POINT('',(43.,20.,22.15));
#4804 = VECTOR('',#4805,1.);
#4805 = DIRECTION('',(0.,0.,1.));
#4806 = ORIENTED_EDGE('',*,*,#4807,.T.);
#4807 = EDGE_CURVE('',#4800,#4808,#4810,.T.);
#4808 = VERTEX_POINT('',#4809);
#4809 = CARTESIAN_POINT('',(41.,20.,23.15));
#4810 = LINE('',#4811,#4812);
#4811 = CARTESIAN_POINT('',(18.075,20.,23.15));
#4812 = VECTOR('',#4813,1.);
#4813 = DIRECTION('',(-1.,-0.,0.));
#4814 = ORIENTED_EDGE('',*,*,#4815,.T.);
#4815 = EDGE_CURVE('',#4808,#298,#4816,.T.);
#4816 = LINE('',#4817,#4818);
#4817 = CARTESIAN_POINT('',(41.,20.,22.15));
#4818 = VECTOR('',#4819,1.);
#4819 = DIRECTION('',(0.,0.,1.));
#4820 = ORIENTED_EDGE('',*,*,#295,.F.);
#4821 = PLANE('',#4822);
#4822 = AXIS2_PLACEMENT_3D('',#4823,#4824,#4825);
#4823 = CARTESIAN_POINT('',(41.,20.,22.15));
#4824 = DIRECTION('',(-0.,1.,0.));
#4825 = DIRECTION('',(0.,0.,1.));
#4826 = ADVANCED_FACE('',(#4827),#4845,.F.);
#4827 = FACE_BOUND('',#4828,.F.);
#4828 = EDGE_LOOP('',(#4829,#4830,#4838,#4844));
#4829 = ORIENTED_EDGE('',*,*,#4799,.F.);
#4830 = ORIENTED_EDGE('',*,*,#4831,.T.);
#4831 = EDGE_CURVE('',#4800,#4832,#4834,.T.);
#4832 = VERTEX_POINT('',#4833);
#4833 = CARTESIAN_POINT('',(43.,42.,23.15));
#4834 = LINE('',#4835,#4836);
#4835 = CARTESIAN_POINT('',(43.,7.4,23.15));
#4836 = VECTOR('',#4837,1.);
#4837 = DIRECTION('',(-0.,1.,0.));
#4838 = ORIENTED_EDGE('',*,*,#4839,.T.);
#4839 = EDGE_CURVE('',#4832,#314,#4840,.T.);
#4840 = LINE('',#4841,#4842);
#4841 = CARTESIAN_POINT('',(43.,42.,22.15));
#4842 = VECTOR('',#4843,1.);
#4843 = DIRECTION('',(0.,0.,1.));
#4844 = ORIENTED_EDGE('',*,*,#321,.F.);
#4845 = PLANE('',#4846);
#4846 = AXIS2_PLACEMENT_3D('',#4847,#4848,#4849);
#4847 = CARTESIAN_POINT('',(43.,20.,22.15));
#4848 = DIRECTION('',(1.,0.,-0.));
#4849 = DIRECTION('',(0.,0.,1.));
#4850 = ADVANCED_FACE('',(#4851),#4869,.T.);
#4851 = FACE_BOUND('',#4852,.T.);
#4852 = EDGE_LOOP('',(#4853,#4854,#4862,#4868));
#4853 = ORIENTED_EDGE('',*,*,#4815,.F.);
#4854 = ORIENTED_EDGE('',*,*,#4855,.T.);
#4855 = EDGE_CURVE('',#4808,#4856,#4858,.T.);
#4856 = VERTEX_POINT('',#4857);
#4857 = CARTESIAN_POINT('',(41.,42.,23.15));
#4858 = LINE('',#4859,#4860);
#4859 = CARTESIAN_POINT('',(41.,7.4,23.15));
#4860 = VECTOR('',#4861,1.);
#4861 = DIRECTION('',(-0.,1.,0.));
#4862 = ORIENTED_EDGE('',*,*,#4863,.T.);
#4863 = EDGE_CURVE('',#4856,#306,#4864,.T.);
#4864 = LINE('',#4865,#4866);
#4865 = CARTESIAN_POINT('',(41.,42.,22.15));
#4866 = VECTOR('',#4867,1.);
#4867 = DIRECTION('',(0.,0.,1.));
#4868 = ORIENTED_EDGE('',*,*,#305,.F.);
#4869 = PLANE('',#4870);
#4870 = AXIS2_PLACEMENT_3D('',#4871,#4872,#4873);
#4871 = CARTESIAN_POINT('',(41.,20.,22.15));
#4872 = DIRECTION('',(1.,0.,-0.));
#4873 = DIRECTION('',(0.,0.,1.));
#4874 = ADVANCED_FACE('',(#4875),#4886,.F.);
#4875 = FACE_BOUND('',#4876,.F.);
#4876 = EDGE_LOOP('',(#4877,#4878,#4884,#4885));
#4877 = ORIENTED_EDGE('',*,*,#4839,.F.);
#4878 = ORIENTED_EDGE('',*,*,#4879,.T.);
#4879 = EDGE_CURVE('',#4832,#4856,#4880,.T.);
#4880 = LINE('',#4881,#4882);
#4881 = CARTESIAN_POINT('',(18.075,42.,23.15));
#4882 = VECTOR('',#4883,1.);
#4883 = DIRECTION('',(-1.,-0.,0.));
#4884 = ORIENTED_EDGE('',*,*,#4863,.T.);
#4885 = ORIENTED_EDGE('',*,*,#313,.F.);
#4886 = PLANE('',#4887);
#4887 = AXIS2_PLACEMENT_3D('',#4888,#4889,#4890);
#4888 = CARTESIAN_POINT('',(41.,42.,22.15));
#4889 = DIRECTION('',(-0.,1.,0.));
#4890 = DIRECTION('',(0.,0.,1.));
#4891 = ADVANCED_FACE('',(#4892),#4917,.T.);
#4892 = FACE_BOUND('',#4893,.T.);
#4893 = EDGE_LOOP('',(#4894,#4902,#4910,#4916));
#4894 = ORIENTED_EDGE('',*,*,#4895,.F.);
#4895 = EDGE_CURVE('',#4896,#330,#4898,.T.);
#4896 = VERTEX_POINT('',#4897);
#4897 = CARTESIAN_POINT('',(47.5,20.,23.15));
#4898 = LINE('',#4899,#4900);
#4899 = CARTESIAN_POINT('',(47.5,20.,22.15));
#4900 = VECTOR('',#4901,1.);
#4901 = DIRECTION('',(0.,0.,1.));
#4902 = ORIENTED_EDGE('',*,*,#4903,.T.);
#4903 = EDGE_CURVE('',#4896,#4904,#4906,.T.);
#4904 = VERTEX_POINT('',#4905);
#4905 = CARTESIAN_POINT('',(45.5,20.,23.15));
#4906 = LINE('',#4907,#4908);
#4907 = CARTESIAN_POINT('',(20.325,20.,23.15));
#4908 = VECTOR('',#4909,1.);
#4909 = DIRECTION('',(-1.,-0.,0.));
#4910 = ORIENTED_EDGE('',*,*,#4911,.T.);
#4911 = EDGE_CURVE('',#4904,#332,#4912,.T.);
#4912 = LINE('',#4913,#4914);
#4913 = CARTESIAN_POINT('',(45.5,20.,22.15));
#4914 = VECTOR('',#4915,1.);
#4915 = DIRECTION('',(0.,0.,1.));
#4916 = ORIENTED_EDGE('',*,*,#329,.F.);
#4917 = PLANE('',#4918);
#4918 = AXIS2_PLACEMENT_3D('',#4919,#4920,#4921);
#4919 = CARTESIAN_POINT('',(45.5,20.,22.15));
#4920 = DIRECTION('',(-0.,1.,0.));
#4921 = DIRECTION('',(0.,0.,1.));
#4922 = ADVANCED_FACE('',(#4923),#4941,.F.);
#4923 = FACE_BOUND('',#4924,.F.);
#4924 = EDGE_LOOP('',(#4925,#4926,#4934,#4940));
#4925 = ORIENTED_EDGE('',*,*,#4895,.F.);
#4926 = ORIENTED_EDGE('',*,*,#4927,.T.);
#4927 = EDGE_CURVE('',#4896,#4928,#4930,.T.);
#4928 = VERTEX_POINT('',#4929);
#4929 = CARTESIAN_POINT('',(47.5,42.,23.15));
#4930 = LINE('',#4931,#4932);
#4931 = CARTESIAN_POINT('',(47.5,7.4,23.15));
#4932 = VECTOR('',#4933,1.);
#4933 = DIRECTION('',(-0.,1.,0.));
#4934 = ORIENTED_EDGE('',*,*,#4935,.T.);
#4935 = EDGE_CURVE('',#4928,#348,#4936,.T.);
#4936 = LINE('',#4937,#4938);
#4937 = CARTESIAN_POINT('',(47.5,42.,22.15));
#4938 = VECTOR('',#4939,1.);
#4939 = DIRECTION('',(0.,0.,1.));
#4940 = ORIENTED_EDGE('',*,*,#355,.F.);
#4941 = PLANE('',#4942);
#4942 = AXIS2_PLACEMENT_3D('',#4943,#4944,#4945);
#4943 = CARTESIAN_POINT('',(47.5,20.,22.15));
#4944 = DIRECTION('',(1.,0.,-0.));
#4945 = DIRECTION('',(0.,0.,1.));
#4946 = ADVANCED_FACE('',(#4947),#4965,.T.);
#4947 = FACE_BOUND('',#4948,.T.);
#4948 = EDGE_LOOP('',(#4949,#4950,#4958,#4964));
#4949 = ORIENTED_EDGE('',*,*,#4911,.F.);
#4950 = ORIENTED_EDGE('',*,*,#4951,.T.);
#4951 = EDGE_CURVE('',#4904,#4952,#4954,.T.);
#4952 = VERTEX_POINT('',#4953);
#4953 = CARTESIAN_POINT('',(45.5,42.,23.15));
#4954 = LINE('',#4955,#4956);
#4955 = CARTESIAN_POINT('',(45.5,7.4,23.15));
#4956 = VECTOR('',#4957,1.);
#4957 = DIRECTION('',(-0.,1.,0.));
#4958 = ORIENTED_EDGE('',*,*,#4959,.T.);
#4959 = EDGE_CURVE('',#4952,#340,#4960,.T.);
#4960 = LINE('',#4961,#4962);
#4961 = CARTESIAN_POINT('',(45.5,42.,22.15));
#4962 = VECTOR('',#4963,1.);
#4963 = DIRECTION('',(0.,0.,1.));
#4964 = ORIENTED_EDGE('',*,*,#339,.F.);
#4965 = PLANE('',#4966);
#4966 = AXIS2_PLACEMENT_3D('',#4967,#4968,#4969);
#4967 = CARTESIAN_POINT('',(45.5,20.,22.15));
#4968 = DIRECTION('',(1.,0.,-0.));
#4969 = DIRECTION('',(0.,0.,1.));
#4970 = ADVANCED_FACE('',(#4971),#4982,.F.);
#4971 = FACE_BOUND('',#4972,.F.);
#4972 = EDGE_LOOP('',(#4973,#4974,#4980,#4981));
#4973 = ORIENTED_EDGE('',*,*,#4935,.F.);
#4974 = ORIENTED_EDGE('',*,*,#4975,.T.);
#4975 = EDGE_CURVE('',#4928,#4952,#4976,.T.);
#4976 = LINE('',#4977,#4978);
#4977 = CARTESIAN_POINT('',(20.325,42.,23.15));
#4978 = VECTOR('',#4979,1.);
#4979 = DIRECTION('',(-1.,-0.,0.));
#4980 = ORIENTED_EDGE('',*,*,#4959,.T.);
#4981 = ORIENTED_EDGE('',*,*,#347,.F.);
#4982 = PLANE('',#4983);
#4983 = AXIS2_PLACEMENT_3D('',#4984,#4985,#4986);
#4984 = CARTESIAN_POINT('',(45.5,42.,22.15));
#4985 = DIRECTION('',(-0.,1.,0.));
#4986 = DIRECTION('',(0.,0.,1.));
#4987 = ADVANCED_FACE('',(#4988),#5013,.T.);
#4988 = FACE_BOUND('',#4989,.T.);
#4989 = EDGE_LOOP('',(#4990,#4998,#5006,#5012));
#4990 = ORIENTED_EDGE('',*,*,#4991,.F.);
#4991 = EDGE_CURVE('',#4992,#364,#4994,.T.);
#4992 = VERTEX_POINT('',#4993);
#4993 = CARTESIAN_POINT('',(52.,20.,23.15));
#4994 = LINE('',#4995,#4996);
#4995 = CARTESIAN_POINT('',(52.,20.,22.15));
#4996 = VECTOR('',#4997,1.);
#4997 = DIRECTION('',(0.,0.,1.));
#4998 = ORIENTED_EDGE('',*,*,#4999,.T.);
#4999 = EDGE_CURVE('',#4992,#5000,#5002,.T.);
#5000 = VERTEX_POINT('',#5001);
#5001 = CARTESIAN_POINT('',(50.,20.,23.15));
#5002 = LINE('',#5003,#5004);
#5003 = CARTESIAN_POINT('',(22.575,20.,23.15));
#5004 = VECTOR('',#5005,1.);
#5005 = DIRECTION('',(-1.,-0.,0.));
#5006 = ORIENTED_EDGE('',*,*,#5007,.T.);
#5007 = EDGE_CURVE('',#5000,#366,#5008,.T.);
#5008 = LINE('',#5009,#5010);
#5009 = CARTESIAN_POINT('',(50.,20.,22.15));
#5010 = VECTOR('',#5011,1.);
#5011 = DIRECTION('',(0.,0.,1.));
#5012 = ORIENTED_EDGE('',*,*,#363,.F.);
#5013 = PLANE('',#5014);
#5014 = AXIS2_PLACEMENT_3D('',#5015,#5016,#5017);
#5015 = CARTESIAN_POINT('',(50.,20.,22.15));
#5016 = DIRECTION('',(-0.,1.,0.));
#5017 = DIRECTION('',(0.,0.,1.));
#5018 = ADVANCED_FACE('',(#5019),#5037,.F.);
#5019 = FACE_BOUND('',#5020,.F.);
#5020 = EDGE_LOOP('',(#5021,#5022,#5030,#5036));
#5021 = ORIENTED_EDGE('',*,*,#4991,.F.);
#5022 = ORIENTED_EDGE('',*,*,#5023,.T.);
#5023 = EDGE_CURVE('',#4992,#5024,#5026,.T.);
#5024 = VERTEX_POINT('',#5025);
#5025 = CARTESIAN_POINT('',(52.,42.,23.15));
#5026 = LINE('',#5027,#5028);
#5027 = CARTESIAN_POINT('',(52.,7.4,23.15));
#5028 = VECTOR('',#5029,1.);
#5029 = DIRECTION('',(-0.,1.,0.));
#5030 = ORIENTED_EDGE('',*,*,#5031,.T.);
#5031 = EDGE_CURVE('',#5024,#382,#5032,.T.);
#5032 = LINE('',#5033,#5034);
#5033 = CARTESIAN_POINT('',(52.,42.,22.15));
#5034 = VECTOR('',#5035,1.);
#5035 = DIRECTION('',(0.,0.,1.));
#5036 = ORIENTED_EDGE('',*,*,#389,.F.);
#5037 = PLANE('',#5038);
#5038 = AXIS2_PLACEMENT_3D('',#5039,#5040,#5041);
#5039 = CARTESIAN_POINT('',(52.,20.,22.15));
#5040 = DIRECTION('',(1.,0.,-0.));
#5041 = DIRECTION('',(0.,0.,1.));
#5042 = ADVANCED_FACE('',(#5043),#5061,.T.);
#5043 = FACE_BOUND('',#5044,.T.);
#5044 = EDGE_LOOP('',(#5045,#5046,#5054,#5060));
#5045 = ORIENTED_EDGE('',*,*,#5007,.F.);
#5046 = ORIENTED_EDGE('',*,*,#5047,.T.);
#5047 = EDGE_CURVE('',#5000,#5048,#5050,.T.);
#5048 = VERTEX_POINT('',#5049);
#5049 = CARTESIAN_POINT('',(50.,42.,23.15));
#5050 = LINE('',#5051,#5052);
#5051 = CARTESIAN_POINT('',(50.,7.4,23.15));
#5052 = VECTOR('',#5053,1.);
#5053 = DIRECTION('',(-0.,1.,0.));
#5054 = ORIENTED_EDGE('',*,*,#5055,.T.);
#5055 = EDGE_CURVE('',#5048,#374,#5056,.T.);
#5056 = LINE('',#5057,#5058);
#5057 = CARTESIAN_POINT('',(50.,42.,22.15));
#5058 = VECTOR('',#5059,1.);
#5059 = DIRECTION('',(0.,0.,1.));
#5060 = ORIENTED_EDGE('',*,*,#373,.F.);
#5061 = PLANE('',#5062);
#5062 = AXIS2_PLACEMENT_3D('',#5063,#5064,#5065);
#5063 = CARTESIAN_POINT('',(50.,20.,22.15));
#5064 = DIRECTION('',(1.,0.,-0.));
#5065 = DIRECTION('',(0.,0.,1.));
#5066 = ADVANCED_FACE('',(#5067),#5078,.F.);
#5067 = FACE_BOUND('',#5068,.F.);
#5068 = EDGE_LOOP('',(#5069,#5070,#5076,#5077));
#5069 = ORIENTED_EDGE('',*,*,#5031,.F.);
#5070 = ORIENTED_EDGE('',*,*,#5071,.T.);
#5071 = EDGE_CURVE('',#5024,#5048,#5072,.T.);
#5072 = LINE('',#5073,#5074);
#5073 = CARTESIAN_POINT('',(22.575,42.,23.15));
#5074 = VECTOR('',#5075,1.);
#5075 = DIRECTION('',(-1.,-0.,0.));
#5076 = ORIENTED_EDGE('',*,*,#5055,.T.);
#5077 = ORIENTED_EDGE('',*,*,#381,.F.);
#5078 = PLANE('',#5079);
#5079 = AXIS2_PLACEMENT_3D('',#5080,#5081,#5082);
#5080 = CARTESIAN_POINT('',(50.,42.,22.15));
#5081 = DIRECTION('',(-0.,1.,0.));
#5082 = DIRECTION('',(0.,0.,1.));
#5083 = ADVANCED_FACE('',(#5084),#5109,.F.);
#5084 = FACE_BOUND('',#5085,.F.);
#5085 = EDGE_LOOP('',(#5086,#5096,#5102,#5103));
#5086 = ORIENTED_EDGE('',*,*,#5087,.F.);
#5087 = EDGE_CURVE('',#5088,#5090,#5092,.T.);
#5088 = VERTEX_POINT('',#5089);
#5089 = CARTESIAN_POINT('',(9.707361577181,50.543624161074,24.55));
#5090 = VERTEX_POINT('',#5091);
#5091 = CARTESIAN_POINT('',(9.707361577181,52.246979865772,24.55));
#5092 = LINE('',#5093,#5094);
#5093 = CARTESIAN_POINT('',(9.707361577181,50.543624161074,24.55));
#5094 = VECTOR('',#5095,1.);
#5095 = DIRECTION('',(0.,1.,0.));
#5096 = ORIENTED_EDGE('',*,*,#5097,.T.);
#5097 = EDGE_CURVE('',#5088,#400,#5098,.T.);
#5098 = LINE('',#5099,#5100);
#5099 = CARTESIAN_POINT('',(9.707361577181,50.543624161074,24.55));
#5100 = VECTOR('',#5101,1.);
#5101 = DIRECTION('',(0.,0.,1.));
#5102 = ORIENTED_EDGE('',*,*,#397,.F.);
#5103 = ORIENTED_EDGE('',*,*,#5104,.F.);
#5104 = EDGE_CURVE('',#5090,#398,#5105,.T.);
#5105 = LINE('',#5106,#5107);
#5106 = CARTESIAN_POINT('',(9.707361577181,52.246979865772,24.55));
#5107 = VECTOR('',#5108,1.);
#5108 = DIRECTION('',(0.,0.,1.));
#5109 = PLANE('',#5110);
#5110 = AXIS2_PLACEMENT_3D('',#5111,#5112,#5113);
#5111 = CARTESIAN_POINT('',(9.707361577181,50.543624161074,24.55));
#5112 = DIRECTION('',(-1.,0.,0.));
#5113 = DIRECTION('',(0.,1.,0.));
#5114 = ADVANCED_FACE('',(#5115),#5133,.F.);
#5115 = FACE_BOUND('',#5116,.F.);
#5116 = EDGE_LOOP('',(#5117,#5125,#5131,#5132));
#5117 = ORIENTED_EDGE('',*,*,#5118,.F.);
#5118 = EDGE_CURVE('',#5119,#5088,#5121,.T.);
#5119 = VERTEX_POINT('',#5120);
#5120 = CARTESIAN_POINT('',(9.244337248322,50.954928691275,24.55));
#5121 = B_SPLINE_CURVE_WITH_KNOTS('',2,(#5122,#5123,#5124),
  .UNSPECIFIED.,.F.,.F.,(3,3),(0.,1.),.PIECEWISE_BEZIER_KNOTS.);
#5122 = CARTESIAN_POINT('',(9.244337248322,50.954928691275,24.55));
#5123 = CARTESIAN_POINT('',(9.497839765101,50.822609060403,24.55));
#5124 = CARTESIAN_POINT('',(9.707361577181,50.543624161074,24.55));
#5125 = ORIENTED_EDGE('',*,*,#5126,.T.);
#5126 = EDGE_CURVE('',#5119,#545,#5127,.T.);
#5127 = LINE('',#5128,#5129);
#5128 = CARTESIAN_POINT('',(9.244337248322,50.954928691275,24.55));
#5129 = VECTOR('',#5130,1.);
#5130 = DIRECTION('',(0.,0.,1.));
#5131 = ORIENTED_EDGE('',*,*,#555,.F.);
#5132 = ORIENTED_EDGE('',*,*,#5097,.F.);
#5133 = SURFACE_OF_LINEAR_EXTRUSION('',#5134,#5138);
#5134 = B_SPLINE_CURVE_WITH_KNOTS('',2,(#5135,#5136,#5137),
  .UNSPECIFIED.,.F.,.F.,(3,3),(0.,1.),.PIECEWISE_BEZIER_KNOTS.);
#5135 = CARTESIAN_POINT('',(9.244337248322,50.954928691275,24.55));
#5136 = CARTESIAN_POINT('',(9.497839765101,50.822609060403,24.55));
#5137 = CARTESIAN_POINT('',(9.707361577181,50.543624161074,24.55));
#5138 = VECTOR('',#5139,1.);
#5139 = DIRECTION('',(-0.,-0.,-1.));
#5140 = ADVANCED_FACE('',(#5141),#5159,.F.);
#5141 = FACE_BOUND('',#5142,.F.);
#5142 = EDGE_LOOP('',(#5143,#5151,#5157,#5158));
#5143 = ORIENTED_EDGE('',*,*,#5144,.F.);
#5144 = EDGE_CURVE('',#5145,#5119,#5147,.T.);
#5145 = VERTEX_POINT('',#5146);
#5146 = CARTESIAN_POINT('',(8.662583892617,51.087248322148,24.55));
#5147 = B_SPLINE_CURVE_WITH_KNOTS('',2,(#5148,#5149,#5150),
  .UNSPECIFIED.,.F.,.F.,(3,3),(0.,1.),.PIECEWISE_BEZIER_KNOTS.);
#5148 = CARTESIAN_POINT('',(8.662583892617,51.087248322148,24.55));
#5149 = CARTESIAN_POINT('',(8.991023489933,51.087248322148,24.55));
#5150 = CARTESIAN_POINT('',(9.244337248322,50.954928691275,24.55));
#5151 = ORIENTED_EDGE('',*,*,#5152,.T.);
#5152 = EDGE_CURVE('',#5145,#526,#5153,.T.);
#5153 = LINE('',#5154,#5155);
#5154 = CARTESIAN_POINT('',(8.662583892617,51.087248322148,24.55));
#5155 = VECTOR('',#5156,1.);
#5156 = DIRECTION('',(0.,0.,1.));
#5157 = ORIENTED_EDGE('',*,*,#544,.F.);
#5158 = ORIENTED_EDGE('',*,*,#5126,.F.);
#5159 = SURFACE_OF_LINEAR_EXTRUSION('',#5160,#5164);
#5160 = B_SPLINE_CURVE_WITH_KNOTS('',2,(#5161,#5162,#5163),
  .UNSPECIFIED.,.F.,.F.,(3,3),(0.,1.),.PIECEWISE_BEZIER_KNOTS.);
#5161 = CARTESIAN_POINT('',(8.662583892617,51.087248322148,24.55));
#5162 = CARTESIAN_POINT('',(8.991023489933,51.087248322148,24.55));
#5163 = CARTESIAN_POINT('',(9.244337248322,50.954928691275,24.55));
#5164 = VECTOR('',#5165,1.);
#5165 = DIRECTION('',(-0.,-0.,-1.));
#5166 = ADVANCED_FACE('',(#5167),#5185,.F.);
#5167 = FACE_BOUND('',#5168,.F.);
#5168 = EDGE_LOOP('',(#5169,#5177,#5183,#5184));
#5169 = ORIENTED_EDGE('',*,*,#5170,.F.);
#5170 = EDGE_CURVE('',#5171,#5145,#5173,.T.);
#5171 = VERTEX_POINT('',#5172);
#5172 = CARTESIAN_POINT('',(7.699916107383,50.620826342282,24.55));
#5173 = B_SPLINE_CURVE_WITH_KNOTS('',2,(#5174,#5175,#5176),
  .UNSPECIFIED.,.F.,.F.,(3,3),(0.,1.),.PIECEWISE_BEZIER_KNOTS.);
#5174 = CARTESIAN_POINT('',(7.699916107383,50.620826342282,24.55));
#5175 = CARTESIAN_POINT('',(8.07648909396,51.087248322148,24.55));
#5176 = CARTESIAN_POINT('',(8.662583892617,51.087248322148,24.55));
#5177 = ORIENTED_EDGE('',*,*,#5178,.T.);
#5178 = EDGE_CURVE('',#5171,#504,#5179,.T.);
#5179 = LINE('',#5180,#5181);
#5180 = CARTESIAN_POINT('',(7.699916107383,50.620826342282,24.55));
#5181 = VECTOR('',#5182,1.);
#5182 = DIRECTION('',(0.,0.,1.));
#5183 = ORIENTED_EDGE('',*,*,#525,.F.);
#5184 = ORIENTED_EDGE('',*,*,#5152,.F.);
#5185 = SURFACE_OF_LINEAR_EXTRUSION('',#5186,#5190);
#5186 = B_SPLINE_CURVE_WITH_KNOTS('',2,(#5187,#5188,#5189),
  .UNSPECIFIED.,.F.,.F.,(3,3),(0.,1.),.PIECEWISE_BEZIER_KNOTS.);
#5187 = CARTESIAN_POINT('',(7.699916107383,50.620826342282,24.55));
#5188 = CARTESIAN_POINT('',(8.07648909396,51.087248322148,24.55));
#5189 = CARTESIAN_POINT('',(8.662583892617,51.087248322148,24.55));
#5190 = VECTOR('',#5191,1.);
#5191 = DIRECTION('',(-0.,-0.,-1.));
#5192 = ADVANCED_FACE('',(#5193),#5211,.F.);
#5193 = FACE_BOUND('',#5194,.F.);
#5194 = EDGE_LOOP('',(#5195,#5203,#5209,#5210));
#5195 = ORIENTED_EDGE('',*,*,#5196,.F.);
#5196 = EDGE_CURVE('',#5197,#5171,#5199,.T.);
#5197 = VERTEX_POINT('',#5198);
#5198 = CARTESIAN_POINT('',(7.323343120805,49.420134228188,24.55));
#5199 = B_SPLINE_CURVE_WITH_KNOTS('',2,(#5200,#5201,#5202),
  .UNSPECIFIED.,.F.,.F.,(3,3),(0.,1.),.PIECEWISE_BEZIER_KNOTS.);
#5200 = CARTESIAN_POINT('',(7.323343120805,49.420134228188,24.55));
#5201 = CARTESIAN_POINT('',(7.323343120805,50.154404362416,24.55));
#5202 = CARTESIAN_POINT('',(7.699916107383,50.620826342282,24.55));
#5203 = ORIENTED_EDGE('',*,*,#5204,.T.);
#5204 = EDGE_CURVE('',#5197,#482,#5205,.T.);
#5205 = LINE('',#5206,#5207);
#5206 = CARTESIAN_POINT('',(7.323343120805,49.420134228188,24.55));
#5207 = VECTOR('',#5208,1.);
#5208 = DIRECTION('',(0.,0.,1.));
#5209 = ORIENTED_EDGE('',*,*,#503,.F.);
#5210 = ORIENTED_EDGE('',*,*,#5178,.F.);
#5211 = SURFACE_OF_LINEAR_EXTRUSION('',#5212,#5216);
#5212 = B_SPLINE_CURVE_WITH_KNOTS('',2,(#5213,#5214,#5215),
  .UNSPECIFIED.,.F.,.F.,(3,3),(0.,1.),.PIECEWISE_BEZIER_KNOTS.);
#5213 = CARTESIAN_POINT('',(7.323343120805,49.420134228188,24.55));
#5214 = CARTESIAN_POINT('',(7.323343120805,50.154404362416,24.55));
#5215 = CARTESIAN_POINT('',(7.699916107383,50.620826342282,24.55));
#5216 = VECTOR('',#5217,1.);
#5217 = DIRECTION('',(-0.,-0.,-1.));
#5218 = ADVANCED_FACE('',(#5219),#5237,.F.);
#5219 = FACE_BOUND('',#5220,.F.);
#5220 = EDGE_LOOP('',(#5221,#5229,#5235,#5236));
#5221 = ORIENTED_EDGE('',*,*,#5222,.F.);
#5222 = EDGE_CURVE('',#5223,#5197,#5225,.T.);
#5223 = VERTEX_POINT('',#5224);
#5224 = CARTESIAN_POINT('',(7.699916107383,48.219442114094,24.55));
#5225 = B_SPLINE_CURVE_WITH_KNOTS('',2,(#5226,#5227,#5228),
  .UNSPECIFIED.,.F.,.F.,(3,3),(0.,1.),.PIECEWISE_BEZIER_KNOTS.);
#5226 = CARTESIAN_POINT('',(7.699916107383,48.219442114094,24.55));
#5227 = CARTESIAN_POINT('',(7.323343120805,48.68586409396,24.55));
#5228 = CARTESIAN_POINT('',(7.323343120805,49.420134228188,24.55));
#5229 = ORIENTED_EDGE('',*,*,#5230,.T.);
#5230 = EDGE_CURVE('',#5223,#463,#5231,.T.);
#5231 = LINE('',#5232,#5233);
#5232 = CARTESIAN_POINT('',(7.699916107383,48.219442114094,24.55));
#5233 = VECTOR('',#5234,1.);
#5234 = DIRECTION('',(0.,0.,1.));
#5235 = ORIENTED_EDGE('',*,*,#481,.F.);
#5236 = ORIENTED_EDGE('',*,*,#5204,.F.);
#5237 = SURFACE_OF_LINEAR_EXTRUSION('',#5238,#5242);
#5238 = B_SPLINE_CURVE_WITH_KNOTS('',2,(#5239,#5240,#5241),
  .UNSPECIFIED.,.F.,.F.,(3,3),(0.,1.),.PIECEWISE_BEZIER_KNOTS.);
#5239 = CARTESIAN_POINT('',(7.699916107383,48.219442114094,24.55));
#5240 = CARTESIAN_POINT('',(7.323343120805,48.68586409396,24.55));
#5241 = CARTESIAN_POINT('',(7.323343120805,49.420134228188,24.55));
#5242 = VECTOR('',#5243,1.);
#5243 = DIRECTION('',(-0.,-0.,-1.));
#5244 = ADVANCED_FACE('',(#5245),#5263,.F.);
#5245 = FACE_BOUND('',#5246,.F.);
#5246 = EDGE_LOOP('',(#5247,#5255,#5261,#5262));
#5247 = ORIENTED_EDGE('',*,*,#5248,.F.);
#5248 = EDGE_CURVE('',#5249,#5223,#5251,.T.);
#5249 = VERTEX_POINT('',#5250);
#5250 = CARTESIAN_POINT('',(8.662583892617,47.753020134228,24.55));
#5251 = B_SPLINE_CURVE_WITH_KNOTS('',2,(#5252,#5253,#5254),
  .UNSPECIFIED.,.F.,.F.,(3,3),(0.,1.),.PIECEWISE_BEZIER_KNOTS.);
#5252 = CARTESIAN_POINT('',(8.662583892617,47.753020134228,24.55));
#5253 = CARTESIAN_POINT('',(8.07648909396,47.753020134228,24.55));
#5254 = CARTESIAN_POINT('',(7.699916107383,48.219442114094,24.55));
#5255 = ORIENTED_EDGE('',*,*,#5256,.T.);
#5256 = EDGE_CURVE('',#5249,#452,#5257,.T.);
#5257 = LINE('',#5258,#5259);
#5258 = CARTESIAN_POINT('',(8.662583892617,47.753020134228,24.55));
#5259 = VECTOR('',#5260,1.);
#5260 = DIRECTION('',(0.,0.,1.));
#5261 = ORIENTED_EDGE('',*,*,#462,.F.);
#5262 = ORIENTED_EDGE('',*,*,#5230,.F.);
#5263 = SURFACE_OF_LINEAR_EXTRUSION('',#5264,#5268);
#5264 = B_SPLINE_CURVE_WITH_KNOTS('',2,(#5265,#5266,#5267),
  .UNSPECIFIED.,.F.,.F.,(3,3),(0.,1.),.PIECEWISE_BEZIER_KNOTS.);
#5265 = CARTESIAN_POINT('',(8.662583892617,47.753020134228,24.55));
#5266 = CARTESIAN_POINT('',(8.07648909396,47.753020134228,24.55));
#5267 = CARTESIAN_POINT('',(7.699916107383,48.219442114094,24.55));
#5268 = VECTOR('',#5269,1.);
#5269 = DIRECTION('',(-0.,-0.,-1.));
#5270 = ADVANCED_FACE('',(#5271),#5289,.F.);
#5271 = FACE_BOUND('',#5272,.F.);
#5272 = EDGE_LOOP('',(#5273,#5281,#5287,#5288));
#5273 = ORIENTED_EDGE('',*,*,#5274,.F.);
#5274 = EDGE_CURVE('',#5275,#5249,#5277,.T.);
#5275 = VERTEX_POINT('',#5276);
#5276 = CARTESIAN_POINT('',(9.245847315436,47.883829697987,24.55));
#5277 = B_SPLINE_CURVE_WITH_KNOTS('',2,(#5278,#5279,#5280),
  .UNSPECIFIED.,.F.,.F.,(3,3),(0.,1.),.PIECEWISE_BEZIER_KNOTS.);
#5278 = CARTESIAN_POINT('',(9.245847315436,47.883829697987,24.55));
#5279 = CARTESIAN_POINT('',(8.993854865772,47.753020134228,24.55));
#5280 = CARTESIAN_POINT('',(8.662583892617,47.753020134228,24.55));
#5281 = ORIENTED_EDGE('',*,*,#5282,.T.);
#5282 = EDGE_CURVE('',#5275,#440,#5283,.T.);
#5283 = LINE('',#5284,#5285);
#5284 = CARTESIAN_POINT('',(9.245847315436,47.883829697987,24.55));
#5285 = VECTOR('',#5286,1.);
#5286 = DIRECTION('',(0.,0.,1.));
#5287 = ORIENTED_EDGE('',*,*,#451,.F.);
#5288 = ORIENTED_EDGE('',*,*,#5256,.F.);
#5289 = SURFACE_OF_LINEAR_EXTRUSION('',#5290,#5294);
#5290 = B_SPLINE_CURVE_WITH_KNOTS('',2,(#5291,#5292,#5293),
  .UNSPECIFIED.,.F.,.F.,(3,3),(0.,1.),.PIECEWISE_BEZIER_KNOTS.);
#5291 = CARTESIAN_POINT('',(9.245847315436,47.883829697987,24.55));
#5292 = CARTESIAN_POINT('',(8.993854865772,47.753020134228,24.55));
#5293 = CARTESIAN_POINT('',(8.662583892617,47.753020134228,24.55));
#5294 = VECTOR('',#5295,1.);
#5295 = DIRECTION('',(-0.,-0.,-1.));
#5296 = ADVANCED_FACE('',(#5297),#5315,.F.);
#5297 = FACE_BOUND('',#5298,.F.);
#5298 = EDGE_LOOP('',(#5299,#5307,#5313,#5314));
#5299 = ORIENTED_EDGE('',*,*,#5300,.F.);
#5300 = EDGE_CURVE('',#5301,#5275,#5303,.T.);
#5301 = VERTEX_POINT('',#5302);
#5302 = CARTESIAN_POINT('',(9.707361577181,48.296644295302,24.55));
#5303 = B_SPLINE_CURVE_WITH_KNOTS('',2,(#5304,#5305,#5306),
  .UNSPECIFIED.,.F.,.F.,(3,3),(0.,1.),.PIECEWISE_BEZIER_KNOTS.);
#5304 = CARTESIAN_POINT('',(9.707361577181,48.296644295302,24.55));
#5305 = CARTESIAN_POINT('',(9.497839765101,48.014828020134,24.55));
#5306 = CARTESIAN_POINT('',(9.245847315436,47.883829697987,24.55));
#5307 = ORIENTED_EDGE('',*,*,#5308,.T.);
#5308 = EDGE_CURVE('',#5301,#432,#5309,.T.);
#5309 = LINE('',#5310,#5311);
#5310 = CARTESIAN_POINT('',(9.707361577181,48.296644295302,24.55));
#5311 = VECTOR('',#5312,1.);
#5312 = DIRECTION('',(0.,0.,1.));
#5313 = ORIENTED_EDGE('',*,*,#439,.F.);
#5314 = ORIENTED_EDGE('',*,*,#5282,.F.);
#5315 = SURFACE_OF_LINEAR_EXTRUSION('',#5316,#5320);
#5316 = B_SPLINE_CURVE_WITH_KNOTS('',2,(#5317,#5318,#5319),
  .UNSPECIFIED.,.F.,.F.,(3,3),(0.,1.),.PIECEWISE_BEZIER_KNOTS.);
#5317 = CARTESIAN_POINT('',(9.707361577181,48.296644295302,24.55));
#5318 = CARTESIAN_POINT('',(9.497839765101,48.014828020134,24.55));
#5319 = CARTESIAN_POINT('',(9.245847315436,47.883829697987,24.55));
#5320 = VECTOR('',#5321,1.);
#5321 = DIRECTION('',(-0.,-0.,-1.));
#5322 = ADVANCED_FACE('',(#5323),#5341,.F.);
#5323 = FACE_BOUND('',#5324,.F.);
#5324 = EDGE_LOOP('',(#5325,#5333,#5339,#5340));
#5325 = ORIENTED_EDGE('',*,*,#5326,.F.);
#5326 = EDGE_CURVE('',#5327,#5301,#5329,.T.);
#5327 = VERTEX_POINT('',#5328);
#5328 = CARTESIAN_POINT('',(9.707361577181,47.837583892617,24.55));
#5329 = LINE('',#5330,#5331);
#5330 = CARTESIAN_POINT('',(9.707361577181,47.837583892617,24.55));
#5331 = VECTOR('',#5332,1.);
#5332 = DIRECTION('',(0.,1.,0.));
#5333 = ORIENTED_EDGE('',*,*,#5334,.T.);
#5334 = EDGE_CURVE('',#5327,#424,#5335,.T.);
#5335 = LINE('',#5336,#5337);
#5336 = CARTESIAN_POINT('',(9.707361577181,47.837583892617,24.55));
#5337 = VECTOR('',#5338,1.);
#5338 = DIRECTION('',(0.,0.,1.));
#5339 = ORIENTED_EDGE('',*,*,#431,.F.);
#5340 = ORIENTED_EDGE('',*,*,#5308,.F.);
#5341 = PLANE('',#5342);
#5342 = AXIS2_PLACEMENT_3D('',#5343,#5344,#5345);
#5343 = CARTESIAN_POINT('',(9.707361577181,47.837583892617,24.55));
#5344 = DIRECTION('',(-1.,0.,0.));
#5345 = DIRECTION('',(0.,1.,0.));
#5346 = ADVANCED_FACE('',(#5347),#5365,.F.);
#5347 = FACE_BOUND('',#5348,.F.);
#5348 = EDGE_LOOP('',(#5349,#5357,#5363,#5364));
#5349 = ORIENTED_EDGE('',*,*,#5350,.F.);
#5350 = EDGE_CURVE('',#5351,#5327,#5353,.T.);
#5351 = VERTEX_POINT('',#5352);
#5352 = CARTESIAN_POINT('',(10.726656879195,47.837583892617,24.55));
#5353 = LINE('',#5354,#5355);
#5354 = CARTESIAN_POINT('',(10.726656879195,47.837583892617,24.55));
#5355 = VECTOR('',#5356,1.);
#5356 = DIRECTION('',(-1.,0.,0.));
#5357 = ORIENTED_EDGE('',*,*,#5358,.T.);
#5358 = EDGE_CURVE('',#5351,#416,#5359,.T.);
#5359 = LINE('',#5360,#5361);
#5360 = CARTESIAN_POINT('',(10.726656879195,47.837583892617,24.55));
#5361 = VECTOR('',#5362,1.);
#5362 = DIRECTION('',(0.,0.,1.));
#5363 = ORIENTED_EDGE('',*,*,#423,.F.);
#5364 = ORIENTED_EDGE('',*,*,#5334,.F.);
#5365 = PLANE('',#5366);
#5366 = AXIS2_PLACEMENT_3D('',#5367,#5368,#5369);
#5367 = CARTESIAN_POINT('',(10.726656879195,47.837583892617,24.55));
#5368 = DIRECTION('',(0.,-1.,0.));
#5369 = DIRECTION('',(-1.,0.,0.));
#5370 = ADVANCED_FACE('',(#5371),#5389,.F.);
#5371 = FACE_BOUND('',#5372,.F.);
#5372 = EDGE_LOOP('',(#5373,#5381,#5387,#5388));
#5373 = ORIENTED_EDGE('',*,*,#5374,.F.);
#5374 = EDGE_CURVE('',#5375,#5351,#5377,.T.);
#5375 = VERTEX_POINT('',#5376);
#5376 = CARTESIAN_POINT('',(10.726656879195,52.246979865772,24.55));
#5377 = LINE('',#5378,#5379);
#5378 = CARTESIAN_POINT('',(10.726656879195,52.246979865772,24.55));
#5379 = VECTOR('',#5380,1.);
#5380 = DIRECTION('',(0.,-1.,-0.));
#5381 = ORIENTED_EDGE('',*,*,#5382,.T.);
#5382 = EDGE_CURVE('',#5375,#408,#5383,.T.);
#5383 = LINE('',#5384,#5385);
#5384 = CARTESIAN_POINT('',(10.726656879195,52.246979865772,24.55));
#5385 = VECTOR('',#5386,1.);
#5386 = DIRECTION('',(0.,0.,1.));
#5387 = ORIENTED_EDGE('',*,*,#415,.F.);
#5388 = ORIENTED_EDGE('',*,*,#5358,.F.);
#5389 = PLANE('',#5390);
#5390 = AXIS2_PLACEMENT_3D('',#5391,#5392,#5393);
#5391 = CARTESIAN_POINT('',(10.726656879195,52.246979865772,24.55));
#5392 = DIRECTION('',(1.,0.,-0.));
#5393 = DIRECTION('',(0.,-1.,0.));
#5394 = ADVANCED_FACE('',(#5395),#5406,.F.);
#5395 = FACE_BOUND('',#5396,.F.);
#5396 = EDGE_LOOP('',(#5397,#5403,#5404,#5405));
#5397 = ORIENTED_EDGE('',*,*,#5398,.F.);
#5398 = EDGE_CURVE('',#5090,#5375,#5399,.T.);
#5399 = LINE('',#5400,#5401);
#5400 = CARTESIAN_POINT('',(9.707361577181,52.246979865772,24.55));
#5401 = VECTOR('',#5402,1.);
#5402 = DIRECTION('',(1.,0.,0.));
#5403 = ORIENTED_EDGE('',*,*,#5104,.T.);
#5404 = ORIENTED_EDGE('',*,*,#407,.F.);
#5405 = ORIENTED_EDGE('',*,*,#5382,.F.);
#5406 = PLANE('',#5407);
#5407 = AXIS2_PLACEMENT_3D('',#5408,#5409,#5410);
#5408 = CARTESIAN_POINT('',(9.707361577181,52.246979865772,24.55));
#5409 = DIRECTION('',(0.,1.,0.));
#5410 = DIRECTION('',(1.,0.,0.));
#5411 = ADVANCED_FACE('',(#5412),#5437,.F.);
#5412 = FACE_BOUND('',#5413,.F.);
#5413 = EDGE_LOOP('',(#5414,#5424,#5430,#5431));
#5414 = ORIENTED_EDGE('',*,*,#5415,.F.);
#5415 = EDGE_CURVE('',#5416,#5418,#5420,.T.);
#5416 = VERTEX_POINT('',#5417);
#5417 = CARTESIAN_POINT('',(14.893687080537,49.772923657718,24.55));
#5418 = VERTEX_POINT('',#5419);
#5419 = CARTESIAN_POINT('',(14.893687080537,47.837583892617,24.55));
#5420 = LINE('',#5421,#5422);
#5421 = CARTESIAN_POINT('',(14.893687080537,49.772923657718,24.55));
#5422 = VECTOR('',#5423,1.);
#5423 = DIRECTION('',(0.,-1.,0.));
#5424 = ORIENTED_EDGE('',*,*,#5425,.T.);
#5425 = EDGE_CURVE('',#5416,#569,#5426,.T.);
#5426 = LINE('',#5427,#5428);
#5427 = CARTESIAN_POINT('',(14.893687080537,49.772923657718,24.55));
#5428 = VECTOR('',#5429,1.);
#5429 = DIRECTION('',(0.,0.,1.));
#5430 = ORIENTED_EDGE('',*,*,#566,.F.);
#5431 = ORIENTED_EDGE('',*,*,#5432,.F.);
#5432 = EDGE_CURVE('',#5418,#567,#5433,.T.);
#5433 = LINE('',#5434,#5435);
#5434 = CARTESIAN_POINT('',(14.893687080537,47.837583892617,24.55));
#5435 = VECTOR('',#5436,1.);
#5436 = DIRECTION('',(0.,0.,1.));
#5437 = PLANE('',#5438);
#5438 = AXIS2_PLACEMENT_3D('',#5439,#5440,#5441);
#5439 = CARTESIAN_POINT('',(14.893687080537,49.772923657718,24.55));
#5440 = DIRECTION('',(1.,0.,-0.));
#5441 = DIRECTION('',(0.,-1.,0.));
#5442 = ADVANCED_FACE('',(#5443),#5461,.F.);
#5443 = FACE_BOUND('',#5444,.F.);
#5444 = EDGE_LOOP('',(#5445,#5453,#5459,#5460));
#5445 = ORIENTED_EDGE('',*,*,#5446,.F.);
#5446 = EDGE_CURVE('',#5447,#5416,#5449,.T.);
#5447 = VERTEX_POINT('',#5448);
#5448 = CARTESIAN_POINT('',(14.60903942953,50.750880872483,24.55));
#5449 = B_SPLINE_CURVE_WITH_KNOTS('',2,(#5450,#5451,#5452),
  .UNSPECIFIED.,.F.,.F.,(3,3),(0.,1.),.PIECEWISE_BEZIER_KNOTS.);
#5450 = CARTESIAN_POINT('',(14.60903942953,50.750880872483,24.55));
#5451 = CARTESIAN_POINT('',(14.893687080537,50.414513422819,24.55));
#5452 = CARTESIAN_POINT('',(14.893687080537,49.772923657718,24.55));
#5453 = ORIENTED_EDGE('',*,*,#5454,.T.);
#5454 = EDGE_CURVE('',#5447,#737,#5455,.T.);
#5455 = LINE('',#5456,#5457);
#5456 = CARTESIAN_POINT('',(14.60903942953,50.750880872483,24.55));
#5457 = VECTOR('',#5458,1.);
#5458 = DIRECTION('',(0.,0.,1.));
#5459 = ORIENTED_EDGE('',*,*,#755,.F.);
#5460 = ORIENTED_EDGE('',*,*,#5425,.F.);
#5461 = SURFACE_OF_LINEAR_EXTRUSION('',#5462,#5466);
#5462 = B_SPLINE_CURVE_WITH_KNOTS('',2,(#5463,#5464,#5465),
  .UNSPECIFIED.,.F.,.F.,(3,3),(0.,1.),.PIECEWISE_BEZIER_KNOTS.);
#5463 = CARTESIAN_POINT('',(14.60903942953,50.750880872483,24.55));
#5464 = CARTESIAN_POINT('',(14.893687080537,50.414513422819,24.55));
#5465 = CARTESIAN_POINT('',(14.893687080537,49.772923657718,24.55));
#5466 = VECTOR('',#5467,1.);
#5467 = DIRECTION('',(-0.,-0.,-1.));
#5468 = ADVANCED_FACE('',(#5469),#5487,.F.);
#5469 = FACE_BOUND('',#5470,.F.);
#5470 = EDGE_LOOP('',(#5471,#5479,#5485,#5486));
#5471 = ORIENTED_EDGE('',*,*,#5472,.F.);
#5472 = EDGE_CURVE('',#5473,#5447,#5475,.T.);
#5473 = VERTEX_POINT('',#5474);
#5474 = CARTESIAN_POINT('',(13.775293624161,51.087248322148,24.55));
#5475 = B_SPLINE_CURVE_WITH_KNOTS('',2,(#5476,#5477,#5478),
  .UNSPECIFIED.,.F.,.F.,(3,3),(0.,1.),.PIECEWISE_BEZIER_KNOTS.);
#5476 = CARTESIAN_POINT('',(13.775293624161,51.087248322148,24.55));
#5477 = CARTESIAN_POINT('',(14.324580536913,51.087248322148,24.55));
#5478 = CARTESIAN_POINT('',(14.60903942953,50.750880872483,24.55));
#5479 = ORIENTED_EDGE('',*,*,#5480,.T.);
#5480 = EDGE_CURVE('',#5473,#722,#5481,.T.);
#5481 = LINE('',#5482,#5483);
#5482 = CARTESIAN_POINT('',(13.775293624161,51.087248322148,24.55));
#5483 = VECTOR('',#5484,1.);
#5484 = DIRECTION('',(0.,0.,1.));
#5485 = ORIENTED_EDGE('',*,*,#736,.F.);
#5486 = ORIENTED_EDGE('',*,*,#5454,.F.);
#5487 = SURFACE_OF_LINEAR_EXTRUSION('',#5488,#5492);
#5488 = B_SPLINE_CURVE_WITH_KNOTS('',2,(#5489,#5490,#5491),
  .UNSPECIFIED.,.F.,.F.,(3,3),(0.,1.),.PIECEWISE_BEZIER_KNOTS.);
#5489 = CARTESIAN_POINT('',(13.775293624161,51.087248322148,24.55));
#5490 = CARTESIAN_POINT('',(14.324580536913,51.087248322148,24.55));
#5491 = CARTESIAN_POINT('',(14.60903942953,50.750880872483,24.55));
#5492 = VECTOR('',#5493,1.);
#5493 = DIRECTION('',(-0.,-0.,-1.));
#5494 = ADVANCED_FACE('',(#5495),#5513,.F.);
#5495 = FACE_BOUND('',#5496,.F.);
#5496 = EDGE_LOOP('',(#5497,#5505,#5511,#5512));
#5497 = ORIENTED_EDGE('',*,*,#5498,.F.);
#5498 = EDGE_CURVE('',#5499,#5473,#5501,.T.);
#5499 = VERTEX_POINT('',#5500);
#5500 = CARTESIAN_POINT('',(13.206187080537,50.954928691275,24.55));
#5501 = B_SPLINE_CURVE_WITH_KNOTS('',2,(#5502,#5503,#5504),
  .UNSPECIFIED.,.F.,.F.,(3,3),(0.,1.),.PIECEWISE_BEZIER_KNOTS.);
#5502 = CARTESIAN_POINT('',(13.206187080537,50.954928691275,24.55));
#5503 = CARTESIAN_POINT('',(13.463842281879,51.087248322148,24.55));
#5504 = CARTESIAN_POINT('',(13.775293624161,51.087248322148,24.55));
#5505 = ORIENTED_EDGE('',*,*,#5506,.T.);
#5506 = EDGE_CURVE('',#5499,#710,#5507,.T.);
#5507 = LINE('',#5508,#5509);
#5508 = CARTESIAN_POINT('',(13.206187080537,50.954928691275,24.55));
#5509 = VECTOR('',#5510,1.);
#5510 = DIRECTION('',(0.,0.,1.));
#5511 = ORIENTED_EDGE('',*,*,#721,.F.);
#5512 = ORIENTED_EDGE('',*,*,#5480,.F.);
#5513 = SURFACE_OF_LINEAR_EXTRUSION('',#5514,#5518);
#5514 = B_SPLINE_CURVE_WITH_KNOTS('',2,(#5515,#5516,#5517),
  .UNSPECIFIED.,.F.,.F.,(3,3),(0.,1.),.PIECEWISE_BEZIER_KNOTS.);
#5515 = CARTESIAN_POINT('',(13.206187080537,50.954928691275,24.55));
#5516 = CARTESIAN_POINT('',(13.463842281879,51.087248322148,24.55));
#5517 = CARTESIAN_POINT('',(13.775293624161,51.087248322148,24.55));
#5518 = VECTOR('',#5519,1.);
#5519 = DIRECTION('',(-0.,-0.,-1.));
#5520 = ADVANCED_FACE('',(#5521),#5539,.F.);
#5521 = FACE_BOUND('',#5522,.F.);
#5522 = EDGE_LOOP('',(#5523,#5531,#5537,#5538));
#5523 = ORIENTED_EDGE('',*,*,#5524,.F.);
#5524 = EDGE_CURVE('',#5525,#5499,#5527,.T.);
#5525 = VERTEX_POINT('',#5526);
#5526 = CARTESIAN_POINT('',(12.719190436242,50.543624161074,24.55));
#5527 = B_SPLINE_CURVE_WITH_KNOTS('',2,(#5528,#5529,#5530),
  .UNSPECIFIED.,.F.,.F.,(3,3),(0.,1.),.PIECEWISE_BEZIER_KNOTS.);
#5528 = CARTESIAN_POINT('',(12.719190436242,50.543624161074,24.55));
#5529 = CARTESIAN_POINT('',(12.948531879195,50.822609060403,24.55));
#5530 = CARTESIAN_POINT('',(13.206187080537,50.954928691275,24.55));
#5531 = ORIENTED_EDGE('',*,*,#5532,.T.);
#5532 = EDGE_CURVE('',#5525,#702,#5533,.T.);
#5533 = LINE('',#5534,#5535);
#5534 = CARTESIAN_POINT('',(12.719190436242,50.543624161074,24.55));
#5535 = VECTOR('',#5536,1.);
#5536 = DIRECTION('',(0.,0.,1.));
#5537 = ORIENTED_EDGE('',*,*,#709,.F.);
#5538 = ORIENTED_EDGE('',*,*,#5506,.F.);
#5539 = SURFACE_OF_LINEAR_EXTRUSION('',#5540,#5544);
#5540 = B_SPLINE_CURVE_WITH_KNOTS('',2,(#5541,#5542,#5543),
  .UNSPECIFIED.,.F.,.F.,(3,3),(0.,1.),.PIECEWISE_BEZIER_KNOTS.);
#5541 = CARTESIAN_POINT('',(12.719190436242,50.543624161074,24.55));
#5542 = CARTESIAN_POINT('',(12.948531879195,50.822609060403,24.55));
#5543 = CARTESIAN_POINT('',(13.206187080537,50.954928691275,24.55));
#5544 = VECTOR('',#5545,1.);
#5545 = DIRECTION('',(-0.,-0.,-1.));
#5546 = ADVANCED_FACE('',(#5547),#5565,.F.);
#5547 = FACE_BOUND('',#5548,.F.);
#5548 = EDGE_LOOP('',(#5549,#5557,#5563,#5564));
#5549 = ORIENTED_EDGE('',*,*,#5550,.F.);
#5550 = EDGE_CURVE('',#5551,#5525,#5553,.T.);
#5551 = VERTEX_POINT('',#5552);
#5552 = CARTESIAN_POINT('',(12.719190436242,51.014765100671,24.55));
#5553 = LINE('',#5554,#5555);
#5554 = CARTESIAN_POINT('',(12.719190436242,51.014765100671,24.55));
#5555 = VECTOR('',#5556,1.);
#5556 = DIRECTION('',(0.,-1.,0.));
#5557 = ORIENTED_EDGE('',*,*,#5558,.T.);
#5558 = EDGE_CURVE('',#5551,#694,#5559,.T.);
#5559 = LINE('',#5560,#5561);
#5560 = CARTESIAN_POINT('',(12.719190436242,51.014765100671,24.55));
#5561 = VECTOR('',#5562,1.);
#5562 = DIRECTION('',(0.,0.,1.));
#5563 = ORIENTED_EDGE('',*,*,#701,.F.);
#5564 = ORIENTED_EDGE('',*,*,#5532,.F.);
#5565 = PLANE('',#5566);
#5566 = AXIS2_PLACEMENT_3D('',#5567,#5568,#5569);
#5567 = CARTESIAN_POINT('',(12.719190436242,51.014765100671,24.55));
#5568 = DIRECTION('',(1.,0.,-0.));
#5569 = DIRECTION('',(0.,-1.,0.));
#5570 = ADVANCED_FACE('',(#5571),#5589,.F.);
#5571 = FACE_BOUND('',#5572,.F.);
#5572 = EDGE_LOOP('',(#5573,#5581,#5587,#5588));
#5573 = ORIENTED_EDGE('',*,*,#5574,.F.);
#5574 = EDGE_CURVE('',#5575,#5551,#5577,.T.);
#5575 = VERTEX_POINT('',#5576);
#5576 = CARTESIAN_POINT('',(11.705557885906,51.014765100671,24.55));
#5577 = LINE('',#5578,#5579);
#5578 = CARTESIAN_POINT('',(11.705557885906,51.014765100671,24.55));
#5579 = VECTOR('',#5580,1.);
#5580 = DIRECTION('',(1.,0.,0.));
#5581 = ORIENTED_EDGE('',*,*,#5582,.T.);
#5582 = EDGE_CURVE('',#5575,#686,#5583,.T.);
#5583 = LINE('',#5584,#5585);
#5584 = CARTESIAN_POINT('',(11.705557885906,51.014765100671,24.55));
#5585 = VECTOR('',#5586,1.);
#5586 = DIRECTION('',(0.,0.,1.));
#5587 = ORIENTED_EDGE('',*,*,#693,.F.);
#5588 = ORIENTED_EDGE('',*,*,#5558,.F.);
#5589 = PLANE('',#5590);
#5590 = AXIS2_PLACEMENT_3D('',#5591,#5592,#5593);
#5591 = CARTESIAN_POINT('',(11.705557885906,51.014765100671,24.55));
#5592 = DIRECTION('',(0.,1.,0.));
#5593 = DIRECTION('',(1.,0.,0.));
#5594 = ADVANCED_FACE('',(#5595),#5613,.F.);
#5595 = FACE_BOUND('',#5596,.F.);
#5596 = EDGE_LOOP('',(#5597,#5605,#5611,#5612));
#5597 = ORIENTED_EDGE('',*,*,#5598,.F.);
#5598 = EDGE_CURVE('',#5599,#5575,#5601,.T.);
#5599 = VERTEX_POINT('',#5600);
#5600 = CARTESIAN_POINT('',(11.705557885906,47.837583892617,24.55));
#5601 = LINE('',#5602,#5603);
#5602 = CARTESIAN_POINT('',(11.705557885906,47.837583892617,24.55));
#5603 = VECTOR('',#5604,1.);
#5604 = DIRECTION('',(0.,1.,0.));
#5605 = ORIENTED_EDGE('',*,*,#5606,.T.);
#5606 = EDGE_CURVE('',#5599,#678,#5607,.T.);
#5607 = LINE('',#5608,#5609);
#5608 = CARTESIAN_POINT('',(11.705557885906,47.837583892617,24.55));
#5609 = VECTOR('',#5610,1.);
#5610 = DIRECTION('',(0.,0.,1.));
#5611 = ORIENTED_EDGE('',*,*,#685,.F.);
#5612 = ORIENTED_EDGE('',*,*,#5582,.F.);
#5613 = PLANE('',#5614);
#5614 = AXIS2_PLACEMENT_3D('',#5615,#5616,#5617);
#5615 = CARTESIAN_POINT('',(11.705557885906,47.837583892617,24.55));
#5616 = DIRECTION('',(-1.,0.,0.));
#5617 = DIRECTION('',(0.,1.,0.));
#5618 = ADVANCED_FACE('',(#5619),#5637,.F.);
#5619 = FACE_BOUND('',#5620,.F.);
#5620 = EDGE_LOOP('',(#5621,#5629,#5635,#5636));
#5621 = ORIENTED_EDGE('',*,*,#5622,.F.);
#5622 = EDGE_CURVE('',#5623,#5599,#5625,.T.);
#5623 = VERTEX_POINT('',#5624);
#5624 = CARTESIAN_POINT('',(12.719190436242,47.837583892617,24.55));
#5625 = LINE('',#5626,#5627);
#5626 = CARTESIAN_POINT('',(12.719190436242,47.837583892617,24.55));
#5627 = VECTOR('',#5628,1.);
#5628 = DIRECTION('',(-1.,0.,0.));
#5629 = ORIENTED_EDGE('',*,*,#5630,.T.);
#5630 = EDGE_CURVE('',#5623,#670,#5631,.T.);
#5631 = LINE('',#5632,#5633);
#5632 = CARTESIAN_POINT('',(12.719190436242,47.837583892617,24.55));
#5633 = VECTOR('',#5634,1.);
#5634 = DIRECTION('',(0.,0.,1.));
#5635 = ORIENTED_EDGE('',*,*,#677,.F.);
#5636 = ORIENTED_EDGE('',*,*,#5606,.F.);
#5637 = PLANE('',#5638);
#5638 = AXIS2_PLACEMENT_3D('',#5639,#5640,#5641);
#5639 = CARTESIAN_POINT('',(12.719190436242,47.837583892617,24.55));
#5640 = DIRECTION('',(0.,-1.,0.));
#5641 = DIRECTION('',(-1.,0.,0.));
#5642 = ADVANCED_FACE('',(#5643),#5661,.F.);
#5643 = FACE_BOUND('',#5644,.F.);
#5644 = EDGE_LOOP('',(#5645,#5653,#5659,#5660));
#5645 = ORIENTED_EDGE('',*,*,#5646,.F.);
#5646 = EDGE_CURVE('',#5647,#5623,#5649,.T.);
#5647 = VERTEX_POINT('',#5648);
#5648 = CARTESIAN_POINT('',(12.719190436242,49.401069630872,24.55));
#5649 = LINE('',#5650,#5651);
#5650 = CARTESIAN_POINT('',(12.719190436242,49.401069630872,24.55));
#5651 = VECTOR('',#5652,1.);
#5652 = DIRECTION('',(0.,-1.,0.));
#5653 = ORIENTED_EDGE('',*,*,#5654,.T.);
#5654 = EDGE_CURVE('',#5647,#655,#5655,.T.);
#5655 = LINE('',#5656,#5657);
#5656 = CARTESIAN_POINT('',(12.719190436242,49.401069630872,24.55));
#5657 = VECTOR('',#5658,1.);
#5658 = DIRECTION('',(0.,0.,1.));
#5659 = ORIENTED_EDGE('',*,*,#669,.F.);
#5660 = ORIENTED_EDGE('',*,*,#5630,.F.);
#5661 = PLANE('',#5662);
#5662 = AXIS2_PLACEMENT_3D('',#5663,#5664,#5665);
#5663 = CARTESIAN_POINT('',(12.719190436242,49.401069630872,24.55));
#5664 = DIRECTION('',(1.,0.,-0.));
#5665 = DIRECTION('',(0.,-1.,0.));
#5666 = ADVANCED_FACE('',(#5667),#5685,.F.);
#5667 = FACE_BOUND('',#5668,.F.);
#5668 = EDGE_LOOP('',(#5669,#5677,#5683,#5684));
#5669 = ORIENTED_EDGE('',*,*,#5670,.F.);
#5670 = EDGE_CURVE('',#5671,#5647,#5673,.T.);
#5671 = VERTEX_POINT('',#5672);
#5672 = CARTESIAN_POINT('',(12.900398489933,50.080599832215,24.55));
#5673 = B_SPLINE_CURVE_WITH_KNOTS('',2,(#5674,#5675,#5676),
  .UNSPECIFIED.,.F.,.F.,(3,3),(0.,1.),.PIECEWISE_BEZIER_KNOTS.);
#5674 = CARTESIAN_POINT('',(12.900398489933,50.080599832215,24.55));
#5675 = CARTESIAN_POINT('',(12.719190436242,49.835213926174,24.55));
#5676 = CARTESIAN_POINT('',(12.719190436242,49.401069630872,24.55));
#5677 = ORIENTED_EDGE('',*,*,#5678,.T.);
#5678 = EDGE_CURVE('',#5671,#640,#5679,.T.);
#5679 = LINE('',#5680,#5681);
#5680 = CARTESIAN_POINT('',(12.900398489933,50.080599832215,24.55));
#5681 = VECTOR('',#5682,1.);
#5682 = DIRECTION('',(0.,0.,1.));
#5683 = ORIENTED_EDGE('',*,*,#654,.F.);
#5684 = ORIENTED_EDGE('',*,*,#5654,.F.);
#5685 = SURFACE_OF_LINEAR_EXTRUSION('',#5686,#5690);
#5686 = B_SPLINE_CURVE_WITH_KNOTS('',2,(#5687,#5688,#5689),
  .UNSPECIFIED.,.F.,.F.,(3,3),(0.,1.),.PIECEWISE_BEZIER_KNOTS.);
#5687 = CARTESIAN_POINT('',(12.900398489933,50.080599832215,24.55));
#5688 = CARTESIAN_POINT('',(12.719190436242,49.835213926174,24.55));
#5689 = CARTESIAN_POINT('',(12.719190436242,49.401069630872,24.55));
#5690 = VECTOR('',#5691,1.);
#5691 = DIRECTION('',(-0.,-0.,-1.));
#5692 = ADVANCED_FACE('',(#5693),#5711,.F.);
#5693 = FACE_BOUND('',#5694,.F.);
#5694 = EDGE_LOOP('',(#5695,#5703,#5709,#5710));
#5695 = ORIENTED_EDGE('',*,*,#5696,.F.);
#5696 = EDGE_CURVE('',#5697,#5671,#5699,.T.);
#5697 = VERTEX_POINT('',#5698);
#5698 = CARTESIAN_POINT('',(13.398720637584,50.326174496644,24.55));
#5699 = B_SPLINE_CURVE_WITH_KNOTS('',2,(#5700,#5701,#5702),
  .UNSPECIFIED.,.F.,.F.,(3,3),(0.,1.),.PIECEWISE_BEZIER_KNOTS.);
#5700 = CARTESIAN_POINT('',(13.398720637584,50.326174496644,24.55));
#5701 = CARTESIAN_POINT('',(13.081606543624,50.326174496644,24.55));
#5702 = CARTESIAN_POINT('',(12.900398489933,50.080599832215,24.55));
#5703 = ORIENTED_EDGE('',*,*,#5704,.T.);
#5704 = EDGE_CURVE('',#5697,#630,#5705,.T.);
#5705 = LINE('',#5706,#5707);
#5706 = CARTESIAN_POINT('',(13.398720637584,50.326174496644,24.55));
#5707 = VECTOR('',#5708,1.);
#5708 = DIRECTION('',(0.,0.,1.));
#5709 = ORIENTED_EDGE('',*,*,#639,.F.);
#5710 = ORIENTED_EDGE('',*,*,#5678,.F.);
#5711 = SURFACE_OF_LINEAR_EXTRUSION('',#5712,#5716);
#5712 = B_SPLINE_CURVE_WITH_KNOTS('',2,(#5713,#5714,#5715),
  .UNSPECIFIED.,.F.,.F.,(3,3),(0.,1.),.PIECEWISE_BEZIER_KNOTS.);
#5713 = CARTESIAN_POINT('',(13.398720637584,50.326174496644,24.55));
#5714 = CARTESIAN_POINT('',(13.081606543624,50.326174496644,24.55));
#5715 = CARTESIAN_POINT('',(12.900398489933,50.080599832215,24.55));
#5716 = VECTOR('',#5717,1.);
#5717 = DIRECTION('',(-0.,-0.,-1.));
#5718 = ADVANCED_FACE('',(#5719),#5737,.F.);
#5719 = FACE_BOUND('',#5720,.F.);
#5720 = EDGE_LOOP('',(#5721,#5729,#5735,#5736));
#5721 = ORIENTED_EDGE('',*,*,#5722,.F.);
#5722 = EDGE_CURVE('',#5723,#5697,#5725,.T.);
#5723 = VERTEX_POINT('',#5724);
#5724 = CARTESIAN_POINT('',(13.630893456376,50.270868288591,24.55));
#5725 = B_SPLINE_CURVE_WITH_KNOTS('',2,(#5726,#5727,#5728),
  .UNSPECIFIED.,.F.,.F.,(3,3),(0.,1.),.PIECEWISE_BEZIER_KNOTS.);
#5726 = CARTESIAN_POINT('',(13.630893456376,50.270868288591,24.55));
#5727 = CARTESIAN_POINT('',(13.528963926174,50.326174496644,24.55));
#5728 = CARTESIAN_POINT('',(13.398720637584,50.326174496644,24.55));
#5729 = ORIENTED_EDGE('',*,*,#5730,.T.);
#5730 = EDGE_CURVE('',#5723,#617,#5731,.T.);
#5731 = LINE('',#5732,#5733);
#5732 = CARTESIAN_POINT('',(13.630893456376,50.270868288591,24.55));
#5733 = VECTOR('',#5734,1.);
#5734 = DIRECTION('',(0.,0.,1.));
#5735 = ORIENTED_EDGE('',*,*,#629,.F.);
#5736 = ORIENTED_EDGE('',*,*,#5704,.F.);
#5737 = SURFACE_OF_LINEAR_EXTRUSION('',#5738,#5742);
#5738 = B_SPLINE_CURVE_WITH_KNOTS('',2,(#5739,#5740,#5741),
  .UNSPECIFIED.,.F.,.F.,(3,3),(0.,1.),.PIECEWISE_BEZIER_KNOTS.);
#5739 = CARTESIAN_POINT('',(13.630893456376,50.270868288591,24.55));
#5740 = CARTESIAN_POINT('',(13.528963926174,50.326174496644,24.55));
#5741 = CARTESIAN_POINT('',(13.398720637584,50.326174496644,24.55));
#5742 = VECTOR('',#5743,1.);
#5743 = DIRECTION('',(-0.,-0.,-1.));
#5744 = ADVANCED_FACE('',(#5745),#5763,.F.);
#5745 = FACE_BOUND('',#5746,.F.);
#5746 = EDGE_LOOP('',(#5747,#5755,#5761,#5762));
#5747 = ORIENTED_EDGE('',*,*,#5748,.F.);
#5748 = EDGE_CURVE('',#5749,#5723,#5751,.T.);
#5749 = VERTEX_POINT('',#5750);
#5750 = CARTESIAN_POINT('',(13.792281879195,50.116086409396,24.55));
#5751 = B_SPLINE_CURVE_WITH_KNOTS('',2,(#5752,#5753,#5754),
  .UNSPECIFIED.,.F.,.F.,(3,3),(0.,1.),.PIECEWISE_BEZIER_KNOTS.);
#5752 = CARTESIAN_POINT('',(13.792281879195,50.116086409396,24.55));
#5753 = CARTESIAN_POINT('',(13.732822986577,50.215562080537,24.55));
#5754 = CARTESIAN_POINT('',(13.630893456376,50.270868288591,24.55));
#5755 = ORIENTED_EDGE('',*,*,#5756,.T.);
#5756 = EDGE_CURVE('',#5749,#606,#5757,.T.);
#5757 = LINE('',#5758,#5759);
#5758 = CARTESIAN_POINT('',(13.792281879195,50.116086409396,24.55));
#5759 = VECTOR('',#5760,1.);
#5760 = DIRECTION('',(0.,0.,1.));
#5761 = ORIENTED_EDGE('',*,*,#616,.F.);
#5762 = ORIENTED_EDGE('',*,*,#5730,.F.);
#5763 = SURFACE_OF_LINEAR_EXTRUSION('',#5764,#5768);
#5764 = B_SPLINE_CURVE_WITH_KNOTS('',2,(#5765,#5766,#5767),
  .UNSPECIFIED.,.F.,.F.,(3,3),(0.,1.),.PIECEWISE_BEZIER_KNOTS.);
#5765 = CARTESIAN_POINT('',(13.792281879195,50.116086409396,24.55));
#5766 = CARTESIAN_POINT('',(13.732822986577,50.215562080537,24.55));
#5767 = CARTESIAN_POINT('',(13.630893456376,50.270868288591,24.55));
#5768 = VECTOR('',#5769,1.);
#5769 = DIRECTION('',(-0.,-0.,-1.));
#5770 = ADVANCED_FACE('',(#5771),#5789,.F.);
#5771 = FACE_BOUND('',#5772,.F.);
#5772 = EDGE_LOOP('',(#5773,#5781,#5787,#5788));
#5773 = ORIENTED_EDGE('',*,*,#5774,.F.);
#5774 = EDGE_CURVE('',#5775,#5749,#5777,.T.);
#5775 = VERTEX_POINT('',#5776);
#5776 = CARTESIAN_POINT('',(13.855893456376,49.886367449664,24.55));
#5777 = B_SPLINE_CURVE_WITH_KNOTS('',2,(#5778,#5779,#5780),
  .UNSPECIFIED.,.F.,.F.,(3,3),(0.,1.),.PIECEWISE_BEZIER_KNOTS.);
#5778 = CARTESIAN_POINT('',(13.855893456376,49.886367449664,24.55));
#5779 = CARTESIAN_POINT('',(13.837583892617,50.042470637584,24.55));
#5780 = CARTESIAN_POINT('',(13.792281879195,50.116086409396,24.55));
#5781 = ORIENTED_EDGE('',*,*,#5782,.T.);
#5782 = EDGE_CURVE('',#5775,#593,#5783,.T.);
#5783 = LINE('',#5784,#5785);
#5784 = CARTESIAN_POINT('',(13.855893456376,49.886367449664,24.55));
#5785 = VECTOR('',#5786,1.);
#5786 = DIRECTION('',(0.,0.,1.));
#5787 = ORIENTED_EDGE('',*,*,#605,.F.);
#5788 = ORIENTED_EDGE('',*,*,#5756,.F.);
#5789 = SURFACE_OF_LINEAR_EXTRUSION('',#5790,#5794);
#5790 = B_SPLINE_CURVE_WITH_KNOTS('',2,(#5791,#5792,#5793),
  .UNSPECIFIED.,.F.,.F.,(3,3),(0.,1.),.PIECEWISE_BEZIER_KNOTS.);
#5791 = CARTESIAN_POINT('',(13.855893456376,49.886367449664,24.55));
#5792 = CARTESIAN_POINT('',(13.837583892617,50.042470637584,24.55));
#5793 = CARTESIAN_POINT('',(13.792281879195,50.116086409396,24.55));
#5794 = VECTOR('',#5795,1.);
#5795 = DIRECTION('',(-0.,-0.,-1.));
#5796 = ADVANCED_FACE('',(#5797),#5815,.F.);
#5797 = FACE_BOUND('',#5798,.F.);
#5798 = EDGE_LOOP('',(#5799,#5807,#5813,#5814));
#5799 = ORIENTED_EDGE('',*,*,#5800,.F.);
#5800 = EDGE_CURVE('',#5801,#5775,#5803,.T.);
#5801 = VERTEX_POINT('',#5802);
#5802 = CARTESIAN_POINT('',(13.874391778523,49.318770973154,24.55));
#5803 = B_SPLINE_CURVE_WITH_KNOTS('',2,(#5804,#5805,#5806),
  .UNSPECIFIED.,.F.,.F.,(3,3),(0.,1.),.PIECEWISE_BEZIER_KNOTS.);
#5804 = CARTESIAN_POINT('',(13.874391778523,49.318770973154,24.55));
#5805 = CARTESIAN_POINT('',(13.874391778523,49.730264261745,24.55));
#5806 = CARTESIAN_POINT('',(13.855893456376,49.886367449664,24.55));
#5807 = ORIENTED_EDGE('',*,*,#5808,.T.);
#5808 = EDGE_CURVE('',#5801,#585,#5809,.T.);
#5809 = LINE('',#5810,#5811);
#5810 = CARTESIAN_POINT('',(13.874391778523,49.318770973154,24.55));
#5811 = VECTOR('',#5812,1.);
#5812 = DIRECTION('',(0.,0.,1.));
#5813 = ORIENTED_EDGE('',*,*,#592,.F.);
#5814 = ORIENTED_EDGE('',*,*,#5782,.F.);
#5815 = SURFACE_OF_LINEAR_EXTRUSION('',#5816,#5820);
#5816 = B_SPLINE_CURVE_WITH_KNOTS('',2,(#5817,#5818,#5819),
  .UNSPECIFIED.,.F.,.F.,(3,3),(0.,1.),.PIECEWISE_BEZIER_KNOTS.);
#5817 = CARTESIAN_POINT('',(13.874391778523,49.318770973154,24.55));
#5818 = CARTESIAN_POINT('',(13.874391778523,49.730264261745,24.55));
#5819 = CARTESIAN_POINT('',(13.855893456376,49.886367449664,24.55));
#5820 = VECTOR('',#5821,1.);
#5821 = DIRECTION('',(-0.,-0.,-1.));
#5822 = ADVANCED_FACE('',(#5823),#5841,.F.);
#5823 = FACE_BOUND('',#5824,.F.);
#5824 = EDGE_LOOP('',(#5825,#5833,#5834,#5835));
#5825 = ORIENTED_EDGE('',*,*,#5826,.F.);
#5826 = EDGE_CURVE('',#5418,#5827,#5829,.T.);
#5827 = VERTEX_POINT('',#5828);
#5828 = CARTESIAN_POINT('',(13.874391778523,47.837583892617,24.55));
#5829 = LINE('',#5830,#5831);
#5830 = CARTESIAN_POINT('',(14.893687080537,47.837583892617,24.55));
#5831 = VECTOR('',#5832,1.);
#5832 = DIRECTION('',(-1.,0.,0.));
#5833 = ORIENTED_EDGE('',*,*,#5432,.T.);
#5834 = ORIENTED_EDGE('',*,*,#576,.F.);
#5835 = ORIENTED_EDGE('',*,*,#5836,.F.);
#5836 = EDGE_CURVE('',#5827,#577,#5837,.T.);
#5837 = LINE('',#5838,#5839);
#5838 = CARTESIAN_POINT('',(13.874391778523,47.837583892617,24.55));
#5839 = VECTOR('',#5840,1.);
#5840 = DIRECTION('',(0.,0.,1.));
#5841 = PLANE('',#5842);
#5842 = AXIS2_PLACEMENT_3D('',#5843,#5844,#5845);
#5843 = CARTESIAN_POINT('',(14.893687080537,47.837583892617,24.55));
#5844 = DIRECTION('',(0.,-1.,0.));
#5845 = DIRECTION('',(-1.,0.,0.));
#5846 = ADVANCED_FACE('',(#5847),#5872,.F.);
#5847 = FACE_BOUND('',#5848,.F.);
#5848 = EDGE_LOOP('',(#5849,#5859,#5865,#5866));
#5849 = ORIENTED_EDGE('',*,*,#5850,.F.);
#5850 = EDGE_CURVE('',#5851,#5853,#5855,.T.);
#5851 = VERTEX_POINT('',#5852);
#5852 = CARTESIAN_POINT('',(18.314555369128,50.906040268456,24.55));
#5853 = VERTEX_POINT('',#5854);
#5854 = CARTESIAN_POINT('',(18.314555369128,50.13288590604,24.55));
#5855 = LINE('',#5856,#5857);
#5856 = CARTESIAN_POINT('',(18.314555369128,50.906040268456,24.55));
#5857 = VECTOR('',#5858,1.);
#5858 = DIRECTION('',(0.,-1.,0.));
#5859 = ORIENTED_EDGE('',*,*,#5860,.T.);
#5860 = EDGE_CURVE('',#5851,#775,#5861,.T.);
#5861 = LINE('',#5862,#5863);
#5862 = CARTESIAN_POINT('',(18.314555369128,50.906040268456,24.55));
#5863 = VECTOR('',#5864,1.);
#5864 = DIRECTION('',(0.,0.,1.));
#5865 = ORIENTED_EDGE('',*,*,#772,.F.);
#5866 = ORIENTED_EDGE('',*,*,#5867,.F.);
#5867 = EDGE_CURVE('',#5853,#773,#5868,.T.);
#5868 = LINE('',#5869,#5870);
#5869 = CARTESIAN_POINT('',(18.314555369128,50.13288590604,24.55));
#5870 = VECTOR('',#5871,1.);
#5871 = DIRECTION('',(0.,0.,1.));
#5872 = PLANE('',#5873);
#5873 = AXIS2_PLACEMENT_3D('',#5874,#5875,#5876);
#5874 = CARTESIAN_POINT('',(18.314555369128,50.906040268456,24.55));
#5875 = DIRECTION('',(1.,0.,-0.));
#5876 = DIRECTION('',(0.,-1.,0.));
#5877 = ADVANCED_FACE('',(#5878),#5896,.F.);
#5878 = FACE_BOUND('',#5879,.F.);
#5879 = EDGE_LOOP('',(#5880,#5888,#5894,#5895));
#5880 = ORIENTED_EDGE('',*,*,#5881,.F.);
#5881 = EDGE_CURVE('',#5882,#5851,#5884,.T.);
#5882 = VERTEX_POINT('',#5883);
#5883 = CARTESIAN_POINT('',(17.643519295302,51.04326761745,24.55));
#5884 = B_SPLINE_CURVE_WITH_KNOTS('',2,(#5885,#5886,#5887),
  .UNSPECIFIED.,.F.,.F.,(3,3),(0.,1.),.PIECEWISE_BEZIER_KNOTS.);
#5885 = CARTESIAN_POINT('',(17.643519295302,51.04326761745,24.55));
#5886 = CARTESIAN_POINT('',(17.952139261745,50.999475671141,24.55));
#5887 = CARTESIAN_POINT('',(18.314555369128,50.906040268456,24.55));
#5888 = ORIENTED_EDGE('',*,*,#5889,.T.);
#5889 = EDGE_CURVE('',#5882,#1125,#5890,.T.);
#5890 = LINE('',#5891,#5892);
#5891 = CARTESIAN_POINT('',(17.643519295302,51.04326761745,24.55));
#5892 = VECTOR('',#5893,1.);
#5893 = DIRECTION('',(0.,0.,1.));
#5894 = ORIENTED_EDGE('',*,*,#1135,.F.);
#5895 = ORIENTED_EDGE('',*,*,#5860,.F.);
#5896 = SURFACE_OF_LINEAR_EXTRUSION('',#5897,#5901);
#5897 = B_SPLINE_CURVE_WITH_KNOTS('',2,(#5898,#5899,#5900),
  .UNSPECIFIED.,.F.,.F.,(3,3),(0.,1.),.PIECEWISE_BEZIER_KNOTS.);
#5898 = CARTESIAN_POINT('',(17.643519295302,51.04326761745,24.55));
#5899 = CARTESIAN_POINT('',(17.952139261745,50.999475671141,24.55));
#5900 = CARTESIAN_POINT('',(18.314555369128,50.906040268456,24.55));
#5901 = VECTOR('',#5902,1.);
#5902 = DIRECTION('',(-0.,-0.,-1.));
#5903 = ADVANCED_FACE('',(#5904),#5922,.F.);
#5904 = FACE_BOUND('',#5905,.F.);
#5905 = EDGE_LOOP('',(#5906,#5914,#5920,#5921));
#5906 = ORIENTED_EDGE('',*,*,#5907,.F.);
#5907 = EDGE_CURVE('',#5908,#5882,#5910,.T.);
#5908 = VERTEX_POINT('',#5909);
#5909 = CARTESIAN_POINT('',(17.054593120805,51.087248322148,24.55));
#5910 = B_SPLINE_CURVE_WITH_KNOTS('',2,(#5911,#5912,#5913),
  .UNSPECIFIED.,.F.,.F.,(3,3),(0.,1.),.PIECEWISE_BEZIER_KNOTS.);
#5911 = CARTESIAN_POINT('',(17.054593120805,51.087248322148,24.55));
#5912 = CARTESIAN_POINT('',(17.334899328859,51.087248322148,24.55));
#5913 = CARTESIAN_POINT('',(17.643519295302,51.04326761745,24.55));
#5914 = ORIENTED_EDGE('',*,*,#5915,.T.);
#5915 = EDGE_CURVE('',#5908,#1108,#5916,.T.);
#5916 = LINE('',#5917,#5918);
#5917 = CARTESIAN_POINT('',(17.054593120805,51.087248322148,24.55));
#5918 = VECTOR('',#5919,1.);
#5919 = DIRECTION('',(0.,0.,1.));
#5920 = ORIENTED_EDGE('',*,*,#1124,.F.);
#5921 = ORIENTED_EDGE('',*,*,#5889,.F.);
#5922 = SURFACE_OF_LINEAR_EXTRUSION('',#5923,#5927);
#5923 = B_SPLINE_CURVE_WITH_KNOTS('',2,(#5924,#5925,#5926),
  .UNSPECIFIED.,.F.,.F.,(3,3),(0.,1.),.PIECEWISE_BEZIER_KNOTS.);
#5924 = CARTESIAN_POINT('',(17.054593120805,51.087248322148,24.55));
#5925 = CARTESIAN_POINT('',(17.334899328859,51.087248322148,24.55));
#5926 = CARTESIAN_POINT('',(17.643519295302,51.04326761745,24.55));
#5927 = VECTOR('',#5928,1.);
#5928 = DIRECTION('',(-0.,-0.,-1.));
#5929 = ADVANCED_FACE('',(#5930),#5948,.F.);
#5930 = FACE_BOUND('',#5931,.F.);
#5931 = EDGE_LOOP('',(#5932,#5940,#5946,#5947));
#5932 = ORIENTED_EDGE('',*,*,#5933,.F.);
#5933 = EDGE_CURVE('',#5934,#5908,#5936,.T.);
#5934 = VERTEX_POINT('',#5935);
#5935 = CARTESIAN_POINT('',(15.995658557047,50.842806208054,24.55));
#5936 = B_SPLINE_CURVE_WITH_KNOTS('',2,(#5937,#5938,#5939),
  .UNSPECIFIED.,.F.,.F.,(3,3),(0.,1.),.PIECEWISE_BEZIER_KNOTS.);
#5937 = CARTESIAN_POINT('',(15.995658557047,50.842806208054,24.55));
#5938 = CARTESIAN_POINT('',(16.341086409396,51.087248322148,24.55));
#5939 = CARTESIAN_POINT('',(17.054593120805,51.087248322148,24.55));
#5940 = ORIENTED_EDGE('',*,*,#5941,.T.);
#5941 = EDGE_CURVE('',#5934,#1089,#5942,.T.);
#5942 = LINE('',#5943,#5944);
#5943 = CARTESIAN_POINT('',(15.995658557047,50.842806208054,24.55));
#5944 = VECTOR('',#5945,1.);
#5945 = DIRECTION('',(0.,0.,1.));
#5946 = ORIENTED_EDGE('',*,*,#1107,.F.);
#5947 = ORIENTED_EDGE('',*,*,#5915,.F.);
#5948 = SURFACE_OF_LINEAR_EXTRUSION('',#5949,#5953);
#5949 = B_SPLINE_CURVE_WITH_KNOTS('',2,(#5950,#5951,#5952),
  .UNSPECIFIED.,.F.,.F.,(3,3),(0.,1.),.PIECEWISE_BEZIER_KNOTS.);
#5950 = CARTESIAN_POINT('',(15.995658557047,50.842806208054,24.55));
#5951 = CARTESIAN_POINT('',(16.341086409396,51.087248322148,24.55));
#5952 = CARTESIAN_POINT('',(17.054593120805,51.087248322148,24.55));
#5953 = VECTOR('',#5954,1.);
#5954 = DIRECTION('',(-0.,-0.,-1.));
#5955 = ADVANCED_FACE('',(#5956),#5974,.F.);
#5956 = FACE_BOUND('',#5957,.F.);
#5957 = EDGE_LOOP('',(#5958,#5966,#5972,#5973));
#5958 = ORIENTED_EDGE('',*,*,#5959,.F.);
#5959 = EDGE_CURVE('',#5960,#5934,#5962,.T.);
#5960 = VERTEX_POINT('',#5961);
#5961 = CARTESIAN_POINT('',(15.650230704698,50.092869127517,24.55));
#5962 = B_SPLINE_CURVE_WITH_KNOTS('',2,(#5963,#5964,#5965),
  .UNSPECIFIED.,.F.,.F.,(3,3),(0.,1.),.PIECEWISE_BEZIER_KNOTS.);
#5963 = CARTESIAN_POINT('',(15.650230704698,50.092869127517,24.55));
#5964 = CARTESIAN_POINT('',(15.650230704698,50.598552852349,24.55));
#5965 = CARTESIAN_POINT('',(15.995658557047,50.842806208054,24.55));
#5966 = ORIENTED_EDGE('',*,*,#5967,.T.);
#5967 = EDGE_CURVE('',#5960,#1072,#5968,.T.);
#5968 = LINE('',#5969,#5970);
#5969 = CARTESIAN_POINT('',(15.650230704698,50.092869127517,24.55));
#5970 = VECTOR('',#5971,1.);
#5971 = DIRECTION('',(0.,0.,1.));
#5972 = ORIENTED_EDGE('',*,*,#1088,.F.);
#5973 = ORIENTED_EDGE('',*,*,#5941,.F.);
#5974 = SURFACE_OF_LINEAR_EXTRUSION('',#5975,#5979);
#5975 = B_SPLINE_CURVE_WITH_KNOTS('',2,(#5976,#5977,#5978),
  .UNSPECIFIED.,.F.,.F.,(3,3),(0.,1.),.PIECEWISE_BEZIER_KNOTS.);
#5976 = CARTESIAN_POINT('',(15.650230704698,50.092869127517,24.55));
#5977 = CARTESIAN_POINT('',(15.650230704698,50.598552852349,24.55));
#5978 = CARTESIAN_POINT('',(15.995658557047,50.842806208054,24.55));
#5979 = VECTOR('',#5980,1.);
#5980 = DIRECTION('',(-0.,-0.,-1.));
#5981 = ADVANCED_FACE('',(#5982),#6000,.F.);
#5982 = FACE_BOUND('',#5983,.F.);
#5983 = EDGE_LOOP('',(#5984,#5992,#5998,#5999));
#5984 = ORIENTED_EDGE('',*,*,#5985,.F.);
#5985 = EDGE_CURVE('',#5986,#5960,#5988,.T.);
#5986 = VERTEX_POINT('',#5987);
#5987 = CARTESIAN_POINT('',(15.922042785235,49.393896812081,24.55));
#5988 = B_SPLINE_CURVE_WITH_KNOTS('',2,(#5989,#5990,#5991),
  .UNSPECIFIED.,.F.,.F.,(3,3),(0.,1.),.PIECEWISE_BEZIER_KNOTS.);
#5989 = CARTESIAN_POINT('',(15.922042785235,49.393896812081,24.55));
#5990 = CARTESIAN_POINT('',(15.650230704698,49.623993288591,24.55));
#5991 = CARTESIAN_POINT('',(15.650230704698,50.092869127517,24.55));
#5992 = ORIENTED_EDGE('',*,*,#5993,.T.);
#5993 = EDGE_CURVE('',#5986,#1055,#5994,.T.);
#5994 = LINE('',#5995,#5996);
#5995 = CARTESIAN_POINT('',(15.922042785235,49.393896812081,24.55));
#5996 = VECTOR('',#5997,1.);
#5997 = DIRECTION('',(0.,0.,1.));
#5998 = ORIENTED_EDGE('',*,*,#1071,.F.);
#5999 = ORIENTED_EDGE('',*,*,#5967,.F.);
#6000 = SURFACE_OF_LINEAR_EXTRUSION('',#6001,#6005);
#6001 = B_SPLINE_CURVE_WITH_KNOTS('',2,(#6002,#6003,#6004),
  .UNSPECIFIED.,.F.,.F.,(3,3),(0.,1.),.PIECEWISE_BEZIER_KNOTS.);
#6002 = CARTESIAN_POINT('',(15.922042785235,49.393896812081,24.55));
#6003 = CARTESIAN_POINT('',(15.650230704698,49.623993288591,24.55));
#6004 = CARTESIAN_POINT('',(15.650230704698,50.092869127517,24.55));
#6005 = VECTOR('',#6006,1.);
#6006 = DIRECTION('',(-0.,-0.,-1.));
#6007 = ADVANCED_FACE('',(#6008),#6026,.F.);
#6008 = FACE_BOUND('',#6009,.F.);
#6009 = EDGE_LOOP('',(#6010,#6018,#6024,#6025));
#6010 = ORIENTED_EDGE('',*,*,#6011,.F.);
#6011 = EDGE_CURVE('',#6012,#5986,#6014,.T.);
#6012 = VERTEX_POINT('',#6013);
#6013 = CARTESIAN_POINT('',(16.870553691275,49.078481543624,24.55));
#6014 = B_SPLINE_CURVE_WITH_KNOTS('',2,(#6015,#6016,#6017),
  .UNSPECIFIED.,.F.,.F.,(3,3),(0.,1.),.PIECEWISE_BEZIER_KNOTS.);
#6015 = CARTESIAN_POINT('',(16.870553691275,49.078481543624,24.55));
#6016 = CARTESIAN_POINT('',(16.193854865772,49.16380033557,24.55));
#6017 = CARTESIAN_POINT('',(15.922042785235,49.393896812081,24.55));
#6018 = ORIENTED_EDGE('',*,*,#6019,.T.);
#6019 = EDGE_CURVE('',#6012,#1047,#6020,.T.);
#6020 = LINE('',#6021,#6022);
#6021 = CARTESIAN_POINT('',(16.870553691275,49.078481543624,24.55));
#6022 = VECTOR('',#6023,1.);
#6023 = DIRECTION('',(0.,0.,1.));
#6024 = ORIENTED_EDGE('',*,*,#1054,.F.);
#6025 = ORIENTED_EDGE('',*,*,#5993,.F.);
#6026 = SURFACE_OF_LINEAR_EXTRUSION('',#6027,#6031);
#6027 = B_SPLINE_CURVE_WITH_KNOTS('',2,(#6028,#6029,#6030),
  .UNSPECIFIED.,.F.,.F.,(3,3),(0.,1.),.PIECEWISE_BEZIER_KNOTS.);
#6028 = CARTESIAN_POINT('',(16.870553691275,49.078481543624,24.55));
#6029 = CARTESIAN_POINT('',(16.193854865772,49.16380033557,24.55));
#6030 = CARTESIAN_POINT('',(15.922042785235,49.393896812081,24.55));
#6031 = VECTOR('',#6032,1.);
#6032 = DIRECTION('',(-0.,-0.,-1.));
#6033 = ADVANCED_FACE('',(#6034),#6052,.F.);
#6034 = FACE_BOUND('',#6035,.F.);
#6035 = EDGE_LOOP('',(#6036,#6044,#6050,#6051));
#6036 = ORIENTED_EDGE('',*,*,#6037,.F.);
#6037 = EDGE_CURVE('',#6038,#6012,#6040,.T.);
#6038 = VERTEX_POINT('',#6039);
#6039 = CARTESIAN_POINT('',(17.048930369128,49.055830536913,24.55));
#6040 = LINE('',#6041,#6042);
#6041 = CARTESIAN_POINT('',(17.048930369128,49.055830536913,24.55));
#6042 = VECTOR('',#6043,1.);
#6043 = DIRECTION('',(-0.99203372922,0.125972537044,0.));
#6044 = ORIENTED_EDGE('',*,*,#6045,.T.);
#6045 = EDGE_CURVE('',#6038,#1035,#6046,.T.);
#6046 = LINE('',#6047,#6048);
#6047 = CARTESIAN_POINT('',(17.048930369128,49.055830536913,24.55));
#6048 = VECTOR('',#6049,1.);
#6049 = DIRECTION('',(0.,0.,1.));
#6050 = ORIENTED_EDGE('',*,*,#1046,.F.);
#6051 = ORIENTED_EDGE('',*,*,#6019,.F.);
#6052 = PLANE('',#6053);
#6053 = AXIS2_PLACEMENT_3D('',#6054,#6055,#6056);
#6054 = CARTESIAN_POINT('',(17.048930369128,49.055830536913,24.55));
#6055 = DIRECTION('',(-0.125972537044,-0.99203372922,0.));
#6056 = DIRECTION('',(-0.99203372922,0.125972537044,0.));
#6057 = ADVANCED_FACE('',(#6058),#6076,.F.);
#6058 = FACE_BOUND('',#6059,.F.);
#6059 = EDGE_LOOP('',(#6060,#6068,#6074,#6075));
#6060 = ORIENTED_EDGE('',*,*,#6061,.F.);
#6061 = EDGE_CURVE('',#6062,#6038,#6064,.T.);
#6062 = VERTEX_POINT('',#6063);
#6063 = CARTESIAN_POINT('',(17.460801174497,48.953334731544,24.55));
#6064 = B_SPLINE_CURVE_WITH_KNOTS('',2,(#6065,#6066,#6067),
  .UNSPECIFIED.,.F.,.F.,(3,3),(0.,1.),.PIECEWISE_BEZIER_KNOTS.);
#6065 = CARTESIAN_POINT('',(17.460801174497,48.953334731544,24.55));
#6066 = CARTESIAN_POINT('',(17.35755033557,49.019400167785,24.55));
#6067 = CARTESIAN_POINT('',(17.048930369128,49.055830536913,24.55));
#6068 = ORIENTED_EDGE('',*,*,#6069,.T.);
#6069 = EDGE_CURVE('',#6062,#1020,#6070,.T.);
#6070 = LINE('',#6071,#6072);
#6071 = CARTESIAN_POINT('',(17.460801174497,48.953334731544,24.55));
#6072 = VECTOR('',#6073,1.);
#6073 = DIRECTION('',(0.,0.,1.));
#6074 = ORIENTED_EDGE('',*,*,#1034,.F.);
#6075 = ORIENTED_EDGE('',*,*,#6045,.F.);
#6076 = SURFACE_OF_LINEAR_EXTRUSION('',#6077,#6081);
#6077 = B_SPLINE_CURVE_WITH_KNOTS('',2,(#6078,#6079,#6080),
  .UNSPECIFIED.,.F.,.F.,(3,3),(0.,1.),.PIECEWISE_BEZIER_KNOTS.);
#6078 = CARTESIAN_POINT('',(17.460801174497,48.953334731544,24.55));
#6079 = CARTESIAN_POINT('',(17.35755033557,49.019400167785,24.55));
#6080 = CARTESIAN_POINT('',(17.048930369128,49.055830536913,24.55));
#6081 = VECTOR('',#6082,1.);
#6082 = DIRECTION('',(-0.,-0.,-1.));
#6083 = ADVANCED_FACE('',(#6084),#6102,.F.);
#6084 = FACE_BOUND('',#6085,.F.);
#6085 = EDGE_LOOP('',(#6086,#6094,#6100,#6101));
#6086 = ORIENTED_EDGE('',*,*,#6087,.F.);
#6087 = EDGE_CURVE('',#6088,#6062,#6090,.T.);
#6088 = VERTEX_POINT('',#6089);
#6089 = CARTESIAN_POINT('',(17.564240771812,48.752495805369,24.55));
#6090 = B_SPLINE_CURVE_WITH_KNOTS('',2,(#6091,#6092,#6093),
  .UNSPECIFIED.,.F.,.F.,(3,3),(0.,1.),.PIECEWISE_BEZIER_KNOTS.);
#6091 = CARTESIAN_POINT('',(17.564240771812,48.752495805369,24.55));
#6092 = CARTESIAN_POINT('',(17.564240771812,48.887269295302,24.55));
#6093 = CARTESIAN_POINT('',(17.460801174497,48.953334731544,24.55));
#6094 = ORIENTED_EDGE('',*,*,#6095,.T.);
#6095 = EDGE_CURVE('',#6088,#1005,#6096,.T.);
#6096 = LINE('',#6097,#6098);
#6097 = CARTESIAN_POINT('',(17.564240771812,48.752495805369,24.55));
#6098 = VECTOR('',#6099,1.);
#6099 = DIRECTION('',(0.,0.,1.));
#6100 = ORIENTED_EDGE('',*,*,#1019,.F.);
#6101 = ORIENTED_EDGE('',*,*,#6069,.F.);
#6102 = SURFACE_OF_LINEAR_EXTRUSION('',#6103,#6107);
#6103 = B_SPLINE_CURVE_WITH_KNOTS('',2,(#6104,#6105,#6106),
  .UNSPECIFIED.,.F.,.F.,(3,3),(0.,1.),.PIECEWISE_BEZIER_KNOTS.);
#6104 = CARTESIAN_POINT('',(17.564240771812,48.752495805369,24.55));
#6105 = CARTESIAN_POINT('',(17.564240771812,48.887269295302,24.55));
#6106 = CARTESIAN_POINT('',(17.460801174497,48.953334731544,24.55));
#6107 = VECTOR('',#6108,1.);
#6108 = DIRECTION('',(-0.,-0.,-1.));
#6109 = ADVANCED_FACE('',(#6110),#6128,.F.);
#6110 = FACE_BOUND('',#6111,.F.);
#6111 = EDGE_LOOP('',(#6112,#6120,#6126,#6127));
#6112 = ORIENTED_EDGE('',*,*,#6113,.F.);
#6113 = EDGE_CURVE('',#6114,#6088,#6116,.T.);
#6114 = VERTEX_POINT('',#6115);
#6115 = CARTESIAN_POINT('',(17.414177852349,48.510885067114,24.55));
#6116 = B_SPLINE_CURVE_WITH_KNOTS('',2,(#6117,#6118,#6119),
  .UNSPECIFIED.,.F.,.F.,(3,3),(0.,1.),.PIECEWISE_BEZIER_KNOTS.);
#6117 = CARTESIAN_POINT('',(17.414177852349,48.510885067114,24.55));
#6118 = CARTESIAN_POINT('',(17.564240771812,48.592428691275,24.55));
#6119 = CARTESIAN_POINT('',(17.564240771812,48.752495805369,24.55));
#6120 = ORIENTED_EDGE('',*,*,#6121,.T.);
#6121 = EDGE_CURVE('',#6114,#993,#6122,.T.);
#6122 = LINE('',#6123,#6124);
#6123 = CARTESIAN_POINT('',(17.414177852349,48.510885067114,24.55));
#6124 = VECTOR('',#6125,1.);
#6125 = DIRECTION('',(0.,0.,1.));
#6126 = ORIENTED_EDGE('',*,*,#1004,.F.);
#6127 = ORIENTED_EDGE('',*,*,#6095,.F.);
#6128 = SURFACE_OF_LINEAR_EXTRUSION('',#6129,#6133);
#6129 = B_SPLINE_CURVE_WITH_KNOTS('',2,(#6130,#6131,#6132),
  .UNSPECIFIED.,.F.,.F.,(3,3),(0.,1.),.PIECEWISE_BEZIER_KNOTS.);
#6130 = CARTESIAN_POINT('',(17.414177852349,48.510885067114,24.55));
#6131 = CARTESIAN_POINT('',(17.564240771812,48.592428691275,24.55));
#6132 = CARTESIAN_POINT('',(17.564240771812,48.752495805369,24.55));
#6133 = VECTOR('',#6134,1.);
#6134 = DIRECTION('',(-0.,-0.,-1.));
#6135 = ADVANCED_FACE('',(#6136),#6154,.F.);
#6136 = FACE_BOUND('',#6137,.F.);
#6137 = EDGE_LOOP('',(#6138,#6146,#6152,#6153));
#6138 = ORIENTED_EDGE('',*,*,#6139,.F.);
#6139 = EDGE_CURVE('',#6140,#6114,#6142,.T.);
#6140 = VERTEX_POINT('',#6141);
#6141 = CARTESIAN_POINT('',(16.966820469799,48.429530201342,24.55));
#6142 = B_SPLINE_CURVE_WITH_KNOTS('',2,(#6143,#6144,#6145),
  .UNSPECIFIED.,.F.,.F.,(3,3),(0.,1.),.PIECEWISE_BEZIER_KNOTS.);
#6143 = CARTESIAN_POINT('',(16.966820469799,48.429530201342,24.55));
#6144 = CARTESIAN_POINT('',(17.264114932886,48.429530201342,24.55));
#6145 = CARTESIAN_POINT('',(17.414177852349,48.510885067114,24.55));
#6146 = ORIENTED_EDGE('',*,*,#6147,.T.);
#6147 = EDGE_CURVE('',#6140,#980,#6148,.T.);
#6148 = LINE('',#6149,#6150);
#6149 = CARTESIAN_POINT('',(16.966820469799,48.429530201342,24.55));
#6150 = VECTOR('',#6151,1.);
#6151 = DIRECTION('',(0.,0.,1.));
#6152 = ORIENTED_EDGE('',*,*,#992,.F.);
#6153 = ORIENTED_EDGE('',*,*,#6121,.F.);
#6154 = SURFACE_OF_LINEAR_EXTRUSION('',#6155,#6159);
#6155 = B_SPLINE_CURVE_WITH_KNOTS('',2,(#6156,#6157,#6158),
  .UNSPECIFIED.,.F.,.F.,(3,3),(0.,1.),.PIECEWISE_BEZIER_KNOTS.);
#6156 = CARTESIAN_POINT('',(16.966820469799,48.429530201342,24.55));
#6157 = CARTESIAN_POINT('',(17.264114932886,48.429530201342,24.55));
#6158 = CARTESIAN_POINT('',(17.414177852349,48.510885067114,24.55));
#6159 = VECTOR('',#6160,1.);
#6160 = DIRECTION('',(-0.,-0.,-1.));
#6161 = ADVANCED_FACE('',(#6162),#6180,.F.);
#6162 = FACE_BOUND('',#6163,.F.);
#6163 = EDGE_LOOP('',(#6164,#6172,#6178,#6179));
#6164 = ORIENTED_EDGE('',*,*,#6165,.F.);
#6165 = EDGE_CURVE('',#6166,#6140,#6168,.T.);
#6166 = VERTEX_POINT('',#6167);
#6167 = CARTESIAN_POINT('',(16.319756711409,48.502013422819,24.55));
#6168 = B_SPLINE_CURVE_WITH_KNOTS('',2,(#6169,#6170,#6171),
  .UNSPECIFIED.,.F.,.F.,(3,3),(0.,1.),.PIECEWISE_BEZIER_KNOTS.);
#6169 = CARTESIAN_POINT('',(16.319756711409,48.502013422819,24.55));
#6170 = CARTESIAN_POINT('',(16.638380872483,48.429530201342,24.55));
#6171 = CARTESIAN_POINT('',(16.966820469799,48.429530201342,24.55));
#6172 = ORIENTED_EDGE('',*,*,#6173,.T.);
#6173 = EDGE_CURVE('',#6166,#969,#6174,.T.);
#6174 = LINE('',#6175,#6176);
#6175 = CARTESIAN_POINT('',(16.319756711409,48.502013422819,24.55));
#6176 = VECTOR('',#6177,1.);
#6177 = DIRECTION('',(0.,0.,1.));
#6178 = ORIENTED_EDGE('',*,*,#979,.F.);
#6179 = ORIENTED_EDGE('',*,*,#6147,.F.);
#6180 = SURFACE_OF_LINEAR_EXTRUSION('',#6181,#6185);
#6181 = B_SPLINE_CURVE_WITH_KNOTS('',2,(#6182,#6183,#6184),
  .UNSPECIFIED.,.F.,.F.,(3,3),(0.,1.),.PIECEWISE_BEZIER_KNOTS.);
#6182 = CARTESIAN_POINT('',(16.319756711409,48.502013422819,24.55));
#6183 = CARTESIAN_POINT('',(16.638380872483,48.429530201342,24.55));
#6184 = CARTESIAN_POINT('',(16.966820469799,48.429530201342,24.55));
#6185 = VECTOR('',#6186,1.);
#6186 = DIRECTION('',(-0.,-0.,-1.));
#6187 = ADVANCED_FACE('',(#6188),#6206,.F.);
#6188 = FACE_BOUND('',#6189,.F.);
#6189 = EDGE_LOOP('',(#6190,#6198,#6204,#6205));
#6190 = ORIENTED_EDGE('',*,*,#6191,.F.);
#6191 = EDGE_CURVE('',#6192,#6166,#6194,.T.);
#6192 = VERTEX_POINT('',#6193);
#6193 = CARTESIAN_POINT('',(15.69836409396,48.719463087248,24.55));
#6194 = B_SPLINE_CURVE_WITH_KNOTS('',2,(#6195,#6196,#6197),
  .UNSPECIFIED.,.F.,.F.,(3,3),(0.,1.),.PIECEWISE_BEZIER_KNOTS.);
#6195 = CARTESIAN_POINT('',(15.69836409396,48.719463087248,24.55));
#6196 = CARTESIAN_POINT('',(16.001321308725,48.574496644295,24.55));
#6197 = CARTESIAN_POINT('',(16.319756711409,48.502013422819,24.55));
#6198 = ORIENTED_EDGE('',*,*,#6199,.T.);
#6199 = EDGE_CURVE('',#6192,#961,#6200,.T.);
#6200 = LINE('',#6201,#6202);
#6201 = CARTESIAN_POINT('',(15.69836409396,48.719463087248,24.55));
#6202 = VECTOR('',#6203,1.);
#6203 = DIRECTION('',(0.,0.,1.));
#6204 = ORIENTED_EDGE('',*,*,#968,.F.);
#6205 = ORIENTED_EDGE('',*,*,#6173,.F.);
#6206 = SURFACE_OF_LINEAR_EXTRUSION('',#6207,#6211);
#6207 = B_SPLINE_CURVE_WITH_KNOTS('',2,(#6208,#6209,#6210),
  .UNSPECIFIED.,.F.,.F.,(3,3),(0.,1.),.PIECEWISE_BEZIER_KNOTS.);
#6208 = CARTESIAN_POINT('',(15.69836409396,48.719463087248,24.55));
#6209 = CARTESIAN_POINT('',(16.001321308725,48.574496644295,24.55));
#6210 = CARTESIAN_POINT('',(16.319756711409,48.502013422819,24.55));
#6211 = VECTOR('',#6212,1.);
#6212 = DIRECTION('',(-0.,-0.,-1.));
#6213 = ADVANCED_FACE('',(#6214),#6232,.F.);
#6214 = FACE_BOUND('',#6215,.F.);
#6215 = EDGE_LOOP('',(#6216,#6224,#6230,#6231));
#6216 = ORIENTED_EDGE('',*,*,#6217,.F.);
#6217 = EDGE_CURVE('',#6218,#6192,#6220,.T.);
#6218 = VERTEX_POINT('',#6219);
#6219 = CARTESIAN_POINT('',(15.69836409396,47.946308724832,24.55));
#6220 = LINE('',#6221,#6222);
#6221 = CARTESIAN_POINT('',(15.69836409396,47.946308724832,24.55));
#6222 = VECTOR('',#6223,1.);
#6223 = DIRECTION('',(0.,1.,0.));
#6224 = ORIENTED_EDGE('',*,*,#6225,.T.);
#6225 = EDGE_CURVE('',#6218,#950,#6226,.T.);
#6226 = LINE('',#6227,#6228);
#6227 = CARTESIAN_POINT('',(15.69836409396,47.946308724832,24.55));
#6228 = VECTOR('',#6229,1.);
#6229 = DIRECTION('',(0.,0.,1.));
#6230 = ORIENTED_EDGE('',*,*,#960,.F.);
#6231 = ORIENTED_EDGE('',*,*,#6199,.F.);
#6232 = PLANE('',#6233);
#6233 = AXIS2_PLACEMENT_3D('',#6234,#6235,#6236);
#6234 = CARTESIAN_POINT('',(15.69836409396,47.946308724832,24.55));
#6235 = DIRECTION('',(-1.,0.,0.));
#6236 = DIRECTION('',(0.,1.,0.));
#6237 = ADVANCED_FACE('',(#6238),#6256,.F.);
#6238 = FACE_BOUND('',#6239,.F.);
#6239 = EDGE_LOOP('',(#6240,#6248,#6254,#6255));
#6240 = ORIENTED_EDGE('',*,*,#6241,.F.);
#6241 = EDGE_CURVE('',#6242,#6218,#6244,.T.);
#6242 = VERTEX_POINT('',#6243);
#6243 = CARTESIAN_POINT('',(16.387709731544,47.801342281879,24.55));
#6244 = B_SPLINE_CURVE_WITH_KNOTS('',2,(#6245,#6246,#6247),
  .UNSPECIFIED.,.F.,.F.,(3,3),(0.,1.),.PIECEWISE_BEZIER_KNOTS.);
#6245 = CARTESIAN_POINT('',(16.387709731544,47.801342281879,24.55));
#6246 = CARTESIAN_POINT('',(16.052286073825,47.84966442953,24.55));
#6247 = CARTESIAN_POINT('',(15.69836409396,47.946308724832,24.55));
#6248 = ORIENTED_EDGE('',*,*,#6249,.T.);
#6249 = EDGE_CURVE('',#6242,#939,#6250,.T.);
#6250 = LINE('',#6251,#6252);
#6251 = CARTESIAN_POINT('',(16.387709731544,47.801342281879,24.55));
#6252 = VECTOR('',#6253,1.);
#6253 = DIRECTION('',(0.,0.,1.));
#6254 = ORIENTED_EDGE('',*,*,#949,.F.);
#6255 = ORIENTED_EDGE('',*,*,#6225,.F.);
#6256 = SURFACE_OF_LINEAR_EXTRUSION('',#6257,#6261);
#6257 = B_SPLINE_CURVE_WITH_KNOTS('',2,(#6258,#6259,#6260),
  .UNSPECIFIED.,.F.,.F.,(3,3),(0.,1.),.PIECEWISE_BEZIER_KNOTS.);
#6258 = CARTESIAN_POINT('',(16.387709731544,47.801342281879,24.55));
#6259 = CARTESIAN_POINT('',(16.052286073825,47.84966442953,24.55));
#6260 = CARTESIAN_POINT('',(15.69836409396,47.946308724832,24.55));
#6261 = VECTOR('',#6262,1.);
#6262 = DIRECTION('',(-0.,-0.,-1.));
#6263 = ADVANCED_FACE('',(#6264),#6282,.F.);
#6264 = FACE_BOUND('',#6265,.F.);
#6265 = EDGE_LOOP('',(#6266,#6274,#6280,#6281));
#6266 = ORIENTED_EDGE('',*,*,#6267,.F.);
#6267 = EDGE_CURVE('',#6268,#6242,#6270,.T.);
#6268 = VERTEX_POINT('',#6269);
#6269 = CARTESIAN_POINT('',(17.037604865772,47.753020134228,24.55));
#6270 = B_SPLINE_CURVE_WITH_KNOTS('',2,(#6271,#6272,#6273),
  .UNSPECIFIED.,.F.,.F.,(3,3),(0.,1.),.PIECEWISE_BEZIER_KNOTS.);
#6271 = CARTESIAN_POINT('',(17.037604865772,47.753020134228,24.55));
#6272 = CARTESIAN_POINT('',(16.723322147651,47.753020134228,24.55));
#6273 = CARTESIAN_POINT('',(16.387709731544,47.801342281879,24.55));
#6274 = ORIENTED_EDGE('',*,*,#6275,.T.);
#6275 = EDGE_CURVE('',#6268,#922,#6276,.T.);
#6276 = LINE('',#6277,#6278);
#6277 = CARTESIAN_POINT('',(17.037604865772,47.753020134228,24.55));
#6278 = VECTOR('',#6279,1.);
#6279 = DIRECTION('',(0.,0.,1.));
#6280 = ORIENTED_EDGE('',*,*,#938,.F.);
#6281 = ORIENTED_EDGE('',*,*,#6249,.F.);
#6282 = SURFACE_OF_LINEAR_EXTRUSION('',#6283,#6287);
#6283 = B_SPLINE_CURVE_WITH_KNOTS('',2,(#6284,#6285,#6286),
  .UNSPECIFIED.,.F.,.F.,(3,3),(0.,1.),.PIECEWISE_BEZIER_KNOTS.);
#6284 = CARTESIAN_POINT('',(17.037604865772,47.753020134228,24.55));
#6285 = CARTESIAN_POINT('',(16.723322147651,47.753020134228,24.55));
#6286 = CARTESIAN_POINT('',(16.387709731544,47.801342281879,24.55));
#6287 = VECTOR('',#6288,1.);
#6288 = DIRECTION('',(-0.,-0.,-1.));
#6289 = ADVANCED_FACE('',(#6290),#6308,.F.);
#6290 = FACE_BOUND('',#6291,.F.);
#6291 = EDGE_LOOP('',(#6292,#6300,#6306,#6307));
#6292 = ORIENTED_EDGE('',*,*,#6293,.F.);
#6293 = EDGE_CURVE('',#6294,#6268,#6296,.T.);
#6294 = VERTEX_POINT('',#6295);
#6295 = CARTESIAN_POINT('',(18.153166946309,48.007277684564,24.55));
#6296 = B_SPLINE_CURVE_WITH_KNOTS('',2,(#6297,#6298,#6299),
  .UNSPECIFIED.,.F.,.F.,(3,3),(0.,1.),.PIECEWISE_BEZIER_KNOTS.);
#6297 = CARTESIAN_POINT('',(18.153166946309,48.007277684564,24.55));
#6298 = CARTESIAN_POINT('',(17.77942533557,47.753020134228,24.55));
#6299 = CARTESIAN_POINT('',(17.037604865772,47.753020134228,24.55));
#6300 = ORIENTED_EDGE('',*,*,#6301,.T.);
#6301 = EDGE_CURVE('',#6294,#903,#6302,.T.);
#6302 = LINE('',#6303,#6304);
#6303 = CARTESIAN_POINT('',(18.153166946309,48.007277684564,24.55));
#6304 = VECTOR('',#6305,1.);
#6305 = DIRECTION('',(0.,0.,1.));
#6306 = ORIENTED_EDGE('',*,*,#921,.F.);
#6307 = ORIENTED_EDGE('',*,*,#6275,.F.);
#6308 = SURFACE_OF_LINEAR_EXTRUSION('',#6309,#6313);
#6309 = B_SPLINE_CURVE_WITH_KNOTS('',2,(#6310,#6311,#6312),
  .UNSPECIFIED.,.F.,.F.,(3,3),(0.,1.),.PIECEWISE_BEZIER_KNOTS.);
#6310 = CARTESIAN_POINT('',(18.153166946309,48.007277684564,24.55));
#6311 = CARTESIAN_POINT('',(17.77942533557,47.753020134228,24.55));
#6312 = CARTESIAN_POINT('',(17.037604865772,47.753020134228,24.55));
#6313 = VECTOR('',#6314,1.);
#6314 = DIRECTION('',(-0.,-0.,-1.));
#6315 = ADVANCED_FACE('',(#6316),#6334,.F.);
#6316 = FACE_BOUND('',#6317,.F.);
#6317 = EDGE_LOOP('',(#6318,#6326,#6332,#6333));
#6318 = ORIENTED_EDGE('',*,*,#6319,.F.);
#6319 = EDGE_CURVE('',#6320,#6294,#6322,.T.);
#6320 = VERTEX_POINT('',#6321);
#6321 = CARTESIAN_POINT('',(18.526908557047,48.767785234899,24.55));
#6322 = B_SPLINE_CURVE_WITH_KNOTS('',2,(#6323,#6324,#6325),
  .UNSPECIFIED.,.F.,.F.,(3,3),(0.,1.),.PIECEWISE_BEZIER_KNOTS.);
#6323 = CARTESIAN_POINT('',(18.526908557047,48.767785234899,24.55));
#6324 = CARTESIAN_POINT('',(18.526908557047,48.261723993289,24.55));
#6325 = CARTESIAN_POINT('',(18.153166946309,48.007277684564,24.55));
#6326 = ORIENTED_EDGE('',*,*,#6327,.T.);
#6327 = EDGE_CURVE('',#6320,#886,#6328,.T.);
#6328 = LINE('',#6329,#6330);
#6329 = CARTESIAN_POINT('',(18.526908557047,48.767785234899,24.55));
#6330 = VECTOR('',#6331,1.);
#6331 = DIRECTION('',(0.,0.,1.));
#6332 = ORIENTED_EDGE('',*,*,#902,.F.);
#6333 = ORIENTED_EDGE('',*,*,#6301,.F.);
#6334 = SURFACE_OF_LINEAR_EXTRUSION('',#6335,#6339);
#6335 = B_SPLINE_CURVE_WITH_KNOTS('',2,(#6336,#6337,#6338),
  .UNSPECIFIED.,.F.,.F.,(3,3),(0.,1.),.PIECEWISE_BEZIER_KNOTS.);
#6336 = CARTESIAN_POINT('',(18.526908557047,48.767785234899,24.55));
#6337 = CARTESIAN_POINT('',(18.526908557047,48.261723993289,24.55));
#6338 = CARTESIAN_POINT('',(18.153166946309,48.007277684564,24.55));
#6339 = VECTOR('',#6340,1.);
#6340 = DIRECTION('',(-0.,-0.,-1.));
#6341 = ADVANCED_FACE('',(#6342),#6360,.F.);
#6342 = FACE_BOUND('',#6343,.F.);
#6343 = EDGE_LOOP('',(#6344,#6352,#6358,#6359));
#6344 = ORIENTED_EDGE('',*,*,#6345,.F.);
#6345 = EDGE_CURVE('',#6346,#6320,#6348,.T.);
#6346 = VERTEX_POINT('',#6347);
#6347 = CARTESIAN_POINT('',(18.257927852349,49.477139261745,24.55));
#6348 = B_SPLINE_CURVE_WITH_KNOTS('',2,(#6349,#6350,#6351),
  .UNSPECIFIED.,.F.,.F.,(3,3),(0.,1.),.PIECEWISE_BEZIER_KNOTS.);
#6349 = CARTESIAN_POINT('',(18.257927852349,49.477139261745,24.55));
#6350 = CARTESIAN_POINT('',(18.526908557047,49.251006711409,24.55));
#6351 = CARTESIAN_POINT('',(18.526908557047,48.767785234899,24.55));
#6352 = ORIENTED_EDGE('',*,*,#6353,.T.);
#6353 = EDGE_CURVE('',#6346,#865,#6354,.T.);
#6354 = LINE('',#6355,#6356);
#6355 = CARTESIAN_POINT('',(18.257927852349,49.477139261745,24.55));
#6356 = VECTOR('',#6357,1.);
#6357 = DIRECTION('',(0.,0.,1.));
#6358 = ORIENTED_EDGE('',*,*,#885,.F.);
#6359 = ORIENTED_EDGE('',*,*,#6327,.F.);
#6360 = SURFACE_OF_LINEAR_EXTRUSION('',#6361,#6365);
#6361 = B_SPLINE_CURVE_WITH_KNOTS('',2,(#6362,#6363,#6364),
  .UNSPECIFIED.,.F.,.F.,(3,3),(0.,1.),.PIECEWISE_BEZIER_KNOTS.);
#6362 = CARTESIAN_POINT('',(18.257927852349,49.477139261745,24.55));
#6363 = CARTESIAN_POINT('',(18.526908557047,49.251006711409,24.55));
#6364 = CARTESIAN_POINT('',(18.526908557047,48.767785234899,24.55));
#6365 = VECTOR('',#6366,1.);
#6366 = DIRECTION('',(-0.,-0.,-1.));
#6367 = ADVANCED_FACE('',(#6368),#6386,.F.);
#6368 = FACE_BOUND('',#6369,.F.);
#6369 = EDGE_LOOP('',(#6370,#6378,#6384,#6385));
#6370 = ORIENTED_EDGE('',*,*,#6371,.F.);
#6371 = EDGE_CURVE('',#6372,#6346,#6374,.T.);
#6372 = VERTEX_POINT('',#6373);
#6373 = CARTESIAN_POINT('',(17.210318791946,49.802181208054,24.55));
#6374 = B_SPLINE_CURVE_WITH_KNOTS('',2,(#6375,#6376,#6377),
  .UNSPECIFIED.,.F.,.F.,(3,3),(0.,1.),.PIECEWISE_BEZIER_KNOTS.);
#6375 = CARTESIAN_POINT('',(17.210318791946,49.802181208054,24.55));
#6376 = CARTESIAN_POINT('',(17.988947147651,49.703271812081,24.55));
#6377 = CARTESIAN_POINT('',(18.257927852349,49.477139261745,24.55));
#6378 = ORIENTED_EDGE('',*,*,#6379,.T.);
#6379 = EDGE_CURVE('',#6372,#857,#6380,.T.);
#6380 = LINE('',#6381,#6382);
#6381 = CARTESIAN_POINT('',(17.210318791946,49.802181208054,24.55));
#6382 = VECTOR('',#6383,1.);
#6383 = DIRECTION('',(0.,0.,1.));
#6384 = ORIENTED_EDGE('',*,*,#864,.F.);
#6385 = ORIENTED_EDGE('',*,*,#6353,.F.);
#6386 = SURFACE_OF_LINEAR_EXTRUSION('',#6387,#6391);
#6387 = B_SPLINE_CURVE_WITH_KNOTS('',2,(#6388,#6389,#6390),
  .UNSPECIFIED.,.F.,.F.,(3,3),(0.,1.),.PIECEWISE_BEZIER_KNOTS.);
#6388 = CARTESIAN_POINT('',(17.210318791946,49.802181208054,24.55));
#6389 = CARTESIAN_POINT('',(17.988947147651,49.703271812081,24.55));
#6390 = CARTESIAN_POINT('',(18.257927852349,49.477139261745,24.55));
#6391 = VECTOR('',#6392,1.);
#6392 = DIRECTION('',(-0.,-0.,-1.));
#6393 = ADVANCED_FACE('',(#6394),#6412,.F.);
#6394 = FACE_BOUND('',#6395,.F.);
#6395 = EDGE_LOOP('',(#6396,#6404,#6410,#6411));
#6396 = ORIENTED_EDGE('',*,*,#6397,.F.);
#6397 = EDGE_CURVE('',#6398,#6372,#6400,.T.);
#6398 = VERTEX_POINT('',#6399);
#6399 = CARTESIAN_POINT('',(17.031942114094,49.827663590604,24.55));
#6400 = LINE('',#6401,#6402);
#6401 = CARTESIAN_POINT('',(17.031942114094,49.827663590604,24.55));
#6402 = VECTOR('',#6403,1.);
#6403 = DIRECTION('',(0.989949493661,-0.141421356237,0.));
#6404 = ORIENTED_EDGE('',*,*,#6405,.T.);
#6405 = EDGE_CURVE('',#6398,#845,#6406,.T.);
#6406 = LINE('',#6407,#6408);
#6407 = CARTESIAN_POINT('',(17.031942114094,49.827663590604,24.55));
#6408 = VECTOR('',#6409,1.);
#6409 = DIRECTION('',(0.,0.,1.));
#6410 = ORIENTED_EDGE('',*,*,#856,.F.);
#6411 = ORIENTED_EDGE('',*,*,#6379,.F.);
#6412 = PLANE('',#6413);
#6413 = AXIS2_PLACEMENT_3D('',#6414,#6415,#6416);
#6414 = CARTESIAN_POINT('',(17.031942114094,49.827663590604,24.55));
#6415 = DIRECTION('',(0.141421356237,0.989949493661,-0.));
#6416 = DIRECTION('',(0.989949493661,-0.141421356237,0.));
#6417 = ADVANCED_FACE('',(#6418),#6436,.F.);
#6418 = FACE_BOUND('',#6419,.F.);
#6419 = EDGE_LOOP('',(#6420,#6428,#6434,#6435));
#6420 = ORIENTED_EDGE('',*,*,#6421,.F.);
#6421 = EDGE_CURVE('',#6422,#6398,#6424,.T.);
#6422 = VERTEX_POINT('',#6423);
#6423 = CARTESIAN_POINT('',(16.651027684564,49.924874161074,24.55));
#6424 = B_SPLINE_CURVE_WITH_KNOTS('',2,(#6425,#6426,#6427),
  .UNSPECIFIED.,.F.,.F.,(3,3),(0.,1.),.PIECEWISE_BEZIER_KNOTS.);
#6425 = CARTESIAN_POINT('',(16.651027684564,49.924874161074,24.55));
#6426 = CARTESIAN_POINT('',(16.757298657718,49.859186241611,24.55));
#6427 = CARTESIAN_POINT('',(17.031942114094,49.827663590604,24.55));
#6428 = ORIENTED_EDGE('',*,*,#6429,.T.);
#6429 = EDGE_CURVE('',#6422,#832,#6430,.T.);
#6430 = LINE('',#6431,#6432);
#6431 = CARTESIAN_POINT('',(16.651027684564,49.924874161074,24.55));
#6432 = VECTOR('',#6433,1.);
#6433 = DIRECTION('',(0.,0.,1.));
#6434 = ORIENTED_EDGE('',*,*,#844,.F.);
#6435 = ORIENTED_EDGE('',*,*,#6405,.F.);
#6436 = SURFACE_OF_LINEAR_EXTRUSION('',#6437,#6441);
#6437 = B_SPLINE_CURVE_WITH_KNOTS('',2,(#6438,#6439,#6440),
  .UNSPECIFIED.,.F.,.F.,(3,3),(0.,1.),.PIECEWISE_BEZIER_KNOTS.);
#6438 = CARTESIAN_POINT('',(16.651027684564,49.924874161074,24.55));
#6439 = CARTESIAN_POINT('',(16.757298657718,49.859186241611,24.55));
#6440 = CARTESIAN_POINT('',(17.031942114094,49.827663590604,24.55));
#6441 = VECTOR('',#6442,1.);
#6442 = DIRECTION('',(-0.,-0.,-1.));
#6443 = ADVANCED_FACE('',(#6444),#6462,.F.);
#6444 = FACE_BOUND('',#6445,.F.);
#6445 = EDGE_LOOP('',(#6446,#6454,#6460,#6461));
#6446 = ORIENTED_EDGE('',*,*,#6447,.F.);
#6447 = EDGE_CURVE('',#6448,#6422,#6450,.T.);
#6448 = VERTEX_POINT('',#6449);
#6449 = CARTESIAN_POINT('',(16.544945469799,50.113443791946,24.55));
#6450 = B_SPLINE_CURVE_WITH_KNOTS('',2,(#6451,#6452,#6453),
  .UNSPECIFIED.,.F.,.F.,(3,3),(0.,1.),.PIECEWISE_BEZIER_KNOTS.);
#6451 = CARTESIAN_POINT('',(16.544945469799,50.113443791946,24.55));
#6452 = CARTESIAN_POINT('',(16.544945469799,49.990562080537,24.55));
#6453 = CARTESIAN_POINT('',(16.651027684564,49.924874161074,24.55));
#6454 = ORIENTED_EDGE('',*,*,#6455,.T.);
#6455 = EDGE_CURVE('',#6448,#817,#6456,.T.);
#6456 = LINE('',#6457,#6458);
#6457 = CARTESIAN_POINT('',(16.544945469799,50.113443791946,24.55));
#6458 = VECTOR('',#6459,1.);
#6459 = DIRECTION('',(0.,0.,1.));
#6460 = ORIENTED_EDGE('',*,*,#831,.F.);
#6461 = ORIENTED_EDGE('',*,*,#6429,.F.);
#6462 = SURFACE_OF_LINEAR_EXTRUSION('',#6463,#6467);
#6463 = B_SPLINE_CURVE_WITH_KNOTS('',2,(#6464,#6465,#6466),
  .UNSPECIFIED.,.F.,.F.,(3,3),(0.,1.),.PIECEWISE_BEZIER_KNOTS.);
#6464 = CARTESIAN_POINT('',(16.544945469799,50.113443791946,24.55));
#6465 = CARTESIAN_POINT('',(16.544945469799,49.990562080537,24.55));
#6466 = CARTESIAN_POINT('',(16.651027684564,49.924874161074,24.55));
#6467 = VECTOR('',#6468,1.);
#6468 = DIRECTION('',(-0.,-0.,-1.));
#6469 = ADVANCED_FACE('',(#6470),#6488,.F.);
#6470 = FACE_BOUND('',#6471,.F.);
#6471 = EDGE_LOOP('',(#6472,#6480,#6486,#6487));
#6472 = ORIENTED_EDGE('',*,*,#6473,.F.);
#6473 = EDGE_CURVE('',#6474,#6448,#6476,.T.);
#6474 = VERTEX_POINT('',#6475);
#6475 = CARTESIAN_POINT('',(16.685004194631,50.337877516779,24.55));
#6476 = B_SPLINE_CURVE_WITH_KNOTS('',2,(#6477,#6478,#6479),
  .UNSPECIFIED.,.F.,.F.,(3,3),(0.,1.),.PIECEWISE_BEZIER_KNOTS.);
#6477 = CARTESIAN_POINT('',(16.685004194631,50.337877516779,24.55));
#6478 = CARTESIAN_POINT('',(16.544945469799,50.265016778523,24.55));
#6479 = CARTESIAN_POINT('',(16.544945469799,50.113443791946,24.55));
#6480 = ORIENTED_EDGE('',*,*,#6481,.T.);
#6481 = EDGE_CURVE('',#6474,#805,#6482,.T.);
#6482 = LINE('',#6483,#6484);
#6483 = CARTESIAN_POINT('',(16.685004194631,50.337877516779,24.55));
#6484 = VECTOR('',#6485,1.);
#6485 = DIRECTION('',(0.,0.,1.));
#6486 = ORIENTED_EDGE('',*,*,#816,.F.);
#6487 = ORIENTED_EDGE('',*,*,#6455,.F.);
#6488 = SURFACE_OF_LINEAR_EXTRUSION('',#6489,#6493);
#6489 = B_SPLINE_CURVE_WITH_KNOTS('',2,(#6490,#6491,#6492),
  .UNSPECIFIED.,.F.,.F.,(3,3),(0.,1.),.PIECEWISE_BEZIER_KNOTS.);
#6490 = CARTESIAN_POINT('',(16.685004194631,50.337877516779,24.55));
#6491 = CARTESIAN_POINT('',(16.544945469799,50.265016778523,24.55));
#6492 = CARTESIAN_POINT('',(16.544945469799,50.113443791946,24.55));
#6493 = VECTOR('',#6494,1.);
#6494 = DIRECTION('',(-0.,-0.,-1.));
#6495 = ADVANCED_FACE('',(#6496),#6514,.F.);
#6496 = FACE_BOUND('',#6497,.F.);
#6497 = EDGE_LOOP('',(#6498,#6506,#6512,#6513));
#6498 = ORIENTED_EDGE('',*,*,#6499,.F.);
#6499 = EDGE_CURVE('',#6500,#6474,#6502,.T.);
#6500 = VERTEX_POINT('',#6501);
#6501 = CARTESIAN_POINT('',(17.114052013423,50.410738255034,24.55));
#6502 = B_SPLINE_CURVE_WITH_KNOTS('',2,(#6503,#6504,#6505),
  .UNSPECIFIED.,.F.,.F.,(3,3),(0.,1.),.PIECEWISE_BEZIER_KNOTS.);
#6503 = CARTESIAN_POINT('',(17.114052013423,50.410738255034,24.55));
#6504 = CARTESIAN_POINT('',(16.825251677852,50.410738255034,24.55));
#6505 = CARTESIAN_POINT('',(16.685004194631,50.337877516779,24.55));
#6506 = ORIENTED_EDGE('',*,*,#6507,.T.);
#6507 = EDGE_CURVE('',#6500,#794,#6508,.T.);
#6508 = LINE('',#6509,#6510);
#6509 = CARTESIAN_POINT('',(17.114052013423,50.410738255034,24.55));
#6510 = VECTOR('',#6511,1.);
#6511 = DIRECTION('',(0.,0.,1.));
#6512 = ORIENTED_EDGE('',*,*,#804,.F.);
#6513 = ORIENTED_EDGE('',*,*,#6481,.F.);
#6514 = SURFACE_OF_LINEAR_EXTRUSION('',#6515,#6519);
#6515 = B_SPLINE_CURVE_WITH_KNOTS('',2,(#6516,#6517,#6518),
  .UNSPECIFIED.,.F.,.F.,(3,3),(0.,1.),.PIECEWISE_BEZIER_KNOTS.);
#6516 = CARTESIAN_POINT('',(17.114052013423,50.410738255034,24.55));
#6517 = CARTESIAN_POINT('',(16.825251677852,50.410738255034,24.55));
#6518 = CARTESIAN_POINT('',(16.685004194631,50.337877516779,24.55));
#6519 = VECTOR('',#6520,1.);
#6520 = DIRECTION('',(-0.,-0.,-1.));
#6521 = ADVANCED_FACE('',(#6522),#6540,.F.);
#6522 = FACE_BOUND('',#6523,.F.);
#6523 = EDGE_LOOP('',(#6524,#6532,#6538,#6539));
#6524 = ORIENTED_EDGE('',*,*,#6525,.F.);
#6525 = EDGE_CURVE('',#6526,#6500,#6528,.T.);
#6526 = VERTEX_POINT('',#6527);
#6527 = CARTESIAN_POINT('',(17.685989932886,50.341275167785,24.55));
#6528 = B_SPLINE_CURVE_WITH_KNOTS('',2,(#6529,#6530,#6531),
  .UNSPECIFIED.,.F.,.F.,(3,3),(0.,1.),.PIECEWISE_BEZIER_KNOTS.);
#6529 = CARTESIAN_POINT('',(17.685989932886,50.341275167785,24.55));
#6530 = CARTESIAN_POINT('',(17.383032718121,50.410738255034,24.55));
#6531 = CARTESIAN_POINT('',(17.114052013423,50.410738255034,24.55));
#6532 = ORIENTED_EDGE('',*,*,#6533,.T.);
#6533 = EDGE_CURVE('',#6526,#783,#6534,.T.);
#6534 = LINE('',#6535,#6536);
#6535 = CARTESIAN_POINT('',(17.685989932886,50.341275167785,24.55));
#6536 = VECTOR('',#6537,1.);
#6537 = DIRECTION('',(0.,0.,1.));
#6538 = ORIENTED_EDGE('',*,*,#793,.F.);
#6539 = ORIENTED_EDGE('',*,*,#6507,.F.);
#6540 = SURFACE_OF_LINEAR_EXTRUSION('',#6541,#6545);
#6541 = B_SPLINE_CURVE_WITH_KNOTS('',2,(#6542,#6543,#6544),
  .UNSPECIFIED.,.F.,.F.,(3,3),(0.,1.),.PIECEWISE_BEZIER_KNOTS.);
#6542 = CARTESIAN_POINT('',(17.685989932886,50.341275167785,24.55));
#6543 = CARTESIAN_POINT('',(17.383032718121,50.410738255034,24.55));
#6544 = CARTESIAN_POINT('',(17.114052013423,50.410738255034,24.55));
#6545 = VECTOR('',#6546,1.);
#6546 = DIRECTION('',(-0.,-0.,-1.));
#6547 = ADVANCED_FACE('',(#6548),#6559,.F.);
#6548 = FACE_BOUND('',#6549,.F.);
#6549 = EDGE_LOOP('',(#6550,#6556,#6557,#6558));
#6550 = ORIENTED_EDGE('',*,*,#6551,.F.);
#6551 = EDGE_CURVE('',#5853,#6526,#6552,.T.);
#6552 = B_SPLINE_CURVE_WITH_KNOTS('',2,(#6553,#6554,#6555),
  .UNSPECIFIED.,.F.,.F.,(3,3),(0.,1.),.PIECEWISE_BEZIER_KNOTS.);
#6553 = CARTESIAN_POINT('',(18.314555369128,50.13288590604,24.55));
#6554 = CARTESIAN_POINT('',(17.988947147651,50.271812080537,24.55));
#6555 = CARTESIAN_POINT('',(17.685989932886,50.341275167785,24.55));
#6556 = ORIENTED_EDGE('',*,*,#5867,.T.);
#6557 = ORIENTED_EDGE('',*,*,#782,.F.);
#6558 = ORIENTED_EDGE('',*,*,#6533,.F.);
#6559 = SURFACE_OF_LINEAR_EXTRUSION('',#6560,#6564);
#6560 = B_SPLINE_CURVE_WITH_KNOTS('',2,(#6561,#6562,#6563),
  .UNSPECIFIED.,.F.,.F.,(3,3),(0.,1.),.PIECEWISE_BEZIER_KNOTS.);
#6561 = CARTESIAN_POINT('',(18.314555369128,50.13288590604,24.55));
#6562 = CARTESIAN_POINT('',(17.988947147651,50.271812080537,24.55));
#6563 = CARTESIAN_POINT('',(17.685989932886,50.341275167785,24.55));
#6564 = VECTOR('',#6565,1.);
#6565 = DIRECTION('',(-0.,-0.,-1.));
#6566 = ADVANCED_FACE('',(#6567),#6592,.F.);
#6567 = FACE_BOUND('',#6568,.F.);
#6568 = EDGE_LOOP('',(#6569,#6579,#6585,#6586));
#6569 = ORIENTED_EDGE('',*,*,#6570,.F.);
#6570 = EDGE_CURVE('',#6571,#6573,#6575,.T.);
#6571 = VERTEX_POINT('',#6572);
#6572 = CARTESIAN_POINT('',(20.475650167785,48.634899328859,24.55));
#6573 = VERTEX_POINT('',#6574);
#6574 = CARTESIAN_POINT('',(22.33586409396,48.634899328859,24.55));
#6575 = LINE('',#6576,#6577);
#6576 = CARTESIAN_POINT('',(20.475650167785,48.634899328859,24.55));
#6577 = VECTOR('',#6578,1.);
#6578 = DIRECTION('',(1.,0.,0.));
#6579 = ORIENTED_EDGE('',*,*,#6580,.T.);
#6580 = EDGE_CURVE('',#6571,#1149,#6581,.T.);
#6581 = LINE('',#6582,#6583);
#6582 = CARTESIAN_POINT('',(20.475650167785,48.634899328859,24.55));
#6583 = VECTOR('',#6584,1.);
#6584 = DIRECTION('',(0.,0.,1.));
#6585 = ORIENTED_EDGE('',*,*,#1146,.F.);
#6586 = ORIENTED_EDGE('',*,*,#6587,.F.);
#6587 = EDGE_CURVE('',#6573,#1147,#6588,.T.);
#6588 = LINE('',#6589,#6590);
#6589 = CARTESIAN_POINT('',(22.33586409396,48.634899328859,24.55));
#6590 = VECTOR('',#6591,1.);
#6591 = DIRECTION('',(0.,0.,1.));
#6592 = PLANE('',#6593);
#6593 = AXIS2_PLACEMENT_3D('',#6594,#6595,#6596);
#6594 = CARTESIAN_POINT('',(20.475650167785,48.634899328859,24.55));
#6595 = DIRECTION('',(0.,1.,0.));
#6596 = DIRECTION('',(1.,0.,0.));
#6597 = ADVANCED_FACE('',(#6598),#6616,.F.);
#6598 = FACE_BOUND('',#6599,.F.);
#6599 = EDGE_LOOP('',(#6600,#6608,#6614,#6615));
#6600 = ORIENTED_EDGE('',*,*,#6601,.F.);
#6601 = EDGE_CURVE('',#6602,#6571,#6604,.T.);
#6602 = VERTEX_POINT('',#6603);
#6603 = CARTESIAN_POINT('',(21.378859060403,49.425985738255,24.55));
#6604 = LINE('',#6605,#6606);
#6605 = CARTESIAN_POINT('',(21.378859060403,49.425985738255,24.55));
#6606 = VECTOR('',#6607,1.);
#6607 = DIRECTION('',(-0.752255226589,-0.65887181915,0.));
#6608 = ORIENTED_EDGE('',*,*,#6609,.T.);
#6609 = EDGE_CURVE('',#6602,#1350,#6610,.T.);
#6610 = LINE('',#6611,#6612);
#6611 = CARTESIAN_POINT('',(21.378859060403,49.425985738255,24.55));
#6612 = VECTOR('',#6613,1.);
#6613 = DIRECTION('',(0.,0.,1.));
#6614 = ORIENTED_EDGE('',*,*,#1368,.F.);
#6615 = ORIENTED_EDGE('',*,*,#6580,.F.);
#6616 = PLANE('',#6617);
#6617 = AXIS2_PLACEMENT_3D('',#6618,#6619,#6620);
#6618 = CARTESIAN_POINT('',(21.378859060403,49.425985738255,24.55));
#6619 = DIRECTION('',(0.65887181915,-0.752255226589,0.));
#6620 = DIRECTION('',(-0.752255226589,-0.65887181915,0.));
#6621 = ADVANCED_FACE('',(#6622),#6640,.F.);
#6622 = FACE_BOUND('',#6623,.F.);
#6623 = EDGE_LOOP('',(#6624,#6632,#6638,#6639));
#6624 = ORIENTED_EDGE('',*,*,#6625,.F.);
#6625 = EDGE_CURVE('',#6626,#6602,#6628,.T.);
#6626 = VERTEX_POINT('',#6627);
#6627 = CARTESIAN_POINT('',(22.129173657718,50.226698825503,24.55));
#6628 = B_SPLINE_CURVE_WITH_KNOTS('',2,(#6629,#6630,#6631),
  .UNSPECIFIED.,.F.,.F.,(3,3),(0.,1.),.PIECEWISE_BEZIER_KNOTS.);
#6629 = CARTESIAN_POINT('',(22.129173657718,50.226698825503,24.55));
#6630 = CARTESIAN_POINT('',(21.950796979866,49.927705536913,24.55));
#6631 = CARTESIAN_POINT('',(21.378859060403,49.425985738255,24.55));
#6632 = ORIENTED_EDGE('',*,*,#6633,.T.);
#6633 = EDGE_CURVE('',#6626,#1335,#6634,.T.);
#6634 = LINE('',#6635,#6636);
#6635 = CARTESIAN_POINT('',(22.129173657718,50.226698825503,24.55));
#6636 = VECTOR('',#6637,1.);
#6637 = DIRECTION('',(0.,0.,1.));
#6638 = ORIENTED_EDGE('',*,*,#1349,.F.);
#6639 = ORIENTED_EDGE('',*,*,#6609,.F.);
#6640 = SURFACE_OF_LINEAR_EXTRUSION('',#6641,#6645);
#6641 = B_SPLINE_CURVE_WITH_KNOTS('',2,(#6642,#6643,#6644),
  .UNSPECIFIED.,.F.,.F.,(3,3),(0.,1.),.PIECEWISE_BEZIER_KNOTS.);
#6642 = CARTESIAN_POINT('',(22.129173657718,50.226698825503,24.55));
#6643 = CARTESIAN_POINT('',(21.950796979866,49.927705536913,24.55));
#6644 = CARTESIAN_POINT('',(21.378859060403,49.425985738255,24.55));
#6645 = VECTOR('',#6646,1.);
#6646 = DIRECTION('',(-0.,-0.,-1.));
#6647 = ADVANCED_FACE('',(#6648),#6666,.F.);
#6648 = FACE_BOUND('',#6649,.F.);
#6649 = EDGE_LOOP('',(#6650,#6658,#6664,#6665));
#6650 = ORIENTED_EDGE('',*,*,#6651,.F.);
#6651 = EDGE_CURVE('',#6652,#6626,#6654,.T.);
#6652 = VERTEX_POINT('',#6653);
#6653 = CARTESIAN_POINT('',(22.30755033557,50.871308724832,24.55));
#6654 = B_SPLINE_CURVE_WITH_KNOTS('',2,(#6655,#6656,#6657),
  .UNSPECIFIED.,.F.,.F.,(3,3),(0.,1.),.PIECEWISE_BEZIER_KNOTS.);
#6655 = CARTESIAN_POINT('',(22.30755033557,50.871308724832,24.55));
#6656 = CARTESIAN_POINT('',(22.30755033557,50.525692114094,24.55));
#6657 = CARTESIAN_POINT('',(22.129173657718,50.226698825503,24.55));
#6658 = ORIENTED_EDGE('',*,*,#6659,.T.);
#6659 = EDGE_CURVE('',#6652,#1316,#6660,.T.);
#6660 = LINE('',#6661,#6662);
#6661 = CARTESIAN_POINT('',(22.30755033557,50.871308724832,24.55));
#6662 = VECTOR('',#6663,1.);
#6663 = DIRECTION('',(0.,0.,1.));
#6664 = ORIENTED_EDGE('',*,*,#1334,.F.);
#6665 = ORIENTED_EDGE('',*,*,#6633,.F.);
#6666 = SURFACE_OF_LINEAR_EXTRUSION('',#6667,#6671);
#6667 = B_SPLINE_CURVE_WITH_KNOTS('',2,(#6668,#6669,#6670),
  .UNSPECIFIED.,.F.,.F.,(3,3),(0.,1.),.PIECEWISE_BEZIER_KNOTS.);
#6668 = CARTESIAN_POINT('',(22.30755033557,50.871308724832,24.55));
#6669 = CARTESIAN_POINT('',(22.30755033557,50.525692114094,24.55));
#6670 = CARTESIAN_POINT('',(22.129173657718,50.226698825503,24.55));
#6671 = VECTOR('',#6672,1.);
#6672 = DIRECTION('',(-0.,-0.,-1.));
#6673 = ADVANCED_FACE('',(#6674),#6692,.F.);
#6674 = FACE_BOUND('',#6675,.F.);
#6675 = EDGE_LOOP('',(#6676,#6684,#6690,#6691));
#6676 = ORIENTED_EDGE('',*,*,#6677,.F.);
#6677 = EDGE_CURVE('',#6678,#6652,#6680,.T.);
#6678 = VERTEX_POINT('',#6679);
#6679 = CARTESIAN_POINT('',(21.886996644295,51.803775167785,24.55));
#6680 = B_SPLINE_CURVE_WITH_KNOTS('',2,(#6681,#6682,#6683),
  .UNSPECIFIED.,.F.,.F.,(3,3),(0.,1.),.PIECEWISE_BEZIER_KNOTS.);
#6681 = CARTESIAN_POINT('',(21.886996644295,51.803775167785,24.55));
#6682 = CARTESIAN_POINT('',(22.30755033557,51.469484060403,24.55));
#6683 = CARTESIAN_POINT('',(22.30755033557,50.871308724832,24.55));
#6684 = ORIENTED_EDGE('',*,*,#6685,.T.);
#6685 = EDGE_CURVE('',#6678,#1299,#6686,.T.);
#6686 = LINE('',#6687,#6688);
#6687 = CARTESIAN_POINT('',(21.886996644295,51.803775167785,24.55));
#6688 = VECTOR('',#6689,1.);
#6689 = DIRECTION('',(0.,0.,1.));
#6690 = ORIENTED_EDGE('',*,*,#1315,.F.);
#6691 = ORIENTED_EDGE('',*,*,#6659,.F.);
#6692 = SURFACE_OF_LINEAR_EXTRUSION('',#6693,#6697);
#6693 = B_SPLINE_CURVE_WITH_KNOTS('',2,(#6694,#6695,#6696),
  .UNSPECIFIED.,.F.,.F.,(3,3),(0.,1.),.PIECEWISE_BEZIER_KNOTS.);
#6694 = CARTESIAN_POINT('',(21.886996644295,51.803775167785,24.55));
#6695 = CARTESIAN_POINT('',(22.30755033557,51.469484060403,24.55));
#6696 = CARTESIAN_POINT('',(22.30755033557,50.871308724832,24.55));
#6697 = VECTOR('',#6698,1.);
#6698 = DIRECTION('',(-0.,-0.,-1.));
#6699 = ADVANCED_FACE('',(#6700),#6718,.F.);
#6700 = FACE_BOUND('',#6701,.F.);
#6701 = EDGE_LOOP('',(#6702,#6710,#6716,#6717));
#6702 = ORIENTED_EDGE('',*,*,#6703,.F.);
#6703 = EDGE_CURVE('',#6704,#6678,#6706,.T.);
#6704 = VERTEX_POINT('',#6705);
#6705 = CARTESIAN_POINT('',(20.707822986577,52.138255033557,24.55));
#6706 = B_SPLINE_CURVE_WITH_KNOTS('',2,(#6707,#6708,#6709),
  .UNSPECIFIED.,.F.,.F.,(3,3),(0.,1.),.PIECEWISE_BEZIER_KNOTS.);
#6707 = CARTESIAN_POINT('',(20.707822986577,52.138255033557,24.55));
#6708 = CARTESIAN_POINT('',(21.466631711409,52.138255033557,24.55));
#6709 = CARTESIAN_POINT('',(21.886996644295,51.803775167785,24.55));
#6710 = ORIENTED_EDGE('',*,*,#6711,.T.);
#6711 = EDGE_CURVE('',#6704,#1288,#6712,.T.);
#6712 = LINE('',#6713,#6714);
#6713 = CARTESIAN_POINT('',(20.707822986577,52.138255033557,24.55));
#6714 = VECTOR('',#6715,1.);
#6715 = DIRECTION('',(0.,0.,1.));
#6716 = ORIENTED_EDGE('',*,*,#1298,.F.);
#6717 = ORIENTED_EDGE('',*,*,#6685,.F.);
#6718 = SURFACE_OF_LINEAR_EXTRUSION('',#6719,#6723);
#6719 = B_SPLINE_CURVE_WITH_KNOTS('',2,(#6720,#6721,#6722),
  .UNSPECIFIED.,.F.,.F.,(3,3),(0.,1.),.PIECEWISE_BEZIER_KNOTS.);
#6720 = CARTESIAN_POINT('',(20.707822986577,52.138255033557,24.55));
#6721 = CARTESIAN_POINT('',(21.466631711409,52.138255033557,24.55));
#6722 = CARTESIAN_POINT('',(21.886996644295,51.803775167785,24.55));
#6723 = VECTOR('',#6724,1.);
#6724 = DIRECTION('',(-0.,-0.,-1.));
#6725 = ADVANCED_FACE('',(#6726),#6744,.F.);
#6726 = FACE_BOUND('',#6727,.F.);
#6727 = EDGE_LOOP('',(#6728,#6736,#6742,#6743));
#6728 = ORIENTED_EDGE('',*,*,#6729,.F.);
#6729 = EDGE_CURVE('',#6730,#6704,#6732,.T.);
#6730 = VERTEX_POINT('',#6731);
#6731 = CARTESIAN_POINT('',(20.002810402685,52.073322147651,24.55));
#6732 = B_SPLINE_CURVE_WITH_KNOTS('',2,(#6733,#6734,#6735),
  .UNSPECIFIED.,.F.,.F.,(3,3),(0.,1.),.PIECEWISE_BEZIER_KNOTS.);
#6733 = CARTESIAN_POINT('',(20.002810402685,52.073322147651,24.55));
#6734 = CARTESIAN_POINT('',(20.362395134228,52.138255033557,24.55));
#6735 = CARTESIAN_POINT('',(20.707822986577,52.138255033557,24.55));
#6736 = ORIENTED_EDGE('',*,*,#6737,.T.);
#6737 = EDGE_CURVE('',#6730,#1277,#6738,.T.);
#6738 = LINE('',#6739,#6740);
#6739 = CARTESIAN_POINT('',(20.002810402685,52.073322147651,24.55));
#6740 = VECTOR('',#6741,1.);
#6741 = DIRECTION('',(0.,0.,1.));
#6742 = ORIENTED_EDGE('',*,*,#1287,.F.);
#6743 = ORIENTED_EDGE('',*,*,#6711,.F.);
#6744 = SURFACE_OF_LINEAR_EXTRUSION('',#6745,#6749);
#6745 = B_SPLINE_CURVE_WITH_KNOTS('',2,(#6746,#6747,#6748),
  .UNSPECIFIED.,.F.,.F.,(3,3),(0.,1.),.PIECEWISE_BEZIER_KNOTS.);
#6746 = CARTESIAN_POINT('',(20.002810402685,52.073322147651,24.55));
#6747 = CARTESIAN_POINT('',(20.362395134228,52.138255033557,24.55));
#6748 = CARTESIAN_POINT('',(20.707822986577,52.138255033557,24.55));
#6749 = VECTOR('',#6750,1.);
#6750 = DIRECTION('',(-0.,-0.,-1.));
#6751 = ADVANCED_FACE('',(#6752),#6770,.F.);
#6752 = FACE_BOUND('',#6753,.F.);
#6753 = EDGE_LOOP('',(#6754,#6762,#6768,#6769));
#6754 = ORIENTED_EDGE('',*,*,#6755,.F.);
#6755 = EDGE_CURVE('',#6756,#6730,#6758,.T.);
#6756 = VERTEX_POINT('',#6757);
#6757 = CARTESIAN_POINT('',(19.275146812081,51.884563758389,24.55));
#6758 = B_SPLINE_CURVE_WITH_KNOTS('',2,(#6759,#6760,#6761),
  .UNSPECIFIED.,.F.,.F.,(3,3),(0.,1.),.PIECEWISE_BEZIER_KNOTS.);
#6759 = CARTESIAN_POINT('',(19.275146812081,51.884563758389,24.55));
#6760 = CARTESIAN_POINT('',(19.643225671141,52.008578020134,24.55));
#6761 = CARTESIAN_POINT('',(20.002810402685,52.073322147651,24.55));
#6762 = ORIENTED_EDGE('',*,*,#6763,.T.);
#6763 = EDGE_CURVE('',#6756,#1269,#6764,.T.);
#6764 = LINE('',#6765,#6766);
#6765 = CARTESIAN_POINT('',(19.275146812081,51.884563758389,24.55));
#6766 = VECTOR('',#6767,1.);
#6767 = DIRECTION('',(0.,0.,1.));
#6768 = ORIENTED_EDGE('',*,*,#1276,.F.);
#6769 = ORIENTED_EDGE('',*,*,#6737,.F.);
#6770 = SURFACE_OF_LINEAR_EXTRUSION('',#6771,#6775);
#6771 = B_SPLINE_CURVE_WITH_KNOTS('',2,(#6772,#6773,#6774),
  .UNSPECIFIED.,.F.,.F.,(3,3),(0.,1.),.PIECEWISE_BEZIER_KNOTS.);
#6772 = CARTESIAN_POINT('',(19.275146812081,51.884563758389,24.55));
#6773 = CARTESIAN_POINT('',(19.643225671141,52.008578020134,24.55));
#6774 = CARTESIAN_POINT('',(20.002810402685,52.073322147651,24.55));
#6775 = VECTOR('',#6776,1.);
#6776 = DIRECTION('',(-0.,-0.,-1.));
#6777 = ADVANCED_FACE('',(#6778),#6796,.F.);
#6778 = FACE_BOUND('',#6779,.F.);
#6779 = EDGE_LOOP('',(#6780,#6788,#6794,#6795));
#6780 = ORIENTED_EDGE('',*,*,#6781,.F.);
#6781 = EDGE_CURVE('',#6782,#6756,#6784,.T.);
#6782 = VERTEX_POINT('',#6783);
#6783 = CARTESIAN_POINT('',(19.275146812081,50.954362416107,24.55));
#6784 = LINE('',#6785,#6786);
#6785 = CARTESIAN_POINT('',(19.275146812081,50.954362416107,24.55));
#6786 = VECTOR('',#6787,1.);
#6787 = DIRECTION('',(0.,1.,0.));
#6788 = ORIENTED_EDGE('',*,*,#6789,.T.);
#6789 = EDGE_CURVE('',#6782,#1258,#6790,.T.);
#6790 = LINE('',#6791,#6792);
#6791 = CARTESIAN_POINT('',(19.275146812081,50.954362416107,24.55));
#6792 = VECTOR('',#6793,1.);
#6793 = DIRECTION('',(0.,0.,1.));
#6794 = ORIENTED_EDGE('',*,*,#1268,.F.);
#6795 = ORIENTED_EDGE('',*,*,#6763,.F.);
#6796 = PLANE('',#6797);
#6797 = AXIS2_PLACEMENT_3D('',#6798,#6799,#6800);
#6798 = CARTESIAN_POINT('',(19.275146812081,50.954362416107,24.55));
#6799 = DIRECTION('',(-1.,0.,0.));
#6800 = DIRECTION('',(0.,1.,0.));
#6801 = ADVANCED_FACE('',(#6802),#6820,.F.);
#6802 = FACE_BOUND('',#6803,.F.);
#6803 = EDGE_LOOP('',(#6804,#6812,#6818,#6819));
#6804 = ORIENTED_EDGE('',*,*,#6805,.F.);
#6805 = EDGE_CURVE('',#6806,#6782,#6808,.T.);
#6806 = VERTEX_POINT('',#6807);
#6807 = CARTESIAN_POINT('',(19.923531879195,51.279781879195,24.55));
#6808 = B_SPLINE_CURVE_WITH_KNOTS('',2,(#6809,#6810,#6811),
  .UNSPECIFIED.,.F.,.F.,(3,3),(0.,1.),.PIECEWISE_BEZIER_KNOTS.);
#6809 = CARTESIAN_POINT('',(19.923531879195,51.279781879195,24.55));
#6810 = CARTESIAN_POINT('',(19.62057466443,51.170302013423,24.55));
#6811 = CARTESIAN_POINT('',(19.275146812081,50.954362416107,24.55));
#6812 = ORIENTED_EDGE('',*,*,#6813,.T.);
#6813 = EDGE_CURVE('',#6806,#1247,#6814,.T.);
#6814 = LINE('',#6815,#6816);
#6815 = CARTESIAN_POINT('',(19.923531879195,51.279781879195,24.55));
#6816 = VECTOR('',#6817,1.);
#6817 = DIRECTION('',(0.,0.,1.));
#6818 = ORIENTED_EDGE('',*,*,#1257,.F.);
#6819 = ORIENTED_EDGE('',*,*,#6789,.F.);
#6820 = SURFACE_OF_LINEAR_EXTRUSION('',#6821,#6825);
#6821 = B_SPLINE_CURVE_WITH_KNOTS('',2,(#6822,#6823,#6824),
  .UNSPECIFIED.,.F.,.F.,(3,3),(0.,1.),.PIECEWISE_BEZIER_KNOTS.);
#6822 = CARTESIAN_POINT('',(19.923531879195,51.279781879195,24.55));
#6823 = CARTESIAN_POINT('',(19.62057466443,51.170302013423,24.55));
#6824 = CARTESIAN_POINT('',(19.275146812081,50.954362416107,24.55));
#6825 = VECTOR('',#6826,1.);
#6826 = DIRECTION('',(-0.,-0.,-1.));
#6827 = ADVANCED_FACE('',(#6828),#6846,.F.);
#6828 = FACE_BOUND('',#6829,.F.);
#6829 = EDGE_LOOP('',(#6830,#6838,#6844,#6845));
#6830 = ORIENTED_EDGE('',*,*,#6831,.F.);
#6831 = EDGE_CURVE('',#6832,#6806,#6834,.T.);
#6832 = VERTEX_POINT('',#6833);
#6833 = CARTESIAN_POINT('',(20.481312919463,51.389261744966,24.55));
#6834 = B_SPLINE_CURVE_WITH_KNOTS('',2,(#6835,#6836,#6837),
  .UNSPECIFIED.,.F.,.F.,(3,3),(0.,1.),.PIECEWISE_BEZIER_KNOTS.);
#6835 = CARTESIAN_POINT('',(20.481312919463,51.389261744966,24.55));
#6836 = CARTESIAN_POINT('',(20.22648909396,51.389261744966,24.55));
#6837 = CARTESIAN_POINT('',(19.923531879195,51.279781879195,24.55));
#6838 = ORIENTED_EDGE('',*,*,#6839,.T.);
#6839 = EDGE_CURVE('',#6832,#1230,#6840,.T.);
#6840 = LINE('',#6841,#6842);
#6841 = CARTESIAN_POINT('',(20.481312919463,51.389261744966,24.55));
#6842 = VECTOR('',#6843,1.);
#6843 = DIRECTION('',(0.,0.,1.));
#6844 = ORIENTED_EDGE('',*,*,#1246,.F.);
#6845 = ORIENTED_EDGE('',*,*,#6813,.F.);
#6846 = SURFACE_OF_LINEAR_EXTRUSION('',#6847,#6851);
#6847 = B_SPLINE_CURVE_WITH_KNOTS('',2,(#6848,#6849,#6850),
  .UNSPECIFIED.,.F.,.F.,(3,3),(0.,1.),.PIECEWISE_BEZIER_KNOTS.);
#6848 = CARTESIAN_POINT('',(20.481312919463,51.389261744966,24.55));
#6849 = CARTESIAN_POINT('',(20.22648909396,51.389261744966,24.55));
#6850 = CARTESIAN_POINT('',(19.923531879195,51.279781879195,24.55));
#6851 = VECTOR('',#6852,1.);
#6852 = DIRECTION('',(-0.,-0.,-1.));
#6853 = ADVANCED_FACE('',(#6854),#6872,.F.);
#6854 = FACE_BOUND('',#6855,.F.);
#6855 = EDGE_LOOP('',(#6856,#6864,#6870,#6871));
#6856 = ORIENTED_EDGE('',*,*,#6857,.F.);
#6857 = EDGE_CURVE('',#6858,#6832,#6860,.T.);
#6858 = VERTEX_POINT('',#6859);
#6859 = CARTESIAN_POINT('',(21.012101510067,51.208053691275,24.55));
#6860 = B_SPLINE_CURVE_WITH_KNOTS('',2,(#6861,#6862,#6863),
  .UNSPECIFIED.,.F.,.F.,(3,3),(0.,1.),.PIECEWISE_BEZIER_KNOTS.);
#6861 = CARTESIAN_POINT('',(21.012101510067,51.208053691275,24.55));
#6862 = CARTESIAN_POINT('',(20.812583892617,51.389261744966,24.55));
#6863 = CARTESIAN_POINT('',(20.481312919463,51.389261744966,24.55));
#6864 = ORIENTED_EDGE('',*,*,#6865,.T.);
#6865 = EDGE_CURVE('',#6858,#1215,#6866,.T.);
#6866 = LINE('',#6867,#6868);
#6867 = CARTESIAN_POINT('',(21.012101510067,51.208053691275,24.55));
#6868 = VECTOR('',#6869,1.);
#6869 = DIRECTION('',(0.,0.,1.));
#6870 = ORIENTED_EDGE('',*,*,#1229,.F.);
#6871 = ORIENTED_EDGE('',*,*,#6839,.F.);
#6872 = SURFACE_OF_LINEAR_EXTRUSION('',#6873,#6877);
#6873 = B_SPLINE_CURVE_WITH_KNOTS('',2,(#6874,#6875,#6876),
  .UNSPECIFIED.,.F.,.F.,(3,3),(0.,1.),.PIECEWISE_BEZIER_KNOTS.);
#6874 = CARTESIAN_POINT('',(21.012101510067,51.208053691275,24.55));
#6875 = CARTESIAN_POINT('',(20.812583892617,51.389261744966,24.55));
#6876 = CARTESIAN_POINT('',(20.481312919463,51.389261744966,24.55));
#6877 = VECTOR('',#6878,1.);
#6878 = DIRECTION('',(-0.,-0.,-1.));
#6879 = ADVANCED_FACE('',(#6880),#6898,.F.);
#6880 = FACE_BOUND('',#6881,.F.);
#6881 = EDGE_LOOP('',(#6882,#6890,#6896,#6897));
#6882 = ORIENTED_EDGE('',*,*,#6883,.F.);
#6883 = EDGE_CURVE('',#6884,#6858,#6886,.T.);
#6884 = VERTEX_POINT('',#6885);
#6885 = CARTESIAN_POINT('',(21.211807885906,50.729739932886,24.55));
#6886 = B_SPLINE_CURVE_WITH_KNOTS('',2,(#6887,#6888,#6889),
  .UNSPECIFIED.,.F.,.F.,(3,3),(0.,1.),.PIECEWISE_BEZIER_KNOTS.);
#6887 = CARTESIAN_POINT('',(21.211807885906,50.729739932886,24.55));
#6888 = CARTESIAN_POINT('',(21.211807885906,51.027034395973,24.55));
#6889 = CARTESIAN_POINT('',(21.012101510067,51.208053691275,24.55));
#6890 = ORIENTED_EDGE('',*,*,#6891,.T.);
#6891 = EDGE_CURVE('',#6884,#1200,#6892,.T.);
#6892 = LINE('',#6893,#6894);
#6893 = CARTESIAN_POINT('',(21.211807885906,50.729739932886,24.55));
#6894 = VECTOR('',#6895,1.);
#6895 = DIRECTION('',(0.,0.,1.));
#6896 = ORIENTED_EDGE('',*,*,#1214,.F.);
#6897 = ORIENTED_EDGE('',*,*,#6865,.F.);
#6898 = SURFACE_OF_LINEAR_EXTRUSION('',#6899,#6903);
#6899 = B_SPLINE_CURVE_WITH_KNOTS('',2,(#6900,#6901,#6902),
  .UNSPECIFIED.,.F.,.F.,(3,3),(0.,1.),.PIECEWISE_BEZIER_KNOTS.);
#6900 = CARTESIAN_POINT('',(21.211807885906,50.729739932886,24.55));
#6901 = CARTESIAN_POINT('',(21.211807885906,51.027034395973,24.55));
#6902 = CARTESIAN_POINT('',(21.012101510067,51.208053691275,24.55));
#6903 = VECTOR('',#6904,1.);
#6904 = DIRECTION('',(-0.,-0.,-1.));
#6905 = ADVANCED_FACE('',(#6906),#6924,.F.);
#6906 = FACE_BOUND('',#6907,.F.);
#6907 = EDGE_LOOP('',(#6908,#6916,#6922,#6923));
#6908 = ORIENTED_EDGE('',*,*,#6909,.F.);
#6909 = EDGE_CURVE('',#6910,#6884,#6912,.T.);
#6910 = VERTEX_POINT('',#6911);
#6911 = CARTESIAN_POINT('',(21.112709731544,50.358829697987,24.55));
#6912 = B_SPLINE_CURVE_WITH_KNOTS('',2,(#6913,#6914,#6915),
  .UNSPECIFIED.,.F.,.F.,(3,3),(0.,1.),.PIECEWISE_BEZIER_KNOTS.);
#6913 = CARTESIAN_POINT('',(21.112709731544,50.358829697987,24.55));
#6914 = CARTESIAN_POINT('',(21.211807885906,50.537206375839,24.55));
#6915 = CARTESIAN_POINT('',(21.211807885906,50.729739932886,24.55));
#6916 = ORIENTED_EDGE('',*,*,#6917,.T.);
#6917 = EDGE_CURVE('',#6910,#1189,#6918,.T.);
#6918 = LINE('',#6919,#6920);
#6919 = CARTESIAN_POINT('',(21.112709731544,50.358829697987,24.55));
#6920 = VECTOR('',#6921,1.);
#6921 = DIRECTION('',(0.,0.,1.));
#6922 = ORIENTED_EDGE('',*,*,#1199,.F.);
#6923 = ORIENTED_EDGE('',*,*,#6891,.F.);
#6924 = SURFACE_OF_LINEAR_EXTRUSION('',#6925,#6929);
#6925 = B_SPLINE_CURVE_WITH_KNOTS('',2,(#6926,#6927,#6928),
  .UNSPECIFIED.,.F.,.F.,(3,3),(0.,1.),.PIECEWISE_BEZIER_KNOTS.);
#6926 = CARTESIAN_POINT('',(21.112709731544,50.358829697987,24.55));
#6927 = CARTESIAN_POINT('',(21.211807885906,50.537206375839,24.55));
#6928 = CARTESIAN_POINT('',(21.211807885906,50.729739932886,24.55));
#6929 = VECTOR('',#6930,1.);
#6930 = DIRECTION('',(-0.,-0.,-1.));
#6931 = ADVANCED_FACE('',(#6932),#6950,.F.);
#6932 = FACE_BOUND('',#6933,.F.);
#6933 = EDGE_LOOP('',(#6934,#6942,#6948,#6949));
#6934 = ORIENTED_EDGE('',*,*,#6935,.F.);
#6935 = EDGE_CURVE('',#6936,#6910,#6938,.T.);
#6936 = VERTEX_POINT('',#6937);
#6937 = CARTESIAN_POINT('',(20.80692114094,49.993770973154,24.55));
#6938 = B_SPLINE_CURVE_WITH_KNOTS('',2,(#6939,#6940,#6941),
  .UNSPECIFIED.,.F.,.F.,(3,3),(0.,1.),.PIECEWISE_BEZIER_KNOTS.);
#6939 = CARTESIAN_POINT('',(20.80692114094,49.993770973154,24.55));
#6940 = CARTESIAN_POINT('',(21.013611577181,50.180641778523,24.55));
#6941 = CARTESIAN_POINT('',(21.112709731544,50.358829697987,24.55));
#6942 = ORIENTED_EDGE('',*,*,#6943,.T.);
#6943 = EDGE_CURVE('',#6936,#1181,#6944,.T.);
#6944 = LINE('',#6945,#6946);
#6945 = CARTESIAN_POINT('',(20.80692114094,49.993770973154,24.55));
#6946 = VECTOR('',#6947,1.);
#6947 = DIRECTION('',(0.,0.,1.));
#6948 = ORIENTED_EDGE('',*,*,#1188,.F.);
#6949 = ORIENTED_EDGE('',*,*,#6917,.F.);
#6950 = SURFACE_OF_LINEAR_EXTRUSION('',#6951,#6955);
#6951 = B_SPLINE_CURVE_WITH_KNOTS('',2,(#6952,#6953,#6954),
  .UNSPECIFIED.,.F.,.F.,(3,3),(0.,1.),.PIECEWISE_BEZIER_KNOTS.);
#6952 = CARTESIAN_POINT('',(20.80692114094,49.993770973154,24.55));
#6953 = CARTESIAN_POINT('',(21.013611577181,50.180641778523,24.55));
#6954 = CARTESIAN_POINT('',(21.112709731544,50.358829697987,24.55));
#6955 = VECTOR('',#6956,1.);
#6956 = DIRECTION('',(-0.,-0.,-1.));
#6957 = ADVANCED_FACE('',(#6958),#6976,.F.);
#6958 = FACE_BOUND('',#6959,.F.);
#6959 = EDGE_LOOP('',(#6960,#6968,#6974,#6975));
#6960 = ORIENTED_EDGE('',*,*,#6961,.F.);
#6961 = EDGE_CURVE('',#6962,#6936,#6964,.T.);
#6962 = VERTEX_POINT('',#6963);
#6963 = CARTESIAN_POINT('',(19.263821308725,48.634899328859,24.55));
#6964 = LINE('',#6965,#6966);
#6965 = CARTESIAN_POINT('',(19.263821308725,48.634899328859,24.55));
#6966 = VECTOR('',#6967,1.);
#6967 = DIRECTION('',(0.750485828524,0.66088654184,0.));
#6968 = ORIENTED_EDGE('',*,*,#6969,.T.);
#6969 = EDGE_CURVE('',#6962,#1173,#6970,.T.);
#6970 = LINE('',#6971,#6972);
#6971 = CARTESIAN_POINT('',(19.263821308725,48.634899328859,24.55));
#6972 = VECTOR('',#6973,1.);
#6973 = DIRECTION('',(0.,0.,1.));
#6974 = ORIENTED_EDGE('',*,*,#1180,.F.);
#6975 = ORIENTED_EDGE('',*,*,#6943,.F.);
#6976 = PLANE('',#6977);
#6977 = AXIS2_PLACEMENT_3D('',#6978,#6979,#6980);
#6978 = CARTESIAN_POINT('',(19.263821308725,48.634899328859,24.55));
#6979 = DIRECTION('',(-0.66088654184,0.750485828524,0.));
#6980 = DIRECTION('',(0.750485828524,0.66088654184,0.));
#6981 = ADVANCED_FACE('',(#6982),#7000,.F.);
#6982 = FACE_BOUND('',#6983,.F.);
#6983 = EDGE_LOOP('',(#6984,#6992,#6998,#6999));
#6984 = ORIENTED_EDGE('',*,*,#6985,.F.);
#6985 = EDGE_CURVE('',#6986,#6962,#6988,.T.);
#6986 = VERTEX_POINT('',#6987);
#6987 = CARTESIAN_POINT('',(19.263821308725,47.837583892617,24.55));
#6988 = LINE('',#6989,#6990);
#6989 = CARTESIAN_POINT('',(19.263821308725,47.837583892617,24.55));
#6990 = VECTOR('',#6991,1.);
#6991 = DIRECTION('',(0.,1.,0.));
#6992 = ORIENTED_EDGE('',*,*,#6993,.T.);
#6993 = EDGE_CURVE('',#6986,#1165,#6994,.T.);
#6994 = LINE('',#6995,#6996);
#6995 = CARTESIAN_POINT('',(19.263821308725,47.837583892617,24.55));
#6996 = VECTOR('',#6997,1.);
#6997 = DIRECTION('',(0.,0.,1.));
#6998 = ORIENTED_EDGE('',*,*,#1172,.F.);
#6999 = ORIENTED_EDGE('',*,*,#6969,.F.);
#7000 = PLANE('',#7001);
#7001 = AXIS2_PLACEMENT_3D('',#7002,#7003,#7004);
#7002 = CARTESIAN_POINT('',(19.263821308725,47.837583892617,24.55));
#7003 = DIRECTION('',(-1.,0.,0.));
#7004 = DIRECTION('',(0.,1.,0.));
#7005 = ADVANCED_FACE('',(#7006),#7024,.F.);
#7006 = FACE_BOUND('',#7007,.F.);
#7007 = EDGE_LOOP('',(#7008,#7016,#7022,#7023));
#7008 = ORIENTED_EDGE('',*,*,#7009,.F.);
#7009 = EDGE_CURVE('',#7010,#6986,#7012,.T.);
#7010 = VERTEX_POINT('',#7011);
#7011 = CARTESIAN_POINT('',(22.33586409396,47.837583892617,24.55));
#7012 = LINE('',#7013,#7014);
#7013 = CARTESIAN_POINT('',(22.33586409396,47.837583892617,24.55));
#7014 = VECTOR('',#7015,1.);
#7015 = DIRECTION('',(-1.,0.,0.));
#7016 = ORIENTED_EDGE('',*,*,#7017,.T.);
#7017 = EDGE_CURVE('',#7010,#1157,#7018,.T.);
#7018 = LINE('',#7019,#7020);
#7019 = CARTESIAN_POINT('',(22.33586409396,47.837583892617,24.55));
#7020 = VECTOR('',#7021,1.);
#7021 = DIRECTION('',(0.,0.,1.));
#7022 = ORIENTED_EDGE('',*,*,#1164,.F.);
#7023 = ORIENTED_EDGE('',*,*,#6993,.F.);
#7024 = PLANE('',#7025);
#7025 = AXIS2_PLACEMENT_3D('',#7026,#7027,#7028);
#7026 = CARTESIAN_POINT('',(22.33586409396,47.837583892617,24.55));
#7027 = DIRECTION('',(0.,-1.,0.));
#7028 = DIRECTION('',(-1.,0.,0.));
#7029 = ADVANCED_FACE('',(#7030),#7041,.F.);
#7030 = FACE_BOUND('',#7031,.F.);
#7031 = EDGE_LOOP('',(#7032,#7038,#7039,#7040));
#7032 = ORIENTED_EDGE('',*,*,#7033,.F.);
#7033 = EDGE_CURVE('',#6573,#7010,#7034,.T.);
#7034 = LINE('',#7035,#7036);
#7035 = CARTESIAN_POINT('',(22.33586409396,48.634899328859,24.55));
#7036 = VECTOR('',#7037,1.);
#7037 = DIRECTION('',(0.,-1.,0.));
#7038 = ORIENTED_EDGE('',*,*,#6587,.T.);
#7039 = ORIENTED_EDGE('',*,*,#1156,.F.);
#7040 = ORIENTED_EDGE('',*,*,#7017,.F.);
#7041 = PLANE('',#7042);
#7042 = AXIS2_PLACEMENT_3D('',#7043,#7044,#7045);
#7043 = CARTESIAN_POINT('',(22.33586409396,48.634899328859,24.55));
#7044 = DIRECTION('',(1.,0.,-0.));
#7045 = DIRECTION('',(0.,-1.,0.));
#7046 = ADVANCED_FACE('',(#7047),#7072,.F.);
#7047 = FACE_BOUND('',#7048,.F.);
#7048 = EDGE_LOOP('',(#7049,#7059,#7065,#7066));
#7049 = ORIENTED_EDGE('',*,*,#7050,.F.);
#7050 = EDGE_CURVE('',#7051,#7053,#7055,.T.);
#7051 = VERTEX_POINT('',#7052);
#7052 = CARTESIAN_POINT('',(25.449244966443,50.398657718121,24.55));
#7053 = VERTEX_POINT('',#7054);
#7054 = CARTESIAN_POINT('',(26.468540268456,50.398657718121,24.55));
#7055 = LINE('',#7056,#7057);
#7056 = CARTESIAN_POINT('',(25.449244966443,50.398657718121,24.55));
#7057 = VECTOR('',#7058,1.);
#7058 = DIRECTION('',(1.,0.,0.));
#7059 = ORIENTED_EDGE('',*,*,#7060,.T.);
#7060 = EDGE_CURVE('',#7051,#1379,#7061,.T.);
#7061 = LINE('',#7062,#7063);
#7062 = CARTESIAN_POINT('',(25.449244966443,50.398657718121,24.55));
#7063 = VECTOR('',#7064,1.);
#7064 = DIRECTION('',(0.,0.,1.));
#7065 = ORIENTED_EDGE('',*,*,#1376,.F.);
#7066 = ORIENTED_EDGE('',*,*,#7067,.F.);
#7067 = EDGE_CURVE('',#7053,#1377,#7068,.T.);
#7068 = LINE('',#7069,#7070);
#7069 = CARTESIAN_POINT('',(26.468540268456,50.398657718121,24.55));
#7070 = VECTOR('',#7071,1.);
#7071 = DIRECTION('',(0.,0.,1.));
#7072 = PLANE('',#7073);
#7073 = AXIS2_PLACEMENT_3D('',#7074,#7075,#7076);
#7074 = CARTESIAN_POINT('',(25.449244966443,50.398657718121,24.55));
#7075 = DIRECTION('',(0.,1.,0.));
#7076 = DIRECTION('',(1.,0.,0.));
#7077 = ADVANCED_FACE('',(#7078),#7096,.F.);
#7078 = FACE_BOUND('',#7079,.F.);
#7079 = EDGE_LOOP('',(#7080,#7088,#7094,#7095));
#7080 = ORIENTED_EDGE('',*,*,#7081,.F.);
#7081 = EDGE_CURVE('',#7082,#7051,#7084,.T.);
#7082 = VERTEX_POINT('',#7083);
#7083 = CARTESIAN_POINT('',(25.449244966443,49.29932885906,24.55));
#7084 = LINE('',#7085,#7086);
#7085 = CARTESIAN_POINT('',(25.449244966443,49.29932885906,24.55));
#7086 = VECTOR('',#7087,1.);
#7087 = DIRECTION('',(0.,1.,0.));
#7088 = ORIENTED_EDGE('',*,*,#7089,.T.);
#7089 = EDGE_CURVE('',#7082,#1395,#7090,.T.);
#7090 = LINE('',#7091,#7092);
#7091 = CARTESIAN_POINT('',(25.449244966443,49.29932885906,24.55));
#7092 = VECTOR('',#7093,1.);
#7093 = DIRECTION('',(0.,0.,1.));
#7094 = ORIENTED_EDGE('',*,*,#1402,.F.);
#7095 = ORIENTED_EDGE('',*,*,#7060,.F.);
#7096 = PLANE('',#7097);
#7097 = AXIS2_PLACEMENT_3D('',#7098,#7099,#7100);
#7098 = CARTESIAN_POINT('',(25.449244966443,49.29932885906,24.55));
#7099 = DIRECTION('',(-1.,0.,0.));
#7100 = DIRECTION('',(0.,1.,0.));
#7101 = ADVANCED_FACE('',(#7102),#7120,.F.);
#7102 = FACE_BOUND('',#7103,.F.);
#7103 = EDGE_LOOP('',(#7104,#7112,#7118,#7119));
#7104 = ORIENTED_EDGE('',*,*,#7105,.F.);
#7105 = EDGE_CURVE('',#7106,#7082,#7108,.T.);
#7106 = VERTEX_POINT('',#7107);
#7107 = CARTESIAN_POINT('',(26.468540268456,49.29932885906,24.55));
#7108 = LINE('',#7109,#7110);
#7109 = CARTESIAN_POINT('',(26.468540268456,49.29932885906,24.55));
#7110 = VECTOR('',#7111,1.);
#7111 = DIRECTION('',(-1.,0.,0.));
#7112 = ORIENTED_EDGE('',*,*,#7113,.T.);
#7113 = EDGE_CURVE('',#7106,#1387,#7114,.T.);
#7114 = LINE('',#7115,#7116);
#7115 = CARTESIAN_POINT('',(26.468540268456,49.29932885906,24.55));
#7116 = VECTOR('',#7117,1.);
#7117 = DIRECTION('',(0.,0.,1.));
#7118 = ORIENTED_EDGE('',*,*,#1394,.F.);
#7119 = ORIENTED_EDGE('',*,*,#7089,.F.);
#7120 = PLANE('',#7121);
#7121 = AXIS2_PLACEMENT_3D('',#7122,#7123,#7124);
#7122 = CARTESIAN_POINT('',(26.468540268456,49.29932885906,24.55));
#7123 = DIRECTION('',(0.,-1.,0.));
#7124 = DIRECTION('',(-1.,0.,0.));
#7125 = ADVANCED_FACE('',(#7126),#7137,.F.);
#7126 = FACE_BOUND('',#7127,.F.);
#7127 = EDGE_LOOP('',(#7128,#7134,#7135,#7136));
#7128 = ORIENTED_EDGE('',*,*,#7129,.F.);
#7129 = EDGE_CURVE('',#7053,#7106,#7130,.T.);
#7130 = LINE('',#7131,#7132);
#7131 = CARTESIAN_POINT('',(26.468540268456,50.398657718121,24.55));
#7132 = VECTOR('',#7133,1.);
#7133 = DIRECTION('',(0.,-1.,0.));
#7134 = ORIENTED_EDGE('',*,*,#7067,.T.);
#7135 = ORIENTED_EDGE('',*,*,#1386,.F.);
#7136 = ORIENTED_EDGE('',*,*,#7113,.F.);
#7137 = PLANE('',#7138);
#7138 = AXIS2_PLACEMENT_3D('',#7139,#7140,#7141);
#7139 = CARTESIAN_POINT('',(26.468540268456,50.398657718121,24.55));
#7140 = DIRECTION('',(1.,0.,-0.));
#7141 = DIRECTION('',(0.,-1.,0.));
#7142 = ADVANCED_FACE('',(#7143),#7168,.F.);
#7143 = FACE_BOUND('',#7144,.F.);
#7144 = EDGE_LOOP('',(#7145,#7155,#7161,#7162));
#7145 = ORIENTED_EDGE('',*,*,#7146,.F.);
#7146 = EDGE_CURVE('',#7147,#7149,#7151,.T.);
#7147 = VERTEX_POINT('',#7148);
#7148 = CARTESIAN_POINT('',(29.753125,48.586577181208,24.55));
#7149 = VERTEX_POINT('',#7150);
#7150 = CARTESIAN_POINT('',(30.715792785235,48.586577181208,24.55));
#7151 = LINE('',#7152,#7153);
#7152 = CARTESIAN_POINT('',(29.753125,48.586577181208,24.55));
#7153 = VECTOR('',#7154,1.);
#7154 = DIRECTION('',(1.,0.,0.));
#7155 = ORIENTED_EDGE('',*,*,#7156,.T.);
#7156 = EDGE_CURVE('',#7147,#1413,#7157,.T.);
#7157 = LINE('',#7158,#7159);
#7158 = CARTESIAN_POINT('',(29.753125,48.586577181208,24.55));
#7159 = VECTOR('',#7160,1.);
#7160 = DIRECTION('',(0.,0.,1.));
#7161 = ORIENTED_EDGE('',*,*,#1410,.F.);
#7162 = ORIENTED_EDGE('',*,*,#7163,.F.);
#7163 = EDGE_CURVE('',#7149,#1411,#7164,.T.);
#7164 = LINE('',#7165,#7166);
#7165 = CARTESIAN_POINT('',(30.715792785235,48.586577181208,24.55));
#7166 = VECTOR('',#7167,1.);
#7167 = DIRECTION('',(0.,0.,1.));
#7168 = PLANE('',#7169);
#7169 = AXIS2_PLACEMENT_3D('',#7170,#7171,#7172);
#7170 = CARTESIAN_POINT('',(29.753125,48.586577181208,24.55));
#7171 = DIRECTION('',(0.,1.,0.));
#7172 = DIRECTION('',(1.,0.,0.));
#7173 = ADVANCED_FACE('',(#7174),#7192,.F.);
#7174 = FACE_BOUND('',#7175,.F.);
#7175 = EDGE_LOOP('',(#7176,#7184,#7190,#7191));
#7176 = ORIENTED_EDGE('',*,*,#7177,.F.);
#7177 = EDGE_CURVE('',#7178,#7147,#7180,.T.);
#7178 = VERTEX_POINT('',#7179);
#7179 = CARTESIAN_POINT('',(29.753125,47.837583892617,24.55));
#7180 = LINE('',#7181,#7182);
#7181 = CARTESIAN_POINT('',(29.753125,47.837583892617,24.55));
#7182 = VECTOR('',#7183,1.);
#7183 = DIRECTION('',(0.,1.,0.));
#7184 = ORIENTED_EDGE('',*,*,#7185,.T.);
#7185 = EDGE_CURVE('',#7178,#1485,#7186,.T.);
#7186 = LINE('',#7187,#7188);
#7187 = CARTESIAN_POINT('',(29.753125,47.837583892617,24.55));
#7188 = VECTOR('',#7189,1.);
#7189 = DIRECTION('',(0.,0.,1.));
#7190 = ORIENTED_EDGE('',*,*,#1492,.F.);
#7191 = ORIENTED_EDGE('',*,*,#7156,.F.);
#7192 = PLANE('',#7193);
#7193 = AXIS2_PLACEMENT_3D('',#7194,#7195,#7196);
#7194 = CARTESIAN_POINT('',(29.753125,47.837583892617,24.55));
#7195 = DIRECTION('',(-1.,0.,0.));
#7196 = DIRECTION('',(0.,1.,0.));
#7197 = ADVANCED_FACE('',(#7198),#7216,.F.);
#7198 = FACE_BOUND('',#7199,.F.);
#7199 = EDGE_LOOP('',(#7200,#7208,#7214,#7215));
#7200 = ORIENTED_EDGE('',*,*,#7201,.F.);
#7201 = EDGE_CURVE('',#7202,#7178,#7204,.T.);
#7202 = VERTEX_POINT('',#7203);
#7203 = CARTESIAN_POINT('',(32.709081375839,47.837583892617,24.55));
#7204 = LINE('',#7205,#7206);
#7205 = CARTESIAN_POINT('',(32.709081375839,47.837583892617,24.55));
#7206 = VECTOR('',#7207,1.);
#7207 = DIRECTION('',(-1.,0.,0.));
#7208 = ORIENTED_EDGE('',*,*,#7209,.T.);
#7209 = EDGE_CURVE('',#7202,#1477,#7210,.T.);
#7210 = LINE('',#7211,#7212);
#7211 = CARTESIAN_POINT('',(32.709081375839,47.837583892617,24.55));
#7212 = VECTOR('',#7213,1.);
#7213 = DIRECTION('',(0.,0.,1.));
#7214 = ORIENTED_EDGE('',*,*,#1484,.F.);
#7215 = ORIENTED_EDGE('',*,*,#7185,.F.);
#7216 = PLANE('',#7217);
#7217 = AXIS2_PLACEMENT_3D('',#7218,#7219,#7220);
#7218 = CARTESIAN_POINT('',(32.709081375839,47.837583892617,24.55));
#7219 = DIRECTION('',(0.,-1.,0.));
#7220 = DIRECTION('',(-1.,0.,0.));
#7221 = ADVANCED_FACE('',(#7222),#7240,.F.);
#7222 = FACE_BOUND('',#7223,.F.);
#7223 = EDGE_LOOP('',(#7224,#7232,#7238,#7239));
#7224 = ORIENTED_EDGE('',*,*,#7225,.F.);
#7225 = EDGE_CURVE('',#7226,#7202,#7228,.T.);
#7226 = VERTEX_POINT('',#7227);
#7227 = CARTESIAN_POINT('',(32.709081375839,48.586577181208,24.55));
#7228 = LINE('',#7229,#7230);
#7229 = CARTESIAN_POINT('',(32.709081375839,48.586577181208,24.55));
#7230 = VECTOR('',#7231,1.);
#7231 = DIRECTION('',(0.,-1.,0.));
#7232 = ORIENTED_EDGE('',*,*,#7233,.T.);
#7233 = EDGE_CURVE('',#7226,#1469,#7234,.T.);
#7234 = LINE('',#7235,#7236);
#7235 = CARTESIAN_POINT('',(32.709081375839,48.586577181208,24.55));
#7236 = VECTOR('',#7237,1.);
#7237 = DIRECTION('',(0.,0.,1.));
#7238 = ORIENTED_EDGE('',*,*,#1476,.F.);
#7239 = ORIENTED_EDGE('',*,*,#7209,.F.);
#7240 = PLANE('',#7241);
#7241 = AXIS2_PLACEMENT_3D('',#7242,#7243,#7244);
#7242 = CARTESIAN_POINT('',(32.709081375839,48.586577181208,24.55));
#7243 = DIRECTION('',(1.,0.,-0.));
#7244 = DIRECTION('',(0.,-1.,0.));
#7245 = ADVANCED_FACE('',(#7246),#7264,.F.);
#7246 = FACE_BOUND('',#7247,.F.);
#7247 = EDGE_LOOP('',(#7248,#7256,#7262,#7263));
#7248 = ORIENTED_EDGE('',*,*,#7249,.F.);
#7249 = EDGE_CURVE('',#7250,#7226,#7252,.T.);
#7250 = VERTEX_POINT('',#7251);
#7251 = CARTESIAN_POINT('',(31.746413590604,48.586577181208,24.55));
#7252 = LINE('',#7253,#7254);
#7253 = CARTESIAN_POINT('',(31.746413590604,48.586577181208,24.55));
#7254 = VECTOR('',#7255,1.);
#7255 = DIRECTION('',(1.,0.,0.));
#7256 = ORIENTED_EDGE('',*,*,#7257,.T.);
#7257 = EDGE_CURVE('',#7250,#1461,#7258,.T.);
#7258 = LINE('',#7259,#7260);
#7259 = CARTESIAN_POINT('',(31.746413590604,48.586577181208,24.55));
#7260 = VECTOR('',#7261,1.);
#7261 = DIRECTION('',(0.,0.,1.));
#7262 = ORIENTED_EDGE('',*,*,#1468,.F.);
#7263 = ORIENTED_EDGE('',*,*,#7233,.F.);
#7264 = PLANE('',#7265);
#7265 = AXIS2_PLACEMENT_3D('',#7266,#7267,#7268);
#7266 = CARTESIAN_POINT('',(31.746413590604,48.586577181208,24.55));
#7267 = DIRECTION('',(0.,1.,0.));
#7268 = DIRECTION('',(1.,0.,0.));
#7269 = ADVANCED_FACE('',(#7270),#7288,.F.);
#7270 = FACE_BOUND('',#7271,.F.);
#7271 = EDGE_LOOP('',(#7272,#7280,#7286,#7287));
#7272 = ORIENTED_EDGE('',*,*,#7273,.F.);
#7273 = EDGE_CURVE('',#7274,#7250,#7276,.T.);
#7274 = VERTEX_POINT('',#7275);
#7275 = CARTESIAN_POINT('',(31.746413590604,52.065771812081,24.55));
#7276 = LINE('',#7277,#7278);
#7277 = CARTESIAN_POINT('',(31.746413590604,52.065771812081,24.55));
#7278 = VECTOR('',#7279,1.);
#7279 = DIRECTION('',(0.,-1.,0.));
#7280 = ORIENTED_EDGE('',*,*,#7281,.T.);
#7281 = EDGE_CURVE('',#7274,#1453,#7282,.T.);
#7282 = LINE('',#7283,#7284);
#7283 = CARTESIAN_POINT('',(31.746413590604,52.065771812081,24.55));
#7284 = VECTOR('',#7285,1.);
#7285 = DIRECTION('',(0.,0.,1.));
#7286 = ORIENTED_EDGE('',*,*,#1460,.F.);
#7287 = ORIENTED_EDGE('',*,*,#7257,.F.);
#7288 = PLANE('',#7289);
#7289 = AXIS2_PLACEMENT_3D('',#7290,#7291,#7292);
#7290 = CARTESIAN_POINT('',(31.746413590604,52.065771812081,24.55));
#7291 = DIRECTION('',(1.,0.,-0.));
#7292 = DIRECTION('',(0.,-1.,0.));
#7293 = ADVANCED_FACE('',(#7294),#7312,.F.);
#7294 = FACE_BOUND('',#7295,.F.);
#7295 = EDGE_LOOP('',(#7296,#7304,#7310,#7311));
#7296 = ORIENTED_EDGE('',*,*,#7297,.F.);
#7297 = EDGE_CURVE('',#7298,#7274,#7300,.T.);
#7298 = VERTEX_POINT('',#7299);
#7299 = CARTESIAN_POINT('',(30.710130033557,52.065771812081,24.55));
#7300 = LINE('',#7301,#7302);
#7301 = CARTESIAN_POINT('',(30.710130033557,52.065771812081,24.55));
#7302 = VECTOR('',#7303,1.);
#7303 = DIRECTION('',(1.,0.,0.));
#7304 = ORIENTED_EDGE('',*,*,#7305,.T.);
#7305 = EDGE_CURVE('',#7298,#1445,#7306,.T.);
#7306 = LINE('',#7307,#7308);
#7307 = CARTESIAN_POINT('',(30.710130033557,52.065771812081,24.55));
#7308 = VECTOR('',#7309,1.);
#7309 = DIRECTION('',(0.,0.,1.));
#7310 = ORIENTED_EDGE('',*,*,#1452,.F.);
#7311 = ORIENTED_EDGE('',*,*,#7281,.F.);
#7312 = PLANE('',#7313);
#7313 = AXIS2_PLACEMENT_3D('',#7314,#7315,#7316);
#7314 = CARTESIAN_POINT('',(30.710130033557,52.065771812081,24.55));
#7315 = DIRECTION('',(0.,1.,0.));
#7316 = DIRECTION('',(1.,0.,0.));
#7317 = ADVANCED_FACE('',(#7318),#7336,.F.);
#7318 = FACE_BOUND('',#7319,.F.);
#7319 = EDGE_LOOP('',(#7320,#7328,#7334,#7335));
#7320 = ORIENTED_EDGE('',*,*,#7321,.F.);
#7321 = EDGE_CURVE('',#7322,#7298,#7324,.T.);
#7322 = VERTEX_POINT('',#7323);
#7323 = CARTESIAN_POINT('',(29.72764261745,51.860402684564,24.55));
#7324 = LINE('',#7325,#7326);
#7325 = CARTESIAN_POINT('',(29.72764261745,51.860402684564,24.55));
#7326 = VECTOR('',#7327,1.);
#7327 = DIRECTION('',(0.978844086222,0.204607563076,0.));
#7328 = ORIENTED_EDGE('',*,*,#7329,.T.);
#7329 = EDGE_CURVE('',#7322,#1437,#7330,.T.);
#7330 = LINE('',#7331,#7332);
#7331 = CARTESIAN_POINT('',(29.72764261745,51.860402684564,24.55));
#7332 = VECTOR('',#7333,1.);
#7333 = DIRECTION('',(0.,0.,1.));
#7334 = ORIENTED_EDGE('',*,*,#1444,.F.);
#7335 = ORIENTED_EDGE('',*,*,#7305,.F.);
#7336 = PLANE('',#7337);
#7337 = AXIS2_PLACEMENT_3D('',#7338,#7339,#7340);
#7338 = CARTESIAN_POINT('',(29.72764261745,51.860402684564,24.55));
#7339 = DIRECTION('',(-0.204607563076,0.978844086222,0.));
#7340 = DIRECTION('',(0.978844086222,0.204607563076,0.));
#7341 = ADVANCED_FACE('',(#7342),#7360,.F.);
#7342 = FACE_BOUND('',#7343,.F.);
#7343 = EDGE_LOOP('',(#7344,#7352,#7358,#7359));
#7344 = ORIENTED_EDGE('',*,*,#7345,.F.);
#7345 = EDGE_CURVE('',#7346,#7322,#7348,.T.);
#7346 = VERTEX_POINT('',#7347);
#7347 = CARTESIAN_POINT('',(29.72764261745,51.123489932886,24.55));
#7348 = LINE('',#7349,#7350);
#7349 = CARTESIAN_POINT('',(29.72764261745,51.123489932886,24.55));
#7350 = VECTOR('',#7351,1.);
#7351 = DIRECTION('',(0.,1.,0.));
#7352 = ORIENTED_EDGE('',*,*,#7353,.T.);
#7353 = EDGE_CURVE('',#7346,#1429,#7354,.T.);
#7354 = LINE('',#7355,#7356);
#7355 = CARTESIAN_POINT('',(29.72764261745,51.123489932886,24.55));
#7356 = VECTOR('',#7357,1.);
#7357 = DIRECTION('',(0.,0.,1.));
#7358 = ORIENTED_EDGE('',*,*,#1436,.F.);
#7359 = ORIENTED_EDGE('',*,*,#7329,.F.);
#7360 = PLANE('',#7361);
#7361 = AXIS2_PLACEMENT_3D('',#7362,#7363,#7364);
#7362 = CARTESIAN_POINT('',(29.72764261745,51.123489932886,24.55));
#7363 = DIRECTION('',(-1.,0.,0.));
#7364 = DIRECTION('',(0.,1.,0.));
#7365 = ADVANCED_FACE('',(#7366),#7384,.F.);
#7366 = FACE_BOUND('',#7367,.F.);
#7367 = EDGE_LOOP('',(#7368,#7376,#7382,#7383));
#7368 = ORIENTED_EDGE('',*,*,#7369,.F.);
#7369 = EDGE_CURVE('',#7370,#7346,#7372,.T.);
#7370 = VERTEX_POINT('',#7371);
#7371 = CARTESIAN_POINT('',(30.715792785235,51.328859060403,24.55));
#7372 = LINE('',#7373,#7374);
#7373 = CARTESIAN_POINT('',(30.715792785235,51.328859060403,24.55));
#7374 = VECTOR('',#7375,1.);
#7375 = DIRECTION('',(-0.979078331663,-0.203483710573,0.));
#7376 = ORIENTED_EDGE('',*,*,#7377,.T.);
#7377 = EDGE_CURVE('',#7370,#1421,#7378,.T.);
#7378 = LINE('',#7379,#7380);
#7379 = CARTESIAN_POINT('',(30.715792785235,51.328859060403,24.55));
#7380 = VECTOR('',#7381,1.);
#7381 = DIRECTION('',(0.,0.,1.));
#7382 = ORIENTED_EDGE('',*,*,#1428,.F.);
#7383 = ORIENTED_EDGE('',*,*,#7353,.F.);
#7384 = PLANE('',#7385);
#7385 = AXIS2_PLACEMENT_3D('',#7386,#7387,#7388);
#7386 = CARTESIAN_POINT('',(30.715792785235,51.328859060403,24.55));
#7387 = DIRECTION('',(0.203483710573,-0.979078331663,0.));
#7388 = DIRECTION('',(-0.979078331663,-0.203483710573,0.));
#7389 = ADVANCED_FACE('',(#7390),#7401,.F.);
#7390 = FACE_BOUND('',#7391,.F.);
#7391 = EDGE_LOOP('',(#7392,#7398,#7399,#7400));
#7392 = ORIENTED_EDGE('',*,*,#7393,.F.);
#7393 = EDGE_CURVE('',#7149,#7370,#7394,.T.);
#7394 = LINE('',#7395,#7396);
#7395 = CARTESIAN_POINT('',(30.715792785235,48.586577181208,24.55));
#7396 = VECTOR('',#7397,1.);
#7397 = DIRECTION('',(0.,1.,0.));
#7398 = ORIENTED_EDGE('',*,*,#7163,.T.);
#7399 = ORIENTED_EDGE('',*,*,#1420,.F.);
#7400 = ORIENTED_EDGE('',*,*,#7377,.F.);
#7401 = PLANE('',#7402);
#7402 = AXIS2_PLACEMENT_3D('',#7403,#7404,#7405);
#7403 = CARTESIAN_POINT('',(30.715792785235,48.586577181208,24.55));
#7404 = DIRECTION('',(-1.,0.,0.));
#7405 = DIRECTION('',(0.,1.,0.));
#7406 = ADVANCED_FACE('',(#7407),#7432,.F.);
#7407 = FACE_BOUND('',#7408,.F.);
#7408 = EDGE_LOOP('',(#7409,#7419,#7425,#7426));
#7409 = ORIENTED_EDGE('',*,*,#7410,.F.);
#7410 = EDGE_CURVE('',#7411,#7413,#7415,.T.);
#7411 = VERTEX_POINT('',#7412);
#7412 = CARTESIAN_POINT('',(33.688926174497,47.922147651007,24.55));
#7413 = VERTEX_POINT('',#7414);
#7414 = CARTESIAN_POINT('',(33.688926174497,48.707382550336,24.55));
#7415 = LINE('',#7416,#7417);
#7416 = CARTESIAN_POINT('',(33.688926174497,47.922147651007,24.55));
#7417 = VECTOR('',#7418,1.);
#7418 = DIRECTION('',(0.,1.,0.));
#7419 = ORIENTED_EDGE('',*,*,#7420,.T.);
#7420 = EDGE_CURVE('',#7411,#1503,#7421,.T.);
#7421 = LINE('',#7422,#7423);
#7422 = CARTESIAN_POINT('',(33.688926174497,47.922147651007,24.55));
#7423 = VECTOR('',#7424,1.);
#7424 = DIRECTION('',(0.,0.,1.));
#7425 = ORIENTED_EDGE('',*,*,#1500,.F.);
#7426 = ORIENTED_EDGE('',*,*,#7427,.F.);
#7427 = EDGE_CURVE('',#7413,#1501,#7428,.T.);
#7428 = LINE('',#7429,#7430);
#7429 = CARTESIAN_POINT('',(33.688926174497,48.707382550336,24.55));
#7430 = VECTOR('',#7431,1.);
#7431 = DIRECTION('',(0.,0.,1.));
#7432 = PLANE('',#7433);
#7433 = AXIS2_PLACEMENT_3D('',#7434,#7435,#7436);
#7434 = CARTESIAN_POINT('',(33.688926174497,47.922147651007,24.55));
#7435 = DIRECTION('',(-1.,0.,0.));
#7436 = DIRECTION('',(0.,1.,0.));
#7437 = ADVANCED_FACE('',(#7438),#7456,.F.);
#7438 = FACE_BOUND('',#7439,.F.);
#7439 = EDGE_LOOP('',(#7440,#7448,#7454,#7455));
#7440 = ORIENTED_EDGE('',*,*,#7441,.F.);
#7441 = EDGE_CURVE('',#7442,#7411,#7444,.T.);
#7442 = VERTEX_POINT('',#7443);
#7443 = CARTESIAN_POINT('',(34.221224832215,47.795302013423,24.55));
#7444 = B_SPLINE_CURVE_WITH_KNOTS('',2,(#7445,#7446,#7447),
  .UNSPECIFIED.,.F.,.F.,(3,3),(0.,1.),.PIECEWISE_BEZIER_KNOTS.);
#7445 = CARTESIAN_POINT('',(34.221224832215,47.795302013423,24.55));
#7446 = CARTESIAN_POINT('',(33.949412751678,47.837583892617,24.55));
#7447 = CARTESIAN_POINT('',(33.688926174497,47.922147651007,24.55));
#7448 = ORIENTED_EDGE('',*,*,#7449,.T.);
#7449 = EDGE_CURVE('',#7442,#1764,#7450,.T.);
#7450 = LINE('',#7451,#7452);
#7451 = CARTESIAN_POINT('',(34.221224832215,47.795302013423,24.55));
#7452 = VECTOR('',#7453,1.);
#7453 = DIRECTION('',(0.,0.,1.));
#7454 = ORIENTED_EDGE('',*,*,#1773,.F.);
#7455 = ORIENTED_EDGE('',*,*,#7420,.F.);
#7456 = SURFACE_OF_LINEAR_EXTRUSION('',#7457,#7461);
#7457 = B_SPLINE_CURVE_WITH_KNOTS('',2,(#7458,#7459,#7460),
  .UNSPECIFIED.,.F.,.F.,(3,3),(0.,1.),.PIECEWISE_BEZIER_KNOTS.);
#7458 = CARTESIAN_POINT('',(34.221224832215,47.795302013423,24.55));
#7459 = CARTESIAN_POINT('',(33.949412751678,47.837583892617,24.55));
#7460 = CARTESIAN_POINT('',(33.688926174497,47.922147651007,24.55));
#7461 = VECTOR('',#7462,1.);
#7462 = DIRECTION('',(-0.,-0.,-1.));
#7463 = ADVANCED_FACE('',(#7464),#7482,.F.);
#7464 = FACE_BOUND('',#7465,.F.);
#7465 = EDGE_LOOP('',(#7466,#7474,#7480,#7481));
#7466 = ORIENTED_EDGE('',*,*,#7467,.F.);
#7467 = EDGE_CURVE('',#7468,#7442,#7470,.T.);
#7468 = VERTEX_POINT('',#7469);
#7469 = CARTESIAN_POINT('',(34.790331375839,47.753020134228,24.55));
#7470 = B_SPLINE_CURVE_WITH_KNOTS('',2,(#7471,#7472,#7473),
  .UNSPECIFIED.,.F.,.F.,(3,3),(0.,1.),.PIECEWISE_BEZIER_KNOTS.);
#7471 = CARTESIAN_POINT('',(34.790331375839,47.753020134228,24.55));
#7472 = CARTESIAN_POINT('',(34.493036912752,47.753020134228,24.55));
#7473 = CARTESIAN_POINT('',(34.221224832215,47.795302013423,24.55));
#7474 = ORIENTED_EDGE('',*,*,#7475,.T.);
#7475 = EDGE_CURVE('',#7468,#1741,#7476,.T.);
#7476 = LINE('',#7477,#7478);
#7477 = CARTESIAN_POINT('',(34.790331375839,47.753020134228,24.55));
#7478 = VECTOR('',#7479,1.);
#7479 = DIRECTION('',(0.,0.,1.));
#7480 = ORIENTED_EDGE('',*,*,#1763,.F.);
#7481 = ORIENTED_EDGE('',*,*,#7449,.F.);
#7482 = SURFACE_OF_LINEAR_EXTRUSION('',#7483,#7487);
#7483 = B_SPLINE_CURVE_WITH_KNOTS('',2,(#7484,#7485,#7486),
  .UNSPECIFIED.,.F.,.F.,(3,3),(0.,1.),.PIECEWISE_BEZIER_KNOTS.);
#7484 = CARTESIAN_POINT('',(34.790331375839,47.753020134228,24.55));
#7485 = CARTESIAN_POINT('',(34.493036912752,47.753020134228,24.55));
#7486 = CARTESIAN_POINT('',(34.221224832215,47.795302013423,24.55));
#7487 = VECTOR('',#7488,1.);
#7488 = DIRECTION('',(-0.,-0.,-1.));
#7489 = ADVANCED_FACE('',(#7490),#7508,.F.);
#7490 = FACE_BOUND('',#7491,.F.);
#7491 = EDGE_LOOP('',(#7492,#7500,#7506,#7507));
#7492 = ORIENTED_EDGE('',*,*,#7493,.F.);
#7493 = EDGE_CURVE('',#7494,#7468,#7496,.T.);
#7494 = VERTEX_POINT('',#7495);
#7495 = CARTESIAN_POINT('',(36.242827181208,48.352516778523,24.55));
#7496 = B_SPLINE_CURVE_WITH_KNOTS('',2,(#7497,#7498,#7499),
  .UNSPECIFIED.,.F.,.F.,(3,3),(0.,1.),.PIECEWISE_BEZIER_KNOTS.);
#7497 = CARTESIAN_POINT('',(36.242827181208,48.352516778523,24.55));
#7498 = CARTESIAN_POINT('',(35.713359899329,47.753020134228,24.55));
#7499 = CARTESIAN_POINT('',(34.790331375839,47.753020134228,24.55));
#7500 = ORIENTED_EDGE('',*,*,#7501,.T.);
#7501 = EDGE_CURVE('',#7494,#1714,#7502,.T.);
#7502 = LINE('',#7503,#7504);
#7503 = CARTESIAN_POINT('',(36.242827181208,48.352516778523,24.55));
#7504 = VECTOR('',#7505,1.);
#7505 = DIRECTION('',(0.,0.,1.));
#7506 = ORIENTED_EDGE('',*,*,#1740,.F.);
#7507 = ORIENTED_EDGE('',*,*,#7475,.F.);
#7508 = SURFACE_OF_LINEAR_EXTRUSION('',#7509,#7513);
#7509 = B_SPLINE_CURVE_WITH_KNOTS('',2,(#7510,#7511,#7512),
  .UNSPECIFIED.,.F.,.F.,(3,3),(0.,1.),.PIECEWISE_BEZIER_KNOTS.);
#7510 = CARTESIAN_POINT('',(36.242827181208,48.352516778523,24.55));
#7511 = CARTESIAN_POINT('',(35.713359899329,47.753020134228,24.55));
#7512 = CARTESIAN_POINT('',(34.790331375839,47.753020134228,24.55));
#7513 = VECTOR('',#7514,1.);
#7514 = DIRECTION('',(-0.,-0.,-1.));
#7515 = ADVANCED_FACE('',(#7516),#7534,.F.);
#7516 = FACE_BOUND('',#7517,.F.);
#7517 = EDGE_LOOP('',(#7518,#7526,#7532,#7533));
#7518 = ORIENTED_EDGE('',*,*,#7519,.F.);
#7519 = EDGE_CURVE('',#7520,#7494,#7522,.T.);
#7520 = VERTEX_POINT('',#7521);
#7521 = CARTESIAN_POINT('',(36.772294463087,50.000943791946,24.55));
#7522 = B_SPLINE_CURVE_WITH_KNOTS('',2,(#7523,#7524,#7525),
  .UNSPECIFIED.,.F.,.F.,(3,3),(0.,1.),.PIECEWISE_BEZIER_KNOTS.);
#7523 = CARTESIAN_POINT('',(36.772294463087,50.000943791946,24.55));
#7524 = CARTESIAN_POINT('',(36.772294463087,48.952013422819,24.55));
#7525 = CARTESIAN_POINT('',(36.242827181208,48.352516778523,24.55));
#7526 = ORIENTED_EDGE('',*,*,#7527,.T.);
#7527 = EDGE_CURVE('',#7520,#1692,#7528,.T.);
#7528 = LINE('',#7529,#7530);
#7529 = CARTESIAN_POINT('',(36.772294463087,50.000943791946,24.55));
#7530 = VECTOR('',#7531,1.);
#7531 = DIRECTION('',(0.,0.,1.));
#7532 = ORIENTED_EDGE('',*,*,#1713,.F.);
#7533 = ORIENTED_EDGE('',*,*,#7501,.F.);
#7534 = SURFACE_OF_LINEAR_EXTRUSION('',#7535,#7539);
#7535 = B_SPLINE_CURVE_WITH_KNOTS('',2,(#7536,#7537,#7538),
  .UNSPECIFIED.,.F.,.F.,(3,3),(0.,1.),.PIECEWISE_BEZIER_KNOTS.);
#7536 = CARTESIAN_POINT('',(36.772294463087,50.000943791946,24.55));
#7537 = CARTESIAN_POINT('',(36.772294463087,48.952013422819,24.55));
#7538 = CARTESIAN_POINT('',(36.242827181208,48.352516778523,24.55));
#7539 = VECTOR('',#7540,1.);
#7540 = DIRECTION('',(-0.,-0.,-1.));
#7541 = ADVANCED_FACE('',(#7542),#7560,.F.);
#7542 = FACE_BOUND('',#7543,.F.);
#7543 = EDGE_LOOP('',(#7544,#7552,#7558,#7559));
#7544 = ORIENTED_EDGE('',*,*,#7545,.F.);
#7545 = EDGE_CURVE('',#7546,#7520,#7548,.T.);
#7546 = VERTEX_POINT('',#7547);
#7547 = CARTESIAN_POINT('',(36.319274328859,51.579718959732,24.55));
#7548 = B_SPLINE_CURVE_WITH_KNOTS('',2,(#7549,#7550,#7551),
  .UNSPECIFIED.,.F.,.F.,(3,3),(0.,1.),.PIECEWISE_BEZIER_KNOTS.);
#7549 = CARTESIAN_POINT('',(36.319274328859,51.579718959732,24.55));
#7550 = CARTESIAN_POINT('',(36.772294463087,51.021371644295,24.55));
#7551 = CARTESIAN_POINT('',(36.772294463087,50.000943791946,24.55));
#7552 = ORIENTED_EDGE('',*,*,#7553,.T.);
#7553 = EDGE_CURVE('',#7546,#1670,#7554,.T.);
#7554 = LINE('',#7555,#7556);
#7555 = CARTESIAN_POINT('',(36.319274328859,51.579718959732,24.55));
#7556 = VECTOR('',#7557,1.);
#7557 = DIRECTION('',(0.,0.,1.));
#7558 = ORIENTED_EDGE('',*,*,#1691,.F.);
#7559 = ORIENTED_EDGE('',*,*,#7527,.F.);
#7560 = SURFACE_OF_LINEAR_EXTRUSION('',#7561,#7565);
#7561 = B_SPLINE_CURVE_WITH_KNOTS('',2,(#7562,#7563,#7564),
  .UNSPECIFIED.,.F.,.F.,(3,3),(0.,1.),.PIECEWISE_BEZIER_KNOTS.);
#7562 = CARTESIAN_POINT('',(36.319274328859,51.579718959732,24.55));
#7563 = CARTESIAN_POINT('',(36.772294463087,51.021371644295,24.55));
#7564 = CARTESIAN_POINT('',(36.772294463087,50.000943791946,24.55));
#7565 = VECTOR('',#7566,1.);
#7566 = DIRECTION('',(-0.,-0.,-1.));
#7567 = ADVANCED_FACE('',(#7568),#7586,.F.);
#7568 = FACE_BOUND('',#7569,.F.);
#7569 = EDGE_LOOP('',(#7570,#7578,#7584,#7585));
#7570 = ORIENTED_EDGE('',*,*,#7571,.F.);
#7571 = EDGE_CURVE('',#7572,#7546,#7574,.T.);
#7572 = VERTEX_POINT('',#7573);
#7573 = CARTESIAN_POINT('',(35.039492449664,52.138255033557,24.55));
#7574 = B_SPLINE_CURVE_WITH_KNOTS('',2,(#7575,#7576,#7577),
  .UNSPECIFIED.,.F.,.F.,(3,3),(0.,1.),.PIECEWISE_BEZIER_KNOTS.);
#7575 = CARTESIAN_POINT('',(35.039492449664,52.138255033557,24.55));
#7576 = CARTESIAN_POINT('',(35.866254194631,52.138255033557,24.55));
#7577 = CARTESIAN_POINT('',(36.319274328859,51.579718959732,24.55));
#7578 = ORIENTED_EDGE('',*,*,#7579,.T.);
#7579 = EDGE_CURVE('',#7572,#1648,#7580,.T.);
#7580 = LINE('',#7581,#7582);
#7581 = CARTESIAN_POINT('',(35.039492449664,52.138255033557,24.55));
#7582 = VECTOR('',#7583,1.);
#7583 = DIRECTION('',(0.,0.,1.));
#7584 = ORIENTED_EDGE('',*,*,#1669,.F.);
#7585 = ORIENTED_EDGE('',*,*,#7553,.F.);
#7586 = SURFACE_OF_LINEAR_EXTRUSION('',#7587,#7591);
#7587 = B_SPLINE_CURVE_WITH_KNOTS('',2,(#7588,#7589,#7590),
  .UNSPECIFIED.,.F.,.F.,(3,3),(0.,1.),.PIECEWISE_BEZIER_KNOTS.);
#7588 = CARTESIAN_POINT('',(35.039492449664,52.138255033557,24.55));
#7589 = CARTESIAN_POINT('',(35.866254194631,52.138255033557,24.55));
#7590 = CARTESIAN_POINT('',(36.319274328859,51.579718959732,24.55));
#7591 = VECTOR('',#7592,1.);
#7592 = DIRECTION('',(-0.,-0.,-1.));
#7593 = ADVANCED_FACE('',(#7594),#7612,.F.);
#7594 = FACE_BOUND('',#7595,.F.);
#7595 = EDGE_LOOP('',(#7596,#7604,#7610,#7611));
#7596 = ORIENTED_EDGE('',*,*,#7597,.F.);
#7597 = EDGE_CURVE('',#7598,#7572,#7600,.T.);
#7598 = VERTEX_POINT('',#7599);
#7599 = CARTESIAN_POINT('',(33.85163590604,51.727894295302,24.55));
#7600 = B_SPLINE_CURVE_WITH_KNOTS('',2,(#7601,#7602,#7603),
  .UNSPECIFIED.,.F.,.F.,(3,3),(0.,1.),.PIECEWISE_BEZIER_KNOTS.);
#7601 = CARTESIAN_POINT('',(33.85163590604,51.727894295302,24.55));
#7602 = CARTESIAN_POINT('',(34.294840604027,52.138255033557,24.55));
#7603 = CARTESIAN_POINT('',(35.039492449664,52.138255033557,24.55));
#7604 = ORIENTED_EDGE('',*,*,#7605,.T.);
#7605 = EDGE_CURVE('',#7598,#1629,#7606,.T.);
#7606 = LINE('',#7607,#7608);
#7607 = CARTESIAN_POINT('',(33.85163590604,51.727894295302,24.55));
#7608 = VECTOR('',#7609,1.);
#7609 = DIRECTION('',(0.,0.,1.));
#7610 = ORIENTED_EDGE('',*,*,#1647,.F.);
#7611 = ORIENTED_EDGE('',*,*,#7579,.F.);
#7612 = SURFACE_OF_LINEAR_EXTRUSION('',#7613,#7617);
#7613 = B_SPLINE_CURVE_WITH_KNOTS('',2,(#7614,#7615,#7616),
  .UNSPECIFIED.,.F.,.F.,(3,3),(0.,1.),.PIECEWISE_BEZIER_KNOTS.);
#7614 = CARTESIAN_POINT('',(33.85163590604,51.727894295302,24.55));
#7615 = CARTESIAN_POINT('',(34.294840604027,52.138255033557,24.55));
#7616 = CARTESIAN_POINT('',(35.039492449664,52.138255033557,24.55));
#7617 = VECTOR('',#7618,1.);
#7618 = DIRECTION('',(-0.,-0.,-1.));
#7619 = ADVANCED_FACE('',(#7620),#7638,.F.);
#7620 = FACE_BOUND('',#7621,.F.);
#7621 = EDGE_LOOP('',(#7622,#7630,#7636,#7637));
#7622 = ORIENTED_EDGE('',*,*,#7623,.F.);
#7623 = EDGE_CURVE('',#7624,#7598,#7626,.T.);
#7624 = VERTEX_POINT('',#7625);
#7625 = CARTESIAN_POINT('',(33.408619966443,50.635549496644,24.55));
#7626 = B_SPLINE_CURVE_WITH_KNOTS('',2,(#7627,#7628,#7629),
  .UNSPECIFIED.,.F.,.F.,(3,3),(0.,1.),.PIECEWISE_BEZIER_KNOTS.);
#7627 = CARTESIAN_POINT('',(33.408619966443,50.635549496644,24.55));
#7628 = CARTESIAN_POINT('',(33.408619966443,51.317533557047,24.55));
#7629 = CARTESIAN_POINT('',(33.85163590604,51.727894295302,24.55));
#7630 = ORIENTED_EDGE('',*,*,#7631,.T.);
#7631 = EDGE_CURVE('',#7624,#1610,#7632,.T.);
#7632 = LINE('',#7633,#7634);
#7633 = CARTESIAN_POINT('',(33.408619966443,50.635549496644,24.55));
#7634 = VECTOR('',#7635,1.);
#7635 = DIRECTION('',(0.,0.,1.));
#7636 = ORIENTED_EDGE('',*,*,#1628,.F.);
#7637 = ORIENTED_EDGE('',*,*,#7605,.F.);
#7638 = SURFACE_OF_LINEAR_EXTRUSION('',#7639,#7643);
#7639 = B_SPLINE_CURVE_WITH_KNOTS('',2,(#7640,#7641,#7642),
  .UNSPECIFIED.,.F.,.F.,(3,3),(0.,1.),.PIECEWISE_BEZIER_KNOTS.);
#7640 = CARTESIAN_POINT('',(33.408619966443,50.635549496644,24.55));
#7641 = CARTESIAN_POINT('',(33.408619966443,51.317533557047,24.55));
#7642 = CARTESIAN_POINT('',(33.85163590604,51.727894295302,24.55));
#7643 = VECTOR('',#7644,1.);
#7644 = DIRECTION('',(-0.,-0.,-1.));
#7645 = ADVANCED_FACE('',(#7646),#7664,.F.);
#7646 = FACE_BOUND('',#7647,.F.);
#7647 = EDGE_LOOP('',(#7648,#7656,#7662,#7663));
#7648 = ORIENTED_EDGE('',*,*,#7649,.F.);
#7649 = EDGE_CURVE('',#7650,#7624,#7652,.T.);
#7650 = VERTEX_POINT('',#7651);
#7651 = CARTESIAN_POINT('',(33.806333892617,49.640792785235,24.55));
#7652 = B_SPLINE_CURVE_WITH_KNOTS('',2,(#7653,#7654,#7655),
  .UNSPECIFIED.,.F.,.F.,(3,3),(0.,1.),.PIECEWISE_BEZIER_KNOTS.);
#7653 = CARTESIAN_POINT('',(33.806333892617,49.640792785235,24.55));
#7654 = CARTESIAN_POINT('',(33.408619966443,50.018687080537,24.55));
#7655 = CARTESIAN_POINT('',(33.408619966443,50.635549496644,24.55));
#7656 = ORIENTED_EDGE('',*,*,#7657,.T.);
#7657 = EDGE_CURVE('',#7650,#1593,#7658,.T.);
#7658 = LINE('',#7659,#7660);
#7659 = CARTESIAN_POINT('',(33.806333892617,49.640792785235,24.55));
#7660 = VECTOR('',#7661,1.);
#7661 = DIRECTION('',(0.,0.,1.));
#7662 = ORIENTED_EDGE('',*,*,#1609,.F.);
#7663 = ORIENTED_EDGE('',*,*,#7631,.F.);
#7664 = SURFACE_OF_LINEAR_EXTRUSION('',#7665,#7669);
#7665 = B_SPLINE_CURVE_WITH_KNOTS('',2,(#7666,#7667,#7668),
  .UNSPECIFIED.,.F.,.F.,(3,3),(0.,1.),.PIECEWISE_BEZIER_KNOTS.);
#7666 = CARTESIAN_POINT('',(33.806333892617,49.640792785235,24.55));
#7667 = CARTESIAN_POINT('',(33.408619966443,50.018687080537,24.55));
#7668 = CARTESIAN_POINT('',(33.408619966443,50.635549496644,24.55));
#7669 = VECTOR('',#7670,1.);
#7670 = DIRECTION('',(-0.,-0.,-1.));
#7671 = ADVANCED_FACE('',(#7672),#7690,.F.);
#7672 = FACE_BOUND('',#7673,.F.);
#7673 = EDGE_LOOP('',(#7674,#7682,#7688,#7689));
#7674 = ORIENTED_EDGE('',*,*,#7675,.F.);
#7675 = EDGE_CURVE('',#7676,#7650,#7678,.T.);
#7676 = VERTEX_POINT('',#7677);
#7677 = CARTESIAN_POINT('',(34.852621644295,49.263087248322,24.55));
#7678 = B_SPLINE_CURVE_WITH_KNOTS('',2,(#7679,#7680,#7681),
  .UNSPECIFIED.,.F.,.F.,(3,3),(0.,1.),.PIECEWISE_BEZIER_KNOTS.);
#7679 = CARTESIAN_POINT('',(34.852621644295,49.263087248322,24.55));
#7680 = CARTESIAN_POINT('',(34.204236577181,49.263087248322,24.55));
#7681 = CARTESIAN_POINT('',(33.806333892617,49.640792785235,24.55));
#7682 = ORIENTED_EDGE('',*,*,#7683,.T.);
#7683 = EDGE_CURVE('',#7676,#1582,#7684,.T.);
#7684 = LINE('',#7685,#7686);
#7685 = CARTESIAN_POINT('',(34.852621644295,49.263087248322,24.55));
#7686 = VECTOR('',#7687,1.);
#7687 = DIRECTION('',(0.,0.,1.));
#7688 = ORIENTED_EDGE('',*,*,#1592,.F.);
#7689 = ORIENTED_EDGE('',*,*,#7657,.F.);
#7690 = SURFACE_OF_LINEAR_EXTRUSION('',#7691,#7695);
#7691 = B_SPLINE_CURVE_WITH_KNOTS('',2,(#7692,#7693,#7694),
  .UNSPECIFIED.,.F.,.F.,(3,3),(0.,1.),.PIECEWISE_BEZIER_KNOTS.);
#7692 = CARTESIAN_POINT('',(34.852621644295,49.263087248322,24.55));
#7693 = CARTESIAN_POINT('',(34.204236577181,49.263087248322,24.55));
#7694 = CARTESIAN_POINT('',(33.806333892617,49.640792785235,24.55));
#7695 = VECTOR('',#7696,1.);
#7696 = DIRECTION('',(-0.,-0.,-1.));
#7697 = ADVANCED_FACE('',(#7698),#7716,.F.);
#7698 = FACE_BOUND('',#7699,.F.);
#7699 = EDGE_LOOP('',(#7700,#7708,#7714,#7715));
#7700 = ORIENTED_EDGE('',*,*,#7701,.F.);
#7701 = EDGE_CURVE('',#7702,#7676,#7704,.T.);
#7702 = VERTEX_POINT('',#7703);
#7703 = CARTESIAN_POINT('',(35.325461409396,49.334249161074,24.55));
#7704 = B_SPLINE_CURVE_WITH_KNOTS('',2,(#7705,#7706,#7707),
  .UNSPECIFIED.,.F.,.F.,(3,3),(0.,1.),.PIECEWISE_BEZIER_KNOTS.);
#7705 = CARTESIAN_POINT('',(35.325461409396,49.334249161074,24.55));
#7706 = CARTESIAN_POINT('',(35.107445469799,49.263087248322,24.55));
#7707 = CARTESIAN_POINT('',(34.852621644295,49.263087248322,24.55));
#7708 = ORIENTED_EDGE('',*,*,#7709,.T.);
#7709 = EDGE_CURVE('',#7702,#1567,#7710,.T.);
#7710 = LINE('',#7711,#7712);
#7711 = CARTESIAN_POINT('',(35.325461409396,49.334249161074,24.55));
#7712 = VECTOR('',#7713,1.);
#7713 = DIRECTION('',(0.,0.,1.));
#7714 = ORIENTED_EDGE('',*,*,#1581,.F.);
#7715 = ORIENTED_EDGE('',*,*,#7683,.F.);
#7716 = SURFACE_OF_LINEAR_EXTRUSION('',#7717,#7721);
#7717 = B_SPLINE_CURVE_WITH_KNOTS('',2,(#7718,#7719,#7720),
  .UNSPECIFIED.,.F.,.F.,(3,3),(0.,1.),.PIECEWISE_BEZIER_KNOTS.);
#7718 = CARTESIAN_POINT('',(35.325461409396,49.334249161074,24.55));
#7719 = CARTESIAN_POINT('',(35.107445469799,49.263087248322,24.55));
#7720 = CARTESIAN_POINT('',(34.852621644295,49.263087248322,24.55));
#7721 = VECTOR('',#7722,1.);
#7722 = DIRECTION('',(-0.,-0.,-1.));
#7723 = ADVANCED_FACE('',(#7724),#7742,.F.);
#7724 = FACE_BOUND('',#7725,.F.);
#7725 = EDGE_LOOP('',(#7726,#7734,#7740,#7741));
#7726 = ORIENTED_EDGE('',*,*,#7727,.F.);
#7727 = EDGE_CURVE('',#7728,#7702,#7730,.T.);
#7728 = VERTEX_POINT('',#7729);
#7729 = CARTESIAN_POINT('',(35.73601090604,49.548112416107,24.55));
#7730 = B_SPLINE_CURVE_WITH_KNOTS('',2,(#7731,#7732,#7733),
  .UNSPECIFIED.,.F.,.F.,(3,3),(0.,1.),.PIECEWISE_BEZIER_KNOTS.);
#7731 = CARTESIAN_POINT('',(35.73601090604,49.548112416107,24.55));
#7732 = CARTESIAN_POINT('',(35.543477348993,49.405599832215,24.55));
#7733 = CARTESIAN_POINT('',(35.325461409396,49.334249161074,24.55));
#7734 = ORIENTED_EDGE('',*,*,#7735,.T.);
#7735 = EDGE_CURVE('',#7728,#1550,#7736,.T.);
#7736 = LINE('',#7737,#7738);
#7737 = CARTESIAN_POINT('',(35.73601090604,49.548112416107,24.55));
#7738 = VECTOR('',#7739,1.);
#7739 = DIRECTION('',(0.,0.,1.));
#7740 = ORIENTED_EDGE('',*,*,#1566,.F.);
#7741 = ORIENTED_EDGE('',*,*,#7709,.F.);
#7742 = SURFACE_OF_LINEAR_EXTRUSION('',#7743,#7747);
#7743 = B_SPLINE_CURVE_WITH_KNOTS('',2,(#7744,#7745,#7746),
  .UNSPECIFIED.,.F.,.F.,(3,3),(0.,1.),.PIECEWISE_BEZIER_KNOTS.);
#7744 = CARTESIAN_POINT('',(35.73601090604,49.548112416107,24.55));
#7745 = CARTESIAN_POINT('',(35.543477348993,49.405599832215,24.55));
#7746 = CARTESIAN_POINT('',(35.325461409396,49.334249161074,24.55));
#7747 = VECTOR('',#7748,1.);
#7748 = DIRECTION('',(-0.,-0.,-1.));
#7749 = ADVANCED_FACE('',(#7750),#7768,.F.);
#7750 = FACE_BOUND('',#7751,.F.);
#7751 = EDGE_LOOP('',(#7752,#7760,#7766,#7767));
#7752 = ORIENTED_EDGE('',*,*,#7753,.F.);
#7753 = EDGE_CURVE('',#7754,#7728,#7756,.T.);
#7754 = VERTEX_POINT('',#7755);
#7755 = CARTESIAN_POINT('',(35.416065436242,48.738527684564,24.55));
#7756 = B_SPLINE_CURVE_WITH_KNOTS('',2,(#7757,#7758,#7759),
  .UNSPECIFIED.,.F.,.F.,(3,3),(0.,1.),.PIECEWISE_BEZIER_KNOTS.);
#7757 = CARTESIAN_POINT('',(35.416065436242,48.738527684564,24.55));
#7758 = CARTESIAN_POINT('',(35.687877516779,49.011283557047,24.55));
#7759 = CARTESIAN_POINT('',(35.73601090604,49.548112416107,24.55));
#7760 = ORIENTED_EDGE('',*,*,#7761,.T.);
#7761 = EDGE_CURVE('',#7754,#1533,#7762,.T.);
#7762 = LINE('',#7763,#7764);
#7763 = CARTESIAN_POINT('',(35.416065436242,48.738527684564,24.55));
#7764 = VECTOR('',#7765,1.);
#7765 = DIRECTION('',(0.,0.,1.));
#7766 = ORIENTED_EDGE('',*,*,#1549,.F.);
#7767 = ORIENTED_EDGE('',*,*,#7735,.F.);
#7768 = SURFACE_OF_LINEAR_EXTRUSION('',#7769,#7773);
#7769 = B_SPLINE_CURVE_WITH_KNOTS('',2,(#7770,#7771,#7772),
  .UNSPECIFIED.,.F.,.F.,(3,3),(0.,1.),.PIECEWISE_BEZIER_KNOTS.);
#7770 = CARTESIAN_POINT('',(35.416065436242,48.738527684564,24.55));
#7771 = CARTESIAN_POINT('',(35.687877516779,49.011283557047,24.55));
#7772 = CARTESIAN_POINT('',(35.73601090604,49.548112416107,24.55));
#7773 = VECTOR('',#7774,1.);
#7774 = DIRECTION('',(-0.,-0.,-1.));
#7775 = ADVANCED_FACE('',(#7776),#7794,.F.);
#7776 = FACE_BOUND('',#7777,.F.);
#7777 = EDGE_LOOP('',(#7778,#7786,#7792,#7793));
#7778 = ORIENTED_EDGE('',*,*,#7779,.F.);
#7779 = EDGE_CURVE('',#7780,#7754,#7782,.T.);
#7780 = VERTEX_POINT('',#7781);
#7781 = CARTESIAN_POINT('',(34.657256711409,48.465771812081,24.55));
#7782 = B_SPLINE_CURVE_WITH_KNOTS('',2,(#7783,#7784,#7785),
  .UNSPECIFIED.,.F.,.F.,(3,3),(0.,1.),.PIECEWISE_BEZIER_KNOTS.);
#7783 = CARTESIAN_POINT('',(34.657256711409,48.465771812081,24.55));
#7784 = CARTESIAN_POINT('',(35.144253355705,48.465771812081,24.55));
#7785 = CARTESIAN_POINT('',(35.416065436242,48.738527684564,24.55));
#7786 = ORIENTED_EDGE('',*,*,#7787,.T.);
#7787 = EDGE_CURVE('',#7780,#1522,#7788,.T.);
#7788 = LINE('',#7789,#7790);
#7789 = CARTESIAN_POINT('',(34.657256711409,48.465771812081,24.55));
#7790 = VECTOR('',#7791,1.);
#7791 = DIRECTION('',(0.,0.,1.));
#7792 = ORIENTED_EDGE('',*,*,#1532,.F.);
#7793 = ORIENTED_EDGE('',*,*,#7761,.F.);
#7794 = SURFACE_OF_LINEAR_EXTRUSION('',#7795,#7799);
#7795 = B_SPLINE_CURVE_WITH_KNOTS('',2,(#7796,#7797,#7798),
  .UNSPECIFIED.,.F.,.F.,(3,3),(0.,1.),.PIECEWISE_BEZIER_KNOTS.);
#7796 = CARTESIAN_POINT('',(34.657256711409,48.465771812081,24.55));
#7797 = CARTESIAN_POINT('',(35.144253355705,48.465771812081,24.55));
#7798 = CARTESIAN_POINT('',(35.416065436242,48.738527684564,24.55));
#7799 = VECTOR('',#7800,1.);
#7800 = DIRECTION('',(-0.,-0.,-1.));
#7801 = ADVANCED_FACE('',(#7802),#7820,.F.);
#7802 = FACE_BOUND('',#7803,.F.);
#7803 = EDGE_LOOP('',(#7804,#7812,#7818,#7819));
#7804 = ORIENTED_EDGE('',*,*,#7805,.F.);
#7805 = EDGE_CURVE('',#7806,#7780,#7808,.T.);
#7806 = VERTEX_POINT('',#7807);
#7807 = CARTESIAN_POINT('',(34.187248322148,48.526174496644,24.55));
#7808 = B_SPLINE_CURVE_WITH_KNOTS('',2,(#7809,#7810,#7811),
  .UNSPECIFIED.,.F.,.F.,(3,3),(0.,1.),.PIECEWISE_BEZIER_KNOTS.);
#7809 = CARTESIAN_POINT('',(34.187248322148,48.526174496644,24.55));
#7810 = CARTESIAN_POINT('',(34.425083892617,48.465771812081,24.55));
#7811 = CARTESIAN_POINT('',(34.657256711409,48.465771812081,24.55));
#7812 = ORIENTED_EDGE('',*,*,#7813,.T.);
#7813 = EDGE_CURVE('',#7806,#1511,#7814,.T.);
#7814 = LINE('',#7815,#7816);
#7815 = CARTESIAN_POINT('',(34.187248322148,48.526174496644,24.55));
#7816 = VECTOR('',#7817,1.);
#7817 = DIRECTION('',(0.,0.,1.));
#7818 = ORIENTED_EDGE('',*,*,#1521,.F.);
#7819 = ORIENTED_EDGE('',*,*,#7787,.F.);
#7820 = SURFACE_OF_LINEAR_EXTRUSION('',#7821,#7825);
#7821 = B_SPLINE_CURVE_WITH_KNOTS('',2,(#7822,#7823,#7824),
  .UNSPECIFIED.,.F.,.F.,(3,3),(0.,1.),.PIECEWISE_BEZIER_KNOTS.);
#7822 = CARTESIAN_POINT('',(34.187248322148,48.526174496644,24.55));
#7823 = CARTESIAN_POINT('',(34.425083892617,48.465771812081,24.55));
#7824 = CARTESIAN_POINT('',(34.657256711409,48.465771812081,24.55));
#7825 = VECTOR('',#7826,1.);
#7826 = DIRECTION('',(-0.,-0.,-1.));
#7827 = ADVANCED_FACE('',(#7828),#7839,.F.);
#7828 = FACE_BOUND('',#7829,.F.);
#7829 = EDGE_LOOP('',(#7830,#7836,#7837,#7838));
#7830 = ORIENTED_EDGE('',*,*,#7831,.F.);
#7831 = EDGE_CURVE('',#7413,#7806,#7832,.T.);
#7832 = B_SPLINE_CURVE_WITH_KNOTS('',2,(#7833,#7834,#7835),
  .UNSPECIFIED.,.F.,.F.,(3,3),(0.,1.),.PIECEWISE_BEZIER_KNOTS.);
#7833 = CARTESIAN_POINT('',(33.688926174497,48.707382550336,24.55));
#7834 = CARTESIAN_POINT('',(33.949412751678,48.586577181208,24.55));
#7835 = CARTESIAN_POINT('',(34.187248322148,48.526174496644,24.55));
#7836 = ORIENTED_EDGE('',*,*,#7427,.T.);
#7837 = ORIENTED_EDGE('',*,*,#1510,.F.);
#7838 = ORIENTED_EDGE('',*,*,#7813,.F.);
#7839 = SURFACE_OF_LINEAR_EXTRUSION('',#7840,#7844);
#7840 = B_SPLINE_CURVE_WITH_KNOTS('',2,(#7841,#7842,#7843),
  .UNSPECIFIED.,.F.,.F.,(3,3),(0.,1.),.PIECEWISE_BEZIER_KNOTS.);
#7841 = CARTESIAN_POINT('',(33.688926174497,48.707382550336,24.55));
#7842 = CARTESIAN_POINT('',(33.949412751678,48.586577181208,24.55));
#7843 = CARTESIAN_POINT('',(34.187248322148,48.526174496644,24.55));
#7844 = VECTOR('',#7845,1.);
#7845 = DIRECTION('',(-0.,-0.,-1.));
#7846 = ADVANCED_FACE('',(#7847),#7872,.F.);
#7847 = FACE_BOUND('',#7848,.F.);
#7848 = EDGE_LOOP('',(#7849,#7859,#7865,#7866));
#7849 = ORIENTED_EDGE('',*,*,#7850,.F.);
#7850 = EDGE_CURVE('',#7851,#7853,#7855,.T.);
#7851 = VERTEX_POINT('',#7852);
#7852 = CARTESIAN_POINT('',(38.813905201342,48.634899328859,24.55));
#7853 = VERTEX_POINT('',#7854);
#7854 = CARTESIAN_POINT('',(40.674119127517,48.634899328859,24.55));
#7855 = LINE('',#7856,#7857);
#7856 = CARTESIAN_POINT('',(38.813905201342,48.634899328859,24.55));
#7857 = VECTOR('',#7858,1.);
#7858 = DIRECTION('',(1.,0.,0.));
#7859 = ORIENTED_EDGE('',*,*,#7860,.T.);
#7860 = EDGE_CURVE('',#7851,#1789,#7861,.T.);
#7861 = LINE('',#7862,#7863);
#7862 = CARTESIAN_POINT('',(38.813905201342,48.634899328859,24.55));
#7863 = VECTOR('',#7864,1.);
#7864 = DIRECTION('',(0.,0.,1.));
#7865 = ORIENTED_EDGE('',*,*,#1786,.F.);
#7866 = ORIENTED_EDGE('',*,*,#7867,.F.);
#7867 = EDGE_CURVE('',#7853,#1787,#7868,.T.);
#7868 = LINE('',#7869,#7870);
#7869 = CARTESIAN_POINT('',(40.674119127517,48.634899328859,24.55));
#7870 = VECTOR('',#7871,1.);
#7871 = DIRECTION('',(0.,0.,1.));
#7872 = PLANE('',#7873);
#7873 = AXIS2_PLACEMENT_3D('',#7874,#7875,#7876);
#7874 = CARTESIAN_POINT('',(38.813905201342,48.634899328859,24.55));
#7875 = DIRECTION('',(0.,1.,0.));
#7876 = DIRECTION('',(1.,0.,0.));
#7877 = ADVANCED_FACE('',(#7878),#7896,.F.);
#7878 = FACE_BOUND('',#7879,.F.);
#7879 = EDGE_LOOP('',(#7880,#7888,#7894,#7895));
#7880 = ORIENTED_EDGE('',*,*,#7881,.F.);
#7881 = EDGE_CURVE('',#7882,#7851,#7884,.T.);
#7882 = VERTEX_POINT('',#7883);
#7883 = CARTESIAN_POINT('',(39.71711409396,49.425985738255,24.55));
#7884 = LINE('',#7885,#7886);
#7885 = CARTESIAN_POINT('',(39.71711409396,49.425985738255,24.55));
#7886 = VECTOR('',#7887,1.);
#7887 = DIRECTION('',(-0.752255226589,-0.65887181915,0.));
#7888 = ORIENTED_EDGE('',*,*,#7889,.T.);
#7889 = EDGE_CURVE('',#7882,#1990,#7890,.T.);
#7890 = LINE('',#7891,#7892);
#7891 = CARTESIAN_POINT('',(39.71711409396,49.425985738255,24.55));
#7892 = VECTOR('',#7893,1.);
#7893 = DIRECTION('',(0.,0.,1.));
#7894 = ORIENTED_EDGE('',*,*,#2008,.F.);
#7895 = ORIENTED_EDGE('',*,*,#7860,.F.);
#7896 = PLANE('',#7897);
#7897 = AXIS2_PLACEMENT_3D('',#7898,#7899,#7900);
#7898 = CARTESIAN_POINT('',(39.71711409396,49.425985738255,24.55));
#7899 = DIRECTION('',(0.65887181915,-0.752255226589,0.));
#7900 = DIRECTION('',(-0.752255226589,-0.65887181915,0.));
#7901 = ADVANCED_FACE('',(#7902),#7920,.F.);
#7902 = FACE_BOUND('',#7903,.F.);
#7903 = EDGE_LOOP('',(#7904,#7912,#7918,#7919));
#7904 = ORIENTED_EDGE('',*,*,#7905,.F.);
#7905 = EDGE_CURVE('',#7906,#7882,#7908,.T.);
#7906 = VERTEX_POINT('',#7907);
#7907 = CARTESIAN_POINT('',(40.467428691275,50.226698825503,24.55));
#7908 = B_SPLINE_CURVE_WITH_KNOTS('',2,(#7909,#7910,#7911),
  .UNSPECIFIED.,.F.,.F.,(3,3),(0.,1.),.PIECEWISE_BEZIER_KNOTS.);
#7909 = CARTESIAN_POINT('',(40.467428691275,50.226698825503,24.55));
#7910 = CARTESIAN_POINT('',(40.289052013423,49.927705536913,24.55));
#7911 = CARTESIAN_POINT('',(39.71711409396,49.425985738255,24.55));
#7912 = ORIENTED_EDGE('',*,*,#7913,.T.);
#7913 = EDGE_CURVE('',#7906,#1975,#7914,.T.);
#7914 = LINE('',#7915,#7916);
#7915 = CARTESIAN_POINT('',(40.467428691275,50.226698825503,24.55));
#7916 = VECTOR('',#7917,1.);
#7917 = DIRECTION('',(0.,0.,1.));
#7918 = ORIENTED_EDGE('',*,*,#1989,.F.);
#7919 = ORIENTED_EDGE('',*,*,#7889,.F.);
#7920 = SURFACE_OF_LINEAR_EXTRUSION('',#7921,#7925);
#7921 = B_SPLINE_CURVE_WITH_KNOTS('',2,(#7922,#7923,#7924),
  .UNSPECIFIED.,.F.,.F.,(3,3),(0.,1.),.PIECEWISE_BEZIER_KNOTS.);
#7922 = CARTESIAN_POINT('',(40.467428691275,50.226698825503,24.55));
#7923 = CARTESIAN_POINT('',(40.289052013423,49.927705536913,24.55));
#7924 = CARTESIAN_POINT('',(39.71711409396,49.425985738255,24.55));
#7925 = VECTOR('',#7926,1.);
#7926 = DIRECTION('',(-0.,-0.,-1.));
#7927 = ADVANCED_FACE('',(#7928),#7946,.F.);
#7928 = FACE_BOUND('',#7929,.F.);
#7929 = EDGE_LOOP('',(#7930,#7938,#7944,#7945));
#7930 = ORIENTED_EDGE('',*,*,#7931,.F.);
#7931 = EDGE_CURVE('',#7932,#7906,#7934,.T.);
#7932 = VERTEX_POINT('',#7933);
#7933 = CARTESIAN_POINT('',(40.645805369128,50.871308724832,24.55));
#7934 = B_SPLINE_CURVE_WITH_KNOTS('',2,(#7935,#7936,#7937),
  .UNSPECIFIED.,.F.,.F.,(3,3),(0.,1.),.PIECEWISE_BEZIER_KNOTS.);
#7935 = CARTESIAN_POINT('',(40.645805369128,50.871308724832,24.55));
#7936 = CARTESIAN_POINT('',(40.645805369128,50.525692114094,24.55));
#7937 = CARTESIAN_POINT('',(40.467428691275,50.226698825503,24.55));
#7938 = ORIENTED_EDGE('',*,*,#7939,.T.);
#7939 = EDGE_CURVE('',#7932,#1956,#7940,.T.);
#7940 = LINE('',#7941,#7942);
#7941 = CARTESIAN_POINT('',(40.645805369128,50.871308724832,24.55));
#7942 = VECTOR('',#7943,1.);
#7943 = DIRECTION('',(0.,0.,1.));
#7944 = ORIENTED_EDGE('',*,*,#1974,.F.);
#7945 = ORIENTED_EDGE('',*,*,#7913,.F.);
#7946 = SURFACE_OF_LINEAR_EXTRUSION('',#7947,#7951);
#7947 = B_SPLINE_CURVE_WITH_KNOTS('',2,(#7948,#7949,#7950),
  .UNSPECIFIED.,.F.,.F.,(3,3),(0.,1.),.PIECEWISE_BEZIER_KNOTS.);
#7948 = CARTESIAN_POINT('',(40.645805369128,50.871308724832,24.55));
#7949 = CARTESIAN_POINT('',(40.645805369128,50.525692114094,24.55));
#7950 = CARTESIAN_POINT('',(40.467428691275,50.226698825503,24.55));
#7951 = VECTOR('',#7952,1.);
#7952 = DIRECTION('',(-0.,-0.,-1.));
#7953 = ADVANCED_FACE('',(#7954),#7972,.F.);
#7954 = FACE_BOUND('',#7955,.F.);
#7955 = EDGE_LOOP('',(#7956,#7964,#7970,#7971));
#7956 = ORIENTED_EDGE('',*,*,#7957,.F.);
#7957 = EDGE_CURVE('',#7958,#7932,#7960,.T.);
#7958 = VERTEX_POINT('',#7959);
#7959 = CARTESIAN_POINT('',(40.225251677852,51.803775167785,24.55));
#7960 = B_SPLINE_CURVE_WITH_KNOTS('',2,(#7961,#7962,#7963),
  .UNSPECIFIED.,.F.,.F.,(3,3),(0.,1.),.PIECEWISE_BEZIER_KNOTS.);
#7961 = CARTESIAN_POINT('',(40.225251677852,51.803775167785,24.55));
#7962 = CARTESIAN_POINT('',(40.645805369128,51.469484060403,24.55));
#7963 = CARTESIAN_POINT('',(40.645805369128,50.871308724832,24.55));
#7964 = ORIENTED_EDGE('',*,*,#7965,.T.);
#7965 = EDGE_CURVE('',#7958,#1939,#7966,.T.);
#7966 = LINE('',#7967,#7968);
#7967 = CARTESIAN_POINT('',(40.225251677852,51.803775167785,24.55));
#7968 = VECTOR('',#7969,1.);
#7969 = DIRECTION('',(0.,0.,1.));
#7970 = ORIENTED_EDGE('',*,*,#1955,.F.);
#7971 = ORIENTED_EDGE('',*,*,#7939,.F.);
#7972 = SURFACE_OF_LINEAR_EXTRUSION('',#7973,#7977);
#7973 = B_SPLINE_CURVE_WITH_KNOTS('',2,(#7974,#7975,#7976),
  .UNSPECIFIED.,.F.,.F.,(3,3),(0.,1.),.PIECEWISE_BEZIER_KNOTS.);
#7974 = CARTESIAN_POINT('',(40.225251677852,51.803775167785,24.55));
#7975 = CARTESIAN_POINT('',(40.645805369128,51.469484060403,24.55));
#7976 = CARTESIAN_POINT('',(40.645805369128,50.871308724832,24.55));
#7977 = VECTOR('',#7978,1.);
#7978 = DIRECTION('',(-0.,-0.,-1.));
#7979 = ADVANCED_FACE('',(#7980),#7998,.F.);
#7980 = FACE_BOUND('',#7981,.F.);
#7981 = EDGE_LOOP('',(#7982,#7990,#7996,#7997));
#7982 = ORIENTED_EDGE('',*,*,#7983,.F.);
#7983 = EDGE_CURVE('',#7984,#7958,#7986,.T.);
#7984 = VERTEX_POINT('',#7985);
#7985 = CARTESIAN_POINT('',(39.046078020134,52.138255033557,24.55));
#7986 = B_SPLINE_CURVE_WITH_KNOTS('',2,(#7987,#7988,#7989),
  .UNSPECIFIED.,.F.,.F.,(3,3),(0.,1.),.PIECEWISE_BEZIER_KNOTS.);
#7987 = CARTESIAN_POINT('',(39.046078020134,52.138255033557,24.55));
#7988 = CARTESIAN_POINT('',(39.804886744966,52.138255033557,24.55));
#7989 = CARTESIAN_POINT('',(40.225251677852,51.803775167785,24.55));
#7990 = ORIENTED_EDGE('',*,*,#7991,.T.);
#7991 = EDGE_CURVE('',#7984,#1928,#7992,.T.);
#7992 = LINE('',#7993,#7994);
#7993 = CARTESIAN_POINT('',(39.046078020134,52.138255033557,24.55));
#7994 = VECTOR('',#7995,1.);
#7995 = DIRECTION('',(0.,0.,1.));
#7996 = ORIENTED_EDGE('',*,*,#1938,.F.);
#7997 = ORIENTED_EDGE('',*,*,#7965,.F.);
#7998 = SURFACE_OF_LINEAR_EXTRUSION('',#7999,#8003);
#7999 = B_SPLINE_CURVE_WITH_KNOTS('',2,(#8000,#8001,#8002),
  .UNSPECIFIED.,.F.,.F.,(3,3),(0.,1.),.PIECEWISE_BEZIER_KNOTS.);
#8000 = CARTESIAN_POINT('',(39.046078020134,52.138255033557,24.55));
#8001 = CARTESIAN_POINT('',(39.804886744966,52.138255033557,24.55));
#8002 = CARTESIAN_POINT('',(40.225251677852,51.803775167785,24.55));
#8003 = VECTOR('',#8004,1.);
#8004 = DIRECTION('',(-0.,-0.,-1.));
#8005 = ADVANCED_FACE('',(#8006),#8024,.F.);
#8006 = FACE_BOUND('',#8007,.F.);
#8007 = EDGE_LOOP('',(#8008,#8016,#8022,#8023));
#8008 = ORIENTED_EDGE('',*,*,#8009,.F.);
#8009 = EDGE_CURVE('',#8010,#7984,#8012,.T.);
#8010 = VERTEX_POINT('',#8011);
#8011 = CARTESIAN_POINT('',(38.341065436242,52.073322147651,24.55));
#8012 = B_SPLINE_CURVE_WITH_KNOTS('',2,(#8013,#8014,#8015),
  .UNSPECIFIED.,.F.,.F.,(3,3),(0.,1.),.PIECEWISE_BEZIER_KNOTS.);
#8013 = CARTESIAN_POINT('',(38.341065436242,52.073322147651,24.55));
#8014 = CARTESIAN_POINT('',(38.700650167785,52.138255033557,24.55));
#8015 = CARTESIAN_POINT('',(39.046078020134,52.138255033557,24.55));
#8016 = ORIENTED_EDGE('',*,*,#8017,.T.);
#8017 = EDGE_CURVE('',#8010,#1917,#8018,.T.);
#8018 = LINE('',#8019,#8020);
#8019 = CARTESIAN_POINT('',(38.341065436242,52.073322147651,24.55));
#8020 = VECTOR('',#8021,1.);
#8021 = DIRECTION('',(0.,0.,1.));
#8022 = ORIENTED_EDGE('',*,*,#1927,.F.);
#8023 = ORIENTED_EDGE('',*,*,#7991,.F.);
#8024 = SURFACE_OF_LINEAR_EXTRUSION('',#8025,#8029);
#8025 = B_SPLINE_CURVE_WITH_KNOTS('',2,(#8026,#8027,#8028),
  .UNSPECIFIED.,.F.,.F.,(3,3),(0.,1.),.PIECEWISE_BEZIER_KNOTS.);
#8026 = CARTESIAN_POINT('',(38.341065436242,52.073322147651,24.55));
#8027 = CARTESIAN_POINT('',(38.700650167785,52.138255033557,24.55));
#8028 = CARTESIAN_POINT('',(39.046078020134,52.138255033557,24.55));
#8029 = VECTOR('',#8030,1.);
#8030 = DIRECTION('',(-0.,-0.,-1.));
#8031 = ADVANCED_FACE('',(#8032),#8050,.F.);
#8032 = FACE_BOUND('',#8033,.F.);
#8033 = EDGE_LOOP('',(#8034,#8042,#8048,#8049));
#8034 = ORIENTED_EDGE('',*,*,#8035,.F.);
#8035 = EDGE_CURVE('',#8036,#8010,#8038,.T.);
#8036 = VERTEX_POINT('',#8037);
#8037 = CARTESIAN_POINT('',(37.613401845638,51.884563758389,24.55));
#8038 = B_SPLINE_CURVE_WITH_KNOTS('',2,(#8039,#8040,#8041),
  .UNSPECIFIED.,.F.,.F.,(3,3),(0.,1.),.PIECEWISE_BEZIER_KNOTS.);
#8039 = CARTESIAN_POINT('',(37.613401845638,51.884563758389,24.55));
#8040 = CARTESIAN_POINT('',(37.981480704698,52.008578020134,24.55));
#8041 = CARTESIAN_POINT('',(38.341065436242,52.073322147651,24.55));
#8042 = ORIENTED_EDGE('',*,*,#8043,.T.);
#8043 = EDGE_CURVE('',#8036,#1909,#8044,.T.);
#8044 = LINE('',#8045,#8046);
#8045 = CARTESIAN_POINT('',(37.613401845638,51.884563758389,24.55));
#8046 = VECTOR('',#8047,1.);
#8047 = DIRECTION('',(0.,0.,1.));
#8048 = ORIENTED_EDGE('',*,*,#1916,.F.);
#8049 = ORIENTED_EDGE('',*,*,#8017,.F.);
#8050 = SURFACE_OF_LINEAR_EXTRUSION('',#8051,#8055);
#8051 = B_SPLINE_CURVE_WITH_KNOTS('',2,(#8052,#8053,#8054),
  .UNSPECIFIED.,.F.,.F.,(3,3),(0.,1.),.PIECEWISE_BEZIER_KNOTS.);
#8052 = CARTESIAN_POINT('',(37.613401845638,51.884563758389,24.55));
#8053 = CARTESIAN_POINT('',(37.981480704698,52.008578020134,24.55));
#8054 = CARTESIAN_POINT('',(38.341065436242,52.073322147651,24.55));
#8055 = VECTOR('',#8056,1.);
#8056 = DIRECTION('',(-0.,-0.,-1.));
#8057 = ADVANCED_FACE('',(#8058),#8076,.F.);
#8058 = FACE_BOUND('',#8059,.F.);
#8059 = EDGE_LOOP('',(#8060,#8068,#8074,#8075));
#8060 = ORIENTED_EDGE('',*,*,#8061,.F.);
#8061 = EDGE_CURVE('',#8062,#8036,#8064,.T.);
#8062 = VERTEX_POINT('',#8063);
#8063 = CARTESIAN_POINT('',(37.613401845638,50.954362416107,24.55));
#8064 = LINE('',#8065,#8066);
#8065 = CARTESIAN_POINT('',(37.613401845638,50.954362416107,24.55));
#8066 = VECTOR('',#8067,1.);
#8067 = DIRECTION('',(0.,1.,0.));
#8068 = ORIENTED_EDGE('',*,*,#8069,.T.);
#8069 = EDGE_CURVE('',#8062,#1898,#8070,.T.);
#8070 = LINE('',#8071,#8072);
#8071 = CARTESIAN_POINT('',(37.613401845638,50.954362416107,24.55));
#8072 = VECTOR('',#8073,1.);
#8073 = DIRECTION('',(0.,0.,1.));
#8074 = ORIENTED_EDGE('',*,*,#1908,.F.);
#8075 = ORIENTED_EDGE('',*,*,#8043,.F.);
#8076 = PLANE('',#8077);
#8077 = AXIS2_PLACEMENT_3D('',#8078,#8079,#8080);
#8078 = CARTESIAN_POINT('',(37.613401845638,50.954362416107,24.55));
#8079 = DIRECTION('',(-1.,0.,0.));
#8080 = DIRECTION('',(0.,1.,0.));
#8081 = ADVANCED_FACE('',(#8082),#8100,.F.);
#8082 = FACE_BOUND('',#8083,.F.);
#8083 = EDGE_LOOP('',(#8084,#8092,#8098,#8099));
#8084 = ORIENTED_EDGE('',*,*,#8085,.F.);
#8085 = EDGE_CURVE('',#8086,#8062,#8088,.T.);
#8086 = VERTEX_POINT('',#8087);
#8087 = CARTESIAN_POINT('',(38.261786912752,51.279781879195,24.55));
#8088 = B_SPLINE_CURVE_WITH_KNOTS('',2,(#8089,#8090,#8091),
  .UNSPECIFIED.,.F.,.F.,(3,3),(0.,1.),.PIECEWISE_BEZIER_KNOTS.);
#8089 = CARTESIAN_POINT('',(38.261786912752,51.279781879195,24.55));
#8090 = CARTESIAN_POINT('',(37.958829697987,51.170302013423,24.55));
#8091 = CARTESIAN_POINT('',(37.613401845638,50.954362416107,24.55));
#8092 = ORIENTED_EDGE('',*,*,#8093,.T.);
#8093 = EDGE_CURVE('',#8086,#1887,#8094,.T.);
#8094 = LINE('',#8095,#8096);
#8095 = CARTESIAN_POINT('',(38.261786912752,51.279781879195,24.55));
#8096 = VECTOR('',#8097,1.);
#8097 = DIRECTION('',(0.,0.,1.));
#8098 = ORIENTED_EDGE('',*,*,#1897,.F.);
#8099 = ORIENTED_EDGE('',*,*,#8069,.F.);
#8100 = SURFACE_OF_LINEAR_EXTRUSION('',#8101,#8105);
#8101 = B_SPLINE_CURVE_WITH_KNOTS('',2,(#8102,#8103,#8104),
  .UNSPECIFIED.,.F.,.F.,(3,3),(0.,1.),.PIECEWISE_BEZIER_KNOTS.);
#8102 = CARTESIAN_POINT('',(38.261786912752,51.279781879195,24.55));
#8103 = CARTESIAN_POINT('',(37.958829697987,51.170302013423,24.55));
#8104 = CARTESIAN_POINT('',(37.613401845638,50.954362416107,24.55));
#8105 = VECTOR('',#8106,1.);
#8106 = DIRECTION('',(-0.,-0.,-1.));
#8107 = ADVANCED_FACE('',(#8108),#8126,.F.);
#8108 = FACE_BOUND('',#8109,.F.);
#8109 = EDGE_LOOP('',(#8110,#8118,#8124,#8125));
#8110 = ORIENTED_EDGE('',*,*,#8111,.F.);
#8111 = EDGE_CURVE('',#8112,#8086,#8114,.T.);
#8112 = VERTEX_POINT('',#8113);
#8113 = CARTESIAN_POINT('',(38.81956795302,51.389261744966,24.55));
#8114 = B_SPLINE_CURVE_WITH_KNOTS('',2,(#8115,#8116,#8117),
  .UNSPECIFIED.,.F.,.F.,(3,3),(0.,1.),.PIECEWISE_BEZIER_KNOTS.);
#8115 = CARTESIAN_POINT('',(38.81956795302,51.389261744966,24.55));
#8116 = CARTESIAN_POINT('',(38.564744127517,51.389261744966,24.55));
#8117 = CARTESIAN_POINT('',(38.261786912752,51.279781879195,24.55));
#8118 = ORIENTED_EDGE('',*,*,#8119,.T.);
#8119 = EDGE_CURVE('',#8112,#1870,#8120,.T.);
#8120 = LINE('',#8121,#8122);
#8121 = CARTESIAN_POINT('',(38.81956795302,51.389261744966,24.55));
#8122 = VECTOR('',#8123,1.);
#8123 = DIRECTION('',(0.,0.,1.));
#8124 = ORIENTED_EDGE('',*,*,#1886,.F.);
#8125 = ORIENTED_EDGE('',*,*,#8093,.F.);
#8126 = SURFACE_OF_LINEAR_EXTRUSION('',#8127,#8131);
#8127 = B_SPLINE_CURVE_WITH_KNOTS('',2,(#8128,#8129,#8130),
  .UNSPECIFIED.,.F.,.F.,(3,3),(0.,1.),.PIECEWISE_BEZIER_KNOTS.);
#8128 = CARTESIAN_POINT('',(38.81956795302,51.389261744966,24.55));
#8129 = CARTESIAN_POINT('',(38.564744127517,51.389261744966,24.55));
#8130 = CARTESIAN_POINT('',(38.261786912752,51.279781879195,24.55));
#8131 = VECTOR('',#8132,1.);
#8132 = DIRECTION('',(-0.,-0.,-1.));
#8133 = ADVANCED_FACE('',(#8134),#8152,.F.);
#8134 = FACE_BOUND('',#8135,.F.);
#8135 = EDGE_LOOP('',(#8136,#8144,#8150,#8151));
#8136 = ORIENTED_EDGE('',*,*,#8137,.F.);
#8137 = EDGE_CURVE('',#8138,#8112,#8140,.T.);
#8138 = VERTEX_POINT('',#8139);
#8139 = CARTESIAN_POINT('',(39.350356543624,51.208053691275,24.55));
#8140 = B_SPLINE_CURVE_WITH_KNOTS('',2,(#8141,#8142,#8143),
  .UNSPECIFIED.,.F.,.F.,(3,3),(0.,1.),.PIECEWISE_BEZIER_KNOTS.);
#8141 = CARTESIAN_POINT('',(39.350356543624,51.208053691275,24.55));
#8142 = CARTESIAN_POINT('',(39.150838926174,51.389261744966,24.55));
#8143 = CARTESIAN_POINT('',(38.81956795302,51.389261744966,24.55));
#8144 = ORIENTED_EDGE('',*,*,#8145,.T.);
#8145 = EDGE_CURVE('',#8138,#1855,#8146,.T.);
#8146 = LINE('',#8147,#8148);
#8147 = CARTESIAN_POINT('',(39.350356543624,51.208053691275,24.55));
#8148 = VECTOR('',#8149,1.);
#8149 = DIRECTION('',(0.,0.,1.));
#8150 = ORIENTED_EDGE('',*,*,#1869,.F.);
#8151 = ORIENTED_EDGE('',*,*,#8119,.F.);
#8152 = SURFACE_OF_LINEAR_EXTRUSION('',#8153,#8157);
#8153 = B_SPLINE_CURVE_WITH_KNOTS('',2,(#8154,#8155,#8156),
  .UNSPECIFIED.,.F.,.F.,(3,3),(0.,1.),.PIECEWISE_BEZIER_KNOTS.);
#8154 = CARTESIAN_POINT('',(39.350356543624,51.208053691275,24.55));
#8155 = CARTESIAN_POINT('',(39.150838926174,51.389261744966,24.55));
#8156 = CARTESIAN_POINT('',(38.81956795302,51.389261744966,24.55));
#8157 = VECTOR('',#8158,1.);
#8158 = DIRECTION('',(-0.,-0.,-1.));
#8159 = ADVANCED_FACE('',(#8160),#8178,.F.);
#8160 = FACE_BOUND('',#8161,.F.);
#8161 = EDGE_LOOP('',(#8162,#8170,#8176,#8177));
#8162 = ORIENTED_EDGE('',*,*,#8163,.F.);
#8163 = EDGE_CURVE('',#8164,#8138,#8166,.T.);
#8164 = VERTEX_POINT('',#8165);
#8165 = CARTESIAN_POINT('',(39.550062919463,50.729739932886,24.55));
#8166 = B_SPLINE_CURVE_WITH_KNOTS('',2,(#8167,#8168,#8169),
  .UNSPECIFIED.,.F.,.F.,(3,3),(0.,1.),.PIECEWISE_BEZIER_KNOTS.);
#8167 = CARTESIAN_POINT('',(39.550062919463,50.729739932886,24.55));
#8168 = CARTESIAN_POINT('',(39.550062919463,51.027034395973,24.55));
#8169 = CARTESIAN_POINT('',(39.350356543624,51.208053691275,24.55));
#8170 = ORIENTED_EDGE('',*,*,#8171,.T.);
#8171 = EDGE_CURVE('',#8164,#1840,#8172,.T.);
#8172 = LINE('',#8173,#8174);
#8173 = CARTESIAN_POINT('',(39.550062919463,50.729739932886,24.55));
#8174 = VECTOR('',#8175,1.);
#8175 = DIRECTION('',(0.,0.,1.));
#8176 = ORIENTED_EDGE('',*,*,#1854,.F.);
#8177 = ORIENTED_EDGE('',*,*,#8145,.F.);
#8178 = SURFACE_OF_LINEAR_EXTRUSION('',#8179,#8183);
#8179 = B_SPLINE_CURVE_WITH_KNOTS('',2,(#8180,#8181,#8182),
  .UNSPECIFIED.,.F.,.F.,(3,3),(0.,1.),.PIECEWISE_BEZIER_KNOTS.);
#8180 = CARTESIAN_POINT('',(39.550062919463,50.729739932886,24.55));
#8181 = CARTESIAN_POINT('',(39.550062919463,51.027034395973,24.55));
#8182 = CARTESIAN_POINT('',(39.350356543624,51.208053691275,24.55));
#8183 = VECTOR('',#8184,1.);
#8184 = DIRECTION('',(-0.,-0.,-1.));
#8185 = ADVANCED_FACE('',(#8186),#8204,.F.);
#8186 = FACE_BOUND('',#8187,.F.);
#8187 = EDGE_LOOP('',(#8188,#8196,#8202,#8203));
#8188 = ORIENTED_EDGE('',*,*,#8189,.F.);
#8189 = EDGE_CURVE('',#8190,#8164,#8192,.T.);
#8190 = VERTEX_POINT('',#8191);
#8191 = CARTESIAN_POINT('',(39.450964765101,50.358829697987,24.55));
#8192 = B_SPLINE_CURVE_WITH_KNOTS('',2,(#8193,#8194,#8195),
  .UNSPECIFIED.,.F.,.F.,(3,3),(0.,1.),.PIECEWISE_BEZIER_KNOTS.);
#8193 = CARTESIAN_POINT('',(39.450964765101,50.358829697987,24.55));
#8194 = CARTESIAN_POINT('',(39.550062919463,50.537206375839,24.55));
#8195 = CARTESIAN_POINT('',(39.550062919463,50.729739932886,24.55));
#8196 = ORIENTED_EDGE('',*,*,#8197,.T.);
#8197 = EDGE_CURVE('',#8190,#1829,#8198,.T.);
#8198 = LINE('',#8199,#8200);
#8199 = CARTESIAN_POINT('',(39.450964765101,50.358829697987,24.55));
#8200 = VECTOR('',#8201,1.);
#8201 = DIRECTION('',(0.,0.,1.));
#8202 = ORIENTED_EDGE('',*,*,#1839,.F.);
#8203 = ORIENTED_EDGE('',*,*,#8171,.F.);
#8204 = SURFACE_OF_LINEAR_EXTRUSION('',#8205,#8209);
#8205 = B_SPLINE_CURVE_WITH_KNOTS('',2,(#8206,#8207,#8208),
  .UNSPECIFIED.,.F.,.F.,(3,3),(0.,1.),.PIECEWISE_BEZIER_KNOTS.);
#8206 = CARTESIAN_POINT('',(39.450964765101,50.358829697987,24.55));
#8207 = CARTESIAN_POINT('',(39.550062919463,50.537206375839,24.55));
#8208 = CARTESIAN_POINT('',(39.550062919463,50.729739932886,24.55));
#8209 = VECTOR('',#8210,1.);
#8210 = DIRECTION('',(-0.,-0.,-1.));
#8211 = ADVANCED_FACE('',(#8212),#8230,.F.);
#8212 = FACE_BOUND('',#8213,.F.);
#8213 = EDGE_LOOP('',(#8214,#8222,#8228,#8229));
#8214 = ORIENTED_EDGE('',*,*,#8215,.F.);
#8215 = EDGE_CURVE('',#8216,#8190,#8218,.T.);
#8216 = VERTEX_POINT('',#8217);
#8217 = CARTESIAN_POINT('',(39.145176174497,49.993770973154,24.55));
#8218 = B_SPLINE_CURVE_WITH_KNOTS('',2,(#8219,#8220,#8221),
  .UNSPECIFIED.,.F.,.F.,(3,3),(0.,1.),.PIECEWISE_BEZIER_KNOTS.);
#8219 = CARTESIAN_POINT('',(39.145176174497,49.993770973154,24.55));
#8220 = CARTESIAN_POINT('',(39.351866610738,50.180641778523,24.55));
#8221 = CARTESIAN_POINT('',(39.450964765101,50.358829697987,24.55));
#8222 = ORIENTED_EDGE('',*,*,#8223,.T.);
#8223 = EDGE_CURVE('',#8216,#1821,#8224,.T.);
#8224 = LINE('',#8225,#8226);
#8225 = CARTESIAN_POINT('',(39.145176174497,49.993770973154,24.55));
#8226 = VECTOR('',#8227,1.);
#8227 = DIRECTION('',(0.,0.,1.));
#8228 = ORIENTED_EDGE('',*,*,#1828,.F.);
#8229 = ORIENTED_EDGE('',*,*,#8197,.F.);
#8230 = SURFACE_OF_LINEAR_EXTRUSION('',#8231,#8235);
#8231 = B_SPLINE_CURVE_WITH_KNOTS('',2,(#8232,#8233,#8234),
  .UNSPECIFIED.,.F.,.F.,(3,3),(0.,1.),.PIECEWISE_BEZIER_KNOTS.);
#8232 = CARTESIAN_POINT('',(39.145176174497,49.993770973154,24.55));
#8233 = CARTESIAN_POINT('',(39.351866610738,50.180641778523,24.55));
#8234 = CARTESIAN_POINT('',(39.450964765101,50.358829697987,24.55));
#8235 = VECTOR('',#8236,1.);
#8236 = DIRECTION('',(-0.,-0.,-1.));
#8237 = ADVANCED_FACE('',(#8238),#8256,.F.);
#8238 = FACE_BOUND('',#8239,.F.);
#8239 = EDGE_LOOP('',(#8240,#8248,#8254,#8255));
#8240 = ORIENTED_EDGE('',*,*,#8241,.F.);
#8241 = EDGE_CURVE('',#8242,#8216,#8244,.T.);
#8242 = VERTEX_POINT('',#8243);
#8243 = CARTESIAN_POINT('',(37.602076342282,48.634899328859,24.55));
#8244 = LINE('',#8245,#8246);
#8245 = CARTESIAN_POINT('',(37.602076342282,48.634899328859,24.55));
#8246 = VECTOR('',#8247,1.);
#8247 = DIRECTION('',(0.750485828524,0.66088654184,0.));
#8248 = ORIENTED_EDGE('',*,*,#8249,.T.);
#8249 = EDGE_CURVE('',#8242,#1813,#8250,.T.);
#8250 = LINE('',#8251,#8252);
#8251 = CARTESIAN_POINT('',(37.602076342282,48.634899328859,24.55));
#8252 = VECTOR('',#8253,1.);
#8253 = DIRECTION('',(0.,0.,1.));
#8254 = ORIENTED_EDGE('',*,*,#1820,.F.);
#8255 = ORIENTED_EDGE('',*,*,#8223,.F.);
#8256 = PLANE('',#8257);
#8257 = AXIS2_PLACEMENT_3D('',#8258,#8259,#8260);
#8258 = CARTESIAN_POINT('',(37.602076342282,48.634899328859,24.55));
#8259 = DIRECTION('',(-0.66088654184,0.750485828524,0.));
#8260 = DIRECTION('',(0.750485828524,0.66088654184,0.));
#8261 = ADVANCED_FACE('',(#8262),#8280,.F.);
#8262 = FACE_BOUND('',#8263,.F.);
#8263 = EDGE_LOOP('',(#8264,#8272,#8278,#8279));
#8264 = ORIENTED_EDGE('',*,*,#8265,.F.);
#8265 = EDGE_CURVE('',#8266,#8242,#8268,.T.);
#8266 = VERTEX_POINT('',#8267);
#8267 = CARTESIAN_POINT('',(37.602076342282,47.837583892617,24.55));
#8268 = LINE('',#8269,#8270);
#8269 = CARTESIAN_POINT('',(37.602076342282,47.837583892617,24.55));
#8270 = VECTOR('',#8271,1.);
#8271 = DIRECTION('',(0.,1.,0.));
#8272 = ORIENTED_EDGE('',*,*,#8273,.T.);
#8273 = EDGE_CURVE('',#8266,#1805,#8274,.T.);
#8274 = LINE('',#8275,#8276);
#8275 = CARTESIAN_POINT('',(37.602076342282,47.837583892617,24.55));
#8276 = VECTOR('',#8277,1.);
#8277 = DIRECTION('',(0.,0.,1.));
#8278 = ORIENTED_EDGE('',*,*,#1812,.F.);
#8279 = ORIENTED_EDGE('',*,*,#8249,.F.);
#8280 = PLANE('',#8281);
#8281 = AXIS2_PLACEMENT_3D('',#8282,#8283,#8284);
#8282 = CARTESIAN_POINT('',(37.602076342282,47.837583892617,24.55));
#8283 = DIRECTION('',(-1.,0.,0.));
#8284 = DIRECTION('',(0.,1.,0.));
#8285 = ADVANCED_FACE('',(#8286),#8304,.F.);
#8286 = FACE_BOUND('',#8287,.F.);
#8287 = EDGE_LOOP('',(#8288,#8296,#8302,#8303));
#8288 = ORIENTED_EDGE('',*,*,#8289,.F.);
#8289 = EDGE_CURVE('',#8290,#8266,#8292,.T.);
#8290 = VERTEX_POINT('',#8291);
#8291 = CARTESIAN_POINT('',(40.674119127517,47.837583892617,24.55));
#8292 = LINE('',#8293,#8294);
#8293 = CARTESIAN_POINT('',(40.674119127517,47.837583892617,24.55));
#8294 = VECTOR('',#8295,1.);
#8295 = DIRECTION('',(-1.,0.,0.));
#8296 = ORIENTED_EDGE('',*,*,#8297,.T.);
#8297 = EDGE_CURVE('',#8290,#1797,#8298,.T.);
#8298 = LINE('',#8299,#8300);
#8299 = CARTESIAN_POINT('',(40.674119127517,47.837583892617,24.55));
#8300 = VECTOR('',#8301,1.);
#8301 = DIRECTION('',(0.,0.,1.));
#8302 = ORIENTED_EDGE('',*,*,#1804,.F.);
#8303 = ORIENTED_EDGE('',*,*,#8273,.F.);
#8304 = PLANE('',#8305);
#8305 = AXIS2_PLACEMENT_3D('',#8306,#8307,#8308);
#8306 = CARTESIAN_POINT('',(40.674119127517,47.837583892617,24.55));
#8307 = DIRECTION('',(0.,-1.,0.));
#8308 = DIRECTION('',(-1.,0.,0.));
#8309 = ADVANCED_FACE('',(#8310),#8321,.F.);
#8310 = FACE_BOUND('',#8311,.F.);
#8311 = EDGE_LOOP('',(#8312,#8318,#8319,#8320));
#8312 = ORIENTED_EDGE('',*,*,#8313,.F.);
#8313 = EDGE_CURVE('',#7853,#8290,#8314,.T.);
#8314 = LINE('',#8315,#8316);
#8315 = CARTESIAN_POINT('',(40.674119127517,48.634899328859,24.55));
#8316 = VECTOR('',#8317,1.);
#8317 = DIRECTION('',(0.,-1.,0.));
#8318 = ORIENTED_EDGE('',*,*,#7867,.T.);
#8319 = ORIENTED_EDGE('',*,*,#1796,.F.);
#8320 = ORIENTED_EDGE('',*,*,#8297,.F.);
#8321 = PLANE('',#8322);
#8322 = AXIS2_PLACEMENT_3D('',#8323,#8324,#8325);
#8323 = CARTESIAN_POINT('',(40.674119127517,48.634899328859,24.55));
#8324 = DIRECTION('',(1.,0.,-0.));
#8325 = DIRECTION('',(0.,-1.,0.));
#8326 = ADVANCED_FACE('',(#8327),#8352,.F.);
#8327 = FACE_BOUND('',#8328,.F.);
#8328 = EDGE_LOOP('',(#8329,#8339,#8345,#8346));
#8329 = ORIENTED_EDGE('',*,*,#8330,.F.);
#8330 = EDGE_CURVE('',#8331,#8333,#8335,.T.);
#8331 = VERTEX_POINT('',#8332);
#8332 = CARTESIAN_POINT('',(41.77005033557,48.936912751678,24.55));
#8333 = VERTEX_POINT('',#8334);
#8334 = CARTESIAN_POINT('',(42.789345637584,48.936912751678,24.55));
#8335 = LINE('',#8336,#8337);
#8336 = CARTESIAN_POINT('',(41.77005033557,48.936912751678,24.55));
#8337 = VECTOR('',#8338,1.);
#8338 = DIRECTION('',(1.,0.,0.));
#8339 = ORIENTED_EDGE('',*,*,#8340,.T.);
#8340 = EDGE_CURVE('',#8331,#2019,#8341,.T.);
#8341 = LINE('',#8342,#8343);
#8342 = CARTESIAN_POINT('',(41.77005033557,48.936912751678,24.55));
#8343 = VECTOR('',#8344,1.);
#8344 = DIRECTION('',(0.,0.,1.));
#8345 = ORIENTED_EDGE('',*,*,#2016,.F.);
#8346 = ORIENTED_EDGE('',*,*,#8347,.F.);
#8347 = EDGE_CURVE('',#8333,#2017,#8348,.T.);
#8348 = LINE('',#8349,#8350);
#8349 = CARTESIAN_POINT('',(42.789345637584,48.936912751678,24.55));
#8350 = VECTOR('',#8351,1.);
#8351 = DIRECTION('',(0.,0.,1.));
#8352 = PLANE('',#8353);
#8353 = AXIS2_PLACEMENT_3D('',#8354,#8355,#8356);
#8354 = CARTESIAN_POINT('',(41.77005033557,48.936912751678,24.55));
#8355 = DIRECTION('',(0.,1.,0.));
#8356 = DIRECTION('',(1.,0.,0.));
#8357 = ADVANCED_FACE('',(#8358),#8376,.F.);
#8358 = FACE_BOUND('',#8359,.F.);
#8359 = EDGE_LOOP('',(#8360,#8368,#8374,#8375));
#8360 = ORIENTED_EDGE('',*,*,#8361,.F.);
#8361 = EDGE_CURVE('',#8362,#8331,#8364,.T.);
#8362 = VERTEX_POINT('',#8363);
#8363 = CARTESIAN_POINT('',(41.77005033557,47.837583892617,24.55));
#8364 = LINE('',#8365,#8366);
#8365 = CARTESIAN_POINT('',(41.77005033557,47.837583892617,24.55));
#8366 = VECTOR('',#8367,1.);
#8367 = DIRECTION('',(0.,1.,0.));
#8368 = ORIENTED_EDGE('',*,*,#8369,.T.);
#8369 = EDGE_CURVE('',#8362,#2035,#8370,.T.);
#8370 = LINE('',#8371,#8372);
#8371 = CARTESIAN_POINT('',(41.77005033557,47.837583892617,24.55));
#8372 = VECTOR('',#8373,1.);
#8373 = DIRECTION('',(0.,0.,1.));
#8374 = ORIENTED_EDGE('',*,*,#2042,.F.);
#8375 = ORIENTED_EDGE('',*,*,#8340,.F.);
#8376 = PLANE('',#8377);
#8377 = AXIS2_PLACEMENT_3D('',#8378,#8379,#8380);
#8378 = CARTESIAN_POINT('',(41.77005033557,47.837583892617,24.55));
#8379 = DIRECTION('',(-1.,0.,0.));
#8380 = DIRECTION('',(0.,1.,0.));
#8381 = ADVANCED_FACE('',(#8382),#8400,.F.);
#8382 = FACE_BOUND('',#8383,.F.);
#8383 = EDGE_LOOP('',(#8384,#8392,#8398,#8399));
#8384 = ORIENTED_EDGE('',*,*,#8385,.F.);
#8385 = EDGE_CURVE('',#8386,#8362,#8388,.T.);
#8386 = VERTEX_POINT('',#8387);
#8387 = CARTESIAN_POINT('',(42.789345637584,47.837583892617,24.55));
#8388 = LINE('',#8389,#8390);
#8389 = CARTESIAN_POINT('',(42.789345637584,47.837583892617,24.55));
#8390 = VECTOR('',#8391,1.);
#8391 = DIRECTION('',(-1.,0.,0.));
#8392 = ORIENTED_EDGE('',*,*,#8393,.T.);
#8393 = EDGE_CURVE('',#8386,#2027,#8394,.T.);
#8394 = LINE('',#8395,#8396);
#8395 = CARTESIAN_POINT('',(42.789345637584,47.837583892617,24.55));
#8396 = VECTOR('',#8397,1.);
#8397 = DIRECTION('',(0.,0.,1.));
#8398 = ORIENTED_EDGE('',*,*,#2034,.F.);
#8399 = ORIENTED_EDGE('',*,*,#8369,.F.);
#8400 = PLANE('',#8401);
#8401 = AXIS2_PLACEMENT_3D('',#8402,#8403,#8404);
#8402 = CARTESIAN_POINT('',(42.789345637584,47.837583892617,24.55));
#8403 = DIRECTION('',(0.,-1.,0.));
#8404 = DIRECTION('',(-1.,0.,0.));
#8405 = ADVANCED_FACE('',(#8406),#8417,.F.);
#8406 = FACE_BOUND('',#8407,.F.);
#8407 = EDGE_LOOP('',(#8408,#8414,#8415,#8416));
#8408 = ORIENTED_EDGE('',*,*,#8409,.F.);
#8409 = EDGE_CURVE('',#8333,#8386,#8410,.T.);
#8410 = LINE('',#8411,#8412);
#8411 = CARTESIAN_POINT('',(42.789345637584,48.936912751678,24.55));
#8412 = VECTOR('',#8413,1.);
#8413 = DIRECTION('',(0.,-1.,0.));
#8414 = ORIENTED_EDGE('',*,*,#8347,.T.);
#8415 = ORIENTED_EDGE('',*,*,#2026,.F.);
#8416 = ORIENTED_EDGE('',*,*,#8393,.F.);
#8417 = PLANE('',#8418);
#8418 = AXIS2_PLACEMENT_3D('',#8419,#8420,#8421);
#8419 = CARTESIAN_POINT('',(42.789345637584,48.936912751678,24.55));
#8420 = DIRECTION('',(1.,0.,-0.));
#8421 = DIRECTION('',(0.,-1.,0.));
#8422 = ADVANCED_FACE('',(#8423),#8448,.F.);
#8423 = FACE_BOUND('',#8424,.F.);
#8424 = EDGE_LOOP('',(#8425,#8435,#8441,#8442));
#8425 = ORIENTED_EDGE('',*,*,#8426,.F.);
#8426 = EDGE_CURVE('',#8427,#8429,#8431,.T.);
#8427 = VERTEX_POINT('',#8428);
#8428 = CARTESIAN_POINT('',(44.056480704698,48.586577181208,24.55));
#8429 = VERTEX_POINT('',#8430);
#8430 = CARTESIAN_POINT('',(45.019148489933,48.586577181208,24.55));
#8431 = LINE('',#8432,#8433);
#8432 = CARTESIAN_POINT('',(44.056480704698,48.586577181208,24.55));
#8433 = VECTOR('',#8434,1.);
#8434 = DIRECTION('',(1.,0.,0.));
#8435 = ORIENTED_EDGE('',*,*,#8436,.T.);
#8436 = EDGE_CURVE('',#8427,#2053,#8437,.T.);
#8437 = LINE('',#8438,#8439);
#8438 = CARTESIAN_POINT('',(44.056480704698,48.586577181208,24.55));
#8439 = VECTOR('',#8440,1.);
#8440 = DIRECTION('',(0.,0.,1.));
#8441 = ORIENTED_EDGE('',*,*,#2050,.F.);
#8442 = ORIENTED_EDGE('',*,*,#8443,.F.);
#8443 = EDGE_CURVE('',#8429,#2051,#8444,.T.);
#8444 = LINE('',#8445,#8446);
#8445 = CARTESIAN_POINT('',(45.019148489933,48.586577181208,24.55));
#8446 = VECTOR('',#8447,1.);
#8447 = DIRECTION('',(0.,0.,1.));
#8448 = PLANE('',#8449);
#8449 = AXIS2_PLACEMENT_3D('',#8450,#8451,#8452);
#8450 = CARTESIAN_POINT('',(44.056480704698,48.586577181208,24.55));
#8451 = DIRECTION('',(0.,1.,0.));
#8452 = DIRECTION('',(1.,0.,0.));
#8453 = ADVANCED_FACE('',(#8454),#8472,.F.);
#8454 = FACE_BOUND('',#8455,.F.);
#8455 = EDGE_LOOP('',(#8456,#8464,#8470,#8471));
#8456 = ORIENTED_EDGE('',*,*,#8457,.F.);
#8457 = EDGE_CURVE('',#8458,#8427,#8460,.T.);
#8458 = VERTEX_POINT('',#8459);
#8459 = CARTESIAN_POINT('',(44.056480704698,47.837583892617,24.55));
#8460 = LINE('',#8461,#8462);
#8461 = CARTESIAN_POINT('',(44.056480704698,47.837583892617,24.55));
#8462 = VECTOR('',#8463,1.);
#8463 = DIRECTION('',(0.,1.,0.));
#8464 = ORIENTED_EDGE('',*,*,#8465,.T.);
#8465 = EDGE_CURVE('',#8458,#2125,#8466,.T.);
#8466 = LINE('',#8467,#8468);
#8467 = CARTESIAN_POINT('',(44.056480704698,47.837583892617,24.55));
#8468 = VECTOR('',#8469,1.);
#8469 = DIRECTION('',(0.,0.,1.));
#8470 = ORIENTED_EDGE('',*,*,#2132,.F.);
#8471 = ORIENTED_EDGE('',*,*,#8436,.F.);
#8472 = PLANE('',#8473);
#8473 = AXIS2_PLACEMENT_3D('',#8474,#8475,#8476);
#8474 = CARTESIAN_POINT('',(44.056480704698,47.837583892617,24.55));
#8475 = DIRECTION('',(-1.,0.,0.));
#8476 = DIRECTION('',(0.,1.,0.));
#8477 = ADVANCED_FACE('',(#8478),#8496,.F.);
#8478 = FACE_BOUND('',#8479,.F.);
#8479 = EDGE_LOOP('',(#8480,#8488,#8494,#8495));
#8480 = ORIENTED_EDGE('',*,*,#8481,.F.);
#8481 = EDGE_CURVE('',#8482,#8458,#8484,.T.);
#8482 = VERTEX_POINT('',#8483);
#8483 = CARTESIAN_POINT('',(47.012437080537,47.837583892617,24.55));
#8484 = LINE('',#8485,#8486);
#8485 = CARTESIAN_POINT('',(47.012437080537,47.837583892617,24.55));
#8486 = VECTOR('',#8487,1.);
#8487 = DIRECTION('',(-1.,0.,0.));
#8488 = ORIENTED_EDGE('',*,*,#8489,.T.);
#8489 = EDGE_CURVE('',#8482,#2117,#8490,.T.);
#8490 = LINE('',#8491,#8492);
#8491 = CARTESIAN_POINT('',(47.012437080537,47.837583892617,24.55));
#8492 = VECTOR('',#8493,1.);
#8493 = DIRECTION('',(0.,0.,1.));
#8494 = ORIENTED_EDGE('',*,*,#2124,.F.);
#8495 = ORIENTED_EDGE('',*,*,#8465,.F.);
#8496 = PLANE('',#8497);
#8497 = AXIS2_PLACEMENT_3D('',#8498,#8499,#8500);
#8498 = CARTESIAN_POINT('',(47.012437080537,47.837583892617,24.55));
#8499 = DIRECTION('',(0.,-1.,0.));
#8500 = DIRECTION('',(-1.,0.,0.));
#8501 = ADVANCED_FACE('',(#8502),#8520,.F.);
#8502 = FACE_BOUND('',#8503,.F.);
#8503 = EDGE_LOOP('',(#8504,#8512,#8518,#8519));
#8504 = ORIENTED_EDGE('',*,*,#8505,.F.);
#8505 = EDGE_CURVE('',#8506,#8482,#8508,.T.);
#8506 = VERTEX_POINT('',#8507);
#8507 = CARTESIAN_POINT('',(47.012437080537,48.586577181208,24.55));
#8508 = LINE('',#8509,#8510);
#8509 = CARTESIAN_POINT('',(47.012437080537,48.586577181208,24.55));
#8510 = VECTOR('',#8511,1.);
#8511 = DIRECTION('',(0.,-1.,0.));
#8512 = ORIENTED_EDGE('',*,*,#8513,.T.);
#8513 = EDGE_CURVE('',#8506,#2109,#8514,.T.);
#8514 = LINE('',#8515,#8516);
#8515 = CARTESIAN_POINT('',(47.012437080537,48.586577181208,24.55));
#8516 = VECTOR('',#8517,1.);
#8517 = DIRECTION('',(0.,0.,1.));
#8518 = ORIENTED_EDGE('',*,*,#2116,.F.);
#8519 = ORIENTED_EDGE('',*,*,#8489,.F.);
#8520 = PLANE('',#8521);
#8521 = AXIS2_PLACEMENT_3D('',#8522,#8523,#8524);
#8522 = CARTESIAN_POINT('',(47.012437080537,48.586577181208,24.55));
#8523 = DIRECTION('',(1.,0.,-0.));
#8524 = DIRECTION('',(0.,-1.,0.));
#8525 = ADVANCED_FACE('',(#8526),#8544,.F.);
#8526 = FACE_BOUND('',#8527,.F.);
#8527 = EDGE_LOOP('',(#8528,#8536,#8542,#8543));
#8528 = ORIENTED_EDGE('',*,*,#8529,.F.);
#8529 = EDGE_CURVE('',#8530,#8506,#8532,.T.);
#8530 = VERTEX_POINT('',#8531);
#8531 = CARTESIAN_POINT('',(46.049769295302,48.586577181208,24.55));
#8532 = LINE('',#8533,#8534);
#8533 = CARTESIAN_POINT('',(46.049769295302,48.586577181208,24.55));
#8534 = VECTOR('',#8535,1.);
#8535 = DIRECTION('',(1.,0.,0.));
#8536 = ORIENTED_EDGE('',*,*,#8537,.T.);
#8537 = EDGE_CURVE('',#8530,#2101,#8538,.T.);
#8538 = LINE('',#8539,#8540);
#8539 = CARTESIAN_POINT('',(46.049769295302,48.586577181208,24.55));
#8540 = VECTOR('',#8541,1.);
#8541 = DIRECTION('',(0.,0.,1.));
#8542 = ORIENTED_EDGE('',*,*,#2108,.F.);
#8543 = ORIENTED_EDGE('',*,*,#8513,.F.);
#8544 = PLANE('',#8545);
#8545 = AXIS2_PLACEMENT_3D('',#8546,#8547,#8548);
#8546 = CARTESIAN_POINT('',(46.049769295302,48.586577181208,24.55));
#8547 = DIRECTION('',(0.,1.,0.));
#8548 = DIRECTION('',(1.,0.,0.));
#8549 = ADVANCED_FACE('',(#8550),#8568,.F.);
#8550 = FACE_BOUND('',#8551,.F.);
#8551 = EDGE_LOOP('',(#8552,#8560,#8566,#8567));
#8552 = ORIENTED_EDGE('',*,*,#8553,.F.);
#8553 = EDGE_CURVE('',#8554,#8530,#8556,.T.);
#8554 = VERTEX_POINT('',#8555);
#8555 = CARTESIAN_POINT('',(46.049769295302,52.065771812081,24.55));
#8556 = LINE('',#8557,#8558);
#8557 = CARTESIAN_POINT('',(46.049769295302,52.065771812081,24.55));
#8558 = VECTOR('',#8559,1.);
#8559 = DIRECTION('',(0.,-1.,0.));
#8560 = ORIENTED_EDGE('',*,*,#8561,.T.);
#8561 = EDGE_CURVE('',#8554,#2093,#8562,.T.);
#8562 = LINE('',#8563,#8564);
#8563 = CARTESIAN_POINT('',(46.049769295302,52.065771812081,24.55));
#8564 = VECTOR('',#8565,1.);
#8565 = DIRECTION('',(0.,0.,1.));
#8566 = ORIENTED_EDGE('',*,*,#2100,.F.);
#8567 = ORIENTED_EDGE('',*,*,#8537,.F.);
#8568 = PLANE('',#8569);
#8569 = AXIS2_PLACEMENT_3D('',#8570,#8571,#8572);
#8570 = CARTESIAN_POINT('',(46.049769295302,52.065771812081,24.55));
#8571 = DIRECTION('',(1.,0.,-0.));
#8572 = DIRECTION('',(0.,-1.,0.));
#8573 = ADVANCED_FACE('',(#8574),#8592,.F.);
#8574 = FACE_BOUND('',#8575,.F.);
#8575 = EDGE_LOOP('',(#8576,#8584,#8590,#8591));
#8576 = ORIENTED_EDGE('',*,*,#8577,.F.);
#8577 = EDGE_CURVE('',#8578,#8554,#8580,.T.);
#8578 = VERTEX_POINT('',#8579);
#8579 = CARTESIAN_POINT('',(45.013485738255,52.065771812081,24.55));
#8580 = LINE('',#8581,#8582);
#8581 = CARTESIAN_POINT('',(45.013485738255,52.065771812081,24.55));
#8582 = VECTOR('',#8583,1.);
#8583 = DIRECTION('',(1.,0.,0.));
#8584 = ORIENTED_EDGE('',*,*,#8585,.T.);
#8585 = EDGE_CURVE('',#8578,#2085,#8586,.T.);
#8586 = LINE('',#8587,#8588);
#8587 = CARTESIAN_POINT('',(45.013485738255,52.065771812081,24.55));
#8588 = VECTOR('',#8589,1.);
#8589 = DIRECTION('',(0.,0.,1.));
#8590 = ORIENTED_EDGE('',*,*,#2092,.F.);
#8591 = ORIENTED_EDGE('',*,*,#8561,.F.);
#8592 = PLANE('',#8593);
#8593 = AXIS2_PLACEMENT_3D('',#8594,#8595,#8596);
#8594 = CARTESIAN_POINT('',(45.013485738255,52.065771812081,24.55));
#8595 = DIRECTION('',(0.,1.,0.));
#8596 = DIRECTION('',(1.,0.,0.));
#8597 = ADVANCED_FACE('',(#8598),#8616,.F.);
#8598 = FACE_BOUND('',#8599,.F.);
#8599 = EDGE_LOOP('',(#8600,#8608,#8614,#8615));
#8600 = ORIENTED_EDGE('',*,*,#8601,.F.);
#8601 = EDGE_CURVE('',#8602,#8578,#8604,.T.);
#8602 = VERTEX_POINT('',#8603);
#8603 = CARTESIAN_POINT('',(44.030998322148,51.860402684564,24.55));
#8604 = LINE('',#8605,#8606);
#8605 = CARTESIAN_POINT('',(44.030998322148,51.860402684564,24.55));
#8606 = VECTOR('',#8607,1.);
#8607 = DIRECTION('',(0.978844086222,0.204607563076,0.));
#8608 = ORIENTED_EDGE('',*,*,#8609,.T.);
#8609 = EDGE_CURVE('',#8602,#2077,#8610,.T.);
#8610 = LINE('',#8611,#8612);
#8611 = CARTESIAN_POINT('',(44.030998322148,51.860402684564,24.55));
#8612 = VECTOR('',#8613,1.);
#8613 = DIRECTION('',(0.,0.,1.));
#8614 = ORIENTED_EDGE('',*,*,#2084,.F.);
#8615 = ORIENTED_EDGE('',*,*,#8585,.F.);
#8616 = PLANE('',#8617);
#8617 = AXIS2_PLACEMENT_3D('',#8618,#8619,#8620);
#8618 = CARTESIAN_POINT('',(44.030998322148,51.860402684564,24.55));
#8619 = DIRECTION('',(-0.204607563076,0.978844086222,0.));
#8620 = DIRECTION('',(0.978844086222,0.204607563076,0.));
#8621 = ADVANCED_FACE('',(#8622),#8640,.F.);
#8622 = FACE_BOUND('',#8623,.F.);
#8623 = EDGE_LOOP('',(#8624,#8632,#8638,#8639));
#8624 = ORIENTED_EDGE('',*,*,#8625,.F.);
#8625 = EDGE_CURVE('',#8626,#8602,#8628,.T.);
#8626 = VERTEX_POINT('',#8627);
#8627 = CARTESIAN_POINT('',(44.030998322148,51.123489932886,24.55));
#8628 = LINE('',#8629,#8630);
#8629 = CARTESIAN_POINT('',(44.030998322148,51.123489932886,24.55));
#8630 = VECTOR('',#8631,1.);
#8631 = DIRECTION('',(0.,1.,0.));
#8632 = ORIENTED_EDGE('',*,*,#8633,.T.);
#8633 = EDGE_CURVE('',#8626,#2069,#8634,.T.);
#8634 = LINE('',#8635,#8636);
#8635 = CARTESIAN_POINT('',(44.030998322148,51.123489932886,24.55));
#8636 = VECTOR('',#8637,1.);
#8637 = DIRECTION('',(0.,0.,1.));
#8638 = ORIENTED_EDGE('',*,*,#2076,.F.);
#8639 = ORIENTED_EDGE('',*,*,#8609,.F.);
#8640 = PLANE('',#8641);
#8641 = AXIS2_PLACEMENT_3D('',#8642,#8643,#8644);
#8642 = CARTESIAN_POINT('',(44.030998322148,51.123489932886,24.55));
#8643 = DIRECTION('',(-1.,0.,0.));
#8644 = DIRECTION('',(0.,1.,0.));
#8645 = ADVANCED_FACE('',(#8646),#8664,.F.);
#8646 = FACE_BOUND('',#8647,.F.);
#8647 = EDGE_LOOP('',(#8648,#8656,#8662,#8663));
#8648 = ORIENTED_EDGE('',*,*,#8649,.F.);
#8649 = EDGE_CURVE('',#8650,#8626,#8652,.T.);
#8650 = VERTEX_POINT('',#8651);
#8651 = CARTESIAN_POINT('',(45.019148489933,51.328859060403,24.55));
#8652 = LINE('',#8653,#8654);
#8653 = CARTESIAN_POINT('',(45.019148489933,51.328859060403,24.55));
#8654 = VECTOR('',#8655,1.);
#8655 = DIRECTION('',(-0.979078331663,-0.203483710573,0.));
#8656 = ORIENTED_EDGE('',*,*,#8657,.T.);
#8657 = EDGE_CURVE('',#8650,#2061,#8658,.T.);
#8658 = LINE('',#8659,#8660);
#8659 = CARTESIAN_POINT('',(45.019148489933,51.328859060403,24.55));
#8660 = VECTOR('',#8661,1.);
#8661 = DIRECTION('',(0.,0.,1.));
#8662 = ORIENTED_EDGE('',*,*,#2068,.F.);
#8663 = ORIENTED_EDGE('',*,*,#8633,.F.);
#8664 = PLANE('',#8665);
#8665 = AXIS2_PLACEMENT_3D('',#8666,#8667,#8668);
#8666 = CARTESIAN_POINT('',(45.019148489933,51.328859060403,24.55));
#8667 = DIRECTION('',(0.203483710573,-0.979078331663,0.));
#8668 = DIRECTION('',(-0.979078331663,-0.203483710573,0.));
#8669 = ADVANCED_FACE('',(#8670),#8681,.F.);
#8670 = FACE_BOUND('',#8671,.F.);
#8671 = EDGE_LOOP('',(#8672,#8678,#8679,#8680));
#8672 = ORIENTED_EDGE('',*,*,#8673,.F.);
#8673 = EDGE_CURVE('',#8429,#8650,#8674,.T.);
#8674 = LINE('',#8675,#8676);
#8675 = CARTESIAN_POINT('',(45.019148489933,48.586577181208,24.55));
#8676 = VECTOR('',#8677,1.);
#8677 = DIRECTION('',(0.,1.,0.));
#8678 = ORIENTED_EDGE('',*,*,#8443,.T.);
#8679 = ORIENTED_EDGE('',*,*,#2060,.F.);
#8680 = ORIENTED_EDGE('',*,*,#8657,.F.);
#8681 = PLANE('',#8682);
#8682 = AXIS2_PLACEMENT_3D('',#8683,#8684,#8685);
#8683 = CARTESIAN_POINT('',(45.019148489933,48.586577181208,24.55));
#8684 = DIRECTION('',(-1.,0.,0.));
#8685 = DIRECTION('',(0.,1.,0.));
#8686 = ADVANCED_FACE('',(#8687),#8712,.F.);
#8687 = FACE_BOUND('',#8688,.F.);
#8688 = EDGE_LOOP('',(#8689,#8699,#8705,#8706));
#8689 = ORIENTED_EDGE('',*,*,#8690,.F.);
#8690 = EDGE_CURVE('',#8691,#8693,#8695,.T.);
#8691 = VERTEX_POINT('',#8692);
#8692 = CARTESIAN_POINT('',(50.857634228188,51.957046979866,24.55));
#8693 = VERTEX_POINT('',#8694);
#8694 = CARTESIAN_POINT('',(50.857634228188,51.171812080537,24.55));
#8695 = LINE('',#8696,#8697);
#8696 = CARTESIAN_POINT('',(50.857634228188,51.957046979866,24.55));
#8697 = VECTOR('',#8698,1.);
#8698 = DIRECTION('',(0.,-1.,0.));
#8699 = ORIENTED_EDGE('',*,*,#8700,.T.);
#8700 = EDGE_CURVE('',#8691,#2143,#8701,.T.);
#8701 = LINE('',#8702,#8703);
#8702 = CARTESIAN_POINT('',(50.857634228188,51.957046979866,24.55));
#8703 = VECTOR('',#8704,1.);
#8704 = DIRECTION('',(0.,0.,1.));
#8705 = ORIENTED_EDGE('',*,*,#2140,.F.);
#8706 = ORIENTED_EDGE('',*,*,#8707,.F.);
#8707 = EDGE_CURVE('',#8693,#2141,#8708,.T.);
#8708 = LINE('',#8709,#8710);
#8709 = CARTESIAN_POINT('',(50.857634228188,51.171812080537,24.55));
#8710 = VECTOR('',#8711,1.);
#8711 = DIRECTION('',(0.,0.,1.));
#8712 = PLANE('',#8713);
#8713 = AXIS2_PLACEMENT_3D('',#8714,#8715,#8716);
#8714 = CARTESIAN_POINT('',(50.857634228188,51.957046979866,24.55));
#8715 = DIRECTION('',(1.,0.,-0.));
#8716 = DIRECTION('',(0.,-1.,0.));
#8717 = ADVANCED_FACE('',(#8718),#8736,.F.);
#8718 = FACE_BOUND('',#8719,.F.);
#8719 = EDGE_LOOP('',(#8720,#8728,#8734,#8735));
#8720 = ORIENTED_EDGE('',*,*,#8721,.F.);
#8721 = EDGE_CURVE('',#8722,#8691,#8724,.T.);
#8722 = VERTEX_POINT('',#8723);
#8723 = CARTESIAN_POINT('',(50.314010067114,52.092953020134,24.55));
#8724 = B_SPLINE_CURVE_WITH_KNOTS('',2,(#8725,#8726,#8727),
  .UNSPECIFIED.,.F.,.F.,(3,3),(0.,1.),.PIECEWISE_BEZIER_KNOTS.);
#8725 = CARTESIAN_POINT('',(50.314010067114,52.092953020134,24.55));
#8726 = CARTESIAN_POINT('',(50.58865352349,52.047651006711,24.55));
#8727 = CARTESIAN_POINT('',(50.857634228188,51.957046979866,24.55));
#8728 = ORIENTED_EDGE('',*,*,#8729,.T.);
#8729 = EDGE_CURVE('',#8722,#2400,#8730,.T.);
#8730 = LINE('',#8731,#8732);
#8731 = CARTESIAN_POINT('',(50.314010067114,52.092953020134,24.55));
#8732 = VECTOR('',#8733,1.);
#8733 = DIRECTION('',(0.,0.,1.));
#8734 = ORIENTED_EDGE('',*,*,#2409,.F.);
#8735 = ORIENTED_EDGE('',*,*,#8700,.F.);
#8736 = SURFACE_OF_LINEAR_EXTRUSION('',#8737,#8741);
#8737 = B_SPLINE_CURVE_WITH_KNOTS('',2,(#8738,#8739,#8740),
  .UNSPECIFIED.,.F.,.F.,(3,3),(0.,1.),.PIECEWISE_BEZIER_KNOTS.);
#8738 = CARTESIAN_POINT('',(50.314010067114,52.092953020134,24.55));
#8739 = CARTESIAN_POINT('',(50.58865352349,52.047651006711,24.55));
#8740 = CARTESIAN_POINT('',(50.857634228188,51.957046979866,24.55));
#8741 = VECTOR('',#8742,1.);
#8742 = DIRECTION('',(-0.,-0.,-1.));
#8743 = ADVANCED_FACE('',(#8744),#8762,.F.);
#8744 = FACE_BOUND('',#8745,.F.);
#8745 = EDGE_LOOP('',(#8746,#8754,#8760,#8761));
#8746 = ORIENTED_EDGE('',*,*,#8747,.F.);
#8747 = EDGE_CURVE('',#8748,#8722,#8750,.T.);
#8748 = VERTEX_POINT('',#8749);
#8749 = CARTESIAN_POINT('',(49.747734899329,52.138255033557,24.55));
#8750 = B_SPLINE_CURVE_WITH_KNOTS('',2,(#8751,#8752,#8753),
  .UNSPECIFIED.,.F.,.F.,(3,3),(0.,1.),.PIECEWISE_BEZIER_KNOTS.);
#8751 = CARTESIAN_POINT('',(49.747734899329,52.138255033557,24.55));
#8752 = CARTESIAN_POINT('',(50.039366610738,52.138255033557,24.55));
#8753 = CARTESIAN_POINT('',(50.314010067114,52.092953020134,24.55));
#8754 = ORIENTED_EDGE('',*,*,#8755,.T.);
#8755 = EDGE_CURVE('',#8748,#2377,#8756,.T.);
#8756 = LINE('',#8757,#8758);
#8757 = CARTESIAN_POINT('',(49.747734899329,52.138255033557,24.55));
#8758 = VECTOR('',#8759,1.);
#8759 = DIRECTION('',(0.,0.,1.));
#8760 = ORIENTED_EDGE('',*,*,#2399,.F.);
#8761 = ORIENTED_EDGE('',*,*,#8729,.F.);
#8762 = SURFACE_OF_LINEAR_EXTRUSION('',#8763,#8767);
#8763 = B_SPLINE_CURVE_WITH_KNOTS('',2,(#8764,#8765,#8766),
  .UNSPECIFIED.,.F.,.F.,(3,3),(0.,1.),.PIECEWISE_BEZIER_KNOTS.);
#8764 = CARTESIAN_POINT('',(49.747734899329,52.138255033557,24.55));
#8765 = CARTESIAN_POINT('',(50.039366610738,52.138255033557,24.55));
#8766 = CARTESIAN_POINT('',(50.314010067114,52.092953020134,24.55));
#8767 = VECTOR('',#8768,1.);
#8768 = DIRECTION('',(-0.,-0.,-1.));
#8769 = ADVANCED_FACE('',(#8770),#8788,.F.);
#8770 = FACE_BOUND('',#8771,.F.);
#8771 = EDGE_LOOP('',(#8772,#8780,#8786,#8787));
#8772 = ORIENTED_EDGE('',*,*,#8773,.F.);
#8773 = EDGE_CURVE('',#8774,#8748,#8776,.T.);
#8774 = VERTEX_POINT('',#8775);
#8775 = CARTESIAN_POINT('',(48.299391778523,51.538758389262,24.55));
#8776 = B_SPLINE_CURVE_WITH_KNOTS('',2,(#8777,#8778,#8779),
  .UNSPECIFIED.,.F.,.F.,(3,3),(0.,1.),.PIECEWISE_BEZIER_KNOTS.);
#8777 = CARTESIAN_POINT('',(48.299391778523,51.538758389262,24.55));
#8778 = CARTESIAN_POINT('',(48.827537751678,52.138255033557,24.55));
#8779 = CARTESIAN_POINT('',(49.747734899329,52.138255033557,24.55));
#8780 = ORIENTED_EDGE('',*,*,#8781,.T.);
#8781 = EDGE_CURVE('',#8774,#2350,#8782,.T.);
#8782 = LINE('',#8783,#8784);
#8783 = CARTESIAN_POINT('',(48.299391778523,51.538758389262,24.55));
#8784 = VECTOR('',#8785,1.);
#8785 = DIRECTION('',(0.,0.,1.));
#8786 = ORIENTED_EDGE('',*,*,#2376,.F.);
#8787 = ORIENTED_EDGE('',*,*,#8755,.F.);
#8788 = SURFACE_OF_LINEAR_EXTRUSION('',#8789,#8793);
#8789 = B_SPLINE_CURVE_WITH_KNOTS('',2,(#8790,#8791,#8792),
  .UNSPECIFIED.,.F.,.F.,(3,3),(0.,1.),.PIECEWISE_BEZIER_KNOTS.);
#8790 = CARTESIAN_POINT('',(48.299391778523,51.538758389262,24.55));
#8791 = CARTESIAN_POINT('',(48.827537751678,52.138255033557,24.55));
#8792 = CARTESIAN_POINT('',(49.747734899329,52.138255033557,24.55));
#8793 = VECTOR('',#8794,1.);
#8794 = DIRECTION('',(-0.,-0.,-1.));
#8795 = ADVANCED_FACE('',(#8796),#8814,.F.);
#8796 = FACE_BOUND('',#8797,.F.);
#8797 = EDGE_LOOP('',(#8798,#8806,#8812,#8813));
#8798 = ORIENTED_EDGE('',*,*,#8799,.F.);
#8799 = EDGE_CURVE('',#8800,#8774,#8802,.T.);
#8800 = VERTEX_POINT('',#8801);
#8801 = CARTESIAN_POINT('',(47.771434563758,49.890331375839,24.55));
#8802 = B_SPLINE_CURVE_WITH_KNOTS('',2,(#8803,#8804,#8805),
  .UNSPECIFIED.,.F.,.F.,(3,3),(0.,1.),.PIECEWISE_BEZIER_KNOTS.);
#8803 = CARTESIAN_POINT('',(47.771434563758,49.890331375839,24.55));
#8804 = CARTESIAN_POINT('',(47.771434563758,50.939261744966,24.55));
#8805 = CARTESIAN_POINT('',(48.299391778523,51.538758389262,24.55));
#8806 = ORIENTED_EDGE('',*,*,#8807,.T.);
#8807 = EDGE_CURVE('',#8800,#2328,#8808,.T.);
#8808 = LINE('',#8809,#8810);
#8809 = CARTESIAN_POINT('',(47.771434563758,49.890331375839,24.55));
#8810 = VECTOR('',#8811,1.);
#8811 = DIRECTION('',(0.,0.,1.));
#8812 = ORIENTED_EDGE('',*,*,#2349,.F.);
#8813 = ORIENTED_EDGE('',*,*,#8781,.F.);
#8814 = SURFACE_OF_LINEAR_EXTRUSION('',#8815,#8819);
#8815 = B_SPLINE_CURVE_WITH_KNOTS('',2,(#8816,#8817,#8818),
  .UNSPECIFIED.,.F.,.F.,(3,3),(0.,1.),.PIECEWISE_BEZIER_KNOTS.);
#8816 = CARTESIAN_POINT('',(47.771434563758,49.890331375839,24.55));
#8817 = CARTESIAN_POINT('',(47.771434563758,50.939261744966,24.55));
#8818 = CARTESIAN_POINT('',(48.299391778523,51.538758389262,24.55));
#8819 = VECTOR('',#8820,1.);
#8820 = DIRECTION('',(-0.,-0.,-1.));
#8821 = ADVANCED_FACE('',(#8822),#8840,.F.);
#8822 = FACE_BOUND('',#8823,.F.);
#8823 = EDGE_LOOP('',(#8824,#8832,#8838,#8839));
#8824 = ORIENTED_EDGE('',*,*,#8825,.F.);
#8825 = EDGE_CURVE('',#8826,#8800,#8828,.T.);
#8826 = VERTEX_POINT('',#8827);
#8827 = CARTESIAN_POINT('',(48.222944630872,48.31004614094,24.55));
#8828 = B_SPLINE_CURVE_WITH_KNOTS('',2,(#8829,#8830,#8831),
  .UNSPECIFIED.,.F.,.F.,(3,3),(0.,1.),.PIECEWISE_BEZIER_KNOTS.);
#8829 = CARTESIAN_POINT('',(48.222944630872,48.31004614094,24.55));
#8830 = CARTESIAN_POINT('',(47.771434563758,48.867072147651,24.55));
#8831 = CARTESIAN_POINT('',(47.771434563758,49.890331375839,24.55));
#8832 = ORIENTED_EDGE('',*,*,#8833,.T.);
#8833 = EDGE_CURVE('',#8826,#2306,#8834,.T.);
#8834 = LINE('',#8835,#8836);
#8835 = CARTESIAN_POINT('',(48.222944630872,48.31004614094,24.55));
#8836 = VECTOR('',#8837,1.);
#8837 = DIRECTION('',(0.,0.,1.));
#8838 = ORIENTED_EDGE('',*,*,#2327,.F.);
#8839 = ORIENTED_EDGE('',*,*,#8807,.F.);
#8840 = SURFACE_OF_LINEAR_EXTRUSION('',#8841,#8845);
#8841 = B_SPLINE_CURVE_WITH_KNOTS('',2,(#8842,#8843,#8844),
  .UNSPECIFIED.,.F.,.F.,(3,3),(0.,1.),.PIECEWISE_BEZIER_KNOTS.);
#8842 = CARTESIAN_POINT('',(48.222944630872,48.31004614094,24.55));
#8843 = CARTESIAN_POINT('',(47.771434563758,48.867072147651,24.55));
#8844 = CARTESIAN_POINT('',(47.771434563758,49.890331375839,24.55));
#8845 = VECTOR('',#8846,1.);
#8846 = DIRECTION('',(-0.,-0.,-1.));
#8847 = ADVANCED_FACE('',(#8848),#8866,.F.);
#8848 = FACE_BOUND('',#8849,.F.);
#8849 = EDGE_LOOP('',(#8850,#8858,#8864,#8865));
#8850 = ORIENTED_EDGE('',*,*,#8851,.F.);
#8851 = EDGE_CURVE('',#8852,#8826,#8854,.T.);
#8852 = VERTEX_POINT('',#8853);
#8853 = CARTESIAN_POINT('',(49.498573825503,47.753020134228,24.55));
#8854 = B_SPLINE_CURVE_WITH_KNOTS('',2,(#8855,#8856,#8857),
  .UNSPECIFIED.,.F.,.F.,(3,3),(0.,1.),.PIECEWISE_BEZIER_KNOTS.);
#8855 = CARTESIAN_POINT('',(49.498573825503,47.753020134228,24.55));
#8856 = CARTESIAN_POINT('',(48.674643456376,47.753020134228,24.55));
#8857 = CARTESIAN_POINT('',(48.222944630872,48.31004614094,24.55));
#8858 = ORIENTED_EDGE('',*,*,#8859,.T.);
#8859 = EDGE_CURVE('',#8852,#2284,#8860,.T.);
#8860 = LINE('',#8861,#8862);
#8861 = CARTESIAN_POINT('',(49.498573825503,47.753020134228,24.55));
#8862 = VECTOR('',#8863,1.);
#8863 = DIRECTION('',(0.,0.,1.));
#8864 = ORIENTED_EDGE('',*,*,#2305,.F.);
#8865 = ORIENTED_EDGE('',*,*,#8833,.F.);
#8866 = SURFACE_OF_LINEAR_EXTRUSION('',#8867,#8871);
#8867 = B_SPLINE_CURVE_WITH_KNOTS('',2,(#8868,#8869,#8870),
  .UNSPECIFIED.,.F.,.F.,(3,3),(0.,1.),.PIECEWISE_BEZIER_KNOTS.);
#8868 = CARTESIAN_POINT('',(49.498573825503,47.753020134228,24.55));
#8869 = CARTESIAN_POINT('',(48.674643456376,47.753020134228,24.55));
#8870 = CARTESIAN_POINT('',(48.222944630872,48.31004614094,24.55));
#8871 = VECTOR('',#8872,1.);
#8872 = DIRECTION('',(-0.,-0.,-1.));
#8873 = ADVANCED_FACE('',(#8874),#8892,.F.);
#8874 = FACE_BOUND('',#8875,.F.);
#8875 = EDGE_LOOP('',(#8876,#8884,#8890,#8891));
#8876 = ORIENTED_EDGE('',*,*,#8877,.F.);
#8877 = EDGE_CURVE('',#8878,#8852,#8880,.T.);
#8878 = VERTEX_POINT('',#8879);
#8879 = CARTESIAN_POINT('',(50.690583053691,48.162625838926,24.55));
#8880 = B_SPLINE_CURVE_WITH_KNOTS('',2,(#8881,#8882,#8883),
  .UNSPECIFIED.,.F.,.F.,(3,3),(0.,1.),.PIECEWISE_BEZIER_KNOTS.);
#8881 = CARTESIAN_POINT('',(50.690583053691,48.162625838926,24.55));
#8882 = CARTESIAN_POINT('',(50.24605704698,47.753020134228,24.55));
#8883 = CARTESIAN_POINT('',(49.498573825503,47.753020134228,24.55));
#8884 = ORIENTED_EDGE('',*,*,#8885,.T.);
#8885 = EDGE_CURVE('',#8878,#2265,#8886,.T.);
#8886 = LINE('',#8887,#8888);
#8887 = CARTESIAN_POINT('',(50.690583053691,48.162625838926,24.55));
#8888 = VECTOR('',#8889,1.);
#8889 = DIRECTION('',(0.,0.,1.));
#8890 = ORIENTED_EDGE('',*,*,#2283,.F.);
#8891 = ORIENTED_EDGE('',*,*,#8859,.F.);
#8892 = SURFACE_OF_LINEAR_EXTRUSION('',#8893,#8897);
#8893 = B_SPLINE_CURVE_WITH_KNOTS('',2,(#8894,#8895,#8896),
  .UNSPECIFIED.,.F.,.F.,(3,3),(0.,1.),.PIECEWISE_BEZIER_KNOTS.);
#8894 = CARTESIAN_POINT('',(50.690583053691,48.162625838926,24.55));
#8895 = CARTESIAN_POINT('',(50.24605704698,47.753020134228,24.55));
#8896 = CARTESIAN_POINT('',(49.498573825503,47.753020134228,24.55));
#8897 = VECTOR('',#8898,1.);
#8898 = DIRECTION('',(-0.,-0.,-1.));
#8899 = ADVANCED_FACE('',(#8900),#8918,.F.);
#8900 = FACE_BOUND('',#8901,.F.);
#8901 = EDGE_LOOP('',(#8902,#8910,#8916,#8917));
#8902 = ORIENTED_EDGE('',*,*,#8903,.F.);
#8903 = EDGE_CURVE('',#8904,#8878,#8906,.T.);
#8904 = VERTEX_POINT('',#8905);
#8905 = CARTESIAN_POINT('',(51.135109060403,49.252894295302,24.55));
#8906 = B_SPLINE_CURVE_WITH_KNOTS('',2,(#8907,#8908,#8909),
  .UNSPECIFIED.,.F.,.F.,(3,3),(0.,1.),.PIECEWISE_BEZIER_KNOTS.);
#8907 = CARTESIAN_POINT('',(51.135109060403,49.252894295302,24.55));
#8908 = CARTESIAN_POINT('',(51.135109060403,48.572420302013,24.55));
#8909 = CARTESIAN_POINT('',(50.690583053691,48.162625838926,24.55));
#8910 = ORIENTED_EDGE('',*,*,#8911,.T.);
#8911 = EDGE_CURVE('',#8904,#2248,#8912,.T.);
#8912 = LINE('',#8913,#8914);
#8913 = CARTESIAN_POINT('',(51.135109060403,49.252894295302,24.55));
#8914 = VECTOR('',#8915,1.);
#8915 = DIRECTION('',(0.,0.,1.));
#8916 = ORIENTED_EDGE('',*,*,#2264,.F.);
#8917 = ORIENTED_EDGE('',*,*,#8885,.F.);
#8918 = SURFACE_OF_LINEAR_EXTRUSION('',#8919,#8923);
#8919 = B_SPLINE_CURVE_WITH_KNOTS('',2,(#8920,#8921,#8922),
  .UNSPECIFIED.,.F.,.F.,(3,3),(0.,1.),.PIECEWISE_BEZIER_KNOTS.);
#8920 = CARTESIAN_POINT('',(51.135109060403,49.252894295302,24.55));
#8921 = CARTESIAN_POINT('',(51.135109060403,48.572420302013,24.55));
#8922 = CARTESIAN_POINT('',(50.690583053691,48.162625838926,24.55));
#8923 = VECTOR('',#8924,1.);
#8924 = DIRECTION('',(-0.,-0.,-1.));
#8925 = ADVANCED_FACE('',(#8926),#8944,.F.);
#8926 = FACE_BOUND('',#8927,.F.);
#8927 = EDGE_LOOP('',(#8928,#8936,#8942,#8943));
#8928 = ORIENTED_EDGE('',*,*,#8929,.F.);
#8929 = EDGE_CURVE('',#8930,#8904,#8932,.T.);
#8930 = VERTEX_POINT('',#8931);
#8931 = CARTESIAN_POINT('',(50.737206375839,50.248217281879,24.55));
#8932 = B_SPLINE_CURVE_WITH_KNOTS('',2,(#8933,#8934,#8935),
  .UNSPECIFIED.,.F.,.F.,(3,3),(0.,1.),.PIECEWISE_BEZIER_KNOTS.);
#8933 = CARTESIAN_POINT('',(50.737206375839,50.248217281879,24.55));
#8934 = CARTESIAN_POINT('',(51.135109060403,49.868246644295,24.55));
#8935 = CARTESIAN_POINT('',(51.135109060403,49.252894295302,24.55));
#8936 = ORIENTED_EDGE('',*,*,#8937,.T.);
#8937 = EDGE_CURVE('',#8930,#2231,#8938,.T.);
#8938 = LINE('',#8939,#8940);
#8939 = CARTESIAN_POINT('',(50.737206375839,50.248217281879,24.55));
#8940 = VECTOR('',#8941,1.);
#8941 = DIRECTION('',(0.,0.,1.));
#8942 = ORIENTED_EDGE('',*,*,#2247,.F.);
#8943 = ORIENTED_EDGE('',*,*,#8911,.F.);
#8944 = SURFACE_OF_LINEAR_EXTRUSION('',#8945,#8949);
#8945 = B_SPLINE_CURVE_WITH_KNOTS('',2,(#8946,#8947,#8948),
  .UNSPECIFIED.,.F.,.F.,(3,3),(0.,1.),.PIECEWISE_BEZIER_KNOTS.);
#8946 = CARTESIAN_POINT('',(50.737206375839,50.248217281879,24.55));
#8947 = CARTESIAN_POINT('',(51.135109060403,49.868246644295,24.55));
#8948 = CARTESIAN_POINT('',(51.135109060403,49.252894295302,24.55));
#8949 = VECTOR('',#8950,1.);
#8950 = DIRECTION('',(-0.,-0.,-1.));
#8951 = ADVANCED_FACE('',(#8952),#8970,.F.);
#8952 = FACE_BOUND('',#8953,.F.);
#8953 = EDGE_LOOP('',(#8954,#8962,#8968,#8969));
#8954 = ORIENTED_EDGE('',*,*,#8955,.F.);
#8955 = EDGE_CURVE('',#8956,#8930,#8958,.T.);
#8956 = VERTEX_POINT('',#8957);
#8957 = CARTESIAN_POINT('',(49.69110738255,50.628187919463,24.55));
#8958 = B_SPLINE_CURVE_WITH_KNOTS('',2,(#8959,#8960,#8961),
  .UNSPECIFIED.,.F.,.F.,(3,3),(0.,1.),.PIECEWISE_BEZIER_KNOTS.);
#8959 = CARTESIAN_POINT('',(49.69110738255,50.628187919463,24.55));
#8960 = CARTESIAN_POINT('',(50.339492449664,50.628187919463,24.55));
#8961 = CARTESIAN_POINT('',(50.737206375839,50.248217281879,24.55));
#8962 = ORIENTED_EDGE('',*,*,#8963,.T.);
#8963 = EDGE_CURVE('',#8956,#2220,#8964,.T.);
#8964 = LINE('',#8965,#8966);
#8965 = CARTESIAN_POINT('',(49.69110738255,50.628187919463,24.55));
#8966 = VECTOR('',#8967,1.);
#8967 = DIRECTION('',(0.,0.,1.));
#8968 = ORIENTED_EDGE('',*,*,#2230,.F.);
#8969 = ORIENTED_EDGE('',*,*,#8937,.F.);
#8970 = SURFACE_OF_LINEAR_EXTRUSION('',#8971,#8975);
#8971 = B_SPLINE_CURVE_WITH_KNOTS('',2,(#8972,#8973,#8974),
  .UNSPECIFIED.,.F.,.F.,(3,3),(0.,1.),.PIECEWISE_BEZIER_KNOTS.);
#8972 = CARTESIAN_POINT('',(49.69110738255,50.628187919463,24.55));
#8973 = CARTESIAN_POINT('',(50.339492449664,50.628187919463,24.55));
#8974 = CARTESIAN_POINT('',(50.737206375839,50.248217281879,24.55));
#8975 = VECTOR('',#8976,1.);
#8976 = DIRECTION('',(-0.,-0.,-1.));
#8977 = ADVANCED_FACE('',(#8978),#8996,.F.);
#8978 = FACE_BOUND('',#8979,.F.);
#8979 = EDGE_LOOP('',(#8980,#8988,#8994,#8995));
#8980 = ORIENTED_EDGE('',*,*,#8981,.F.);
#8981 = EDGE_CURVE('',#8982,#8956,#8984,.T.);
#8982 = VERTEX_POINT('',#8983);
#8983 = CARTESIAN_POINT('',(49.215436241611,50.558913590604,24.55));
#8984 = B_SPLINE_CURVE_WITH_KNOTS('',2,(#8985,#8986,#8987),
  .UNSPECIFIED.,.F.,.F.,(3,3),(0.,1.),.PIECEWISE_BEZIER_KNOTS.);
#8985 = CARTESIAN_POINT('',(49.215436241611,50.558913590604,24.55));
#8986 = CARTESIAN_POINT('',(49.433452181208,50.628187919463,24.55));
#8987 = CARTESIAN_POINT('',(49.69110738255,50.628187919463,24.55));
#8988 = ORIENTED_EDGE('',*,*,#8989,.T.);
#8989 = EDGE_CURVE('',#8982,#2207,#8990,.T.);
#8990 = LINE('',#8991,#8992);
#8991 = CARTESIAN_POINT('',(49.215436241611,50.558913590604,24.55));
#8992 = VECTOR('',#8993,1.);
#8993 = DIRECTION('',(0.,0.,1.));
#8994 = ORIENTED_EDGE('',*,*,#2219,.F.);
#8995 = ORIENTED_EDGE('',*,*,#8963,.F.);
#8996 = SURFACE_OF_LINEAR_EXTRUSION('',#8997,#9001);
#8997 = B_SPLINE_CURVE_WITH_KNOTS('',2,(#8998,#8999,#9000),
  .UNSPECIFIED.,.F.,.F.,(3,3),(0.,1.),.PIECEWISE_BEZIER_KNOTS.);
#8998 = CARTESIAN_POINT('',(49.215436241611,50.558913590604,24.55));
#8999 = CARTESIAN_POINT('',(49.433452181208,50.628187919463,24.55));
#9000 = CARTESIAN_POINT('',(49.69110738255,50.628187919463,24.55));
#9001 = VECTOR('',#9002,1.);
#9002 = DIRECTION('',(-0.,-0.,-1.));
#9003 = ADVANCED_FACE('',(#9004),#9022,.F.);
#9004 = FACE_BOUND('',#9005,.F.);
#9005 = EDGE_LOOP('',(#9006,#9014,#9020,#9021));
#9006 = ORIENTED_EDGE('',*,*,#9007,.F.);
#9007 = EDGE_CURVE('',#9008,#8982,#9010,.T.);
#9008 = VERTEX_POINT('',#9009);
#9009 = CARTESIAN_POINT('',(48.810549496644,50.351279362416,24.55));
#9010 = B_SPLINE_CURVE_WITH_KNOTS('',2,(#9011,#9012,#9013),
  .UNSPECIFIED.,.F.,.F.,(3,3),(0.,1.),.PIECEWISE_BEZIER_KNOTS.);
#9011 = CARTESIAN_POINT('',(48.810549496644,50.351279362416,24.55));
#9012 = CARTESIAN_POINT('',(48.997420302013,50.489828020134,24.55));
#9013 = CARTESIAN_POINT('',(49.215436241611,50.558913590604,24.55));
#9014 = ORIENTED_EDGE('',*,*,#9015,.T.);
#9015 = EDGE_CURVE('',#9008,#2190,#9016,.T.);
#9016 = LINE('',#9017,#9018);
#9017 = CARTESIAN_POINT('',(48.810549496644,50.351279362416,24.55));
#9018 = VECTOR('',#9019,1.);
#9019 = DIRECTION('',(0.,0.,1.));
#9020 = ORIENTED_EDGE('',*,*,#2206,.F.);
#9021 = ORIENTED_EDGE('',*,*,#8989,.F.);
#9022 = SURFACE_OF_LINEAR_EXTRUSION('',#9023,#9027);
#9023 = B_SPLINE_CURVE_WITH_KNOTS('',2,(#9024,#9025,#9026),
  .UNSPECIFIED.,.F.,.F.,(3,3),(0.,1.),.PIECEWISE_BEZIER_KNOTS.);
#9024 = CARTESIAN_POINT('',(48.810549496644,50.351279362416,24.55));
#9025 = CARTESIAN_POINT('',(48.997420302013,50.489828020134,24.55));
#9026 = CARTESIAN_POINT('',(49.215436241611,50.558913590604,24.55));
#9027 = VECTOR('',#9028,1.);
#9028 = DIRECTION('',(-0.,-0.,-1.));
#9029 = ADVANCED_FACE('',(#9030),#9048,.F.);
#9030 = FACE_BOUND('',#9031,.F.);
#9031 = EDGE_LOOP('',(#9032,#9040,#9046,#9047));
#9032 = ORIENTED_EDGE('',*,*,#9033,.F.);
#9033 = EDGE_CURVE('',#9034,#9008,#9036,.T.);
#9034 = VERTEX_POINT('',#9035);
#9035 = CARTESIAN_POINT('',(49.127663590604,51.154823825503,24.55));
#9036 = B_SPLINE_CURVE_WITH_KNOTS('',2,(#9037,#9038,#9039),
  .UNSPECIFIED.,.F.,.F.,(3,3),(0.,1.),.PIECEWISE_BEZIER_KNOTS.);
#9037 = CARTESIAN_POINT('',(49.127663590604,51.154823825503,24.55));
#9038 = CARTESIAN_POINT('',(48.855851510067,50.884144295302,24.55));
#9039 = CARTESIAN_POINT('',(48.810549496644,50.351279362416,24.55));
#9040 = ORIENTED_EDGE('',*,*,#9041,.T.);
#9041 = EDGE_CURVE('',#9034,#2173,#9042,.T.);
#9042 = LINE('',#9043,#9044);
#9043 = CARTESIAN_POINT('',(49.127663590604,51.154823825503,24.55));
#9044 = VECTOR('',#9045,1.);
#9045 = DIRECTION('',(0.,0.,1.));
#9046 = ORIENTED_EDGE('',*,*,#2189,.F.);
#9047 = ORIENTED_EDGE('',*,*,#9015,.F.);
#9048 = SURFACE_OF_LINEAR_EXTRUSION('',#9049,#9053);
#9049 = B_SPLINE_CURVE_WITH_KNOTS('',2,(#9050,#9051,#9052),
  .UNSPECIFIED.,.F.,.F.,(3,3),(0.,1.),.PIECEWISE_BEZIER_KNOTS.);
#9050 = CARTESIAN_POINT('',(49.127663590604,51.154823825503,24.55));
#9051 = CARTESIAN_POINT('',(48.855851510067,50.884144295302,24.55));
#9052 = CARTESIAN_POINT('',(48.810549496644,50.351279362416,24.55));
#9053 = VECTOR('',#9054,1.);
#9054 = DIRECTION('',(-0.,-0.,-1.));
#9055 = ADVANCED_FACE('',(#9056),#9074,.F.);
#9056 = FACE_BOUND('',#9057,.F.);
#9057 = EDGE_LOOP('',(#9058,#9066,#9072,#9073));
#9058 = ORIENTED_EDGE('',*,*,#9059,.F.);
#9059 = EDGE_CURVE('',#9060,#9034,#9062,.T.);
#9060 = VERTEX_POINT('',#9061);
#9061 = CARTESIAN_POINT('',(49.886472315436,51.425503355705,24.55));
#9062 = B_SPLINE_CURVE_WITH_KNOTS('',2,(#9063,#9064,#9065),
  .UNSPECIFIED.,.F.,.F.,(3,3),(0.,1.),.PIECEWISE_BEZIER_KNOTS.);
#9063 = CARTESIAN_POINT('',(49.886472315436,51.425503355705,24.55));
#9064 = CARTESIAN_POINT('',(49.399475671141,51.425503355705,24.55));
#9065 = CARTESIAN_POINT('',(49.127663590604,51.154823825503,24.55));
#9066 = ORIENTED_EDGE('',*,*,#9067,.T.);
#9067 = EDGE_CURVE('',#9060,#2162,#9068,.T.);
#9068 = LINE('',#9069,#9070);
#9069 = CARTESIAN_POINT('',(49.886472315436,51.425503355705,24.55));
#9070 = VECTOR('',#9071,1.);
#9071 = DIRECTION('',(0.,0.,1.));
#9072 = ORIENTED_EDGE('',*,*,#2172,.F.);
#9073 = ORIENTED_EDGE('',*,*,#9041,.F.);
#9074 = SURFACE_OF_LINEAR_EXTRUSION('',#9075,#9079);
#9075 = B_SPLINE_CURVE_WITH_KNOTS('',2,(#9076,#9077,#9078),
  .UNSPECIFIED.,.F.,.F.,(3,3),(0.,1.),.PIECEWISE_BEZIER_KNOTS.);
#9076 = CARTESIAN_POINT('',(49.886472315436,51.425503355705,24.55));
#9077 = CARTESIAN_POINT('',(49.399475671141,51.425503355705,24.55));
#9078 = CARTESIAN_POINT('',(49.127663590604,51.154823825503,24.55));
#9079 = VECTOR('',#9080,1.);
#9080 = DIRECTION('',(-0.,-0.,-1.));
#9081 = ADVANCED_FACE('',(#9082),#9100,.F.);
#9082 = FACE_BOUND('',#9083,.F.);
#9083 = EDGE_LOOP('',(#9084,#9092,#9098,#9099));
#9084 = ORIENTED_EDGE('',*,*,#9085,.F.);
#9085 = EDGE_CURVE('',#9086,#9060,#9088,.T.);
#9086 = VERTEX_POINT('',#9087);
#9087 = CARTESIAN_POINT('',(50.35081795302,51.363401845638,24.55));
#9088 = B_SPLINE_CURVE_WITH_KNOTS('',2,(#9089,#9090,#9091),
  .UNSPECIFIED.,.F.,.F.,(3,3),(0.,1.),.PIECEWISE_BEZIER_KNOTS.);
#9089 = CARTESIAN_POINT('',(50.35081795302,51.363401845638,24.55));
#9090 = CARTESIAN_POINT('',(50.11298238255,51.425503355705,24.55));
#9091 = CARTESIAN_POINT('',(49.886472315436,51.425503355705,24.55));
#9092 = ORIENTED_EDGE('',*,*,#9093,.T.);
#9093 = EDGE_CURVE('',#9086,#2151,#9094,.T.);
#9094 = LINE('',#9095,#9096);
#9095 = CARTESIAN_POINT('',(50.35081795302,51.363401845638,24.55));
#9096 = VECTOR('',#9097,1.);
#9097 = DIRECTION('',(0.,0.,1.));
#9098 = ORIENTED_EDGE('',*,*,#2161,.F.);
#9099 = ORIENTED_EDGE('',*,*,#9067,.F.);
#9100 = SURFACE_OF_LINEAR_EXTRUSION('',#9101,#9105);
#9101 = B_SPLINE_CURVE_WITH_KNOTS('',2,(#9102,#9103,#9104),
  .UNSPECIFIED.,.F.,.F.,(3,3),(0.,1.),.PIECEWISE_BEZIER_KNOTS.);
#9102 = CARTESIAN_POINT('',(50.35081795302,51.363401845638,24.55));
#9103 = CARTESIAN_POINT('',(50.11298238255,51.425503355705,24.55));
#9104 = CARTESIAN_POINT('',(49.886472315436,51.425503355705,24.55));
#9105 = VECTOR('',#9106,1.);
#9106 = DIRECTION('',(-0.,-0.,-1.));
#9107 = ADVANCED_FACE('',(#9108),#9119,.F.);
#9108 = FACE_BOUND('',#9109,.F.);
#9109 = EDGE_LOOP('',(#9110,#9116,#9117,#9118));
#9110 = ORIENTED_EDGE('',*,*,#9111,.F.);
#9111 = EDGE_CURVE('',#8693,#9086,#9112,.T.);
#9112 = B_SPLINE_CURVE_WITH_KNOTS('',2,(#9113,#9114,#9115),
  .UNSPECIFIED.,.F.,.F.,(3,3),(0.,1.),.PIECEWISE_BEZIER_KNOTS.);
#9113 = CARTESIAN_POINT('',(50.857634228188,51.171812080537,24.55));
#9114 = CARTESIAN_POINT('',(50.58865352349,51.30148909396,24.55));
#9115 = CARTESIAN_POINT('',(50.35081795302,51.363401845638,24.55));
#9116 = ORIENTED_EDGE('',*,*,#8707,.T.);
#9117 = ORIENTED_EDGE('',*,*,#2150,.F.);
#9118 = ORIENTED_EDGE('',*,*,#9093,.F.);
#9119 = SURFACE_OF_LINEAR_EXTRUSION('',#9120,#9124);
#9120 = B_SPLINE_CURVE_WITH_KNOTS('',2,(#9121,#9122,#9123),
  .UNSPECIFIED.,.F.,.F.,(3,3),(0.,1.),.PIECEWISE_BEZIER_KNOTS.);
#9121 = CARTESIAN_POINT('',(50.857634228188,51.171812080537,24.55));
#9122 = CARTESIAN_POINT('',(50.58865352349,51.30148909396,24.55));
#9123 = CARTESIAN_POINT('',(50.35081795302,51.363401845638,24.55));
#9124 = VECTOR('',#9125,1.);
#9125 = DIRECTION('',(-0.,-0.,-1.));
#9126 = ADVANCED_FACE('',(#9127),#9152,.F.);
#9127 = FACE_BOUND('',#9128,.F.);
#9128 = EDGE_LOOP('',(#9129,#9139,#9145,#9146));
#9129 = ORIENTED_EDGE('',*,*,#9130,.F.);
#9130 = EDGE_CURVE('',#9131,#9133,#9135,.T.);
#9131 = VERTEX_POINT('',#9132);
#9132 = CARTESIAN_POINT('',(52.66990352349,50.078712248322,24.55));
#9133 = VERTEX_POINT('',#9134);
#9134 = CARTESIAN_POINT('',(52.08947147651,50.436598154362,24.55));
#9135 = B_SPLINE_CURVE_WITH_KNOTS('',2,(#9136,#9137,#9138),
  .UNSPECIFIED.,.F.,.F.,(3,3),(0.,1.),.PIECEWISE_BEZIER_KNOTS.);
#9136 = CARTESIAN_POINT('',(52.66990352349,50.078712248322,24.55));
#9137 = CARTESIAN_POINT('',(52.284836409396,50.195176174497,24.55));
#9138 = CARTESIAN_POINT('',(52.08947147651,50.436598154362,24.55));
#9139 = ORIENTED_EDGE('',*,*,#9140,.T.);
#9140 = EDGE_CURVE('',#9131,#2422,#9141,.T.);
#9141 = LINE('',#9142,#9143);
#9142 = CARTESIAN_POINT('',(52.66990352349,50.078712248322,24.55));
#9143 = VECTOR('',#9144,1.);
#9144 = DIRECTION('',(0.,0.,1.));
#9145 = ORIENTED_EDGE('',*,*,#2419,.F.);
#9146 = ORIENTED_EDGE('',*,*,#9147,.F.);
#9147 = EDGE_CURVE('',#9133,#2420,#9148,.T.);
#9148 = LINE('',#9149,#9150);
#9149 = CARTESIAN_POINT('',(52.08947147651,50.436598154362,24.55));
#9150 = VECTOR('',#9151,1.);
#9151 = DIRECTION('',(0.,0.,1.));
#9152 = SURFACE_OF_LINEAR_EXTRUSION('',#9153,#9157);
#9153 = B_SPLINE_CURVE_WITH_KNOTS('',2,(#9154,#9155,#9156),
  .UNSPECIFIED.,.F.,.F.,(3,3),(0.,1.),.PIECEWISE_BEZIER_KNOTS.);
#9154 = CARTESIAN_POINT('',(52.66990352349,50.078712248322,24.55));
#9155 = CARTESIAN_POINT('',(52.284836409396,50.195176174497,24.55));
#9156 = CARTESIAN_POINT('',(52.08947147651,50.436598154362,24.55));
#9157 = VECTOR('',#9158,1.);
#9158 = DIRECTION('',(-0.,-0.,-1.));
#9159 = ADVANCED_FACE('',(#9160),#9178,.F.);
#9160 = FACE_BOUND('',#9161,.F.);
#9161 = EDGE_LOOP('',(#9162,#9170,#9176,#9177));
#9162 = ORIENTED_EDGE('',*,*,#9163,.F.);
#9163 = EDGE_CURVE('',#9164,#9131,#9166,.T.);
#9164 = VERTEX_POINT('',#9165);
#9165 = CARTESIAN_POINT('',(52.020008389262,49.693456375839,24.55));
#9166 = B_SPLINE_CURVE_WITH_KNOTS('',2,(#9167,#9168,#9169),
  .UNSPECIFIED.,.F.,.F.,(3,3),(0.,1.),.PIECEWISE_BEZIER_KNOTS.);
#9167 = CARTESIAN_POINT('',(52.020008389262,49.693456375839,24.55));
#9168 = CARTESIAN_POINT('',(52.239534395973,49.960171979866,24.55));
#9169 = CARTESIAN_POINT('',(52.66990352349,50.078712248322,24.55));
#9170 = ORIENTED_EDGE('',*,*,#9171,.T.);
#9171 = EDGE_CURVE('',#9164,#2658,#9172,.T.);
#9172 = LINE('',#9173,#9174);
#9173 = CARTESIAN_POINT('',(52.020008389262,49.693456375839,24.55));
#9174 = VECTOR('',#9175,1.);
#9175 = DIRECTION('',(0.,0.,1.));
#9176 = ORIENTED_EDGE('',*,*,#2674,.F.);
#9177 = ORIENTED_EDGE('',*,*,#9140,.F.);
#9178 = SURFACE_OF_LINEAR_EXTRUSION('',#9179,#9183);
#9179 = B_SPLINE_CURVE_WITH_KNOTS('',2,(#9180,#9181,#9182),
  .UNSPECIFIED.,.F.,.F.,(3,3),(0.,1.),.PIECEWISE_BEZIER_KNOTS.);
#9180 = CARTESIAN_POINT('',(52.020008389262,49.693456375839,24.55));
#9181 = CARTESIAN_POINT('',(52.239534395973,49.960171979866,24.55));
#9182 = CARTESIAN_POINT('',(52.66990352349,50.078712248322,24.55));
#9183 = VECTOR('',#9184,1.);
#9184 = DIRECTION('',(-0.,-0.,-1.));
#9185 = ADVANCED_FACE('',(#9186),#9204,.F.);
#9186 = FACE_BOUND('',#9187,.F.);
#9187 = EDGE_LOOP('',(#9188,#9196,#9202,#9203));
#9188 = ORIENTED_EDGE('',*,*,#9189,.F.);
#9189 = EDGE_CURVE('',#9190,#9164,#9192,.T.);
#9190 = VERTEX_POINT('',#9191);
#9191 = CARTESIAN_POINT('',(51.80067114094,49.020343959732,24.55));
#9192 = B_SPLINE_CURVE_WITH_KNOTS('',2,(#9193,#9194,#9195),
  .UNSPECIFIED.,.F.,.F.,(3,3),(0.,1.),.PIECEWISE_BEZIER_KNOTS.);
#9193 = CARTESIAN_POINT('',(51.80067114094,49.020343959732,24.55));
#9194 = CARTESIAN_POINT('',(51.80067114094,49.426740771812,24.55));
#9195 = CARTESIAN_POINT('',(52.020008389262,49.693456375839,24.55));
#9196 = ORIENTED_EDGE('',*,*,#9197,.T.);
#9197 = EDGE_CURVE('',#9190,#2639,#9198,.T.);
#9198 = LINE('',#9199,#9200);
#9199 = CARTESIAN_POINT('',(51.80067114094,49.020343959732,24.55));
#9200 = VECTOR('',#9201,1.);
#9201 = DIRECTION('',(0.,0.,1.));
#9202 = ORIENTED_EDGE('',*,*,#2657,.F.);
#9203 = ORIENTED_EDGE('',*,*,#9171,.F.);
#9204 = SURFACE_OF_LINEAR_EXTRUSION('',#9205,#9209);
#9205 = B_SPLINE_CURVE_WITH_KNOTS('',2,(#9206,#9207,#9208),
  .UNSPECIFIED.,.F.,.F.,(3,3),(0.,1.),.PIECEWISE_BEZIER_KNOTS.);
#9206 = CARTESIAN_POINT('',(51.80067114094,49.020343959732,24.55));
#9207 = CARTESIAN_POINT('',(51.80067114094,49.426740771812,24.55));
#9208 = CARTESIAN_POINT('',(52.020008389262,49.693456375839,24.55));
#9209 = VECTOR('',#9210,1.);
#9210 = DIRECTION('',(-0.,-0.,-1.));
#9211 = ADVANCED_FACE('',(#9212),#9230,.F.);
#9212 = FACE_BOUND('',#9213,.F.);
#9213 = EDGE_LOOP('',(#9214,#9222,#9228,#9229));
#9214 = ORIENTED_EDGE('',*,*,#9215,.F.);
#9215 = EDGE_CURVE('',#9216,#9190,#9218,.T.);
#9216 = VERTEX_POINT('',#9217);
#9217 = CARTESIAN_POINT('',(52.221036073825,48.073343120805,24.55));
#9218 = B_SPLINE_CURVE_WITH_KNOTS('',2,(#9219,#9220,#9221),
  .UNSPECIFIED.,.F.,.F.,(3,3),(0.,1.),.PIECEWISE_BEZIER_KNOTS.);
#9219 = CARTESIAN_POINT('',(52.221036073825,48.073343120805,24.55));
#9220 = CARTESIAN_POINT('',(51.80067114094,48.393666107383,24.55));
#9221 = CARTESIAN_POINT('',(51.80067114094,49.020343959732,24.55));
#9222 = ORIENTED_EDGE('',*,*,#9223,.T.);
#9223 = EDGE_CURVE('',#9216,#2622,#9224,.T.);
#9224 = LINE('',#9225,#9226);
#9225 = CARTESIAN_POINT('',(52.221036073825,48.073343120805,24.55));
#9226 = VECTOR('',#9227,1.);
#9227 = DIRECTION('',(0.,0.,1.));
#9228 = ORIENTED_EDGE('',*,*,#2638,.F.);
#9229 = ORIENTED_EDGE('',*,*,#9197,.F.);
#9230 = SURFACE_OF_LINEAR_EXTRUSION('',#9231,#9235);
#9231 = B_SPLINE_CURVE_WITH_KNOTS('',2,(#9232,#9233,#9234),
  .UNSPECIFIED.,.F.,.F.,(3,3),(0.,1.),.PIECEWISE_BEZIER_KNOTS.);
#9232 = CARTESIAN_POINT('',(52.221036073825,48.073343120805,24.55));
#9233 = CARTESIAN_POINT('',(51.80067114094,48.393666107383,24.55));
#9234 = CARTESIAN_POINT('',(51.80067114094,49.020343959732,24.55));
#9235 = VECTOR('',#9236,1.);
#9236 = DIRECTION('',(-0.,-0.,-1.));
#9237 = ADVANCED_FACE('',(#9238),#9256,.F.);
#9238 = FACE_BOUND('',#9239,.F.);
#9239 = EDGE_LOOP('',(#9240,#9248,#9254,#9255));
#9240 = ORIENTED_EDGE('',*,*,#9241,.F.);
#9241 = EDGE_CURVE('',#9242,#9216,#9244,.T.);
#9242 = VERTEX_POINT('',#9243);
#9243 = CARTESIAN_POINT('',(53.465520134228,47.753020134228,24.55));
#9244 = B_SPLINE_CURVE_WITH_KNOTS('',2,(#9245,#9246,#9247),
  .UNSPECIFIED.,.F.,.F.,(3,3),(0.,1.),.PIECEWISE_BEZIER_KNOTS.);
#9245 = CARTESIAN_POINT('',(53.465520134228,47.753020134228,24.55));
#9246 = CARTESIAN_POINT('',(52.641589765101,47.753020134228,24.55));
#9247 = CARTESIAN_POINT('',(52.221036073825,48.073343120805,24.55));
#9248 = ORIENTED_EDGE('',*,*,#9249,.T.);
#9249 = EDGE_CURVE('',#9242,#2605,#9250,.T.);
#9250 = LINE('',#9251,#9252);
#9251 = CARTESIAN_POINT('',(53.465520134228,47.753020134228,24.55));
#9252 = VECTOR('',#9253,1.);
#9253 = DIRECTION('',(0.,0.,1.));
#9254 = ORIENTED_EDGE('',*,*,#2621,.F.);
#9255 = ORIENTED_EDGE('',*,*,#9223,.F.);
#9256 = SURFACE_OF_LINEAR_EXTRUSION('',#9257,#9261);
#9257 = B_SPLINE_CURVE_WITH_KNOTS('',2,(#9258,#9259,#9260),
  .UNSPECIFIED.,.F.,.F.,(3,3),(0.,1.),.PIECEWISE_BEZIER_KNOTS.);
#9258 = CARTESIAN_POINT('',(53.465520134228,47.753020134228,24.55));
#9259 = CARTESIAN_POINT('',(52.641589765101,47.753020134228,24.55));
#9260 = CARTESIAN_POINT('',(52.221036073825,48.073343120805,24.55));
#9261 = VECTOR('',#9262,1.);
#9262 = DIRECTION('',(-0.,-0.,-1.));
#9263 = ADVANCED_FACE('',(#9264),#9282,.F.);
#9264 = FACE_BOUND('',#9265,.F.);
#9265 = EDGE_LOOP('',(#9266,#9274,#9280,#9281));
#9266 = ORIENTED_EDGE('',*,*,#9267,.F.);
#9267 = EDGE_CURVE('',#9268,#9242,#9270,.T.);
#9268 = VERTEX_POINT('',#9269);
#9269 = CARTESIAN_POINT('',(54.704152684564,48.073343120805,24.55));
#9270 = B_SPLINE_CURVE_WITH_KNOTS('',2,(#9271,#9272,#9273),
  .UNSPECIFIED.,.F.,.F.,(3,3),(0.,1.),.PIECEWISE_BEZIER_KNOTS.);
#9271 = CARTESIAN_POINT('',(54.704152684564,48.073343120805,24.55));
#9272 = CARTESIAN_POINT('',(54.286619127517,47.753020134228,24.55));
#9273 = CARTESIAN_POINT('',(53.465520134228,47.753020134228,24.55));
#9274 = ORIENTED_EDGE('',*,*,#9275,.T.);
#9275 = EDGE_CURVE('',#9268,#2586,#9276,.T.);
#9276 = LINE('',#9277,#9278);
#9277 = CARTESIAN_POINT('',(54.704152684564,48.073343120805,24.55));
#9278 = VECTOR('',#9279,1.);
#9279 = DIRECTION('',(0.,0.,1.));
#9280 = ORIENTED_EDGE('',*,*,#2604,.F.);
#9281 = ORIENTED_EDGE('',*,*,#9249,.F.);
#9282 = SURFACE_OF_LINEAR_EXTRUSION('',#9283,#9287);
#9283 = B_SPLINE_CURVE_WITH_KNOTS('',2,(#9284,#9285,#9286),
  .UNSPECIFIED.,.F.,.F.,(3,3),(0.,1.),.PIECEWISE_BEZIER_KNOTS.);
#9284 = CARTESIAN_POINT('',(54.704152684564,48.073343120805,24.55));
#9285 = CARTESIAN_POINT('',(54.286619127517,47.753020134228,24.55));
#9286 = CARTESIAN_POINT('',(53.465520134228,47.753020134228,24.55));
#9287 = VECTOR('',#9288,1.);
#9288 = DIRECTION('',(-0.,-0.,-1.));
#9289 = ADVANCED_FACE('',(#9290),#9308,.F.);
#9290 = FACE_BOUND('',#9291,.F.);
#9291 = EDGE_LOOP('',(#9292,#9300,#9306,#9307));
#9292 = ORIENTED_EDGE('',*,*,#9293,.F.);
#9293 = EDGE_CURVE('',#9294,#9268,#9296,.T.);
#9294 = VERTEX_POINT('',#9295);
#9295 = CARTESIAN_POINT('',(55.121875,49.020343959732,24.55));
#9296 = B_SPLINE_CURVE_WITH_KNOTS('',2,(#9297,#9298,#9299),
  .UNSPECIFIED.,.F.,.F.,(3,3),(0.,1.),.PIECEWISE_BEZIER_KNOTS.);
#9297 = CARTESIAN_POINT('',(55.121875,49.020343959732,24.55));
#9298 = CARTESIAN_POINT('',(55.121875,48.393666107383,24.55));
#9299 = CARTESIAN_POINT('',(54.704152684564,48.073343120805,24.55));
#9300 = ORIENTED_EDGE('',*,*,#9301,.T.);
#9301 = EDGE_CURVE('',#9294,#2569,#9302,.T.);
#9302 = LINE('',#9303,#9304);
#9303 = CARTESIAN_POINT('',(55.121875,49.020343959732,24.55));
#9304 = VECTOR('',#9305,1.);
#9305 = DIRECTION('',(0.,0.,1.));
#9306 = ORIENTED_EDGE('',*,*,#2585,.F.);
#9307 = ORIENTED_EDGE('',*,*,#9275,.F.);
#9308 = SURFACE_OF_LINEAR_EXTRUSION('',#9309,#9313);
#9309 = B_SPLINE_CURVE_WITH_KNOTS('',2,(#9310,#9311,#9312),
  .UNSPECIFIED.,.F.,.F.,(3,3),(0.,1.),.PIECEWISE_BEZIER_KNOTS.);
#9310 = CARTESIAN_POINT('',(55.121875,49.020343959732,24.55));
#9311 = CARTESIAN_POINT('',(55.121875,48.393666107383,24.55));
#9312 = CARTESIAN_POINT('',(54.704152684564,48.073343120805,24.55));
#9313 = VECTOR('',#9314,1.);
#9314 = DIRECTION('',(-0.,-0.,-1.));
#9315 = ADVANCED_FACE('',(#9316),#9334,.F.);
#9316 = FACE_BOUND('',#9317,.F.);
#9317 = EDGE_LOOP('',(#9318,#9326,#9332,#9333));
#9318 = ORIENTED_EDGE('',*,*,#9319,.F.);
#9319 = EDGE_CURVE('',#9320,#9294,#9322,.T.);
#9320 = VERTEX_POINT('',#9321);
#9321 = CARTESIAN_POINT('',(54.902348993289,49.693456375839,24.55));
#9322 = B_SPLINE_CURVE_WITH_KNOTS('',2,(#9323,#9324,#9325),
  .UNSPECIFIED.,.F.,.F.,(3,3),(0.,1.),.PIECEWISE_BEZIER_KNOTS.);
#9323 = CARTESIAN_POINT('',(54.902348993289,49.693456375839,24.55));
#9324 = CARTESIAN_POINT('',(55.121875,49.426740771812,24.55));
#9325 = CARTESIAN_POINT('',(55.121875,49.020343959732,24.55));
#9326 = ORIENTED_EDGE('',*,*,#9327,.T.);
#9327 = EDGE_CURVE('',#9320,#2554,#9328,.T.);
#9328 = LINE('',#9329,#9330);
#9329 = CARTESIAN_POINT('',(54.902348993289,49.693456375839,24.55));
#9330 = VECTOR('',#9331,1.);
#9331 = DIRECTION('',(0.,0.,1.));
#9332 = ORIENTED_EDGE('',*,*,#2568,.F.);
#9333 = ORIENTED_EDGE('',*,*,#9301,.F.);
#9334 = SURFACE_OF_LINEAR_EXTRUSION('',#9335,#9339);
#9335 = B_SPLINE_CURVE_WITH_KNOTS('',2,(#9336,#9337,#9338),
  .UNSPECIFIED.,.F.,.F.,(3,3),(0.,1.),.PIECEWISE_BEZIER_KNOTS.);
#9336 = CARTESIAN_POINT('',(54.902348993289,49.693456375839,24.55));
#9337 = CARTESIAN_POINT('',(55.121875,49.426740771812,24.55));
#9338 = CARTESIAN_POINT('',(55.121875,49.020343959732,24.55));
#9339 = VECTOR('',#9340,1.);
#9340 = DIRECTION('',(-0.,-0.,-1.));
#9341 = ADVANCED_FACE('',(#9342),#9360,.F.);
#9342 = FACE_BOUND('',#9343,.F.);
#9343 = EDGE_LOOP('',(#9344,#9352,#9358,#9359));
#9344 = ORIENTED_EDGE('',*,*,#9345,.F.);
#9345 = EDGE_CURVE('',#9346,#9320,#9348,.T.);
#9346 = VERTEX_POINT('',#9347);
#9347 = CARTESIAN_POINT('',(54.25264261745,50.078712248322,24.55));
#9348 = B_SPLINE_CURVE_WITH_KNOTS('',2,(#9349,#9350,#9351),
  .UNSPECIFIED.,.F.,.F.,(3,3),(0.,1.),.PIECEWISE_BEZIER_KNOTS.);
#9349 = CARTESIAN_POINT('',(54.25264261745,50.078712248322,24.55));
#9350 = CARTESIAN_POINT('',(54.683011744966,49.960171979866,24.55));
#9351 = CARTESIAN_POINT('',(54.902348993289,49.693456375839,24.55));
#9352 = ORIENTED_EDGE('',*,*,#9353,.T.);
#9353 = EDGE_CURVE('',#9346,#2539,#9354,.T.);
#9354 = LINE('',#9355,#9356);
#9355 = CARTESIAN_POINT('',(54.25264261745,50.078712248322,24.55));
#9356 = VECTOR('',#9357,1.);
#9357 = DIRECTION('',(0.,0.,1.));
#9358 = ORIENTED_EDGE('',*,*,#2553,.F.);
#9359 = ORIENTED_EDGE('',*,*,#9327,.F.);
#9360 = SURFACE_OF_LINEAR_EXTRUSION('',#9361,#9365);
#9361 = B_SPLINE_CURVE_WITH_KNOTS('',2,(#9362,#9363,#9364),
  .UNSPECIFIED.,.F.,.F.,(3,3),(0.,1.),.PIECEWISE_BEZIER_KNOTS.);
#9362 = CARTESIAN_POINT('',(54.25264261745,50.078712248322,24.55));
#9363 = CARTESIAN_POINT('',(54.683011744966,49.960171979866,24.55));
#9364 = CARTESIAN_POINT('',(54.902348993289,49.693456375839,24.55));
#9365 = VECTOR('',#9366,1.);
#9366 = DIRECTION('',(-0.,-0.,-1.));
#9367 = ADVANCED_FACE('',(#9368),#9386,.F.);
#9368 = FACE_BOUND('',#9369,.F.);
#9369 = EDGE_LOOP('',(#9370,#9378,#9384,#9385));
#9370 = ORIENTED_EDGE('',*,*,#9371,.F.);
#9371 = EDGE_CURVE('',#9372,#9346,#9374,.T.);
#9372 = VERTEX_POINT('',#9373);
#9373 = CARTESIAN_POINT('',(54.834395973154,50.436598154362,24.55));
#9374 = B_SPLINE_CURVE_WITH_KNOTS('',2,(#9375,#9376,#9377),
  .UNSPECIFIED.,.F.,.F.,(3,3),(0.,1.),.PIECEWISE_BEZIER_KNOTS.);
#9375 = CARTESIAN_POINT('',(54.834395973154,50.436598154362,24.55));
#9376 = CARTESIAN_POINT('',(54.637709731544,50.195176174497,24.55));
#9377 = CARTESIAN_POINT('',(54.25264261745,50.078712248322,24.55));
#9378 = ORIENTED_EDGE('',*,*,#9379,.T.);
#9379 = EDGE_CURVE('',#9372,#2524,#9380,.T.);
#9380 = LINE('',#9381,#9382);
#9381 = CARTESIAN_POINT('',(54.834395973154,50.436598154362,24.55));
#9382 = VECTOR('',#9383,1.);
#9383 = DIRECTION('',(0.,0.,1.));
#9384 = ORIENTED_EDGE('',*,*,#2538,.F.);
#9385 = ORIENTED_EDGE('',*,*,#9353,.F.);
#9386 = SURFACE_OF_LINEAR_EXTRUSION('',#9387,#9391);
#9387 = B_SPLINE_CURVE_WITH_KNOTS('',2,(#9388,#9389,#9390),
  .UNSPECIFIED.,.F.,.F.,(3,3),(0.,1.),.PIECEWISE_BEZIER_KNOTS.);
#9388 = CARTESIAN_POINT('',(54.834395973154,50.436598154362,24.55));
#9389 = CARTESIAN_POINT('',(54.637709731544,50.195176174497,24.55));
#9390 = CARTESIAN_POINT('',(54.25264261745,50.078712248322,24.55));
#9391 = VECTOR('',#9392,1.);
#9392 = DIRECTION('',(-0.,-0.,-1.));
#9393 = ADVANCED_FACE('',(#9394),#9412,.F.);
#9394 = FACE_BOUND('',#9395,.F.);
#9395 = EDGE_LOOP('',(#9396,#9404,#9410,#9411));
#9396 = ORIENTED_EDGE('',*,*,#9397,.F.);
#9397 = EDGE_CURVE('',#9398,#9372,#9400,.T.);
#9398 = VERTEX_POINT('',#9399);
#9399 = CARTESIAN_POINT('',(55.031270973154,51.038926174497,24.55));
#9400 = B_SPLINE_CURVE_WITH_KNOTS('',2,(#9401,#9402,#9403),
  .UNSPECIFIED.,.F.,.F.,(3,3),(0.,1.),.PIECEWISE_BEZIER_KNOTS.);
#9401 = CARTESIAN_POINT('',(55.031270973154,51.038926174497,24.55));
#9402 = CARTESIAN_POINT('',(55.031270973154,50.678020134228,24.55));
#9403 = CARTESIAN_POINT('',(54.834395973154,50.436598154362,24.55));
#9404 = ORIENTED_EDGE('',*,*,#9405,.T.);
#9405 = EDGE_CURVE('',#9398,#2505,#9406,.T.);
#9406 = LINE('',#9407,#9408);
#9407 = CARTESIAN_POINT('',(55.031270973154,51.038926174497,24.55));
#9408 = VECTOR('',#9409,1.);
#9409 = DIRECTION('',(0.,0.,1.));
#9410 = ORIENTED_EDGE('',*,*,#2523,.F.);
#9411 = ORIENTED_EDGE('',*,*,#9379,.F.);
#9412 = SURFACE_OF_LINEAR_EXTRUSION('',#9413,#9417);
#9413 = B_SPLINE_CURVE_WITH_KNOTS('',2,(#9414,#9415,#9416),
  .UNSPECIFIED.,.F.,.F.,(3,3),(0.,1.),.PIECEWISE_BEZIER_KNOTS.);
#9414 = CARTESIAN_POINT('',(55.031270973154,51.038926174497,24.55));
#9415 = CARTESIAN_POINT('',(55.031270973154,50.678020134228,24.55));
#9416 = CARTESIAN_POINT('',(54.834395973154,50.436598154362,24.55));
#9417 = VECTOR('',#9418,1.);
#9418 = DIRECTION('',(-0.,-0.,-1.));
#9419 = ADVANCED_FACE('',(#9420),#9438,.F.);
#9420 = FACE_BOUND('',#9421,.F.);
#9421 = EDGE_LOOP('',(#9422,#9430,#9436,#9437));
#9422 = ORIENTED_EDGE('',*,*,#9423,.F.);
#9423 = EDGE_CURVE('',#9424,#9398,#9426,.T.);
#9424 = VERTEX_POINT('',#9425);
#9425 = CARTESIAN_POINT('',(54.632046979866,51.858326342282,24.55));
#9426 = B_SPLINE_CURVE_WITH_KNOTS('',2,(#9427,#9428,#9429),
  .UNSPECIFIED.,.F.,.F.,(3,3),(0.,1.),.PIECEWISE_BEZIER_KNOTS.);
#9427 = CARTESIAN_POINT('',(54.632046979866,51.858326342282,24.55));
#9428 = CARTESIAN_POINT('',(55.031270973154,51.578586409396,24.55));
#9429 = CARTESIAN_POINT('',(55.031270973154,51.038926174497,24.55));
#9430 = ORIENTED_EDGE('',*,*,#9431,.T.);
#9431 = EDGE_CURVE('',#9424,#2488,#9432,.T.);
#9432 = LINE('',#9433,#9434);
#9433 = CARTESIAN_POINT('',(54.632046979866,51.858326342282,24.55));
#9434 = VECTOR('',#9435,1.);
#9435 = DIRECTION('',(0.,0.,1.));
#9436 = ORIENTED_EDGE('',*,*,#2504,.F.);
#9437 = ORIENTED_EDGE('',*,*,#9405,.F.);
#9438 = SURFACE_OF_LINEAR_EXTRUSION('',#9439,#9443);
#9439 = B_SPLINE_CURVE_WITH_KNOTS('',2,(#9440,#9441,#9442),
  .UNSPECIFIED.,.F.,.F.,(3,3),(0.,1.),.PIECEWISE_BEZIER_KNOTS.);
#9440 = CARTESIAN_POINT('',(54.632046979866,51.858326342282,24.55));
#9441 = CARTESIAN_POINT('',(55.031270973154,51.578586409396,24.55));
#9442 = CARTESIAN_POINT('',(55.031270973154,51.038926174497,24.55));
#9443 = VECTOR('',#9444,1.);
#9444 = DIRECTION('',(-0.,-0.,-1.));
#9445 = ADVANCED_FACE('',(#9446),#9464,.F.);
#9446 = FACE_BOUND('',#9447,.F.);
#9447 = EDGE_LOOP('',(#9448,#9456,#9462,#9463));
#9448 = ORIENTED_EDGE('',*,*,#9449,.F.);
#9449 = EDGE_CURVE('',#9450,#9424,#9452,.T.);
#9450 = VERTEX_POINT('',#9451);
#9451 = CARTESIAN_POINT('',(53.465520134228,52.138255033557,24.55));
#9452 = B_SPLINE_CURVE_WITH_KNOTS('',2,(#9453,#9454,#9455),
  .UNSPECIFIED.,.F.,.F.,(3,3),(0.,1.),.PIECEWISE_BEZIER_KNOTS.);
#9453 = CARTESIAN_POINT('',(53.465520134228,52.138255033557,24.55));
#9454 = CARTESIAN_POINT('',(54.232822986577,52.138255033557,24.55));
#9455 = CARTESIAN_POINT('',(54.632046979866,51.858326342282,24.55));
#9456 = ORIENTED_EDGE('',*,*,#9457,.T.);
#9457 = EDGE_CURVE('',#9450,#2471,#9458,.T.);
#9458 = LINE('',#9459,#9460);
#9459 = CARTESIAN_POINT('',(53.465520134228,52.138255033557,24.55));
#9460 = VECTOR('',#9461,1.);
#9461 = DIRECTION('',(0.,0.,1.));
#9462 = ORIENTED_EDGE('',*,*,#2487,.F.);
#9463 = ORIENTED_EDGE('',*,*,#9431,.F.);
#9464 = SURFACE_OF_LINEAR_EXTRUSION('',#9465,#9469);
#9465 = B_SPLINE_CURVE_WITH_KNOTS('',2,(#9466,#9467,#9468),
  .UNSPECIFIED.,.F.,.F.,(3,3),(0.,1.),.PIECEWISE_BEZIER_KNOTS.);
#9466 = CARTESIAN_POINT('',(53.465520134228,52.138255033557,24.55));
#9467 = CARTESIAN_POINT('',(54.232822986577,52.138255033557,24.55));
#9468 = CARTESIAN_POINT('',(54.632046979866,51.858326342282,24.55));
#9469 = VECTOR('',#9470,1.);
#9470 = DIRECTION('',(-0.,-0.,-1.));
#9471 = ADVANCED_FACE('',(#9472),#9490,.F.);
#9472 = FACE_BOUND('',#9473,.F.);
#9473 = EDGE_LOOP('',(#9474,#9482,#9488,#9489));
#9474 = ORIENTED_EDGE('',*,*,#9475,.F.);
#9475 = EDGE_CURVE('',#9476,#9450,#9478,.T.);
#9476 = VERTEX_POINT('',#9477);
#9477 = CARTESIAN_POINT('',(52.293330536913,51.857005033557,24.55));
#9478 = B_SPLINE_CURVE_WITH_KNOTS('',2,(#9479,#9480,#9481),
  .UNSPECIFIED.,.F.,.F.,(3,3),(0.,1.),.PIECEWISE_BEZIER_KNOTS.);
#9479 = CARTESIAN_POINT('',(52.293330536913,51.857005033557,24.55));
#9480 = CARTESIAN_POINT('',(52.692554530201,52.138255033557,24.55));
#9481 = CARTESIAN_POINT('',(53.465520134228,52.138255033557,24.55));
#9482 = ORIENTED_EDGE('',*,*,#9483,.T.);
#9483 = EDGE_CURVE('',#9476,#2452,#9484,.T.);
#9484 = LINE('',#9485,#9486);
#9485 = CARTESIAN_POINT('',(52.293330536913,51.857005033557,24.55));
#9486 = VECTOR('',#9487,1.);
#9487 = DIRECTION('',(0.,0.,1.));
#9488 = ORIENTED_EDGE('',*,*,#2470,.F.);
#9489 = ORIENTED_EDGE('',*,*,#9457,.F.);
#9490 = SURFACE_OF_LINEAR_EXTRUSION('',#9491,#9495);
#9491 = B_SPLINE_CURVE_WITH_KNOTS('',2,(#9492,#9493,#9494),
  .UNSPECIFIED.,.F.,.F.,(3,3),(0.,1.),.PIECEWISE_BEZIER_KNOTS.);
#9492 = CARTESIAN_POINT('',(52.293330536913,51.857005033557,24.55));
#9493 = CARTESIAN_POINT('',(52.692554530201,52.138255033557,24.55));
#9494 = CARTESIAN_POINT('',(53.465520134228,52.138255033557,24.55));
#9495 = VECTOR('',#9496,1.);
#9496 = DIRECTION('',(-0.,-0.,-1.));
#9497 = ADVANCED_FACE('',(#9498),#9516,.F.);
#9498 = FACE_BOUND('',#9499,.F.);
#9499 = EDGE_LOOP('',(#9500,#9508,#9514,#9515));
#9500 = ORIENTED_EDGE('',*,*,#9501,.F.);
#9501 = EDGE_CURVE('',#9502,#9476,#9504,.T.);
#9502 = VERTEX_POINT('',#9503);
#9503 = CARTESIAN_POINT('',(51.894106543624,51.038926174497,24.55));
#9504 = B_SPLINE_CURVE_WITH_KNOTS('',2,(#9505,#9506,#9507),
  .UNSPECIFIED.,.F.,.F.,(3,3),(0.,1.),.PIECEWISE_BEZIER_KNOTS.);
#9505 = CARTESIAN_POINT('',(51.894106543624,51.038926174497,24.55));
#9506 = CARTESIAN_POINT('',(51.894106543624,51.575755033557,24.55));
#9507 = CARTESIAN_POINT('',(52.293330536913,51.857005033557,24.55));
#9508 = ORIENTED_EDGE('',*,*,#9509,.T.);
#9509 = EDGE_CURVE('',#9502,#2437,#9510,.T.);
#9510 = LINE('',#9511,#9512);
#9511 = CARTESIAN_POINT('',(51.894106543624,51.038926174497,24.55));
#9512 = VECTOR('',#9513,1.);
#9513 = DIRECTION('',(0.,0.,1.));
#9514 = ORIENTED_EDGE('',*,*,#2451,.F.);
#9515 = ORIENTED_EDGE('',*,*,#9483,.F.);
#9516 = SURFACE_OF_LINEAR_EXTRUSION('',#9517,#9521);
#9517 = B_SPLINE_CURVE_WITH_KNOTS('',2,(#9518,#9519,#9520),
  .UNSPECIFIED.,.F.,.F.,(3,3),(0.,1.),.PIECEWISE_BEZIER_KNOTS.);
#9518 = CARTESIAN_POINT('',(51.894106543624,51.038926174497,24.55));
#9519 = CARTESIAN_POINT('',(51.894106543624,51.575755033557,24.55));
#9520 = CARTESIAN_POINT('',(52.293330536913,51.857005033557,24.55));
#9521 = VECTOR('',#9522,1.);
#9522 = DIRECTION('',(-0.,-0.,-1.));
#9523 = ADVANCED_FACE('',(#9524),#9535,.F.);
#9524 = FACE_BOUND('',#9525,.F.);
#9525 = EDGE_LOOP('',(#9526,#9532,#9533,#9534));
#9526 = ORIENTED_EDGE('',*,*,#9527,.F.);
#9527 = EDGE_CURVE('',#9133,#9502,#9528,.T.);
#9528 = B_SPLINE_CURVE_WITH_KNOTS('',2,(#9529,#9530,#9531),
  .UNSPECIFIED.,.F.,.F.,(3,3),(0.,1.),.PIECEWISE_BEZIER_KNOTS.);
#9529 = CARTESIAN_POINT('',(52.08947147651,50.436598154362,24.55));
#9530 = CARTESIAN_POINT('',(51.894106543624,50.678020134228,24.55));
#9531 = CARTESIAN_POINT('',(51.894106543624,51.038926174497,24.55));
#9532 = ORIENTED_EDGE('',*,*,#9147,.T.);
#9533 = ORIENTED_EDGE('',*,*,#2436,.F.);
#9534 = ORIENTED_EDGE('',*,*,#9509,.F.);
#9535 = SURFACE_OF_LINEAR_EXTRUSION('',#9536,#9540);
#9536 = B_SPLINE_CURVE_WITH_KNOTS('',2,(#9537,#9538,#9539),
  .UNSPECIFIED.,.F.,.F.,(3,3),(0.,1.),.PIECEWISE_BEZIER_KNOTS.);
#9537 = CARTESIAN_POINT('',(52.08947147651,50.436598154362,24.55));
#9538 = CARTESIAN_POINT('',(51.894106543624,50.678020134228,24.55));
#9539 = CARTESIAN_POINT('',(51.894106543624,51.038926174497,24.55));
#9540 = VECTOR('',#9541,1.);
#9541 = DIRECTION('',(-0.,-0.,-1.));
#9542 = ADVANCED_FACE('',(#9543),#9568,.F.);
#9543 = FACE_BOUND('',#9544,.F.);
#9544 = EDGE_LOOP('',(#9545,#9555,#9561,#9562));
#9545 = ORIENTED_EDGE('',*,*,#9546,.F.);
#9546 = EDGE_CURVE('',#9547,#9549,#9551,.T.);
#9547 = VERTEX_POINT('',#9548);
#9548 = CARTESIAN_POINT('',(56.073406040268,48.936912751678,24.55));
#9549 = VERTEX_POINT('',#9550);
#9550 = CARTESIAN_POINT('',(57.092701342282,48.936912751678,24.55));
#9551 = LINE('',#9552,#9553);
#9552 = CARTESIAN_POINT('',(56.073406040268,48.936912751678,24.55));
#9553 = VECTOR('',#9554,1.);
#9554 = DIRECTION('',(1.,0.,0.));
#9555 = ORIENTED_EDGE('',*,*,#9556,.T.);
#9556 = EDGE_CURVE('',#9547,#2692,#9557,.T.);
#9557 = LINE('',#9558,#9559);
#9558 = CARTESIAN_POINT('',(56.073406040268,48.936912751678,24.55));
#9559 = VECTOR('',#9560,1.);
#9560 = DIRECTION('',(0.,0.,1.));
#9561 = ORIENTED_EDGE('',*,*,#2689,.F.);
#9562 = ORIENTED_EDGE('',*,*,#9563,.F.);
#9563 = EDGE_CURVE('',#9549,#2690,#9564,.T.);
#9564 = LINE('',#9565,#9566);
#9565 = CARTESIAN_POINT('',(57.092701342282,48.936912751678,24.55));
#9566 = VECTOR('',#9567,1.);
#9567 = DIRECTION('',(0.,0.,1.));
#9568 = PLANE('',#9569);
#9569 = AXIS2_PLACEMENT_3D('',#9570,#9571,#9572);
#9570 = CARTESIAN_POINT('',(56.073406040268,48.936912751678,24.55));
#9571 = DIRECTION('',(0.,1.,0.));
#9572 = DIRECTION('',(1.,0.,0.));
#9573 = ADVANCED_FACE('',(#9574),#9592,.F.);
#9574 = FACE_BOUND('',#9575,.F.);
#9575 = EDGE_LOOP('',(#9576,#9584,#9590,#9591));
#9576 = ORIENTED_EDGE('',*,*,#9577,.F.);
#9577 = EDGE_CURVE('',#9578,#9547,#9580,.T.);
#9578 = VERTEX_POINT('',#9579);
#9579 = CARTESIAN_POINT('',(56.073406040268,47.837583892617,24.55));
#9580 = LINE('',#9581,#9582);
#9581 = CARTESIAN_POINT('',(56.073406040268,47.837583892617,24.55));
#9582 = VECTOR('',#9583,1.);
#9583 = DIRECTION('',(0.,1.,0.));
#9584 = ORIENTED_EDGE('',*,*,#9585,.T.);
#9585 = EDGE_CURVE('',#9578,#2708,#9586,.T.);
#9586 = LINE('',#9587,#9588);
#9587 = CARTESIAN_POINT('',(56.073406040268,47.837583892617,24.55));
#9588 = VECTOR('',#9589,1.);
#9589 = DIRECTION('',(0.,0.,1.));
#9590 = ORIENTED_EDGE('',*,*,#2715,.F.);
#9591 = ORIENTED_EDGE('',*,*,#9556,.F.);
#9592 = PLANE('',#9593);
#9593 = AXIS2_PLACEMENT_3D('',#9594,#9595,#9596);
#9594 = CARTESIAN_POINT('',(56.073406040268,47.837583892617,24.55));
#9595 = DIRECTION('',(-1.,0.,0.));
#9596 = DIRECTION('',(0.,1.,0.));
#9597 = ADVANCED_FACE('',(#9598),#9616,.F.);
#9598 = FACE_BOUND('',#9599,.F.);
#9599 = EDGE_LOOP('',(#9600,#9608,#9614,#9615));
#9600 = ORIENTED_EDGE('',*,*,#9601,.F.);
#9601 = EDGE_CURVE('',#9602,#9578,#9604,.T.);
#9602 = VERTEX_POINT('',#9603);
#9603 = CARTESIAN_POINT('',(57.092701342282,47.837583892617,24.55));
#9604 = LINE('',#9605,#9606);
#9605 = CARTESIAN_POINT('',(57.092701342282,47.837583892617,24.55));
#9606 = VECTOR('',#9607,1.);
#9607 = DIRECTION('',(-1.,0.,0.));
#9608 = ORIENTED_EDGE('',*,*,#9609,.T.);
#9609 = EDGE_CURVE('',#9602,#2700,#9610,.T.);
#9610 = LINE('',#9611,#9612);
#9611 = CARTESIAN_POINT('',(57.092701342282,47.837583892617,24.55));
#9612 = VECTOR('',#9613,1.);
#9613 = DIRECTION('',(0.,0.,1.));
#9614 = ORIENTED_EDGE('',*,*,#2707,.F.);
#9615 = ORIENTED_EDGE('',*,*,#9585,.F.);
#9616 = PLANE('',#9617);
#9617 = AXIS2_PLACEMENT_3D('',#9618,#9619,#9620);
#9618 = CARTESIAN_POINT('',(57.092701342282,47.837583892617,24.55));
#9619 = DIRECTION('',(0.,-1.,0.));
#9620 = DIRECTION('',(-1.,0.,0.));
#9621 = ADVANCED_FACE('',(#9622),#9633,.F.);
#9622 = FACE_BOUND('',#9623,.F.);
#9623 = EDGE_LOOP('',(#9624,#9630,#9631,#9632));
#9624 = ORIENTED_EDGE('',*,*,#9625,.F.);
#9625 = EDGE_CURVE('',#9549,#9602,#9626,.T.);
#9626 = LINE('',#9627,#9628);
#9627 = CARTESIAN_POINT('',(57.092701342282,48.936912751678,24.55));
#9628 = VECTOR('',#9629,1.);
#9629 = DIRECTION('',(0.,-1.,0.));
#9630 = ORIENTED_EDGE('',*,*,#9563,.T.);
#9631 = ORIENTED_EDGE('',*,*,#2699,.F.);
#9632 = ORIENTED_EDGE('',*,*,#9609,.F.);
#9633 = PLANE('',#9634);
#9634 = AXIS2_PLACEMENT_3D('',#9635,#9636,#9637);
#9635 = CARTESIAN_POINT('',(57.092701342282,48.936912751678,24.55));
#9636 = DIRECTION('',(1.,0.,-0.));
#9637 = DIRECTION('',(0.,-1.,0.));
#9638 = ADVANCED_FACE('',(#9639),#9664,.F.);
#9639 = FACE_BOUND('',#9640,.F.);
#9640 = EDGE_LOOP('',(#9641,#9651,#9657,#9658));
#9641 = ORIENTED_EDGE('',*,*,#9642,.F.);
#9642 = EDGE_CURVE('',#9643,#9645,#9647,.T.);
#9643 = VERTEX_POINT('',#9644);
#9644 = CARTESIAN_POINT('',(59.35081795302,48.634899328859,24.55));
#9645 = VERTEX_POINT('',#9646);
#9646 = CARTESIAN_POINT('',(61.211031879195,48.634899328859,24.55));
#9647 = LINE('',#9648,#9649);
#9648 = CARTESIAN_POINT('',(59.35081795302,48.634899328859,24.55));
#9649 = VECTOR('',#9650,1.);
#9650 = DIRECTION('',(1.,0.,0.));
#9651 = ORIENTED_EDGE('',*,*,#9652,.T.);
#9652 = EDGE_CURVE('',#9643,#2726,#9653,.T.);
#9653 = LINE('',#9654,#9655);
#9654 = CARTESIAN_POINT('',(59.35081795302,48.634899328859,24.55));
#9655 = VECTOR('',#9656,1.);
#9656 = DIRECTION('',(0.,0.,1.));
#9657 = ORIENTED_EDGE('',*,*,#2723,.F.);
#9658 = ORIENTED_EDGE('',*,*,#9659,.F.);
#9659 = EDGE_CURVE('',#9645,#2724,#9660,.T.);
#9660 = LINE('',#9661,#9662);
#9661 = CARTESIAN_POINT('',(61.211031879195,48.634899328859,24.55));
#9662 = VECTOR('',#9663,1.);
#9663 = DIRECTION('',(0.,0.,1.));
#9664 = PLANE('',#9665);
#9665 = AXIS2_PLACEMENT_3D('',#9666,#9667,#9668);
#9666 = CARTESIAN_POINT('',(59.35081795302,48.634899328859,24.55));
#9667 = DIRECTION('',(0.,1.,0.));
#9668 = DIRECTION('',(1.,0.,0.));
#9669 = ADVANCED_FACE('',(#9670),#9688,.F.);
#9670 = FACE_BOUND('',#9671,.F.);
#9671 = EDGE_LOOP('',(#9672,#9680,#9686,#9687));
#9672 = ORIENTED_EDGE('',*,*,#9673,.F.);
#9673 = EDGE_CURVE('',#9674,#9643,#9676,.T.);
#9674 = VERTEX_POINT('',#9675);
#9675 = CARTESIAN_POINT('',(60.254026845638,49.425985738255,24.55));
#9676 = LINE('',#9677,#9678);
#9677 = CARTESIAN_POINT('',(60.254026845638,49.425985738255,24.55));
#9678 = VECTOR('',#9679,1.);
#9679 = DIRECTION('',(-0.752255226589,-0.65887181915,0.));
#9680 = ORIENTED_EDGE('',*,*,#9681,.T.);
#9681 = EDGE_CURVE('',#9674,#2927,#9682,.T.);
#9682 = LINE('',#9683,#9684);
#9683 = CARTESIAN_POINT('',(60.254026845638,49.425985738255,24.55));
#9684 = VECTOR('',#9685,1.);
#9685 = DIRECTION('',(0.,0.,1.));
#9686 = ORIENTED_EDGE('',*,*,#2945,.F.);
#9687 = ORIENTED_EDGE('',*,*,#9652,.F.);
#9688 = PLANE('',#9689);
#9689 = AXIS2_PLACEMENT_3D('',#9690,#9691,#9692);
#9690 = CARTESIAN_POINT('',(60.254026845638,49.425985738255,24.55));
#9691 = DIRECTION('',(0.65887181915,-0.752255226589,0.));
#9692 = DIRECTION('',(-0.752255226589,-0.65887181915,0.));
#9693 = ADVANCED_FACE('',(#9694),#9712,.F.);
#9694 = FACE_BOUND('',#9695,.F.);
#9695 = EDGE_LOOP('',(#9696,#9704,#9710,#9711));
#9696 = ORIENTED_EDGE('',*,*,#9697,.F.);
#9697 = EDGE_CURVE('',#9698,#9674,#9700,.T.);
#9698 = VERTEX_POINT('',#9699);
#9699 = CARTESIAN_POINT('',(61.004341442953,50.226698825503,24.55));
#9700 = B_SPLINE_CURVE_WITH_KNOTS('',2,(#9701,#9702,#9703),
  .UNSPECIFIED.,.F.,.F.,(3,3),(0.,1.),.PIECEWISE_BEZIER_KNOTS.);
#9701 = CARTESIAN_POINT('',(61.004341442953,50.226698825503,24.55));
#9702 = CARTESIAN_POINT('',(60.825964765101,49.927705536913,24.55));
#9703 = CARTESIAN_POINT('',(60.254026845638,49.425985738255,24.55));
#9704 = ORIENTED_EDGE('',*,*,#9705,.T.);
#9705 = EDGE_CURVE('',#9698,#2912,#9706,.T.);
#9706 = LINE('',#9707,#9708);
#9707 = CARTESIAN_POINT('',(61.004341442953,50.226698825503,24.55));
#9708 = VECTOR('',#9709,1.);
#9709 = DIRECTION('',(0.,0.,1.));
#9710 = ORIENTED_EDGE('',*,*,#2926,.F.);
#9711 = ORIENTED_EDGE('',*,*,#9681,.F.);
#9712 = SURFACE_OF_LINEAR_EXTRUSION('',#9713,#9717);
#9713 = B_SPLINE_CURVE_WITH_KNOTS('',2,(#9714,#9715,#9716),
  .UNSPECIFIED.,.F.,.F.,(3,3),(0.,1.),.PIECEWISE_BEZIER_KNOTS.);
#9714 = CARTESIAN_POINT('',(61.004341442953,50.226698825503,24.55));
#9715 = CARTESIAN_POINT('',(60.825964765101,49.927705536913,24.55));
#9716 = CARTESIAN_POINT('',(60.254026845638,49.425985738255,24.55));
#9717 = VECTOR('',#9718,1.);
#9718 = DIRECTION('',(-0.,-0.,-1.));
#9719 = ADVANCED_FACE('',(#9720),#9738,.F.);
#9720 = FACE_BOUND('',#9721,.F.);
#9721 = EDGE_LOOP('',(#9722,#9730,#9736,#9737));
#9722 = ORIENTED_EDGE('',*,*,#9723,.F.);
#9723 = EDGE_CURVE('',#9724,#9698,#9726,.T.);
#9724 = VERTEX_POINT('',#9725);
#9725 = CARTESIAN_POINT('',(61.182718120805,50.871308724832,24.55));
#9726 = B_SPLINE_CURVE_WITH_KNOTS('',2,(#9727,#9728,#9729),
  .UNSPECIFIED.,.F.,.F.,(3,3),(0.,1.),.PIECEWISE_BEZIER_KNOTS.);
#9727 = CARTESIAN_POINT('',(61.182718120805,50.871308724832,24.55));
#9728 = CARTESIAN_POINT('',(61.182718120805,50.525692114094,24.55));
#9729 = CARTESIAN_POINT('',(61.004341442953,50.226698825503,24.55));
#9730 = ORIENTED_EDGE('',*,*,#9731,.T.);
#9731 = EDGE_CURVE('',#9724,#2893,#9732,.T.);
#9732 = LINE('',#9733,#9734);
#9733 = CARTESIAN_POINT('',(61.182718120805,50.871308724832,24.55));
#9734 = VECTOR('',#9735,1.);
#9735 = DIRECTION('',(0.,0.,1.));
#9736 = ORIENTED_EDGE('',*,*,#2911,.F.);
#9737 = ORIENTED_EDGE('',*,*,#9705,.F.);
#9738 = SURFACE_OF_LINEAR_EXTRUSION('',#9739,#9743);
#9739 = B_SPLINE_CURVE_WITH_KNOTS('',2,(#9740,#9741,#9742),
  .UNSPECIFIED.,.F.,.F.,(3,3),(0.,1.),.PIECEWISE_BEZIER_KNOTS.);
#9740 = CARTESIAN_POINT('',(61.182718120805,50.871308724832,24.55));
#9741 = CARTESIAN_POINT('',(61.182718120805,50.525692114094,24.55));
#9742 = CARTESIAN_POINT('',(61.004341442953,50.226698825503,24.55));
#9743 = VECTOR('',#9744,1.);
#9744 = DIRECTION('',(-0.,-0.,-1.));
#9745 = ADVANCED_FACE('',(#9746),#9764,.F.);
#9746 = FACE_BOUND('',#9747,.F.);
#9747 = EDGE_LOOP('',(#9748,#9756,#9762,#9763));
#9748 = ORIENTED_EDGE('',*,*,#9749,.F.);
#9749 = EDGE_CURVE('',#9750,#9724,#9752,.T.);
#9750 = VERTEX_POINT('',#9751);
#9751 = CARTESIAN_POINT('',(60.76216442953,51.803775167785,24.55));
#9752 = B_SPLINE_CURVE_WITH_KNOTS('',2,(#9753,#9754,#9755),
  .UNSPECIFIED.,.F.,.F.,(3,3),(0.,1.),.PIECEWISE_BEZIER_KNOTS.);
#9753 = CARTESIAN_POINT('',(60.76216442953,51.803775167785,24.55));
#9754 = CARTESIAN_POINT('',(61.182718120805,51.469484060403,24.55));
#9755 = CARTESIAN_POINT('',(61.182718120805,50.871308724832,24.55));
#9756 = ORIENTED_EDGE('',*,*,#9757,.T.);
#9757 = EDGE_CURVE('',#9750,#2876,#9758,.T.);
#9758 = LINE('',#9759,#9760);
#9759 = CARTESIAN_POINT('',(60.76216442953,51.803775167785,24.55));
#9760 = VECTOR('',#9761,1.);
#9761 = DIRECTION('',(0.,0.,1.));
#9762 = ORIENTED_EDGE('',*,*,#2892,.F.);
#9763 = ORIENTED_EDGE('',*,*,#9731,.F.);
#9764 = SURFACE_OF_LINEAR_EXTRUSION('',#9765,#9769);
#9765 = B_SPLINE_CURVE_WITH_KNOTS('',2,(#9766,#9767,#9768),
  .UNSPECIFIED.,.F.,.F.,(3,3),(0.,1.),.PIECEWISE_BEZIER_KNOTS.);
#9766 = CARTESIAN_POINT('',(60.76216442953,51.803775167785,24.55));
#9767 = CARTESIAN_POINT('',(61.182718120805,51.469484060403,24.55));
#9768 = CARTESIAN_POINT('',(61.182718120805,50.871308724832,24.55));
#9769 = VECTOR('',#9770,1.);
#9770 = DIRECTION('',(-0.,-0.,-1.));
#9771 = ADVANCED_FACE('',(#9772),#9790,.F.);
#9772 = FACE_BOUND('',#9773,.F.);
#9773 = EDGE_LOOP('',(#9774,#9782,#9788,#9789));
#9774 = ORIENTED_EDGE('',*,*,#9775,.F.);
#9775 = EDGE_CURVE('',#9776,#9750,#9778,.T.);
#9776 = VERTEX_POINT('',#9777);
#9777 = CARTESIAN_POINT('',(59.582990771812,52.138255033557,24.55));
#9778 = B_SPLINE_CURVE_WITH_KNOTS('',2,(#9779,#9780,#9781),
  .UNSPECIFIED.,.F.,.F.,(3,3),(0.,1.),.PIECEWISE_BEZIER_KNOTS.);
#9779 = CARTESIAN_POINT('',(59.582990771812,52.138255033557,24.55));
#9780 = CARTESIAN_POINT('',(60.341799496644,52.138255033557,24.55));
#9781 = CARTESIAN_POINT('',(60.76216442953,51.803775167785,24.55));
#9782 = ORIENTED_EDGE('',*,*,#9783,.T.);
#9783 = EDGE_CURVE('',#9776,#2865,#9784,.T.);
#9784 = LINE('',#9785,#9786);
#9785 = CARTESIAN_POINT('',(59.582990771812,52.138255033557,24.55));
#9786 = VECTOR('',#9787,1.);
#9787 = DIRECTION('',(0.,0.,1.));
#9788 = ORIENTED_EDGE('',*,*,#2875,.F.);
#9789 = ORIENTED_EDGE('',*,*,#9757,.F.);
#9790 = SURFACE_OF_LINEAR_EXTRUSION('',#9791,#9795);
#9791 = B_SPLINE_CURVE_WITH_KNOTS('',2,(#9792,#9793,#9794),
  .UNSPECIFIED.,.F.,.F.,(3,3),(0.,1.),.PIECEWISE_BEZIER_KNOTS.);
#9792 = CARTESIAN_POINT('',(59.582990771812,52.138255033557,24.55));
#9793 = CARTESIAN_POINT('',(60.341799496644,52.138255033557,24.55));
#9794 = CARTESIAN_POINT('',(60.76216442953,51.803775167785,24.55));
#9795 = VECTOR('',#9796,1.);
#9796 = DIRECTION('',(-0.,-0.,-1.));
#9797 = ADVANCED_FACE('',(#9798),#9816,.F.);
#9798 = FACE_BOUND('',#9799,.F.);
#9799 = EDGE_LOOP('',(#9800,#9808,#9814,#9815));
#9800 = ORIENTED_EDGE('',*,*,#9801,.F.);
#9801 = EDGE_CURVE('',#9802,#9776,#9804,.T.);
#9802 = VERTEX_POINT('',#9803);
#9803 = CARTESIAN_POINT('',(58.877978187919,52.073322147651,24.55));
#9804 = B_SPLINE_CURVE_WITH_KNOTS('',2,(#9805,#9806,#9807),
  .UNSPECIFIED.,.F.,.F.,(3,3),(0.,1.),.PIECEWISE_BEZIER_KNOTS.);
#9805 = CARTESIAN_POINT('',(58.877978187919,52.073322147651,24.55));
#9806 = CARTESIAN_POINT('',(59.237562919463,52.138255033557,24.55));
#9807 = CARTESIAN_POINT('',(59.582990771812,52.138255033557,24.55));
#9808 = ORIENTED_EDGE('',*,*,#9809,.T.);
#9809 = EDGE_CURVE('',#9802,#2854,#9810,.T.);
#9810 = LINE('',#9811,#9812);
#9811 = CARTESIAN_POINT('',(58.877978187919,52.073322147651,24.55));
#9812 = VECTOR('',#9813,1.);
#9813 = DIRECTION('',(0.,0.,1.));
#9814 = ORIENTED_EDGE('',*,*,#2864,.F.);
#9815 = ORIENTED_EDGE('',*,*,#9783,.F.);
#9816 = SURFACE_OF_LINEAR_EXTRUSION('',#9817,#9821);
#9817 = B_SPLINE_CURVE_WITH_KNOTS('',2,(#9818,#9819,#9820),
  .UNSPECIFIED.,.F.,.F.,(3,3),(0.,1.),.PIECEWISE_BEZIER_KNOTS.);
#9818 = CARTESIAN_POINT('',(58.877978187919,52.073322147651,24.55));
#9819 = CARTESIAN_POINT('',(59.237562919463,52.138255033557,24.55));
#9820 = CARTESIAN_POINT('',(59.582990771812,52.138255033557,24.55));
#9821 = VECTOR('',#9822,1.);
#9822 = DIRECTION('',(-0.,-0.,-1.));
#9823 = ADVANCED_FACE('',(#9824),#9842,.F.);
#9824 = FACE_BOUND('',#9825,.F.);
#9825 = EDGE_LOOP('',(#9826,#9834,#9840,#9841));
#9826 = ORIENTED_EDGE('',*,*,#9827,.F.);
#9827 = EDGE_CURVE('',#9828,#9802,#9830,.T.);
#9828 = VERTEX_POINT('',#9829);
#9829 = CARTESIAN_POINT('',(58.150314597315,51.884563758389,24.55));
#9830 = B_SPLINE_CURVE_WITH_KNOTS('',2,(#9831,#9832,#9833),
  .UNSPECIFIED.,.F.,.F.,(3,3),(0.,1.),.PIECEWISE_BEZIER_KNOTS.);
#9831 = CARTESIAN_POINT('',(58.150314597315,51.884563758389,24.55));
#9832 = CARTESIAN_POINT('',(58.518393456376,52.008578020134,24.55));
#9833 = CARTESIAN_POINT('',(58.877978187919,52.073322147651,24.55));
#9834 = ORIENTED_EDGE('',*,*,#9835,.T.);
#9835 = EDGE_CURVE('',#9828,#2846,#9836,.T.);
#9836 = LINE('',#9837,#9838);
#9837 = CARTESIAN_POINT('',(58.150314597315,51.884563758389,24.55));
#9838 = VECTOR('',#9839,1.);
#9839 = DIRECTION('',(0.,0.,1.));
#9840 = ORIENTED_EDGE('',*,*,#2853,.F.);
#9841 = ORIENTED_EDGE('',*,*,#9809,.F.);
#9842 = SURFACE_OF_LINEAR_EXTRUSION('',#9843,#9847);
#9843 = B_SPLINE_CURVE_WITH_KNOTS('',2,(#9844,#9845,#9846),
  .UNSPECIFIED.,.F.,.F.,(3,3),(0.,1.),.PIECEWISE_BEZIER_KNOTS.);
#9844 = CARTESIAN_POINT('',(58.150314597315,51.884563758389,24.55));
#9845 = CARTESIAN_POINT('',(58.518393456376,52.008578020134,24.55));
#9846 = CARTESIAN_POINT('',(58.877978187919,52.073322147651,24.55));
#9847 = VECTOR('',#9848,1.);
#9848 = DIRECTION('',(-0.,-0.,-1.));
#9849 = ADVANCED_FACE('',(#9850),#9868,.F.);
#9850 = FACE_BOUND('',#9851,.F.);
#9851 = EDGE_LOOP('',(#9852,#9860,#9866,#9867));
#9852 = ORIENTED_EDGE('',*,*,#9853,.F.);
#9853 = EDGE_CURVE('',#9854,#9828,#9856,.T.);
#9854 = VERTEX_POINT('',#9855);
#9855 = CARTESIAN_POINT('',(58.150314597315,50.954362416107,24.55));
#9856 = LINE('',#9857,#9858);
#9857 = CARTESIAN_POINT('',(58.150314597315,50.954362416107,24.55));
#9858 = VECTOR('',#9859,1.);
#9859 = DIRECTION('',(0.,1.,0.));
#9860 = ORIENTED_EDGE('',*,*,#9861,.T.);
#9861 = EDGE_CURVE('',#9854,#2835,#9862,.T.);
#9862 = LINE('',#9863,#9864);
#9863 = CARTESIAN_POINT('',(58.150314597315,50.954362416107,24.55));
#9864 = VECTOR('',#9865,1.);
#9865 = DIRECTION('',(0.,0.,1.));
#9866 = ORIENTED_EDGE('',*,*,#2845,.F.);
#9867 = ORIENTED_EDGE('',*,*,#9835,.F.);
#9868 = PLANE('',#9869);
#9869 = AXIS2_PLACEMENT_3D('',#9870,#9871,#9872);
#9870 = CARTESIAN_POINT('',(58.150314597315,50.954362416107,24.55));
#9871 = DIRECTION('',(-1.,0.,0.));
#9872 = DIRECTION('',(0.,1.,0.));
#9873 = ADVANCED_FACE('',(#9874),#9892,.F.);
#9874 = FACE_BOUND('',#9875,.F.);
#9875 = EDGE_LOOP('',(#9876,#9884,#9890,#9891));
#9876 = ORIENTED_EDGE('',*,*,#9877,.F.);
#9877 = EDGE_CURVE('',#9878,#9854,#9880,.T.);
#9878 = VERTEX_POINT('',#9879);
#9879 = CARTESIAN_POINT('',(58.79869966443,51.279781879195,24.55));
#9880 = B_SPLINE_CURVE_WITH_KNOTS('',2,(#9881,#9882,#9883),
  .UNSPECIFIED.,.F.,.F.,(3,3),(0.,1.),.PIECEWISE_BEZIER_KNOTS.);
#9881 = CARTESIAN_POINT('',(58.79869966443,51.279781879195,24.55));
#9882 = CARTESIAN_POINT('',(58.495742449664,51.170302013423,24.55));
#9883 = CARTESIAN_POINT('',(58.150314597315,50.954362416107,24.55));
#9884 = ORIENTED_EDGE('',*,*,#9885,.T.);
#9885 = EDGE_CURVE('',#9878,#2824,#9886,.T.);
#9886 = LINE('',#9887,#9888);
#9887 = CARTESIAN_POINT('',(58.79869966443,51.279781879195,24.55));
#9888 = VECTOR('',#9889,1.);
#9889 = DIRECTION('',(0.,0.,1.));
#9890 = ORIENTED_EDGE('',*,*,#2834,.F.);
#9891 = ORIENTED_EDGE('',*,*,#9861,.F.);
#9892 = SURFACE_OF_LINEAR_EXTRUSION('',#9893,#9897);
#9893 = B_SPLINE_CURVE_WITH_KNOTS('',2,(#9894,#9895,#9896),
  .UNSPECIFIED.,.F.,.F.,(3,3),(0.,1.),.PIECEWISE_BEZIER_KNOTS.);
#9894 = CARTESIAN_POINT('',(58.79869966443,51.279781879195,24.55));
#9895 = CARTESIAN_POINT('',(58.495742449664,51.170302013423,24.55));
#9896 = CARTESIAN_POINT('',(58.150314597315,50.954362416107,24.55));
#9897 = VECTOR('',#9898,1.);
#9898 = DIRECTION('',(-0.,-0.,-1.));
#9899 = ADVANCED_FACE('',(#9900),#9918,.F.);
#9900 = FACE_BOUND('',#9901,.F.);
#9901 = EDGE_LOOP('',(#9902,#9910,#9916,#9917));
#9902 = ORIENTED_EDGE('',*,*,#9903,.F.);
#9903 = EDGE_CURVE('',#9904,#9878,#9906,.T.);
#9904 = VERTEX_POINT('',#9905);
#9905 = CARTESIAN_POINT('',(59.356480704698,51.389261744966,24.55));
#9906 = B_SPLINE_CURVE_WITH_KNOTS('',2,(#9907,#9908,#9909),
  .UNSPECIFIED.,.F.,.F.,(3,3),(0.,1.),.PIECEWISE_BEZIER_KNOTS.);
#9907 = CARTESIAN_POINT('',(59.356480704698,51.389261744966,24.55));
#9908 = CARTESIAN_POINT('',(59.101656879195,51.389261744966,24.55));
#9909 = CARTESIAN_POINT('',(58.79869966443,51.279781879195,24.55));
#9910 = ORIENTED_EDGE('',*,*,#9911,.T.);
#9911 = EDGE_CURVE('',#9904,#2807,#9912,.T.);
#9912 = LINE('',#9913,#9914);
#9913 = CARTESIAN_POINT('',(59.356480704698,51.389261744966,24.55));
#9914 = VECTOR('',#9915,1.);
#9915 = DIRECTION('',(0.,0.,1.));
#9916 = ORIENTED_EDGE('',*,*,#2823,.F.);
#9917 = ORIENTED_EDGE('',*,*,#9885,.F.);
#9918 = SURFACE_OF_LINEAR_EXTRUSION('',#9919,#9923);
#9919 = B_SPLINE_CURVE_WITH_KNOTS('',2,(#9920,#9921,#9922),
  .UNSPECIFIED.,.F.,.F.,(3,3),(0.,1.),.PIECEWISE_BEZIER_KNOTS.);
#9920 = CARTESIAN_POINT('',(59.356480704698,51.389261744966,24.55));
#9921 = CARTESIAN_POINT('',(59.101656879195,51.389261744966,24.55));
#9922 = CARTESIAN_POINT('',(58.79869966443,51.279781879195,24.55));
#9923 = VECTOR('',#9924,1.);
#9924 = DIRECTION('',(-0.,-0.,-1.));
#9925 = ADVANCED_FACE('',(#9926),#9944,.F.);
#9926 = FACE_BOUND('',#9927,.F.);
#9927 = EDGE_LOOP('',(#9928,#9936,#9942,#9943));
#9928 = ORIENTED_EDGE('',*,*,#9929,.F.);
#9929 = EDGE_CURVE('',#9930,#9904,#9932,.T.);
#9930 = VERTEX_POINT('',#9931);
#9931 = CARTESIAN_POINT('',(59.887269295302,51.208053691275,24.55));
#9932 = B_SPLINE_CURVE_WITH_KNOTS('',2,(#9933,#9934,#9935),
  .UNSPECIFIED.,.F.,.F.,(3,3),(0.,1.),.PIECEWISE_BEZIER_KNOTS.);
#9933 = CARTESIAN_POINT('',(59.887269295302,51.208053691275,24.55));
#9934 = CARTESIAN_POINT('',(59.687751677852,51.389261744966,24.55));
#9935 = CARTESIAN_POINT('',(59.356480704698,51.389261744966,24.55));
#9936 = ORIENTED_EDGE('',*,*,#9937,.T.);
#9937 = EDGE_CURVE('',#9930,#2792,#9938,.T.);
#9938 = LINE('',#9939,#9940);
#9939 = CARTESIAN_POINT('',(59.887269295302,51.208053691275,24.55));
#9940 = VECTOR('',#9941,1.);
#9941 = DIRECTION('',(0.,0.,1.));
#9942 = ORIENTED_EDGE('',*,*,#2806,.F.);
#9943 = ORIENTED_EDGE('',*,*,#9911,.F.);
#9944 = SURFACE_OF_LINEAR_EXTRUSION('',#9945,#9949);
#9945 = B_SPLINE_CURVE_WITH_KNOTS('',2,(#9946,#9947,#9948),
  .UNSPECIFIED.,.F.,.F.,(3,3),(0.,1.),.PIECEWISE_BEZIER_KNOTS.);
#9946 = CARTESIAN_POINT('',(59.887269295302,51.208053691275,24.55));
#9947 = CARTESIAN_POINT('',(59.687751677852,51.389261744966,24.55));
#9948 = CARTESIAN_POINT('',(59.356480704698,51.389261744966,24.55));
#9949 = VECTOR('',#9950,1.);
#9950 = DIRECTION('',(-0.,-0.,-1.));
#9951 = ADVANCED_FACE('',(#9952),#9970,.F.);
#9952 = FACE_BOUND('',#9953,.F.);
#9953 = EDGE_LOOP('',(#9954,#9962,#9968,#9969));
#9954 = ORIENTED_EDGE('',*,*,#9955,.F.);
#9955 = EDGE_CURVE('',#9956,#9930,#9958,.T.);
#9956 = VERTEX_POINT('',#9957);
#9957 = CARTESIAN_POINT('',(60.086975671141,50.729739932886,24.55));
#9958 = B_SPLINE_CURVE_WITH_KNOTS('',2,(#9959,#9960,#9961),
  .UNSPECIFIED.,.F.,.F.,(3,3),(0.,1.),.PIECEWISE_BEZIER_KNOTS.);
#9959 = CARTESIAN_POINT('',(60.086975671141,50.729739932886,24.55));
#9960 = CARTESIAN_POINT('',(60.086975671141,51.027034395973,24.55));
#9961 = CARTESIAN_POINT('',(59.887269295302,51.208053691275,24.55));
#9962 = ORIENTED_EDGE('',*,*,#9963,.T.);
#9963 = EDGE_CURVE('',#9956,#2777,#9964,.T.);
#9964 = LINE('',#9965,#9966);
#9965 = CARTESIAN_POINT('',(60.086975671141,50.729739932886,24.55));
#9966 = VECTOR('',#9967,1.);
#9967 = DIRECTION('',(0.,0.,1.));
#9968 = ORIENTED_EDGE('',*,*,#2791,.F.);
#9969 = ORIENTED_EDGE('',*,*,#9937,.F.);
#9970 = SURFACE_OF_LINEAR_EXTRUSION('',#9971,#9975);
#9971 = B_SPLINE_CURVE_WITH_KNOTS('',2,(#9972,#9973,#9974),
  .UNSPECIFIED.,.F.,.F.,(3,3),(0.,1.),.PIECEWISE_BEZIER_KNOTS.);
#9972 = CARTESIAN_POINT('',(60.086975671141,50.729739932886,24.55));
#9973 = CARTESIAN_POINT('',(60.086975671141,51.027034395973,24.55));
#9974 = CARTESIAN_POINT('',(59.887269295302,51.208053691275,24.55));
#9975 = VECTOR('',#9976,1.);
#9976 = DIRECTION('',(-0.,-0.,-1.));
#9977 = ADVANCED_FACE('',(#9978),#9996,.F.);
#9978 = FACE_BOUND('',#9979,.F.);
#9979 = EDGE_LOOP('',(#9980,#9988,#9994,#9995));
#9980 = ORIENTED_EDGE('',*,*,#9981,.F.);
#9981 = EDGE_CURVE('',#9982,#9956,#9984,.T.);
#9982 = VERTEX_POINT('',#9983);
#9983 = CARTESIAN_POINT('',(59.987877516779,50.358829697987,24.55));
#9984 = B_SPLINE_CURVE_WITH_KNOTS('',2,(#9985,#9986,#9987),
  .UNSPECIFIED.,.F.,.F.,(3,3),(0.,1.),.PIECEWISE_BEZIER_KNOTS.);
#9985 = CARTESIAN_POINT('',(59.987877516779,50.358829697987,24.55));
#9986 = CARTESIAN_POINT('',(60.086975671141,50.537206375839,24.55));
#9987 = CARTESIAN_POINT('',(60.086975671141,50.729739932886,24.55));
#9988 = ORIENTED_EDGE('',*,*,#9989,.T.);
#9989 = EDGE_CURVE('',#9982,#2766,#9990,.T.);
#9990 = LINE('',#9991,#9992);
#9991 = CARTESIAN_POINT('',(59.987877516779,50.358829697987,24.55));
#9992 = VECTOR('',#9993,1.);
#9993 = DIRECTION('',(0.,0.,1.));
#9994 = ORIENTED_EDGE('',*,*,#2776,.F.);
#9995 = ORIENTED_EDGE('',*,*,#9963,.F.);
#9996 = SURFACE_OF_LINEAR_EXTRUSION('',#9997,#10001);
#9997 = B_SPLINE_CURVE_WITH_KNOTS('',2,(#9998,#9999,#10000),
  .UNSPECIFIED.,.F.,.F.,(3,3),(0.,1.),.PIECEWISE_BEZIER_KNOTS.);
#9998 = CARTESIAN_POINT('',(59.987877516779,50.358829697987,24.55));
#9999 = CARTESIAN_POINT('',(60.086975671141,50.537206375839,24.55));
#10000 = CARTESIAN_POINT('',(60.086975671141,50.729739932886,24.55));
#10001 = VECTOR('',#10002,1.);
#10002 = DIRECTION('',(-0.,-0.,-1.));
#10003 = ADVANCED_FACE('',(#10004),#10022,.F.);
#10004 = FACE_BOUND('',#10005,.F.);
#10005 = EDGE_LOOP('',(#10006,#10014,#10020,#10021));
#10006 = ORIENTED_EDGE('',*,*,#10007,.F.);
#10007 = EDGE_CURVE('',#10008,#9982,#10010,.T.);
#10008 = VERTEX_POINT('',#10009);
#10009 = CARTESIAN_POINT('',(59.682088926174,49.993770973154,24.55));
#10010 = B_SPLINE_CURVE_WITH_KNOTS('',2,(#10011,#10012,#10013),
  .UNSPECIFIED.,.F.,.F.,(3,3),(0.,1.),.PIECEWISE_BEZIER_KNOTS.);
#10011 = CARTESIAN_POINT('',(59.682088926174,49.993770973154,24.55));
#10012 = CARTESIAN_POINT('',(59.888779362416,50.180641778523,24.55));
#10013 = CARTESIAN_POINT('',(59.987877516779,50.358829697987,24.55));
#10014 = ORIENTED_EDGE('',*,*,#10015,.T.);
#10015 = EDGE_CURVE('',#10008,#2758,#10016,.T.);
#10016 = LINE('',#10017,#10018);
#10017 = CARTESIAN_POINT('',(59.682088926174,49.993770973154,24.55));
#10018 = VECTOR('',#10019,1.);
#10019 = DIRECTION('',(0.,0.,1.));
#10020 = ORIENTED_EDGE('',*,*,#2765,.F.);
#10021 = ORIENTED_EDGE('',*,*,#9989,.F.);
#10022 = SURFACE_OF_LINEAR_EXTRUSION('',#10023,#10027);
#10023 = B_SPLINE_CURVE_WITH_KNOTS('',2,(#10024,#10025,#10026),
  .UNSPECIFIED.,.F.,.F.,(3,3),(0.,1.),.PIECEWISE_BEZIER_KNOTS.);
#10024 = CARTESIAN_POINT('',(59.682088926174,49.993770973154,24.55));
#10025 = CARTESIAN_POINT('',(59.888779362416,50.180641778523,24.55));
#10026 = CARTESIAN_POINT('',(59.987877516779,50.358829697987,24.55));
#10027 = VECTOR('',#10028,1.);
#10028 = DIRECTION('',(-0.,-0.,-1.));
#10029 = ADVANCED_FACE('',(#10030),#10048,.F.);
#10030 = FACE_BOUND('',#10031,.F.);
#10031 = EDGE_LOOP('',(#10032,#10040,#10046,#10047));
#10032 = ORIENTED_EDGE('',*,*,#10033,.F.);
#10033 = EDGE_CURVE('',#10034,#10008,#10036,.T.);
#10034 = VERTEX_POINT('',#10035);
#10035 = CARTESIAN_POINT('',(58.13898909396,48.634899328859,24.55));
#10036 = LINE('',#10037,#10038);
#10037 = CARTESIAN_POINT('',(58.13898909396,48.634899328859,24.55));
#10038 = VECTOR('',#10039,1.);
#10039 = DIRECTION('',(0.750485828524,0.66088654184,0.));
#10040 = ORIENTED_EDGE('',*,*,#10041,.T.);
#10041 = EDGE_CURVE('',#10034,#2750,#10042,.T.);
#10042 = LINE('',#10043,#10044);
#10043 = CARTESIAN_POINT('',(58.13898909396,48.634899328859,24.55));
#10044 = VECTOR('',#10045,1.);
#10045 = DIRECTION('',(0.,0.,1.));
#10046 = ORIENTED_EDGE('',*,*,#2757,.F.);
#10047 = ORIENTED_EDGE('',*,*,#10015,.F.);
#10048 = PLANE('',#10049);
#10049 = AXIS2_PLACEMENT_3D('',#10050,#10051,#10052);
#10050 = CARTESIAN_POINT('',(58.13898909396,48.634899328859,24.55));
#10051 = DIRECTION('',(-0.66088654184,0.750485828524,0.));
#10052 = DIRECTION('',(0.750485828524,0.66088654184,0.));
#10053 = ADVANCED_FACE('',(#10054),#10072,.F.);
#10054 = FACE_BOUND('',#10055,.F.);
#10055 = EDGE_LOOP('',(#10056,#10064,#10070,#10071));
#10056 = ORIENTED_EDGE('',*,*,#10057,.F.);
#10057 = EDGE_CURVE('',#10058,#10034,#10060,.T.);
#10058 = VERTEX_POINT('',#10059);
#10059 = CARTESIAN_POINT('',(58.13898909396,47.837583892617,24.55));
#10060 = LINE('',#10061,#10062);
#10061 = CARTESIAN_POINT('',(58.13898909396,47.837583892617,24.55));
#10062 = VECTOR('',#10063,1.);
#10063 = DIRECTION('',(0.,1.,0.));
#10064 = ORIENTED_EDGE('',*,*,#10065,.T.);
#10065 = EDGE_CURVE('',#10058,#2742,#10066,.T.);
#10066 = LINE('',#10067,#10068);
#10067 = CARTESIAN_POINT('',(58.13898909396,47.837583892617,24.55));
#10068 = VECTOR('',#10069,1.);
#10069 = DIRECTION('',(0.,0.,1.));
#10070 = ORIENTED_EDGE('',*,*,#2749,.F.);
#10071 = ORIENTED_EDGE('',*,*,#10041,.F.);
#10072 = PLANE('',#10073);
#10073 = AXIS2_PLACEMENT_3D('',#10074,#10075,#10076);
#10074 = CARTESIAN_POINT('',(58.13898909396,47.837583892617,24.55));
#10075 = DIRECTION('',(-1.,0.,0.));
#10076 = DIRECTION('',(0.,1.,0.));
#10077 = ADVANCED_FACE('',(#10078),#10096,.F.);
#10078 = FACE_BOUND('',#10079,.F.);
#10079 = EDGE_LOOP('',(#10080,#10088,#10094,#10095));
#10080 = ORIENTED_EDGE('',*,*,#10081,.F.);
#10081 = EDGE_CURVE('',#10082,#10058,#10084,.T.);
#10082 = VERTEX_POINT('',#10083);
#10083 = CARTESIAN_POINT('',(61.211031879195,47.837583892617,24.55));
#10084 = LINE('',#10085,#10086);
#10085 = CARTESIAN_POINT('',(61.211031879195,47.837583892617,24.55));
#10086 = VECTOR('',#10087,1.);
#10087 = DIRECTION('',(-1.,0.,0.));
#10088 = ORIENTED_EDGE('',*,*,#10089,.T.);
#10089 = EDGE_CURVE('',#10082,#2734,#10090,.T.);
#10090 = LINE('',#10091,#10092);
#10091 = CARTESIAN_POINT('',(61.211031879195,47.837583892617,24.55));
#10092 = VECTOR('',#10093,1.);
#10093 = DIRECTION('',(0.,0.,1.));
#10094 = ORIENTED_EDGE('',*,*,#2741,.F.);
#10095 = ORIENTED_EDGE('',*,*,#10065,.F.);
#10096 = PLANE('',#10097);
#10097 = AXIS2_PLACEMENT_3D('',#10098,#10099,#10100);
#10098 = CARTESIAN_POINT('',(61.211031879195,47.837583892617,24.55));
#10099 = DIRECTION('',(0.,-1.,0.));
#10100 = DIRECTION('',(-1.,0.,0.));
#10101 = ADVANCED_FACE('',(#10102),#10113,.F.);
#10102 = FACE_BOUND('',#10103,.F.);
#10103 = EDGE_LOOP('',(#10104,#10110,#10111,#10112));
#10104 = ORIENTED_EDGE('',*,*,#10105,.F.);
#10105 = EDGE_CURVE('',#9645,#10082,#10106,.T.);
#10106 = LINE('',#10107,#10108);
#10107 = CARTESIAN_POINT('',(61.211031879195,48.634899328859,24.55));
#10108 = VECTOR('',#10109,1.);
#10109 = DIRECTION('',(0.,-1.,0.));
#10110 = ORIENTED_EDGE('',*,*,#9659,.T.);
#10111 = ORIENTED_EDGE('',*,*,#2733,.F.);
#10112 = ORIENTED_EDGE('',*,*,#10089,.F.);
#10113 = PLANE('',#10114);
#10114 = AXIS2_PLACEMENT_3D('',#10115,#10116,#10117);
#10115 = CARTESIAN_POINT('',(61.211031879195,48.634899328859,24.55));
#10116 = DIRECTION('',(1.,0.,-0.));
#10117 = DIRECTION('',(0.,-1.,0.));
#10118 = ADVANCED_FACE('',(#10119),#10144,.F.);
#10119 = FACE_BOUND('',#10120,.F.);
#10120 = EDGE_LOOP('',(#10121,#10131,#10137,#10138));
#10121 = ORIENTED_EDGE('',*,*,#10122,.F.);
#10122 = EDGE_CURVE('',#10123,#10125,#10127,.T.);
#10123 = VERTEX_POINT('',#10124);
#10124 = CARTESIAN_POINT('',(63.668854865772,52.065771812081,24.55));
#10125 = VERTEX_POINT('',#10126);
#10126 = CARTESIAN_POINT('',(64.880683724832,52.065771812081,24.55));
#10127 = LINE('',#10128,#10129);
#10128 = CARTESIAN_POINT('',(63.668854865772,52.065771812081,24.55));
#10129 = VECTOR('',#10130,1.);
#10130 = DIRECTION('',(1.,0.,0.));
#10131 = ORIENTED_EDGE('',*,*,#10132,.T.);
#10132 = EDGE_CURVE('',#10123,#2956,#10133,.T.);
#10133 = LINE('',#10134,#10135);
#10134 = CARTESIAN_POINT('',(63.668854865772,52.065771812081,24.55));
#10135 = VECTOR('',#10136,1.);
#10136 = DIRECTION('',(0.,0.,1.));
#10137 = ORIENTED_EDGE('',*,*,#2953,.F.);
#10138 = ORIENTED_EDGE('',*,*,#10139,.F.);
#10139 = EDGE_CURVE('',#10125,#2954,#10140,.T.);
#10140 = LINE('',#10141,#10142);
#10141 = CARTESIAN_POINT('',(64.880683724832,52.065771812081,24.55));
#10142 = VECTOR('',#10143,1.);
#10143 = DIRECTION('',(0.,0.,1.));
#10144 = PLANE('',#10145);
#10145 = AXIS2_PLACEMENT_3D('',#10146,#10147,#10148);
#10146 = CARTESIAN_POINT('',(63.668854865772,52.065771812081,24.55));
#10147 = DIRECTION('',(0.,1.,0.));
#10148 = DIRECTION('',(1.,0.,0.));
#10149 = ADVANCED_FACE('',(#10150),#10168,.F.);
#10150 = FACE_BOUND('',#10151,.F.);
#10151 = EDGE_LOOP('',(#10152,#10160,#10166,#10167));
#10152 = ORIENTED_EDGE('',*,*,#10153,.F.);
#10153 = EDGE_CURVE('',#10154,#10123,#10156,.T.);
#10154 = VERTEX_POINT('',#10155);
#10155 = CARTESIAN_POINT('',(61.975692114094,49.544526006711,24.55));
#10156 = LINE('',#10157,#10158);
#10157 = CARTESIAN_POINT('',(61.975692114094,49.544526006711,24.55));
#10158 = VECTOR('',#10159,1.);
#10159 = DIRECTION('',(0.557508237146,0.830171407309,0.));
#10160 = ORIENTED_EDGE('',*,*,#10161,.T.);
#10161 = EDGE_CURVE('',#10154,#3028,#10162,.T.);
#10162 = LINE('',#10163,#10164);
#10163 = CARTESIAN_POINT('',(61.975692114094,49.544526006711,24.55));
#10164 = VECTOR('',#10165,1.);
#10165 = DIRECTION('',(0.,0.,1.));
#10166 = ORIENTED_EDGE('',*,*,#3035,.F.);
#10167 = ORIENTED_EDGE('',*,*,#10132,.F.);
#10168 = PLANE('',#10169);
#10169 = AXIS2_PLACEMENT_3D('',#10170,#10171,#10172);
#10170 = CARTESIAN_POINT('',(61.975692114094,49.544526006711,24.55));
#10171 = DIRECTION('',(-0.830171407309,0.557508237146,0.));
#10172 = DIRECTION('',(0.557508237146,0.830171407309,0.));
#10173 = ADVANCED_FACE('',(#10174),#10192,.F.);
#10174 = FACE_BOUND('',#10175,.F.);
#10175 = EDGE_LOOP('',(#10176,#10184,#10190,#10191));
#10176 = ORIENTED_EDGE('',*,*,#10177,.F.);
#10177 = EDGE_CURVE('',#10178,#10154,#10180,.T.);
#10178 = VERTEX_POINT('',#10179);
#10179 = CARTESIAN_POINT('',(61.975692114094,48.610738255034,24.55));
#10180 = LINE('',#10181,#10182);
#10181 = CARTESIAN_POINT('',(61.975692114094,48.610738255034,24.55));
#10182 = VECTOR('',#10183,1.);
#10183 = DIRECTION('',(0.,1.,0.));
#10184 = ORIENTED_EDGE('',*,*,#10185,.T.);
#10185 = EDGE_CURVE('',#10178,#3020,#10186,.T.);
#10186 = LINE('',#10187,#10188);
#10187 = CARTESIAN_POINT('',(61.975692114094,48.610738255034,24.55));
#10188 = VECTOR('',#10189,1.);
#10189 = DIRECTION('',(0.,0.,1.));
#10190 = ORIENTED_EDGE('',*,*,#3027,.F.);
#10191 = ORIENTED_EDGE('',*,*,#10161,.F.);
#10192 = PLANE('',#10193);
#10193 = AXIS2_PLACEMENT_3D('',#10194,#10195,#10196);
#10194 = CARTESIAN_POINT('',(61.975692114094,48.610738255034,24.55));
#10195 = DIRECTION('',(-1.,0.,0.));
#10196 = DIRECTION('',(0.,1.,0.));
#10197 = ADVANCED_FACE('',(#10198),#10216,.F.);
#10198 = FACE_BOUND('',#10199,.F.);
#10199 = EDGE_LOOP('',(#10200,#10208,#10214,#10215));
#10200 = ORIENTED_EDGE('',*,*,#10201,.F.);
#10201 = EDGE_CURVE('',#10202,#10178,#10204,.T.);
#10202 = VERTEX_POINT('',#10203);
#10203 = CARTESIAN_POINT('',(63.850062919463,48.610738255034,24.55));
#10204 = LINE('',#10205,#10206);
#10205 = CARTESIAN_POINT('',(63.850062919463,48.610738255034,24.55));
#10206 = VECTOR('',#10207,1.);
#10207 = DIRECTION('',(-1.,0.,0.));
#10208 = ORIENTED_EDGE('',*,*,#10209,.T.);
#10209 = EDGE_CURVE('',#10202,#3012,#10210,.T.);
#10210 = LINE('',#10211,#10212);
#10211 = CARTESIAN_POINT('',(63.850062919463,48.610738255034,24.55));
#10212 = VECTOR('',#10213,1.);
#10213 = DIRECTION('',(0.,0.,1.));
#10214 = ORIENTED_EDGE('',*,*,#3019,.F.);
#10215 = ORIENTED_EDGE('',*,*,#10185,.F.);
#10216 = PLANE('',#10217);
#10217 = AXIS2_PLACEMENT_3D('',#10218,#10219,#10220);
#10218 = CARTESIAN_POINT('',(63.850062919463,48.610738255034,24.55));
#10219 = DIRECTION('',(0.,-1.,0.));
#10220 = DIRECTION('',(-1.,0.,0.));
#10221 = ADVANCED_FACE('',(#10222),#10240,.F.);
#10222 = FACE_BOUND('',#10223,.F.);
#10223 = EDGE_LOOP('',(#10224,#10232,#10238,#10239));
#10224 = ORIENTED_EDGE('',*,*,#10225,.F.);
#10225 = EDGE_CURVE('',#10226,#10202,#10228,.T.);
#10226 = VERTEX_POINT('',#10227);
#10227 = CARTESIAN_POINT('',(63.850062919463,47.837583892617,24.55));
#10228 = LINE('',#10229,#10230);
#10229 = CARTESIAN_POINT('',(63.850062919463,47.837583892617,24.55));
#10230 = VECTOR('',#10231,1.);
#10231 = DIRECTION('',(0.,1.,0.));
#10232 = ORIENTED_EDGE('',*,*,#10233,.T.);
#10233 = EDGE_CURVE('',#10226,#3004,#10234,.T.);
#10234 = LINE('',#10235,#10236);
#10235 = CARTESIAN_POINT('',(63.850062919463,47.837583892617,24.55));
#10236 = VECTOR('',#10237,1.);
#10237 = DIRECTION('',(0.,0.,1.));
#10238 = ORIENTED_EDGE('',*,*,#3011,.F.);
#10239 = ORIENTED_EDGE('',*,*,#10209,.F.);
#10240 = PLANE('',#10241);
#10241 = AXIS2_PLACEMENT_3D('',#10242,#10243,#10244);
#10242 = CARTESIAN_POINT('',(63.850062919463,47.837583892617,24.55));
#10243 = DIRECTION('',(-1.,0.,0.));
#10244 = DIRECTION('',(0.,1.,0.));
#10245 = ADVANCED_FACE('',(#10246),#10264,.F.);
#10246 = FACE_BOUND('',#10247,.F.);
#10247 = EDGE_LOOP('',(#10248,#10256,#10262,#10263));
#10248 = ORIENTED_EDGE('',*,*,#10249,.F.);
#10249 = EDGE_CURVE('',#10250,#10226,#10252,.T.);
#10250 = VERTEX_POINT('',#10251);
#10251 = CARTESIAN_POINT('',(64.880683724832,47.837583892617,24.55));
#10252 = LINE('',#10253,#10254);
#10253 = CARTESIAN_POINT('',(64.880683724832,47.837583892617,24.55));
#10254 = VECTOR('',#10255,1.);
#10255 = DIRECTION('',(-1.,0.,0.));
#10256 = ORIENTED_EDGE('',*,*,#10257,.T.);
#10257 = EDGE_CURVE('',#10250,#2996,#10258,.T.);
#10258 = LINE('',#10259,#10260);
#10259 = CARTESIAN_POINT('',(64.880683724832,47.837583892617,24.55));
#10260 = VECTOR('',#10261,1.);
#10261 = DIRECTION('',(0.,0.,1.));
#10262 = ORIENTED_EDGE('',*,*,#3003,.F.);
#10263 = ORIENTED_EDGE('',*,*,#10233,.F.);
#10264 = PLANE('',#10265);
#10265 = AXIS2_PLACEMENT_3D('',#10266,#10267,#10268);
#10266 = CARTESIAN_POINT('',(64.880683724832,47.837583892617,24.55));
#10267 = DIRECTION('',(0.,-1.,0.));
#10268 = DIRECTION('',(-1.,0.,0.));
#10269 = ADVANCED_FACE('',(#10270),#10288,.F.);
#10270 = FACE_BOUND('',#10271,.F.);
#10271 = EDGE_LOOP('',(#10272,#10280,#10286,#10287));
#10272 = ORIENTED_EDGE('',*,*,#10273,.F.);
#10273 = EDGE_CURVE('',#10274,#10250,#10276,.T.);
#10274 = VERTEX_POINT('',#10275);
#10275 = CARTESIAN_POINT('',(64.880683724832,48.610738255034,24.55));
#10276 = LINE('',#10277,#10278);
#10277 = CARTESIAN_POINT('',(64.880683724832,48.610738255034,24.55));
#10278 = VECTOR('',#10279,1.);
#10279 = DIRECTION('',(0.,-1.,0.));
#10280 = ORIENTED_EDGE('',*,*,#10281,.T.);
#10281 = EDGE_CURVE('',#10274,#2988,#10282,.T.);
#10282 = LINE('',#10283,#10284);
#10283 = CARTESIAN_POINT('',(64.880683724832,48.610738255034,24.55));
#10284 = VECTOR('',#10285,1.);
#10285 = DIRECTION('',(0.,0.,1.));
#10286 = ORIENTED_EDGE('',*,*,#2995,.F.);
#10287 = ORIENTED_EDGE('',*,*,#10257,.F.);
#10288 = PLANE('',#10289);
#10289 = AXIS2_PLACEMENT_3D('',#10290,#10291,#10292);
#10290 = CARTESIAN_POINT('',(64.880683724832,48.610738255034,24.55));
#10291 = DIRECTION('',(1.,0.,-0.));
#10292 = DIRECTION('',(0.,-1.,0.));
#10293 = ADVANCED_FACE('',(#10294),#10312,.F.);
#10294 = FACE_BOUND('',#10295,.F.);
#10295 = EDGE_LOOP('',(#10296,#10304,#10310,#10311));
#10296 = ORIENTED_EDGE('',*,*,#10297,.F.);
#10297 = EDGE_CURVE('',#10298,#10274,#10300,.T.);
#10298 = VERTEX_POINT('',#10299);
#10299 = CARTESIAN_POINT('',(65.483766778523,48.610738255034,24.55));
#10300 = LINE('',#10301,#10302);
#10301 = CARTESIAN_POINT('',(65.483766778523,48.610738255034,24.55));
#10302 = VECTOR('',#10303,1.);
#10303 = DIRECTION('',(-1.,0.,0.));
#10304 = ORIENTED_EDGE('',*,*,#10305,.T.);
#10305 = EDGE_CURVE('',#10298,#2980,#10306,.T.);
#10306 = LINE('',#10307,#10308);
#10307 = CARTESIAN_POINT('',(65.483766778523,48.610738255034,24.55));
#10308 = VECTOR('',#10309,1.);
#10309 = DIRECTION('',(0.,0.,1.));
#10310 = ORIENTED_EDGE('',*,*,#2987,.F.);
#10311 = ORIENTED_EDGE('',*,*,#10281,.F.);
#10312 = PLANE('',#10313);
#10313 = AXIS2_PLACEMENT_3D('',#10314,#10315,#10316);
#10314 = CARTESIAN_POINT('',(65.483766778523,48.610738255034,24.55));
#10315 = DIRECTION('',(0.,-1.,0.));
#10316 = DIRECTION('',(-1.,0.,0.));
#10317 = ADVANCED_FACE('',(#10318),#10336,.F.);
#10318 = FACE_BOUND('',#10319,.F.);
#10319 = EDGE_LOOP('',(#10320,#10328,#10334,#10335));
#10320 = ORIENTED_EDGE('',*,*,#10321,.F.);
#10321 = EDGE_CURVE('',#10322,#10298,#10324,.T.);
#10322 = VERTEX_POINT('',#10323);
#10323 = CARTESIAN_POINT('',(65.483766778523,49.395973154362,24.55));
#10324 = LINE('',#10325,#10326);
#10325 = CARTESIAN_POINT('',(65.483766778523,49.395973154362,24.55));
#10326 = VECTOR('',#10327,1.);
#10327 = DIRECTION('',(0.,-1.,0.));
#10328 = ORIENTED_EDGE('',*,*,#10329,.T.);
#10329 = EDGE_CURVE('',#10322,#2972,#10330,.T.);
#10330 = LINE('',#10331,#10332);
#10331 = CARTESIAN_POINT('',(65.483766778523,49.395973154362,24.55));
#10332 = VECTOR('',#10333,1.);
#10333 = DIRECTION('',(0.,0.,1.));
#10334 = ORIENTED_EDGE('',*,*,#2979,.F.);
#10335 = ORIENTED_EDGE('',*,*,#10305,.F.);
#10336 = PLANE('',#10337);
#10337 = AXIS2_PLACEMENT_3D('',#10338,#10339,#10340);
#10338 = CARTESIAN_POINT('',(65.483766778523,49.395973154362,24.55));
#10339 = DIRECTION('',(1.,0.,-0.));
#10340 = DIRECTION('',(0.,-1.,0.));
#10341 = ADVANCED_FACE('',(#10342),#10360,.F.);
#10342 = FACE_BOUND('',#10343,.F.);
#10343 = EDGE_LOOP('',(#10344,#10352,#10358,#10359));
#10344 = ORIENTED_EDGE('',*,*,#10345,.F.);
#10345 = EDGE_CURVE('',#10346,#10322,#10348,.T.);
#10346 = VERTEX_POINT('',#10347);
#10347 = CARTESIAN_POINT('',(64.880683724832,49.395973154362,24.55));
#10348 = LINE('',#10349,#10350);
#10349 = CARTESIAN_POINT('',(64.880683724832,49.395973154362,24.55));
#10350 = VECTOR('',#10351,1.);
#10351 = DIRECTION('',(1.,0.,0.));
#10352 = ORIENTED_EDGE('',*,*,#10353,.T.);
#10353 = EDGE_CURVE('',#10346,#2964,#10354,.T.);
#10354 = LINE('',#10355,#10356);
#10355 = CARTESIAN_POINT('',(64.880683724832,49.395973154362,24.55));
#10356 = VECTOR('',#10357,1.);
#10357 = DIRECTION('',(0.,0.,1.));
#10358 = ORIENTED_EDGE('',*,*,#2971,.F.);
#10359 = ORIENTED_EDGE('',*,*,#10329,.F.);
#10360 = PLANE('',#10361);
#10361 = AXIS2_PLACEMENT_3D('',#10362,#10363,#10364);
#10362 = CARTESIAN_POINT('',(64.880683724832,49.395973154362,24.55));
#10363 = DIRECTION('',(0.,1.,0.));
#10364 = DIRECTION('',(1.,0.,0.));
#10365 = ADVANCED_FACE('',(#10366),#10377,.F.);
#10366 = FACE_BOUND('',#10367,.F.);
#10367 = EDGE_LOOP('',(#10368,#10374,#10375,#10376));
#10368 = ORIENTED_EDGE('',*,*,#10369,.F.);
#10369 = EDGE_CURVE('',#10125,#10346,#10370,.T.);
#10370 = LINE('',#10371,#10372);
#10371 = CARTESIAN_POINT('',(64.880683724832,52.065771812081,24.55));
#10372 = VECTOR('',#10373,1.);
#10373 = DIRECTION('',(0.,-1.,0.));
#10374 = ORIENTED_EDGE('',*,*,#10139,.T.);
#10375 = ORIENTED_EDGE('',*,*,#2963,.F.);
#10376 = ORIENTED_EDGE('',*,*,#10353,.F.);
#10377 = PLANE('',#10378);
#10378 = AXIS2_PLACEMENT_3D('',#10379,#10380,#10381);
#10379 = CARTESIAN_POINT('',(64.880683724832,52.065771812081,24.55));
#10380 = DIRECTION('',(1.,0.,-0.));
#10381 = DIRECTION('',(0.,-1.,0.));
#10382 = ADVANCED_FACE('',(#10383),#10408,.F.);
#10383 = FACE_BOUND('',#10384,.F.);
#10384 = EDGE_LOOP('',(#10385,#10395,#10401,#10402));
#10385 = ORIENTED_EDGE('',*,*,#10386,.F.);
#10386 = EDGE_CURVE('',#10387,#10389,#10391,.T.);
#10387 = VERTEX_POINT('',#10388);
#10388 = CARTESIAN_POINT('',(69.507340604027,49.944316275168,24.55));
#10389 = VERTEX_POINT('',#10390);
#10390 = CARTESIAN_POINT('',(69.054320469799,48.323447986577,24.55));
#10391 = B_SPLINE_CURVE_WITH_KNOTS('',2,(#10392,#10393,#10394),
  .UNSPECIFIED.,.F.,.F.,(3,3),(0.,1.),.PIECEWISE_BEZIER_KNOTS.);
#10392 = CARTESIAN_POINT('',(69.507340604027,49.944316275168,24.55));
#10393 = CARTESIAN_POINT('',(69.507340604027,48.893875838926,24.55));
#10394 = CARTESIAN_POINT('',(69.054320469799,48.323447986577,24.55));
#10395 = ORIENTED_EDGE('',*,*,#10396,.T.);
#10396 = EDGE_CURVE('',#10387,#3046,#10397,.T.);
#10397 = LINE('',#10398,#10399);
#10398 = CARTESIAN_POINT('',(69.507340604027,49.944316275168,24.55));
#10399 = VECTOR('',#10400,1.);
#10400 = DIRECTION('',(0.,0.,1.));
#10401 = ORIENTED_EDGE('',*,*,#3043,.F.);
#10402 = ORIENTED_EDGE('',*,*,#10403,.F.);
#10403 = EDGE_CURVE('',#10389,#3044,#10404,.T.);
#10404 = LINE('',#10405,#10406);
#10405 = CARTESIAN_POINT('',(69.054320469799,48.323447986577,24.55));
#10406 = VECTOR('',#10407,1.);
#10407 = DIRECTION('',(0.,0.,1.));
#10408 = SURFACE_OF_LINEAR_EXTRUSION('',#10409,#10413);
#10409 = B_SPLINE_CURVE_WITH_KNOTS('',2,(#10410,#10411,#10412),
  .UNSPECIFIED.,.F.,.F.,(3,3),(0.,1.),.PIECEWISE_BEZIER_KNOTS.);
#10410 = CARTESIAN_POINT('',(69.507340604027,49.944316275168,24.55));
#10411 = CARTESIAN_POINT('',(69.507340604027,48.893875838926,24.55));
#10412 = CARTESIAN_POINT('',(69.054320469799,48.323447986577,24.55));
#10413 = VECTOR('',#10414,1.);
#10414 = DIRECTION('',(-0.,-0.,-1.));
#10415 = ADVANCED_FACE('',(#10416),#10434,.F.);
#10416 = FACE_BOUND('',#10417,.F.);
#10417 = EDGE_LOOP('',(#10418,#10426,#10432,#10433));
#10418 = ORIENTED_EDGE('',*,*,#10419,.F.);
#10419 = EDGE_CURVE('',#10420,#10387,#10422,.T.);
#10420 = VERTEX_POINT('',#10421);
#10421 = CARTESIAN_POINT('',(69.054320469799,51.567827181208,24.55));
#10422 = B_SPLINE_CURVE_WITH_KNOTS('',2,(#10423,#10424,#10425),
  .UNSPECIFIED.,.F.,.F.,(3,3),(0.,1.),.PIECEWISE_BEZIER_KNOTS.);
#10423 = CARTESIAN_POINT('',(69.054320469799,51.567827181208,24.55));
#10424 = CARTESIAN_POINT('',(69.507340604027,50.997399328859,24.55));
#10425 = CARTESIAN_POINT('',(69.507340604027,49.944316275168,24.55));
#10426 = ORIENTED_EDGE('',*,*,#10427,.T.);
#10427 = EDGE_CURVE('',#10420,#3178,#10428,.T.);
#10428 = LINE('',#10429,#10430);
#10429 = CARTESIAN_POINT('',(69.054320469799,51.567827181208,24.55));
#10430 = VECTOR('',#10431,1.);
#10431 = DIRECTION('',(0.,0.,1.));
#10432 = ORIENTED_EDGE('',*,*,#3199,.F.);
#10433 = ORIENTED_EDGE('',*,*,#10396,.F.);
#10434 = SURFACE_OF_LINEAR_EXTRUSION('',#10435,#10439);
#10435 = B_SPLINE_CURVE_WITH_KNOTS('',2,(#10436,#10437,#10438),
  .UNSPECIFIED.,.F.,.F.,(3,3),(0.,1.),.PIECEWISE_BEZIER_KNOTS.);
#10436 = CARTESIAN_POINT('',(69.054320469799,51.567827181208,24.55));
#10437 = CARTESIAN_POINT('',(69.507340604027,50.997399328859,24.55));
#10438 = CARTESIAN_POINT('',(69.507340604027,49.944316275168,24.55));
#10439 = VECTOR('',#10440,1.);
#10440 = DIRECTION('',(-0.,-0.,-1.));
#10441 = ADVANCED_FACE('',(#10442),#10460,.F.);
#10442 = FACE_BOUND('',#10443,.F.);
#10443 = EDGE_LOOP('',(#10444,#10452,#10458,#10459));
#10444 = ORIENTED_EDGE('',*,*,#10445,.F.);
#10445 = EDGE_CURVE('',#10446,#10420,#10448,.T.);
#10446 = VERTEX_POINT('',#10447);
#10447 = CARTESIAN_POINT('',(67.768875838926,52.138255033557,24.55));
#10448 = B_SPLINE_CURVE_WITH_KNOTS('',2,(#10449,#10450,#10451),
  .UNSPECIFIED.,.F.,.F.,(3,3),(0.,1.),.PIECEWISE_BEZIER_KNOTS.);
#10449 = CARTESIAN_POINT('',(67.768875838926,52.138255033557,24.55));
#10450 = CARTESIAN_POINT('',(68.60130033557,52.138255033557,24.55));
#10451 = CARTESIAN_POINT('',(69.054320469799,51.567827181208,24.55));
#10452 = ORIENTED_EDGE('',*,*,#10453,.T.);
#10453 = EDGE_CURVE('',#10446,#3156,#10454,.T.);
#10454 = LINE('',#10455,#10456);
#10455 = CARTESIAN_POINT('',(67.768875838926,52.138255033557,24.55));
#10456 = VECTOR('',#10457,1.);
#10457 = DIRECTION('',(0.,0.,1.));
#10458 = ORIENTED_EDGE('',*,*,#3177,.F.);
#10459 = ORIENTED_EDGE('',*,*,#10427,.F.);
#10460 = SURFACE_OF_LINEAR_EXTRUSION('',#10461,#10465);
#10461 = B_SPLINE_CURVE_WITH_KNOTS('',2,(#10462,#10463,#10464),
  .UNSPECIFIED.,.F.,.F.,(3,3),(0.,1.),.PIECEWISE_BEZIER_KNOTS.);
#10462 = CARTESIAN_POINT('',(67.768875838926,52.138255033557,24.55));
#10463 = CARTESIAN_POINT('',(68.60130033557,52.138255033557,24.55));
#10464 = CARTESIAN_POINT('',(69.054320469799,51.567827181208,24.55));
#10465 = VECTOR('',#10466,1.);
#10466 = DIRECTION('',(-0.,-0.,-1.));
#10467 = ADVANCED_FACE('',(#10468),#10486,.F.);
#10468 = FACE_BOUND('',#10469,.F.);
#10469 = EDGE_LOOP('',(#10470,#10478,#10484,#10485));
#10470 = ORIENTED_EDGE('',*,*,#10471,.F.);
#10471 = EDGE_CURVE('',#10472,#10446,#10474,.T.);
#10472 = VERTEX_POINT('',#10473);
#10473 = CARTESIAN_POINT('',(66.480599832215,51.567827181208,24.55));
#10474 = B_SPLINE_CURVE_WITH_KNOTS('',2,(#10475,#10476,#10477),
  .UNSPECIFIED.,.F.,.F.,(3,3),(0.,1.),.PIECEWISE_BEZIER_KNOTS.);
#10475 = CARTESIAN_POINT('',(66.480599832215,51.567827181208,24.55));
#10476 = CARTESIAN_POINT('',(66.933619966443,52.138255033557,24.55));
#10477 = CARTESIAN_POINT('',(67.768875838926,52.138255033557,24.55));
#10478 = ORIENTED_EDGE('',*,*,#10479,.T.);
#10479 = EDGE_CURVE('',#10472,#3134,#10480,.T.);
#10480 = LINE('',#10481,#10482);
#10481 = CARTESIAN_POINT('',(66.480599832215,51.567827181208,24.55));
#10482 = VECTOR('',#10483,1.);
#10483 = DIRECTION('',(0.,0.,1.));
#10484 = ORIENTED_EDGE('',*,*,#3155,.F.);
#10485 = ORIENTED_EDGE('',*,*,#10453,.F.);
#10486 = SURFACE_OF_LINEAR_EXTRUSION('',#10487,#10491);
#10487 = B_SPLINE_CURVE_WITH_KNOTS('',2,(#10488,#10489,#10490),
  .UNSPECIFIED.,.F.,.F.,(3,3),(0.,1.),.PIECEWISE_BEZIER_KNOTS.);
#10488 = CARTESIAN_POINT('',(66.480599832215,51.567827181208,24.55));
#10489 = CARTESIAN_POINT('',(66.933619966443,52.138255033557,24.55));
#10490 = CARTESIAN_POINT('',(67.768875838926,52.138255033557,24.55));
#10491 = VECTOR('',#10492,1.);
#10492 = DIRECTION('',(-0.,-0.,-1.));
#10493 = ADVANCED_FACE('',(#10494),#10512,.F.);
#10494 = FACE_BOUND('',#10495,.F.);
#10495 = EDGE_LOOP('',(#10496,#10504,#10510,#10511));
#10496 = ORIENTED_EDGE('',*,*,#10497,.F.);
#10497 = EDGE_CURVE('',#10498,#10472,#10500,.T.);
#10498 = VERTEX_POINT('',#10499);
#10499 = CARTESIAN_POINT('',(66.027579697987,49.944316275168,24.55));
#10500 = B_SPLINE_CURVE_WITH_KNOTS('',2,(#10501,#10502,#10503),
  .UNSPECIFIED.,.F.,.F.,(3,3),(0.,1.),.PIECEWISE_BEZIER_KNOTS.);
#10501 = CARTESIAN_POINT('',(66.027579697987,49.944316275168,24.55));
#10502 = CARTESIAN_POINT('',(66.027579697987,50.997399328859,24.55));
#10503 = CARTESIAN_POINT('',(66.480599832215,51.567827181208,24.55));
#10504 = ORIENTED_EDGE('',*,*,#10505,.T.);
#10505 = EDGE_CURVE('',#10498,#3112,#10506,.T.);
#10506 = LINE('',#10507,#10508);
#10507 = CARTESIAN_POINT('',(66.027579697987,49.944316275168,24.55));
#10508 = VECTOR('',#10509,1.);
#10509 = DIRECTION('',(0.,0.,1.));
#10510 = ORIENTED_EDGE('',*,*,#3133,.F.);
#10511 = ORIENTED_EDGE('',*,*,#10479,.F.);
#10512 = SURFACE_OF_LINEAR_EXTRUSION('',#10513,#10517);
#10513 = B_SPLINE_CURVE_WITH_KNOTS('',2,(#10514,#10515,#10516),
  .UNSPECIFIED.,.F.,.F.,(3,3),(0.,1.),.PIECEWISE_BEZIER_KNOTS.);
#10514 = CARTESIAN_POINT('',(66.027579697987,49.944316275168,24.55));
#10515 = CARTESIAN_POINT('',(66.027579697987,50.997399328859,24.55));
#10516 = CARTESIAN_POINT('',(66.480599832215,51.567827181208,24.55));
#10517 = VECTOR('',#10518,1.);
#10518 = DIRECTION('',(-0.,-0.,-1.));
#10519 = ADVANCED_FACE('',(#10520),#10538,.F.);
#10520 = FACE_BOUND('',#10521,.F.);
#10521 = EDGE_LOOP('',(#10522,#10530,#10536,#10537));
#10522 = ORIENTED_EDGE('',*,*,#10523,.F.);
#10523 = EDGE_CURVE('',#10524,#10498,#10526,.T.);
#10524 = VERTEX_POINT('',#10525);
#10525 = CARTESIAN_POINT('',(66.480599832215,48.323447986577,24.55));
#10526 = B_SPLINE_CURVE_WITH_KNOTS('',2,(#10527,#10528,#10529),
  .UNSPECIFIED.,.F.,.F.,(3,3),(0.,1.),.PIECEWISE_BEZIER_KNOTS.);
#10527 = CARTESIAN_POINT('',(66.480599832215,48.323447986577,24.55));
#10528 = CARTESIAN_POINT('',(66.027579697987,48.893875838926,24.55));
#10529 = CARTESIAN_POINT('',(66.027579697987,49.944316275168,24.55));
#10530 = ORIENTED_EDGE('',*,*,#10531,.T.);
#10531 = EDGE_CURVE('',#10524,#3090,#10532,.T.);
#10532 = LINE('',#10533,#10534);
#10533 = CARTESIAN_POINT('',(66.480599832215,48.323447986577,24.55));
#10534 = VECTOR('',#10535,1.);
#10535 = DIRECTION('',(0.,0.,1.));
#10536 = ORIENTED_EDGE('',*,*,#3111,.F.);
#10537 = ORIENTED_EDGE('',*,*,#10505,.F.);
#10538 = SURFACE_OF_LINEAR_EXTRUSION('',#10539,#10543);
#10539 = B_SPLINE_CURVE_WITH_KNOTS('',2,(#10540,#10541,#10542),
  .UNSPECIFIED.,.F.,.F.,(3,3),(0.,1.),.PIECEWISE_BEZIER_KNOTS.);
#10540 = CARTESIAN_POINT('',(66.480599832215,48.323447986577,24.55));
#10541 = CARTESIAN_POINT('',(66.027579697987,48.893875838926,24.55));
#10542 = CARTESIAN_POINT('',(66.027579697987,49.944316275168,24.55));
#10543 = VECTOR('',#10544,1.);
#10544 = DIRECTION('',(-0.,-0.,-1.));
#10545 = ADVANCED_FACE('',(#10546),#10564,.F.);
#10546 = FACE_BOUND('',#10547,.F.);
#10547 = EDGE_LOOP('',(#10548,#10556,#10562,#10563));
#10548 = ORIENTED_EDGE('',*,*,#10549,.F.);
#10549 = EDGE_CURVE('',#10550,#10524,#10552,.T.);
#10550 = VERTEX_POINT('',#10551);
#10551 = CARTESIAN_POINT('',(67.768875838926,47.753020134228,24.55));
#10552 = B_SPLINE_CURVE_WITH_KNOTS('',2,(#10553,#10554,#10555),
  .UNSPECIFIED.,.F.,.F.,(3,3),(0.,1.),.PIECEWISE_BEZIER_KNOTS.);
#10553 = CARTESIAN_POINT('',(67.768875838926,47.753020134228,24.55));
#10554 = CARTESIAN_POINT('',(66.933619966443,47.753020134228,24.55));
#10555 = CARTESIAN_POINT('',(66.480599832215,48.323447986577,24.55));
#10556 = ORIENTED_EDGE('',*,*,#10557,.T.);
#10557 = EDGE_CURVE('',#10550,#3068,#10558,.T.);
#10558 = LINE('',#10559,#10560);
#10559 = CARTESIAN_POINT('',(67.768875838926,47.753020134228,24.55));
#10560 = VECTOR('',#10561,1.);
#10561 = DIRECTION('',(0.,0.,1.));
#10562 = ORIENTED_EDGE('',*,*,#3089,.F.);
#10563 = ORIENTED_EDGE('',*,*,#10531,.F.);
#10564 = SURFACE_OF_LINEAR_EXTRUSION('',#10565,#10569);
#10565 = B_SPLINE_CURVE_WITH_KNOTS('',2,(#10566,#10567,#10568),
  .UNSPECIFIED.,.F.,.F.,(3,3),(0.,1.),.PIECEWISE_BEZIER_KNOTS.);
#10566 = CARTESIAN_POINT('',(67.768875838926,47.753020134228,24.55));
#10567 = CARTESIAN_POINT('',(66.933619966443,47.753020134228,24.55));
#10568 = CARTESIAN_POINT('',(66.480599832215,48.323447986577,24.55));
#10569 = VECTOR('',#10570,1.);
#10570 = DIRECTION('',(-0.,-0.,-1.));
#10571 = ADVANCED_FACE('',(#10572),#10583,.F.);
#10572 = FACE_BOUND('',#10573,.F.);
#10573 = EDGE_LOOP('',(#10574,#10580,#10581,#10582));
#10574 = ORIENTED_EDGE('',*,*,#10575,.F.);
#10575 = EDGE_CURVE('',#10389,#10550,#10576,.T.);
#10576 = B_SPLINE_CURVE_WITH_KNOTS('',2,(#10577,#10578,#10579),
  .UNSPECIFIED.,.F.,.F.,(3,3),(0.,1.),.PIECEWISE_BEZIER_KNOTS.);
#10577 = CARTESIAN_POINT('',(69.054320469799,48.323447986577,24.55));
#10578 = CARTESIAN_POINT('',(68.60130033557,47.753020134228,24.55));
#10579 = CARTESIAN_POINT('',(67.768875838926,47.753020134228,24.55));
#10580 = ORIENTED_EDGE('',*,*,#10403,.T.);
#10581 = ORIENTED_EDGE('',*,*,#3067,.F.);
#10582 = ORIENTED_EDGE('',*,*,#10557,.F.);
#10583 = SURFACE_OF_LINEAR_EXTRUSION('',#10584,#10588);
#10584 = B_SPLINE_CURVE_WITH_KNOTS('',2,(#10585,#10586,#10587),
  .UNSPECIFIED.,.F.,.F.,(3,3),(0.,1.),.PIECEWISE_BEZIER_KNOTS.);
#10585 = CARTESIAN_POINT('',(69.054320469799,48.323447986577,24.55));
#10586 = CARTESIAN_POINT('',(68.60130033557,47.753020134228,24.55));
#10587 = CARTESIAN_POINT('',(67.768875838926,47.753020134228,24.55));
#10588 = VECTOR('',#10589,1.);
#10589 = DIRECTION('',(-0.,-0.,-1.));
#10590 = ADVANCED_FACE('',(#10591),#10616,.F.);
#10591 = FACE_BOUND('',#10592,.F.);
#10592 = EDGE_LOOP('',(#10593,#10603,#10609,#10610));
#10593 = ORIENTED_EDGE('',*,*,#10594,.F.);
#10594 = EDGE_CURVE('',#10595,#10597,#10599,.T.);
#10595 = VERTEX_POINT('',#10596);
#10596 = CARTESIAN_POINT('',(70.376761744966,48.936912751678,24.55));
#10597 = VERTEX_POINT('',#10598);
#10598 = CARTESIAN_POINT('',(71.39605704698,48.936912751678,24.55));
#10599 = LINE('',#10600,#10601);
#10600 = CARTESIAN_POINT('',(70.376761744966,48.936912751678,24.55));
#10601 = VECTOR('',#10602,1.);
#10602 = DIRECTION('',(1.,0.,0.));
#10603 = ORIENTED_EDGE('',*,*,#10604,.T.);
#10604 = EDGE_CURVE('',#10595,#3224,#10605,.T.);
#10605 = LINE('',#10606,#10607);
#10606 = CARTESIAN_POINT('',(70.376761744966,48.936912751678,24.55));
#10607 = VECTOR('',#10608,1.);
#10608 = DIRECTION('',(0.,0.,1.));
#10609 = ORIENTED_EDGE('',*,*,#3221,.F.);
#10610 = ORIENTED_EDGE('',*,*,#10611,.F.);
#10611 = EDGE_CURVE('',#10597,#3222,#10612,.T.);
#10612 = LINE('',#10613,#10614);
#10613 = CARTESIAN_POINT('',(71.39605704698,48.936912751678,24.55));
#10614 = VECTOR('',#10615,1.);
#10615 = DIRECTION('',(0.,0.,1.));
#10616 = PLANE('',#10617);
#10617 = AXIS2_PLACEMENT_3D('',#10618,#10619,#10620);
#10618 = CARTESIAN_POINT('',(70.376761744966,48.936912751678,24.55));
#10619 = DIRECTION('',(0.,1.,0.));
#10620 = DIRECTION('',(1.,0.,0.));
#10621 = ADVANCED_FACE('',(#10622),#10640,.F.);
#10622 = FACE_BOUND('',#10623,.F.);
#10623 = EDGE_LOOP('',(#10624,#10632,#10638,#10639));
#10624 = ORIENTED_EDGE('',*,*,#10625,.F.);
#10625 = EDGE_CURVE('',#10626,#10595,#10628,.T.);
#10626 = VERTEX_POINT('',#10627);
#10627 = CARTESIAN_POINT('',(70.376761744966,47.837583892617,24.55));
#10628 = LINE('',#10629,#10630);
#10629 = CARTESIAN_POINT('',(70.376761744966,47.837583892617,24.55));
#10630 = VECTOR('',#10631,1.);
#10631 = DIRECTION('',(0.,1.,0.));
#10632 = ORIENTED_EDGE('',*,*,#10633,.T.);
#10633 = EDGE_CURVE('',#10626,#3240,#10634,.T.);
#10634 = LINE('',#10635,#10636);
#10635 = CARTESIAN_POINT('',(70.376761744966,47.837583892617,24.55));
#10636 = VECTOR('',#10637,1.);
#10637 = DIRECTION('',(0.,0.,1.));
#10638 = ORIENTED_EDGE('',*,*,#3247,.F.);
#10639 = ORIENTED_EDGE('',*,*,#10604,.F.);
#10640 = PLANE('',#10641);
#10641 = AXIS2_PLACEMENT_3D('',#10642,#10643,#10644);
#10642 = CARTESIAN_POINT('',(70.376761744966,47.837583892617,24.55));
#10643 = DIRECTION('',(-1.,0.,0.));
#10644 = DIRECTION('',(0.,1.,0.));
#10645 = ADVANCED_FACE('',(#10646),#10664,.F.);
#10646 = FACE_BOUND('',#10647,.F.);
#10647 = EDGE_LOOP('',(#10648,#10656,#10662,#10663));
#10648 = ORIENTED_EDGE('',*,*,#10649,.F.);
#10649 = EDGE_CURVE('',#10650,#10626,#10652,.T.);
#10650 = VERTEX_POINT('',#10651);
#10651 = CARTESIAN_POINT('',(71.39605704698,47.837583892617,24.55));
#10652 = LINE('',#10653,#10654);
#10653 = CARTESIAN_POINT('',(71.39605704698,47.837583892617,24.55));
#10654 = VECTOR('',#10655,1.);
#10655 = DIRECTION('',(-1.,0.,0.));
#10656 = ORIENTED_EDGE('',*,*,#10657,.T.);
#10657 = EDGE_CURVE('',#10650,#3232,#10658,.T.);
#10658 = LINE('',#10659,#10660);
#10659 = CARTESIAN_POINT('',(71.39605704698,47.837583892617,24.55));
#10660 = VECTOR('',#10661,1.);
#10661 = DIRECTION('',(0.,0.,1.));
#10662 = ORIENTED_EDGE('',*,*,#3239,.F.);
#10663 = ORIENTED_EDGE('',*,*,#10633,.F.);
#10664 = PLANE('',#10665);
#10665 = AXIS2_PLACEMENT_3D('',#10666,#10667,#10668);
#10666 = CARTESIAN_POINT('',(71.39605704698,47.837583892617,24.55));
#10667 = DIRECTION('',(0.,-1.,0.));
#10668 = DIRECTION('',(-1.,0.,0.));
#10669 = ADVANCED_FACE('',(#10670),#10681,.F.);
#10670 = FACE_BOUND('',#10671,.F.);
#10671 = EDGE_LOOP('',(#10672,#10678,#10679,#10680));
#10672 = ORIENTED_EDGE('',*,*,#10673,.F.);
#10673 = EDGE_CURVE('',#10597,#10650,#10674,.T.);
#10674 = LINE('',#10675,#10676);
#10675 = CARTESIAN_POINT('',(71.39605704698,48.936912751678,24.55));
#10676 = VECTOR('',#10677,1.);
#10677 = DIRECTION('',(0.,-1.,0.));
#10678 = ORIENTED_EDGE('',*,*,#10611,.T.);
#10679 = ORIENTED_EDGE('',*,*,#3231,.F.);
#10680 = ORIENTED_EDGE('',*,*,#10657,.F.);
#10681 = PLANE('',#10682);
#10682 = AXIS2_PLACEMENT_3D('',#10683,#10684,#10685);
#10683 = CARTESIAN_POINT('',(71.39605704698,48.936912751678,24.55));
#10684 = DIRECTION('',(1.,0.,-0.));
#10685 = DIRECTION('',(0.,-1.,0.));
#10686 = ADVANCED_FACE('',(#10687),#10712,.F.);
#10687 = FACE_BOUND('',#10688,.F.);
#10688 = EDGE_LOOP('',(#10689,#10699,#10705,#10706));
#10689 = ORIENTED_EDGE('',*,*,#10690,.F.);
#10690 = EDGE_CURVE('',#10691,#10693,#10695,.T.);
#10691 = VERTEX_POINT('',#10692);
#10692 = CARTESIAN_POINT('',(73.654173657718,48.634899328859,24.55));
#10693 = VERTEX_POINT('',#10694);
#10694 = CARTESIAN_POINT('',(75.514387583893,48.634899328859,24.55));
#10695 = LINE('',#10696,#10697);
#10696 = CARTESIAN_POINT('',(73.654173657718,48.634899328859,24.55));
#10697 = VECTOR('',#10698,1.);
#10698 = DIRECTION('',(1.,0.,0.));
#10699 = ORIENTED_EDGE('',*,*,#10700,.T.);
#10700 = EDGE_CURVE('',#10691,#3258,#10701,.T.);
#10701 = LINE('',#10702,#10703);
#10702 = CARTESIAN_POINT('',(73.654173657718,48.634899328859,24.55));
#10703 = VECTOR('',#10704,1.);
#10704 = DIRECTION('',(0.,0.,1.));
#10705 = ORIENTED_EDGE('',*,*,#3255,.F.);
#10706 = ORIENTED_EDGE('',*,*,#10707,.F.);
#10707 = EDGE_CURVE('',#10693,#3256,#10708,.T.);
#10708 = LINE('',#10709,#10710);
#10709 = CARTESIAN_POINT('',(75.514387583893,48.634899328859,24.55));
#10710 = VECTOR('',#10711,1.);
#10711 = DIRECTION('',(0.,0.,1.));
#10712 = PLANE('',#10713);
#10713 = AXIS2_PLACEMENT_3D('',#10714,#10715,#10716);
#10714 = CARTESIAN_POINT('',(73.654173657718,48.634899328859,24.55));
#10715 = DIRECTION('',(0.,1.,0.));
#10716 = DIRECTION('',(1.,0.,0.));
#10717 = ADVANCED_FACE('',(#10718),#10736,.F.);
#10718 = FACE_BOUND('',#10719,.F.);
#10719 = EDGE_LOOP('',(#10720,#10728,#10734,#10735));
#10720 = ORIENTED_EDGE('',*,*,#10721,.F.);
#10721 = EDGE_CURVE('',#10722,#10691,#10724,.T.);
#10722 = VERTEX_POINT('',#10723);
#10723 = CARTESIAN_POINT('',(74.557382550336,49.425985738255,24.55));
#10724 = LINE('',#10725,#10726);
#10725 = CARTESIAN_POINT('',(74.557382550336,49.425985738255,24.55));
#10726 = VECTOR('',#10727,1.);
#10727 = DIRECTION('',(-0.752255226589,-0.65887181915,0.));
#10728 = ORIENTED_EDGE('',*,*,#10729,.T.);
#10729 = EDGE_CURVE('',#10722,#3459,#10730,.T.);
#10730 = LINE('',#10731,#10732);
#10731 = CARTESIAN_POINT('',(74.557382550336,49.425985738255,24.55));
#10732 = VECTOR('',#10733,1.);
#10733 = DIRECTION('',(0.,0.,1.));
#10734 = ORIENTED_EDGE('',*,*,#3477,.F.);
#10735 = ORIENTED_EDGE('',*,*,#10700,.F.);
#10736 = PLANE('',#10737);
#10737 = AXIS2_PLACEMENT_3D('',#10738,#10739,#10740);
#10738 = CARTESIAN_POINT('',(74.557382550336,49.425985738255,24.55));
#10739 = DIRECTION('',(0.65887181915,-0.752255226589,0.));
#10740 = DIRECTION('',(-0.752255226589,-0.65887181915,0.));
#10741 = ADVANCED_FACE('',(#10742),#10760,.F.);
#10742 = FACE_BOUND('',#10743,.F.);
#10743 = EDGE_LOOP('',(#10744,#10752,#10758,#10759));
#10744 = ORIENTED_EDGE('',*,*,#10745,.F.);
#10745 = EDGE_CURVE('',#10746,#10722,#10748,.T.);
#10746 = VERTEX_POINT('',#10747);
#10747 = CARTESIAN_POINT('',(75.307697147651,50.226698825503,24.55));
#10748 = B_SPLINE_CURVE_WITH_KNOTS('',2,(#10749,#10750,#10751),
  .UNSPECIFIED.,.F.,.F.,(3,3),(0.,1.),.PIECEWISE_BEZIER_KNOTS.);
#10749 = CARTESIAN_POINT('',(75.307697147651,50.226698825503,24.55));
#10750 = CARTESIAN_POINT('',(75.129320469799,49.927705536913,24.55));
#10751 = CARTESIAN_POINT('',(74.557382550336,49.425985738255,24.55));
#10752 = ORIENTED_EDGE('',*,*,#10753,.T.);
#10753 = EDGE_CURVE('',#10746,#3444,#10754,.T.);
#10754 = LINE('',#10755,#10756);
#10755 = CARTESIAN_POINT('',(75.307697147651,50.226698825503,24.55));
#10756 = VECTOR('',#10757,1.);
#10757 = DIRECTION('',(0.,0.,1.));
#10758 = ORIENTED_EDGE('',*,*,#3458,.F.);
#10759 = ORIENTED_EDGE('',*,*,#10729,.F.);
#10760 = SURFACE_OF_LINEAR_EXTRUSION('',#10761,#10765);
#10761 = B_SPLINE_CURVE_WITH_KNOTS('',2,(#10762,#10763,#10764),
  .UNSPECIFIED.,.F.,.F.,(3,3),(0.,1.),.PIECEWISE_BEZIER_KNOTS.);
#10762 = CARTESIAN_POINT('',(75.307697147651,50.226698825503,24.55));
#10763 = CARTESIAN_POINT('',(75.129320469799,49.927705536913,24.55));
#10764 = CARTESIAN_POINT('',(74.557382550336,49.425985738255,24.55));
#10765 = VECTOR('',#10766,1.);
#10766 = DIRECTION('',(-0.,-0.,-1.));
#10767 = ADVANCED_FACE('',(#10768),#10786,.F.);
#10768 = FACE_BOUND('',#10769,.F.);
#10769 = EDGE_LOOP('',(#10770,#10778,#10784,#10785));
#10770 = ORIENTED_EDGE('',*,*,#10771,.F.);
#10771 = EDGE_CURVE('',#10772,#10746,#10774,.T.);
#10772 = VERTEX_POINT('',#10773);
#10773 = CARTESIAN_POINT('',(75.486073825503,50.871308724832,24.55));
#10774 = B_SPLINE_CURVE_WITH_KNOTS('',2,(#10775,#10776,#10777),
  .UNSPECIFIED.,.F.,.F.,(3,3),(0.,1.),.PIECEWISE_BEZIER_KNOTS.);
#10775 = CARTESIAN_POINT('',(75.486073825503,50.871308724832,24.55));
#10776 = CARTESIAN_POINT('',(75.486073825503,50.525692114094,24.55));
#10777 = CARTESIAN_POINT('',(75.307697147651,50.226698825503,24.55));
#10778 = ORIENTED_EDGE('',*,*,#10779,.T.);
#10779 = EDGE_CURVE('',#10772,#3425,#10780,.T.);
#10780 = LINE('',#10781,#10782);
#10781 = CARTESIAN_POINT('',(75.486073825503,50.871308724832,24.55));
#10782 = VECTOR('',#10783,1.);
#10783 = DIRECTION('',(0.,0.,1.));
#10784 = ORIENTED_EDGE('',*,*,#3443,.F.);
#10785 = ORIENTED_EDGE('',*,*,#10753,.F.);
#10786 = SURFACE_OF_LINEAR_EXTRUSION('',#10787,#10791);
#10787 = B_SPLINE_CURVE_WITH_KNOTS('',2,(#10788,#10789,#10790),
  .UNSPECIFIED.,.F.,.F.,(3,3),(0.,1.),.PIECEWISE_BEZIER_KNOTS.);
#10788 = CARTESIAN_POINT('',(75.486073825503,50.871308724832,24.55));
#10789 = CARTESIAN_POINT('',(75.486073825503,50.525692114094,24.55));
#10790 = CARTESIAN_POINT('',(75.307697147651,50.226698825503,24.55));
#10791 = VECTOR('',#10792,1.);
#10792 = DIRECTION('',(-0.,-0.,-1.));
#10793 = ADVANCED_FACE('',(#10794),#10812,.F.);
#10794 = FACE_BOUND('',#10795,.F.);
#10795 = EDGE_LOOP('',(#10796,#10804,#10810,#10811));
#10796 = ORIENTED_EDGE('',*,*,#10797,.F.);
#10797 = EDGE_CURVE('',#10798,#10772,#10800,.T.);
#10798 = VERTEX_POINT('',#10799);
#10799 = CARTESIAN_POINT('',(75.065520134228,51.803775167785,24.55));
#10800 = B_SPLINE_CURVE_WITH_KNOTS('',2,(#10801,#10802,#10803),
  .UNSPECIFIED.,.F.,.F.,(3,3),(0.,1.),.PIECEWISE_BEZIER_KNOTS.);
#10801 = CARTESIAN_POINT('',(75.065520134228,51.803775167785,24.55));
#10802 = CARTESIAN_POINT('',(75.486073825503,51.469484060403,24.55));
#10803 = CARTESIAN_POINT('',(75.486073825503,50.871308724832,24.55));
#10804 = ORIENTED_EDGE('',*,*,#10805,.T.);
#10805 = EDGE_CURVE('',#10798,#3408,#10806,.T.);
#10806 = LINE('',#10807,#10808);
#10807 = CARTESIAN_POINT('',(75.065520134228,51.803775167785,24.55));
#10808 = VECTOR('',#10809,1.);
#10809 = DIRECTION('',(0.,0.,1.));
#10810 = ORIENTED_EDGE('',*,*,#3424,.F.);
#10811 = ORIENTED_EDGE('',*,*,#10779,.F.);
#10812 = SURFACE_OF_LINEAR_EXTRUSION('',#10813,#10817);
#10813 = B_SPLINE_CURVE_WITH_KNOTS('',2,(#10814,#10815,#10816),
  .UNSPECIFIED.,.F.,.F.,(3,3),(0.,1.),.PIECEWISE_BEZIER_KNOTS.);
#10814 = CARTESIAN_POINT('',(75.065520134228,51.803775167785,24.55));
#10815 = CARTESIAN_POINT('',(75.486073825503,51.469484060403,24.55));
#10816 = CARTESIAN_POINT('',(75.486073825503,50.871308724832,24.55));
#10817 = VECTOR('',#10818,1.);
#10818 = DIRECTION('',(-0.,-0.,-1.));
#10819 = ADVANCED_FACE('',(#10820),#10838,.F.);
#10820 = FACE_BOUND('',#10821,.F.);
#10821 = EDGE_LOOP('',(#10822,#10830,#10836,#10837));
#10822 = ORIENTED_EDGE('',*,*,#10823,.F.);
#10823 = EDGE_CURVE('',#10824,#10798,#10826,.T.);
#10824 = VERTEX_POINT('',#10825);
#10825 = CARTESIAN_POINT('',(73.88634647651,52.138255033557,24.55));
#10826 = B_SPLINE_CURVE_WITH_KNOTS('',2,(#10827,#10828,#10829),
  .UNSPECIFIED.,.F.,.F.,(3,3),(0.,1.),.PIECEWISE_BEZIER_KNOTS.);
#10827 = CARTESIAN_POINT('',(73.88634647651,52.138255033557,24.55));
#10828 = CARTESIAN_POINT('',(74.645155201342,52.138255033557,24.55));
#10829 = CARTESIAN_POINT('',(75.065520134228,51.803775167785,24.55));
#10830 = ORIENTED_EDGE('',*,*,#10831,.T.);
#10831 = EDGE_CURVE('',#10824,#3397,#10832,.T.);
#10832 = LINE('',#10833,#10834);
#10833 = CARTESIAN_POINT('',(73.88634647651,52.138255033557,24.55));
#10834 = VECTOR('',#10835,1.);
#10835 = DIRECTION('',(0.,0.,1.));
#10836 = ORIENTED_EDGE('',*,*,#3407,.F.);
#10837 = ORIENTED_EDGE('',*,*,#10805,.F.);
#10838 = SURFACE_OF_LINEAR_EXTRUSION('',#10839,#10843);
#10839 = B_SPLINE_CURVE_WITH_KNOTS('',2,(#10840,#10841,#10842),
  .UNSPECIFIED.,.F.,.F.,(3,3),(0.,1.),.PIECEWISE_BEZIER_KNOTS.);
#10840 = CARTESIAN_POINT('',(73.88634647651,52.138255033557,24.55));
#10841 = CARTESIAN_POINT('',(74.645155201342,52.138255033557,24.55));
#10842 = CARTESIAN_POINT('',(75.065520134228,51.803775167785,24.55));
#10843 = VECTOR('',#10844,1.);
#10844 = DIRECTION('',(-0.,-0.,-1.));
#10845 = ADVANCED_FACE('',(#10846),#10864,.F.);
#10846 = FACE_BOUND('',#10847,.F.);
#10847 = EDGE_LOOP('',(#10848,#10856,#10862,#10863));
#10848 = ORIENTED_EDGE('',*,*,#10849,.F.);
#10849 = EDGE_CURVE('',#10850,#10824,#10852,.T.);
#10850 = VERTEX_POINT('',#10851);
#10851 = CARTESIAN_POINT('',(73.181333892617,52.073322147651,24.55));
#10852 = B_SPLINE_CURVE_WITH_KNOTS('',2,(#10853,#10854,#10855),
  .UNSPECIFIED.,.F.,.F.,(3,3),(0.,1.),.PIECEWISE_BEZIER_KNOTS.);
#10853 = CARTESIAN_POINT('',(73.181333892617,52.073322147651,24.55));
#10854 = CARTESIAN_POINT('',(73.540918624161,52.138255033557,24.55));
#10855 = CARTESIAN_POINT('',(73.88634647651,52.138255033557,24.55));
#10856 = ORIENTED_EDGE('',*,*,#10857,.T.);
#10857 = EDGE_CURVE('',#10850,#3386,#10858,.T.);
#10858 = LINE('',#10859,#10860);
#10859 = CARTESIAN_POINT('',(73.181333892617,52.073322147651,24.55));
#10860 = VECTOR('',#10861,1.);
#10861 = DIRECTION('',(0.,0.,1.));
#10862 = ORIENTED_EDGE('',*,*,#3396,.F.);
#10863 = ORIENTED_EDGE('',*,*,#10831,.F.);
#10864 = SURFACE_OF_LINEAR_EXTRUSION('',#10865,#10869);
#10865 = B_SPLINE_CURVE_WITH_KNOTS('',2,(#10866,#10867,#10868),
  .UNSPECIFIED.,.F.,.F.,(3,3),(0.,1.),.PIECEWISE_BEZIER_KNOTS.);
#10866 = CARTESIAN_POINT('',(73.181333892617,52.073322147651,24.55));
#10867 = CARTESIAN_POINT('',(73.540918624161,52.138255033557,24.55));
#10868 = CARTESIAN_POINT('',(73.88634647651,52.138255033557,24.55));
#10869 = VECTOR('',#10870,1.);
#10870 = DIRECTION('',(-0.,-0.,-1.));
#10871 = ADVANCED_FACE('',(#10872),#10890,.F.);
#10872 = FACE_BOUND('',#10873,.F.);
#10873 = EDGE_LOOP('',(#10874,#10882,#10888,#10889));
#10874 = ORIENTED_EDGE('',*,*,#10875,.F.);
#10875 = EDGE_CURVE('',#10876,#10850,#10878,.T.);
#10876 = VERTEX_POINT('',#10877);
#10877 = CARTESIAN_POINT('',(72.453670302013,51.884563758389,24.55));
#10878 = B_SPLINE_CURVE_WITH_KNOTS('',2,(#10879,#10880,#10881),
  .UNSPECIFIED.,.F.,.F.,(3,3),(0.,1.),.PIECEWISE_BEZIER_KNOTS.);
#10879 = CARTESIAN_POINT('',(72.453670302013,51.884563758389,24.55));
#10880 = CARTESIAN_POINT('',(72.821749161074,52.008578020134,24.55));
#10881 = CARTESIAN_POINT('',(73.181333892617,52.073322147651,24.55));
#10882 = ORIENTED_EDGE('',*,*,#10883,.T.);
#10883 = EDGE_CURVE('',#10876,#3378,#10884,.T.);
#10884 = LINE('',#10885,#10886);
#10885 = CARTESIAN_POINT('',(72.453670302013,51.884563758389,24.55));
#10886 = VECTOR('',#10887,1.);
#10887 = DIRECTION('',(0.,0.,1.));
#10888 = ORIENTED_EDGE('',*,*,#3385,.F.);
#10889 = ORIENTED_EDGE('',*,*,#10857,.F.);
#10890 = SURFACE_OF_LINEAR_EXTRUSION('',#10891,#10895);
#10891 = B_SPLINE_CURVE_WITH_KNOTS('',2,(#10892,#10893,#10894),
  .UNSPECIFIED.,.F.,.F.,(3,3),(0.,1.),.PIECEWISE_BEZIER_KNOTS.);
#10892 = CARTESIAN_POINT('',(72.453670302013,51.884563758389,24.55));
#10893 = CARTESIAN_POINT('',(72.821749161074,52.008578020134,24.55));
#10894 = CARTESIAN_POINT('',(73.181333892617,52.073322147651,24.55));
#10895 = VECTOR('',#10896,1.);
#10896 = DIRECTION('',(-0.,-0.,-1.));
#10897 = ADVANCED_FACE('',(#10898),#10916,.F.);
#10898 = FACE_BOUND('',#10899,.F.);
#10899 = EDGE_LOOP('',(#10900,#10908,#10914,#10915));
#10900 = ORIENTED_EDGE('',*,*,#10901,.F.);
#10901 = EDGE_CURVE('',#10902,#10876,#10904,.T.);
#10902 = VERTEX_POINT('',#10903);
#10903 = CARTESIAN_POINT('',(72.453670302013,50.954362416107,24.55));
#10904 = LINE('',#10905,#10906);
#10905 = CARTESIAN_POINT('',(72.453670302013,50.954362416107,24.55));
#10906 = VECTOR('',#10907,1.);
#10907 = DIRECTION('',(0.,1.,0.));
#10908 = ORIENTED_EDGE('',*,*,#10909,.T.);
#10909 = EDGE_CURVE('',#10902,#3367,#10910,.T.);
#10910 = LINE('',#10911,#10912);
#10911 = CARTESIAN_POINT('',(72.453670302013,50.954362416107,24.55));
#10912 = VECTOR('',#10913,1.);
#10913 = DIRECTION('',(0.,0.,1.));
#10914 = ORIENTED_EDGE('',*,*,#3377,.F.);
#10915 = ORIENTED_EDGE('',*,*,#10883,.F.);
#10916 = PLANE('',#10917);
#10917 = AXIS2_PLACEMENT_3D('',#10918,#10919,#10920);
#10918 = CARTESIAN_POINT('',(72.453670302013,50.954362416107,24.55));
#10919 = DIRECTION('',(-1.,0.,0.));
#10920 = DIRECTION('',(0.,1.,0.));
#10921 = ADVANCED_FACE('',(#10922),#10940,.F.);
#10922 = FACE_BOUND('',#10923,.F.);
#10923 = EDGE_LOOP('',(#10924,#10932,#10938,#10939));
#10924 = ORIENTED_EDGE('',*,*,#10925,.F.);
#10925 = EDGE_CURVE('',#10926,#10902,#10928,.T.);
#10926 = VERTEX_POINT('',#10927);
#10927 = CARTESIAN_POINT('',(73.102055369128,51.279781879195,24.55));
#10928 = B_SPLINE_CURVE_WITH_KNOTS('',2,(#10929,#10930,#10931),
  .UNSPECIFIED.,.F.,.F.,(3,3),(0.,1.),.PIECEWISE_BEZIER_KNOTS.);
#10929 = CARTESIAN_POINT('',(73.102055369128,51.279781879195,24.55));
#10930 = CARTESIAN_POINT('',(72.799098154362,51.170302013423,24.55));
#10931 = CARTESIAN_POINT('',(72.453670302013,50.954362416107,24.55));
#10932 = ORIENTED_EDGE('',*,*,#10933,.T.);
#10933 = EDGE_CURVE('',#10926,#3356,#10934,.T.);
#10934 = LINE('',#10935,#10936);
#10935 = CARTESIAN_POINT('',(73.102055369128,51.279781879195,24.55));
#10936 = VECTOR('',#10937,1.);
#10937 = DIRECTION('',(0.,0.,1.));
#10938 = ORIENTED_EDGE('',*,*,#3366,.F.);
#10939 = ORIENTED_EDGE('',*,*,#10909,.F.);
#10940 = SURFACE_OF_LINEAR_EXTRUSION('',#10941,#10945);
#10941 = B_SPLINE_CURVE_WITH_KNOTS('',2,(#10942,#10943,#10944),
  .UNSPECIFIED.,.F.,.F.,(3,3),(0.,1.),.PIECEWISE_BEZIER_KNOTS.);
#10942 = CARTESIAN_POINT('',(73.102055369128,51.279781879195,24.55));
#10943 = CARTESIAN_POINT('',(72.799098154362,51.170302013423,24.55));
#10944 = CARTESIAN_POINT('',(72.453670302013,50.954362416107,24.55));
#10945 = VECTOR('',#10946,1.);
#10946 = DIRECTION('',(-0.,-0.,-1.));
#10947 = ADVANCED_FACE('',(#10948),#10966,.F.);
#10948 = FACE_BOUND('',#10949,.F.);
#10949 = EDGE_LOOP('',(#10950,#10958,#10964,#10965));
#10950 = ORIENTED_EDGE('',*,*,#10951,.F.);
#10951 = EDGE_CURVE('',#10952,#10926,#10954,.T.);
#10952 = VERTEX_POINT('',#10953);
#10953 = CARTESIAN_POINT('',(73.659836409396,51.389261744966,24.55));
#10954 = B_SPLINE_CURVE_WITH_KNOTS('',2,(#10955,#10956,#10957),
  .UNSPECIFIED.,.F.,.F.,(3,3),(0.,1.),.PIECEWISE_BEZIER_KNOTS.);
#10955 = CARTESIAN_POINT('',(73.659836409396,51.389261744966,24.55));
#10956 = CARTESIAN_POINT('',(73.405012583893,51.389261744966,24.55));
#10957 = CARTESIAN_POINT('',(73.102055369128,51.279781879195,24.55));
#10958 = ORIENTED_EDGE('',*,*,#10959,.T.);
#10959 = EDGE_CURVE('',#10952,#3339,#10960,.T.);
#10960 = LINE('',#10961,#10962);
#10961 = CARTESIAN_POINT('',(73.659836409396,51.389261744966,24.55));
#10962 = VECTOR('',#10963,1.);
#10963 = DIRECTION('',(0.,0.,1.));
#10964 = ORIENTED_EDGE('',*,*,#3355,.F.);
#10965 = ORIENTED_EDGE('',*,*,#10933,.F.);
#10966 = SURFACE_OF_LINEAR_EXTRUSION('',#10967,#10971);
#10967 = B_SPLINE_CURVE_WITH_KNOTS('',2,(#10968,#10969,#10970),
  .UNSPECIFIED.,.F.,.F.,(3,3),(0.,1.),.PIECEWISE_BEZIER_KNOTS.);
#10968 = CARTESIAN_POINT('',(73.659836409396,51.389261744966,24.55));
#10969 = CARTESIAN_POINT('',(73.405012583893,51.389261744966,24.55));
#10970 = CARTESIAN_POINT('',(73.102055369128,51.279781879195,24.55));
#10971 = VECTOR('',#10972,1.);
#10972 = DIRECTION('',(-0.,-0.,-1.));
#10973 = ADVANCED_FACE('',(#10974),#10992,.F.);
#10974 = FACE_BOUND('',#10975,.F.);
#10975 = EDGE_LOOP('',(#10976,#10984,#10990,#10991));
#10976 = ORIENTED_EDGE('',*,*,#10977,.F.);
#10977 = EDGE_CURVE('',#10978,#10952,#10980,.T.);
#10978 = VERTEX_POINT('',#10979);
#10979 = CARTESIAN_POINT('',(74.190625,51.208053691275,24.55));
#10980 = B_SPLINE_CURVE_WITH_KNOTS('',2,(#10981,#10982,#10983),
  .UNSPECIFIED.,.F.,.F.,(3,3),(0.,1.),.PIECEWISE_BEZIER_KNOTS.);
#10981 = CARTESIAN_POINT('',(74.190625,51.208053691275,24.55));
#10982 = CARTESIAN_POINT('',(73.99110738255,51.389261744966,24.55));
#10983 = CARTESIAN_POINT('',(73.659836409396,51.389261744966,24.55));
#10984 = ORIENTED_EDGE('',*,*,#10985,.T.);
#10985 = EDGE_CURVE('',#10978,#3324,#10986,.T.);
#10986 = LINE('',#10987,#10988);
#10987 = CARTESIAN_POINT('',(74.190625,51.208053691275,24.55));
#10988 = VECTOR('',#10989,1.);
#10989 = DIRECTION('',(0.,0.,1.));
#10990 = ORIENTED_EDGE('',*,*,#3338,.F.);
#10991 = ORIENTED_EDGE('',*,*,#10959,.F.);
#10992 = SURFACE_OF_LINEAR_EXTRUSION('',#10993,#10997);
#10993 = B_SPLINE_CURVE_WITH_KNOTS('',2,(#10994,#10995,#10996),
  .UNSPECIFIED.,.F.,.F.,(3,3),(0.,1.),.PIECEWISE_BEZIER_KNOTS.);
#10994 = CARTESIAN_POINT('',(74.190625,51.208053691275,24.55));
#10995 = CARTESIAN_POINT('',(73.99110738255,51.389261744966,24.55));
#10996 = CARTESIAN_POINT('',(73.659836409396,51.389261744966,24.55));
#10997 = VECTOR('',#10998,1.);
#10998 = DIRECTION('',(-0.,-0.,-1.));
#10999 = ADVANCED_FACE('',(#11000),#11018,.F.);
#11000 = FACE_BOUND('',#11001,.F.);
#11001 = EDGE_LOOP('',(#11002,#11010,#11016,#11017));
#11002 = ORIENTED_EDGE('',*,*,#11003,.F.);
#11003 = EDGE_CURVE('',#11004,#10978,#11006,.T.);
#11004 = VERTEX_POINT('',#11005);
#11005 = CARTESIAN_POINT('',(74.390331375839,50.729739932886,24.55));
#11006 = B_SPLINE_CURVE_WITH_KNOTS('',2,(#11007,#11008,#11009),
  .UNSPECIFIED.,.F.,.F.,(3,3),(0.,1.),.PIECEWISE_BEZIER_KNOTS.);
#11007 = CARTESIAN_POINT('',(74.390331375839,50.729739932886,24.55));
#11008 = CARTESIAN_POINT('',(74.390331375839,51.027034395973,24.55));
#11009 = CARTESIAN_POINT('',(74.190625,51.208053691275,24.55));
#11010 = ORIENTED_EDGE('',*,*,#11011,.T.);
#11011 = EDGE_CURVE('',#11004,#3309,#11012,.T.);
#11012 = LINE('',#11013,#11014);
#11013 = CARTESIAN_POINT('',(74.390331375839,50.729739932886,24.55));
#11014 = VECTOR('',#11015,1.);
#11015 = DIRECTION('',(0.,0.,1.));
#11016 = ORIENTED_EDGE('',*,*,#3323,.F.);
#11017 = ORIENTED_EDGE('',*,*,#10985,.F.);
#11018 = SURFACE_OF_LINEAR_EXTRUSION('',#11019,#11023);
#11019 = B_SPLINE_CURVE_WITH_KNOTS('',2,(#11020,#11021,#11022),
  .UNSPECIFIED.,.F.,.F.,(3,3),(0.,1.),.PIECEWISE_BEZIER_KNOTS.);
#11020 = CARTESIAN_POINT('',(74.390331375839,50.729739932886,24.55));
#11021 = CARTESIAN_POINT('',(74.390331375839,51.027034395973,24.55));
#11022 = CARTESIAN_POINT('',(74.190625,51.208053691275,24.55));
#11023 = VECTOR('',#11024,1.);
#11024 = DIRECTION('',(-0.,-0.,-1.));
#11025 = ADVANCED_FACE('',(#11026),#11044,.F.);
#11026 = FACE_BOUND('',#11027,.F.);
#11027 = EDGE_LOOP('',(#11028,#11036,#11042,#11043));
#11028 = ORIENTED_EDGE('',*,*,#11029,.F.);
#11029 = EDGE_CURVE('',#11030,#11004,#11032,.T.);
#11030 = VERTEX_POINT('',#11031);
#11031 = CARTESIAN_POINT('',(74.291233221477,50.358829697987,24.55));
#11032 = B_SPLINE_CURVE_WITH_KNOTS('',2,(#11033,#11034,#11035),
  .UNSPECIFIED.,.F.,.F.,(3,3),(0.,1.),.PIECEWISE_BEZIER_KNOTS.);
#11033 = CARTESIAN_POINT('',(74.291233221477,50.358829697987,24.55));
#11034 = CARTESIAN_POINT('',(74.390331375839,50.537206375839,24.55));
#11035 = CARTESIAN_POINT('',(74.390331375839,50.729739932886,24.55));
#11036 = ORIENTED_EDGE('',*,*,#11037,.T.);
#11037 = EDGE_CURVE('',#11030,#3298,#11038,.T.);
#11038 = LINE('',#11039,#11040);
#11039 = CARTESIAN_POINT('',(74.291233221477,50.358829697987,24.55));
#11040 = VECTOR('',#11041,1.);
#11041 = DIRECTION('',(0.,0.,1.));
#11042 = ORIENTED_EDGE('',*,*,#3308,.F.);
#11043 = ORIENTED_EDGE('',*,*,#11011,.F.);
#11044 = SURFACE_OF_LINEAR_EXTRUSION('',#11045,#11049);
#11045 = B_SPLINE_CURVE_WITH_KNOTS('',2,(#11046,#11047,#11048),
  .UNSPECIFIED.,.F.,.F.,(3,3),(0.,1.),.PIECEWISE_BEZIER_KNOTS.);
#11046 = CARTESIAN_POINT('',(74.291233221477,50.358829697987,24.55));
#11047 = CARTESIAN_POINT('',(74.390331375839,50.537206375839,24.55));
#11048 = CARTESIAN_POINT('',(74.390331375839,50.729739932886,24.55));
#11049 = VECTOR('',#11050,1.);
#11050 = DIRECTION('',(-0.,-0.,-1.));
#11051 = ADVANCED_FACE('',(#11052),#11070,.F.);
#11052 = FACE_BOUND('',#11053,.F.);
#11053 = EDGE_LOOP('',(#11054,#11062,#11068,#11069));
#11054 = ORIENTED_EDGE('',*,*,#11055,.F.);
#11055 = EDGE_CURVE('',#11056,#11030,#11058,.T.);
#11056 = VERTEX_POINT('',#11057);
#11057 = CARTESIAN_POINT('',(73.985444630872,49.993770973154,24.55));
#11058 = B_SPLINE_CURVE_WITH_KNOTS('',2,(#11059,#11060,#11061),
  .UNSPECIFIED.,.F.,.F.,(3,3),(0.,1.),.PIECEWISE_BEZIER_KNOTS.);
#11059 = CARTESIAN_POINT('',(73.985444630872,49.993770973154,24.55));
#11060 = CARTESIAN_POINT('',(74.192135067114,50.180641778523,24.55));
#11061 = CARTESIAN_POINT('',(74.291233221477,50.358829697987,24.55));
#11062 = ORIENTED_EDGE('',*,*,#11063,.T.);
#11063 = EDGE_CURVE('',#11056,#3290,#11064,.T.);
#11064 = LINE('',#11065,#11066);
#11065 = CARTESIAN_POINT('',(73.985444630872,49.993770973154,24.55));
#11066 = VECTOR('',#11067,1.);
#11067 = DIRECTION('',(0.,0.,1.));
#11068 = ORIENTED_EDGE('',*,*,#3297,.F.);
#11069 = ORIENTED_EDGE('',*,*,#11037,.F.);
#11070 = SURFACE_OF_LINEAR_EXTRUSION('',#11071,#11075);
#11071 = B_SPLINE_CURVE_WITH_KNOTS('',2,(#11072,#11073,#11074),
  .UNSPECIFIED.,.F.,.F.,(3,3),(0.,1.),.PIECEWISE_BEZIER_KNOTS.);
#11072 = CARTESIAN_POINT('',(73.985444630872,49.993770973154,24.55));
#11073 = CARTESIAN_POINT('',(74.192135067114,50.180641778523,24.55));
#11074 = CARTESIAN_POINT('',(74.291233221477,50.358829697987,24.55));
#11075 = VECTOR('',#11076,1.);
#11076 = DIRECTION('',(-0.,-0.,-1.));
#11077 = ADVANCED_FACE('',(#11078),#11096,.F.);
#11078 = FACE_BOUND('',#11079,.F.);
#11079 = EDGE_LOOP('',(#11080,#11088,#11094,#11095));
#11080 = ORIENTED_EDGE('',*,*,#11081,.F.);
#11081 = EDGE_CURVE('',#11082,#11056,#11084,.T.);
#11082 = VERTEX_POINT('',#11083);
#11083 = CARTESIAN_POINT('',(72.442344798658,48.634899328859,24.55));
#11084 = LINE('',#11085,#11086);
#11085 = CARTESIAN_POINT('',(72.442344798658,48.634899328859,24.55));
#11086 = VECTOR('',#11087,1.);
#11087 = DIRECTION('',(0.750485828524,0.66088654184,0.));
#11088 = ORIENTED_EDGE('',*,*,#11089,.T.);
#11089 = EDGE_CURVE('',#11082,#3282,#11090,.T.);
#11090 = LINE('',#11091,#11092);
#11091 = CARTESIAN_POINT('',(72.442344798658,48.634899328859,24.55));
#11092 = VECTOR('',#11093,1.);
#11093 = DIRECTION('',(0.,0.,1.));
#11094 = ORIENTED_EDGE('',*,*,#3289,.F.);
#11095 = ORIENTED_EDGE('',*,*,#11063,.F.);
#11096 = PLANE('',#11097);
#11097 = AXIS2_PLACEMENT_3D('',#11098,#11099,#11100);
#11098 = CARTESIAN_POINT('',(72.442344798658,48.634899328859,24.55));
#11099 = DIRECTION('',(-0.66088654184,0.750485828524,0.));
#11100 = DIRECTION('',(0.750485828524,0.66088654184,0.));
#11101 = ADVANCED_FACE('',(#11102),#11120,.F.);
#11102 = FACE_BOUND('',#11103,.F.);
#11103 = EDGE_LOOP('',(#11104,#11112,#11118,#11119));
#11104 = ORIENTED_EDGE('',*,*,#11105,.F.);
#11105 = EDGE_CURVE('',#11106,#11082,#11108,.T.);
#11106 = VERTEX_POINT('',#11107);
#11107 = CARTESIAN_POINT('',(72.442344798658,47.837583892617,24.55));
#11108 = LINE('',#11109,#11110);
#11109 = CARTESIAN_POINT('',(72.442344798658,47.837583892617,24.55));
#11110 = VECTOR('',#11111,1.);
#11111 = DIRECTION('',(0.,1.,0.));
#11112 = ORIENTED_EDGE('',*,*,#11113,.T.);
#11113 = EDGE_CURVE('',#11106,#3274,#11114,.T.);
#11114 = LINE('',#11115,#11116);
#11115 = CARTESIAN_POINT('',(72.442344798658,47.837583892617,24.55));
#11116 = VECTOR('',#11117,1.);
#11117 = DIRECTION('',(0.,0.,1.));
#11118 = ORIENTED_EDGE('',*,*,#3281,.F.);
#11119 = ORIENTED_EDGE('',*,*,#11089,.F.);
#11120 = PLANE('',#11121);
#11121 = AXIS2_PLACEMENT_3D('',#11122,#11123,#11124);
#11122 = CARTESIAN_POINT('',(72.442344798658,47.837583892617,24.55));
#11123 = DIRECTION('',(-1.,0.,0.));
#11124 = DIRECTION('',(0.,1.,0.));
#11125 = ADVANCED_FACE('',(#11126),#11144,.F.);
#11126 = FACE_BOUND('',#11127,.F.);
#11127 = EDGE_LOOP('',(#11128,#11136,#11142,#11143));
#11128 = ORIENTED_EDGE('',*,*,#11129,.F.);
#11129 = EDGE_CURVE('',#11130,#11106,#11132,.T.);
#11130 = VERTEX_POINT('',#11131);
#11131 = CARTESIAN_POINT('',(75.514387583893,47.837583892617,24.55));
#11132 = LINE('',#11133,#11134);
#11133 = CARTESIAN_POINT('',(75.514387583893,47.837583892617,24.55));
#11134 = VECTOR('',#11135,1.);
#11135 = DIRECTION('',(-1.,0.,0.));
#11136 = ORIENTED_EDGE('',*,*,#11137,.T.);
#11137 = EDGE_CURVE('',#11130,#3266,#11138,.T.);
#11138 = LINE('',#11139,#11140);
#11139 = CARTESIAN_POINT('',(75.514387583893,47.837583892617,24.55));
#11140 = VECTOR('',#11141,1.);
#11141 = DIRECTION('',(0.,0.,1.));
#11142 = ORIENTED_EDGE('',*,*,#3273,.F.);
#11143 = ORIENTED_EDGE('',*,*,#11113,.F.);
#11144 = PLANE('',#11145);
#11145 = AXIS2_PLACEMENT_3D('',#11146,#11147,#11148);
#11146 = CARTESIAN_POINT('',(75.514387583893,47.837583892617,24.55));
#11147 = DIRECTION('',(0.,-1.,0.));
#11148 = DIRECTION('',(-1.,0.,0.));
#11149 = ADVANCED_FACE('',(#11150),#11161,.F.);
#11150 = FACE_BOUND('',#11151,.F.);
#11151 = EDGE_LOOP('',(#11152,#11158,#11159,#11160));
#11152 = ORIENTED_EDGE('',*,*,#11153,.F.);
#11153 = EDGE_CURVE('',#10693,#11130,#11154,.T.);
#11154 = LINE('',#11155,#11156);
#11155 = CARTESIAN_POINT('',(75.514387583893,48.634899328859,24.55));
#11156 = VECTOR('',#11157,1.);
#11157 = DIRECTION('',(0.,-1.,0.));
#11158 = ORIENTED_EDGE('',*,*,#10707,.T.);
#11159 = ORIENTED_EDGE('',*,*,#3265,.F.);
#11160 = ORIENTED_EDGE('',*,*,#11137,.F.);
#11161 = PLANE('',#11162);
#11162 = AXIS2_PLACEMENT_3D('',#11163,#11164,#11165);
#11163 = CARTESIAN_POINT('',(75.514387583893,48.634899328859,24.55));
#11164 = DIRECTION('',(1.,0.,-0.));
#11165 = DIRECTION('',(0.,-1.,0.));
#11166 = ADVANCED_FACE('',(#11167),#11192,.F.);
#11167 = FACE_BOUND('',#11168,.F.);
#11168 = EDGE_LOOP('',(#11169,#11179,#11185,#11186));
#11169 = ORIENTED_EDGE('',*,*,#11170,.F.);
#11170 = EDGE_CURVE('',#11171,#11173,#11175,.T.);
#11171 = VERTEX_POINT('',#11172);
#11172 = CARTESIAN_POINT('',(76.632969798658,52.065771812081,24.55));
#11173 = VERTEX_POINT('',#11174);
#11174 = CARTESIAN_POINT('',(79.34259647651,52.065771812081,24.55));
#11175 = LINE('',#11176,#11177);
#11176 = CARTESIAN_POINT('',(76.632969798658,52.065771812081,24.55));
#11177 = VECTOR('',#11178,1.);
#11178 = DIRECTION('',(1.,0.,0.));
#11179 = ORIENTED_EDGE('',*,*,#11180,.T.);
#11180 = EDGE_CURVE('',#11171,#3488,#11181,.T.);
#11181 = LINE('',#11182,#11183);
#11182 = CARTESIAN_POINT('',(76.632969798658,52.065771812081,24.55));
#11183 = VECTOR('',#11184,1.);
#11184 = DIRECTION('',(0.,0.,1.));
#11185 = ORIENTED_EDGE('',*,*,#3485,.F.);
#11186 = ORIENTED_EDGE('',*,*,#11187,.F.);
#11187 = EDGE_CURVE('',#11173,#3486,#11188,.T.);
#11188 = LINE('',#11189,#11190);
#11189 = CARTESIAN_POINT('',(79.34259647651,52.065771812081,24.55));
#11190 = VECTOR('',#11191,1.);
#11191 = DIRECTION('',(0.,0.,1.));
#11192 = PLANE('',#11193);
#11193 = AXIS2_PLACEMENT_3D('',#11194,#11195,#11196);
#11194 = CARTESIAN_POINT('',(76.632969798658,52.065771812081,24.55));
#11195 = DIRECTION('',(0.,1.,0.));
#11196 = DIRECTION('',(1.,0.,0.));
#11197 = ADVANCED_FACE('',(#11198),#11216,.F.);
#11198 = FACE_BOUND('',#11199,.F.);
#11199 = EDGE_LOOP('',(#11200,#11208,#11214,#11215));
#11200 = ORIENTED_EDGE('',*,*,#11201,.F.);
#11201 = EDGE_CURVE('',#11202,#11171,#11204,.T.);
#11202 = VERTEX_POINT('',#11203);
#11203 = CARTESIAN_POINT('',(76.632969798658,49.673825503356,24.55));
#11204 = LINE('',#11205,#11206);
#11205 = CARTESIAN_POINT('',(76.632969798658,49.673825503356,24.55));
#11206 = VECTOR('',#11207,1.);
#11207 = DIRECTION('',(0.,1.,0.));
#11208 = ORIENTED_EDGE('',*,*,#11209,.T.);
#11209 = EDGE_CURVE('',#11202,#3744,#11210,.T.);
#11210 = LINE('',#11211,#11212);
#11211 = CARTESIAN_POINT('',(76.632969798658,49.673825503356,24.55));
#11212 = VECTOR('',#11213,1.);
#11213 = DIRECTION('',(0.,0.,1.));
#11214 = ORIENTED_EDGE('',*,*,#3754,.F.);
#11215 = ORIENTED_EDGE('',*,*,#11180,.F.);
#11216 = PLANE('',#11217);
#11217 = AXIS2_PLACEMENT_3D('',#11218,#11219,#11220);
#11218 = CARTESIAN_POINT('',(76.632969798658,49.673825503356,24.55));
#11219 = DIRECTION('',(-1.,0.,0.));
#11220 = DIRECTION('',(0.,1.,0.));
#11221 = ADVANCED_FACE('',(#11222),#11240,.F.);
#11222 = FACE_BOUND('',#11223,.F.);
#11223 = EDGE_LOOP('',(#11224,#11232,#11238,#11239));
#11224 = ORIENTED_EDGE('',*,*,#11225,.F.);
#11225 = EDGE_CURVE('',#11226,#11202,#11228,.T.);
#11226 = VERTEX_POINT('',#11227);
#11227 = CARTESIAN_POINT('',(77.204907718121,49.865415268456,24.55));
#11228 = B_SPLINE_CURVE_WITH_KNOTS('',2,(#11229,#11230,#11231),
  .UNSPECIFIED.,.F.,.F.,(3,3),(0.,1.),.PIECEWISE_BEZIER_KNOTS.);
#11229 = CARTESIAN_POINT('',(77.204907718121,49.865415268456,24.55));
#11230 = CARTESIAN_POINT('',(76.938758389262,49.803502516779,24.55));
#11231 = CARTESIAN_POINT('',(76.632969798658,49.673825503356,24.55));
#11232 = ORIENTED_EDGE('',*,*,#11233,.T.);
#11233 = EDGE_CURVE('',#11226,#3733,#11234,.T.);
#11234 = LINE('',#11235,#11236);
#11235 = CARTESIAN_POINT('',(77.204907718121,49.865415268456,24.55));
#11236 = VECTOR('',#11237,1.);
#11237 = DIRECTION('',(0.,0.,1.));
#11238 = ORIENTED_EDGE('',*,*,#3743,.F.);
#11239 = ORIENTED_EDGE('',*,*,#11209,.F.);
#11240 = SURFACE_OF_LINEAR_EXTRUSION('',#11241,#11245);
#11241 = B_SPLINE_CURVE_WITH_KNOTS('',2,(#11242,#11243,#11244),
  .UNSPECIFIED.,.F.,.F.,(3,3),(0.,1.),.PIECEWISE_BEZIER_KNOTS.);
#11242 = CARTESIAN_POINT('',(77.204907718121,49.865415268456,24.55));
#11243 = CARTESIAN_POINT('',(76.938758389262,49.803502516779,24.55));
#11244 = CARTESIAN_POINT('',(76.632969798658,49.673825503356,24.55));
#11245 = VECTOR('',#11246,1.);
#11246 = DIRECTION('',(-0.,-0.,-1.));
#11247 = ADVANCED_FACE('',(#11248),#11266,.F.);
#11248 = FACE_BOUND('',#11249,.F.);
#11249 = EDGE_LOOP('',(#11250,#11258,#11264,#11265));
#11250 = ORIENTED_EDGE('',*,*,#11251,.F.);
#11251 = EDGE_CURVE('',#11252,#11226,#11254,.T.);
#11252 = VERTEX_POINT('',#11253);
#11253 = CARTESIAN_POINT('',(77.706061241611,49.927516778523,24.55));
#11254 = B_SPLINE_CURVE_WITH_KNOTS('',2,(#11255,#11256,#11257),
  .UNSPECIFIED.,.F.,.F.,(3,3),(0.,1.),.PIECEWISE_BEZIER_KNOTS.);
#11255 = CARTESIAN_POINT('',(77.706061241611,49.927516778523,24.55));
#11256 = CARTESIAN_POINT('',(77.47105704698,49.927516778523,24.55));
#11257 = CARTESIAN_POINT('',(77.204907718121,49.865415268456,24.55));
#11258 = ORIENTED_EDGE('',*,*,#11259,.T.);
#11259 = EDGE_CURVE('',#11252,#3718,#11260,.T.);
#11260 = LINE('',#11261,#11262);
#11261 = CARTESIAN_POINT('',(77.706061241611,49.927516778523,24.55));
#11262 = VECTOR('',#11263,1.);
#11263 = DIRECTION('',(0.,0.,1.));
#11264 = ORIENTED_EDGE('',*,*,#3732,.F.);
#11265 = ORIENTED_EDGE('',*,*,#11233,.F.);
#11266 = SURFACE_OF_LINEAR_EXTRUSION('',#11267,#11271);
#11267 = B_SPLINE_CURVE_WITH_KNOTS('',2,(#11268,#11269,#11270),
  .UNSPECIFIED.,.F.,.F.,(3,3),(0.,1.),.PIECEWISE_BEZIER_KNOTS.);
#11268 = CARTESIAN_POINT('',(77.706061241611,49.927516778523,24.55));
#11269 = CARTESIAN_POINT('',(77.47105704698,49.927516778523,24.55));
#11270 = CARTESIAN_POINT('',(77.204907718121,49.865415268456,24.55));
#11271 = VECTOR('',#11272,1.);
#11272 = DIRECTION('',(-0.,-0.,-1.));
#11273 = ADVANCED_FACE('',(#11274),#11292,.F.);
#11274 = FACE_BOUND('',#11275,.F.);
#11275 = EDGE_LOOP('',(#11276,#11284,#11290,#11291));
#11276 = ORIENTED_EDGE('',*,*,#11277,.F.);
#11277 = EDGE_CURVE('',#11278,#11252,#11280,.T.);
#11278 = VERTEX_POINT('',#11279);
#11279 = CARTESIAN_POINT('',(78.330285234899,49.734983221477,24.55));
#11280 = B_SPLINE_CURVE_WITH_KNOTS('',2,(#11281,#11282,#11283),
  .UNSPECIFIED.,.F.,.F.,(3,3),(0.,1.),.PIECEWISE_BEZIER_KNOTS.);
#11281 = CARTESIAN_POINT('',(78.330285234899,49.734983221477,24.55));
#11282 = CARTESIAN_POINT('',(78.10245385906,49.927516778523,24.55));
#11283 = CARTESIAN_POINT('',(77.706061241611,49.927516778523,24.55));
#11284 = ORIENTED_EDGE('',*,*,#11285,.T.);
#11285 = EDGE_CURVE('',#11278,#3703,#11286,.T.);
#11286 = LINE('',#11287,#11288);
#11287 = CARTESIAN_POINT('',(78.330285234899,49.734983221477,24.55));
#11288 = VECTOR('',#11289,1.);
#11289 = DIRECTION('',(0.,0.,1.));
#11290 = ORIENTED_EDGE('',*,*,#3717,.F.);
#11291 = ORIENTED_EDGE('',*,*,#11259,.F.);
#11292 = SURFACE_OF_LINEAR_EXTRUSION('',#11293,#11297);
#11293 = B_SPLINE_CURVE_WITH_KNOTS('',2,(#11294,#11295,#11296),
  .UNSPECIFIED.,.F.,.F.,(3,3),(0.,1.),.PIECEWISE_BEZIER_KNOTS.);
#11294 = CARTESIAN_POINT('',(78.330285234899,49.734983221477,24.55));
#11295 = CARTESIAN_POINT('',(78.10245385906,49.927516778523,24.55));
#11296 = CARTESIAN_POINT('',(77.706061241611,49.927516778523,24.55));
#11297 = VECTOR('',#11298,1.);
#11298 = DIRECTION('',(-0.,-0.,-1.));
#11299 = ADVANCED_FACE('',(#11300),#11318,.F.);
#11300 = FACE_BOUND('',#11301,.F.);
#11301 = EDGE_LOOP('',(#11302,#11310,#11316,#11317));
#11302 = ORIENTED_EDGE('',*,*,#11303,.F.);
#11303 = EDGE_CURVE('',#11304,#11278,#11306,.T.);
#11304 = VERTEX_POINT('',#11305);
#11305 = CARTESIAN_POINT('',(78.558305369128,49.208724832215,24.55));
#11306 = B_SPLINE_CURVE_WITH_KNOTS('',2,(#11307,#11308,#11309),
  .UNSPECIFIED.,.F.,.F.,(3,3),(0.,1.),.PIECEWISE_BEZIER_KNOTS.);
#11307 = CARTESIAN_POINT('',(78.558305369128,49.208724832215,24.55));
#11308 = CARTESIAN_POINT('',(78.558305369128,49.542638422819,24.55));
#11309 = CARTESIAN_POINT('',(78.330285234899,49.734983221477,24.55));
#11310 = ORIENTED_EDGE('',*,*,#11311,.T.);
#11311 = EDGE_CURVE('',#11304,#3688,#11312,.T.);
#11312 = LINE('',#11313,#11314);
#11313 = CARTESIAN_POINT('',(78.558305369128,49.208724832215,24.55));
#11314 = VECTOR('',#11315,1.);
#11315 = DIRECTION('',(0.,0.,1.));
#11316 = ORIENTED_EDGE('',*,*,#3702,.F.);
#11317 = ORIENTED_EDGE('',*,*,#11285,.F.);
#11318 = SURFACE_OF_LINEAR_EXTRUSION('',#11319,#11323);
#11319 = B_SPLINE_CURVE_WITH_KNOTS('',2,(#11320,#11321,#11322),
  .UNSPECIFIED.,.F.,.F.,(3,3),(0.,1.),.PIECEWISE_BEZIER_KNOTS.);
#11320 = CARTESIAN_POINT('',(78.558305369128,49.208724832215,24.55));
#11321 = CARTESIAN_POINT('',(78.558305369128,49.542638422819,24.55));
#11322 = CARTESIAN_POINT('',(78.330285234899,49.734983221477,24.55));
#11323 = VECTOR('',#11324,1.);
#11324 = DIRECTION('',(-0.,-0.,-1.));
#11325 = ADVANCED_FACE('',(#11326),#11344,.F.);
#11326 = FACE_BOUND('',#11327,.F.);
#11327 = EDGE_LOOP('',(#11328,#11336,#11342,#11343));
#11328 = ORIENTED_EDGE('',*,*,#11329,.F.);
#11329 = EDGE_CURVE('',#11330,#11304,#11332,.T.);
#11330 = VERTEX_POINT('',#11331);
#11331 = CARTESIAN_POINT('',(78.330285234899,48.683787751678,24.55));
#11332 = B_SPLINE_CURVE_WITH_KNOTS('',2,(#11333,#11334,#11335),
  .UNSPECIFIED.,.F.,.F.,(3,3),(0.,1.),.PIECEWISE_BEZIER_KNOTS.);
#11333 = CARTESIAN_POINT('',(78.330285234899,48.683787751678,24.55));
#11334 = CARTESIAN_POINT('',(78.558305369128,48.87764261745,24.55));
#11335 = CARTESIAN_POINT('',(78.558305369128,49.208724832215,24.55));
#11336 = ORIENTED_EDGE('',*,*,#11337,.T.);
#11337 = EDGE_CURVE('',#11330,#3673,#11338,.T.);
#11338 = LINE('',#11339,#11340);
#11339 = CARTESIAN_POINT('',(78.330285234899,48.683787751678,24.55));
#11340 = VECTOR('',#11341,1.);
#11341 = DIRECTION('',(0.,0.,1.));
#11342 = ORIENTED_EDGE('',*,*,#3687,.F.);
#11343 = ORIENTED_EDGE('',*,*,#11311,.F.);
#11344 = SURFACE_OF_LINEAR_EXTRUSION('',#11345,#11349);
#11345 = B_SPLINE_CURVE_WITH_KNOTS('',2,(#11346,#11347,#11348),
  .UNSPECIFIED.,.F.,.F.,(3,3),(0.,1.),.PIECEWISE_BEZIER_KNOTS.);
#11346 = CARTESIAN_POINT('',(78.330285234899,48.683787751678,24.55));
#11347 = CARTESIAN_POINT('',(78.558305369128,48.87764261745,24.55));
#11348 = CARTESIAN_POINT('',(78.558305369128,49.208724832215,24.55));
#11349 = VECTOR('',#11350,1.);
#11350 = DIRECTION('',(-0.,-0.,-1.));
#11351 = ADVANCED_FACE('',(#11352),#11370,.F.);
#11352 = FACE_BOUND('',#11353,.F.);
#11353 = EDGE_LOOP('',(#11354,#11362,#11368,#11369));
#11354 = ORIENTED_EDGE('',*,*,#11355,.F.);
#11355 = EDGE_CURVE('',#11356,#11330,#11358,.T.);
#11356 = VERTEX_POINT('',#11357);
#11357 = CARTESIAN_POINT('',(77.706061241611,48.489932885906,24.55));
#11358 = B_SPLINE_CURVE_WITH_KNOTS('',2,(#11359,#11360,#11361),
  .UNSPECIFIED.,.F.,.F.,(3,3),(0.,1.),.PIECEWISE_BEZIER_KNOTS.);
#11359 = CARTESIAN_POINT('',(77.706061241611,48.489932885906,24.55));
#11360 = CARTESIAN_POINT('',(78.10245385906,48.489932885906,24.55));
#11361 = CARTESIAN_POINT('',(78.330285234899,48.683787751678,24.55));
#11362 = ORIENTED_EDGE('',*,*,#11363,.T.);
#11363 = EDGE_CURVE('',#11356,#3662,#11364,.T.);
#11364 = LINE('',#11365,#11366);
#11365 = CARTESIAN_POINT('',(77.706061241611,48.489932885906,24.55));
#11366 = VECTOR('',#11367,1.);
#11367 = DIRECTION('',(0.,0.,1.));
#11368 = ORIENTED_EDGE('',*,*,#3672,.F.);
#11369 = ORIENTED_EDGE('',*,*,#11337,.F.);
#11370 = SURFACE_OF_LINEAR_EXTRUSION('',#11371,#11375);
#11371 = B_SPLINE_CURVE_WITH_KNOTS('',2,(#11372,#11373,#11374),
  .UNSPECIFIED.,.F.,.F.,(3,3),(0.,1.),.PIECEWISE_BEZIER_KNOTS.);
#11372 = CARTESIAN_POINT('',(77.706061241611,48.489932885906,24.55));
#11373 = CARTESIAN_POINT('',(78.10245385906,48.489932885906,24.55));
#11374 = CARTESIAN_POINT('',(78.330285234899,48.683787751678,24.55));
#11375 = VECTOR('',#11376,1.);
#11376 = DIRECTION('',(-0.,-0.,-1.));
#11377 = ADVANCED_FACE('',(#11378),#11396,.F.);
#11378 = FACE_BOUND('',#11379,.F.);
#11379 = EDGE_LOOP('',(#11380,#11388,#11394,#11395));
#11380 = ORIENTED_EDGE('',*,*,#11381,.F.);
#11381 = EDGE_CURVE('',#11382,#11356,#11384,.T.);
#11382 = VERTEX_POINT('',#11383);
#11383 = CARTESIAN_POINT('',(77.121287751678,48.589597315436,24.55));
#11384 = B_SPLINE_CURVE_WITH_KNOTS('',2,(#11385,#11386,#11387),
  .UNSPECIFIED.,.F.,.F.,(3,3),(0.,1.),.PIECEWISE_BEZIER_KNOTS.);
#11385 = CARTESIAN_POINT('',(77.121287751678,48.589597315436,24.55));
#11386 = CARTESIAN_POINT('',(77.431417785235,48.489932885906,24.55));
#11387 = CARTESIAN_POINT('',(77.706061241611,48.489932885906,24.55));
#11388 = ORIENTED_EDGE('',*,*,#11389,.T.);
#11389 = EDGE_CURVE('',#11382,#3651,#11390,.T.);
#11390 = LINE('',#11391,#11392);
#11391 = CARTESIAN_POINT('',(77.121287751678,48.589597315436,24.55));
#11392 = VECTOR('',#11393,1.);
#11393 = DIRECTION('',(0.,0.,1.));
#11394 = ORIENTED_EDGE('',*,*,#3661,.F.);
#11395 = ORIENTED_EDGE('',*,*,#11363,.F.);
#11396 = SURFACE_OF_LINEAR_EXTRUSION('',#11397,#11401);
#11397 = B_SPLINE_CURVE_WITH_KNOTS('',2,(#11398,#11399,#11400),
  .UNSPECIFIED.,.F.,.F.,(3,3),(0.,1.),.PIECEWISE_BEZIER_KNOTS.);
#11398 = CARTESIAN_POINT('',(77.121287751678,48.589597315436,24.55));
#11399 = CARTESIAN_POINT('',(77.431417785235,48.489932885906,24.55));
#11400 = CARTESIAN_POINT('',(77.706061241611,48.489932885906,24.55));
#11401 = VECTOR('',#11402,1.);
#11402 = DIRECTION('',(-0.,-0.,-1.));
#11403 = ADVANCED_FACE('',(#11404),#11422,.F.);
#11404 = FACE_BOUND('',#11405,.F.);
#11405 = EDGE_LOOP('',(#11406,#11414,#11420,#11421));
#11406 = ORIENTED_EDGE('',*,*,#11407,.F.);
#11407 = EDGE_CURVE('',#11408,#11382,#11410,.T.);
#11408 = VERTEX_POINT('',#11409);
#11409 = CARTESIAN_POINT('',(76.465918624161,48.888590604027,24.55));
#11410 = B_SPLINE_CURVE_WITH_KNOTS('',2,(#11411,#11412,#11413),
  .UNSPECIFIED.,.F.,.F.,(3,3),(0.,1.),.PIECEWISE_BEZIER_KNOTS.);
#11411 = CARTESIAN_POINT('',(76.465918624161,48.888590604027,24.55));
#11412 = CARTESIAN_POINT('',(76.81134647651,48.689261744966,24.55));
#11413 = CARTESIAN_POINT('',(77.121287751678,48.589597315436,24.55));
#11414 = ORIENTED_EDGE('',*,*,#11415,.T.);
#11415 = EDGE_CURVE('',#11408,#3643,#11416,.T.);
#11416 = LINE('',#11417,#11418);
#11417 = CARTESIAN_POINT('',(76.465918624161,48.888590604027,24.55));
#11418 = VECTOR('',#11419,1.);
#11419 = DIRECTION('',(0.,0.,1.));
#11420 = ORIENTED_EDGE('',*,*,#3650,.F.);
#11421 = ORIENTED_EDGE('',*,*,#11389,.F.);
#11422 = SURFACE_OF_LINEAR_EXTRUSION('',#11423,#11427);
#11423 = B_SPLINE_CURVE_WITH_KNOTS('',2,(#11424,#11425,#11426),
  .UNSPECIFIED.,.F.,.F.,(3,3),(0.,1.),.PIECEWISE_BEZIER_KNOTS.);
#11424 = CARTESIAN_POINT('',(76.465918624161,48.888590604027,24.55));
#11425 = CARTESIAN_POINT('',(76.81134647651,48.689261744966,24.55));
#11426 = CARTESIAN_POINT('',(77.121287751678,48.589597315436,24.55));
#11427 = VECTOR('',#11428,1.);
#11428 = DIRECTION('',(-0.,-0.,-1.));
#11429 = ADVANCED_FACE('',(#11430),#11448,.F.);
#11430 = FACE_BOUND('',#11431,.F.);
#11431 = EDGE_LOOP('',(#11432,#11440,#11446,#11447));
#11432 = ORIENTED_EDGE('',*,*,#11433,.F.);
#11433 = EDGE_CURVE('',#11434,#11408,#11436,.T.);
#11434 = VERTEX_POINT('',#11435);
#11435 = CARTESIAN_POINT('',(76.465918624161,48.030872483221,24.55));
#11436 = LINE('',#11437,#11438);
#11437 = CARTESIAN_POINT('',(76.465918624161,48.030872483221,24.55));
#11438 = VECTOR('',#11439,1.);
#11439 = DIRECTION('',(0.,1.,0.));
#11440 = ORIENTED_EDGE('',*,*,#11441,.T.);
#11441 = EDGE_CURVE('',#11434,#3632,#11442,.T.);
#11442 = LINE('',#11443,#11444);
#11443 = CARTESIAN_POINT('',(76.465918624161,48.030872483221,24.55));
#11444 = VECTOR('',#11445,1.);
#11445 = DIRECTION('',(0.,0.,1.));
#11446 = ORIENTED_EDGE('',*,*,#3642,.F.);
#11447 = ORIENTED_EDGE('',*,*,#11415,.F.);
#11448 = PLANE('',#11449);
#11449 = AXIS2_PLACEMENT_3D('',#11450,#11451,#11452);
#11450 = CARTESIAN_POINT('',(76.465918624161,48.030872483221,24.55));
#11451 = DIRECTION('',(-1.,0.,0.));
#11452 = DIRECTION('',(0.,1.,0.));
#11453 = ADVANCED_FACE('',(#11454),#11472,.F.);
#11454 = FACE_BOUND('',#11455,.F.);
#11455 = EDGE_LOOP('',(#11456,#11464,#11470,#11471));
#11456 = ORIENTED_EDGE('',*,*,#11457,.F.);
#11457 = EDGE_CURVE('',#11458,#11434,#11460,.T.);
#11458 = VERTEX_POINT('',#11459);
#11459 = CARTESIAN_POINT('',(77.166589765101,47.821916946309,24.55));
#11460 = B_SPLINE_CURVE_WITH_KNOTS('',2,(#11461,#11462,#11463),
  .UNSPECIFIED.,.F.,.F.,(3,3),(0.,1.),.PIECEWISE_BEZIER_KNOTS.);
#11461 = CARTESIAN_POINT('',(77.166589765101,47.821916946309,24.55));
#11462 = CARTESIAN_POINT('',(76.814177852349,47.890625,24.55));
#11463 = CARTESIAN_POINT('',(76.465918624161,48.030872483221,24.55));
#11464 = ORIENTED_EDGE('',*,*,#11465,.T.);
#11465 = EDGE_CURVE('',#11458,#3619,#11466,.T.);
#11466 = LINE('',#11467,#11468);
#11467 = CARTESIAN_POINT('',(77.166589765101,47.821916946309,24.55));
#11468 = VECTOR('',#11469,1.);
#11469 = DIRECTION('',(0.,0.,1.));
#11470 = ORIENTED_EDGE('',*,*,#3631,.F.);
#11471 = ORIENTED_EDGE('',*,*,#11441,.F.);
#11472 = SURFACE_OF_LINEAR_EXTRUSION('',#11473,#11477);
#11473 = B_SPLINE_CURVE_WITH_KNOTS('',2,(#11474,#11475,#11476),
  .UNSPECIFIED.,.F.,.F.,(3,3),(0.,1.),.PIECEWISE_BEZIER_KNOTS.);
#11474 = CARTESIAN_POINT('',(77.166589765101,47.821916946309,24.55));
#11475 = CARTESIAN_POINT('',(76.814177852349,47.890625,24.55));
#11476 = CARTESIAN_POINT('',(76.465918624161,48.030872483221,24.55));
#11477 = VECTOR('',#11478,1.);
#11478 = DIRECTION('',(-0.,-0.,-1.));
#11479 = ADVANCED_FACE('',(#11480),#11498,.F.);
#11480 = FACE_BOUND('',#11481,.F.);
#11481 = EDGE_LOOP('',(#11482,#11490,#11496,#11497));
#11482 = ORIENTED_EDGE('',*,*,#11483,.F.);
#11483 = EDGE_CURVE('',#11484,#11458,#11486,.T.);
#11484 = VERTEX_POINT('',#11485);
#11485 = CARTESIAN_POINT('',(77.878775167785,47.753020134228,24.55));
#11486 = B_SPLINE_CURVE_WITH_KNOTS('',2,(#11487,#11488,#11489),
  .UNSPECIFIED.,.F.,.F.,(3,3),(0.,1.),.PIECEWISE_BEZIER_KNOTS.);
#11487 = CARTESIAN_POINT('',(77.878775167785,47.753020134228,24.55));
#11488 = CARTESIAN_POINT('',(77.519190436242,47.753020134228,24.55));
#11489 = CARTESIAN_POINT('',(77.166589765101,47.821916946309,24.55));
#11490 = ORIENTED_EDGE('',*,*,#11491,.T.);
#11491 = EDGE_CURVE('',#11484,#3597,#11492,.T.);
#11492 = LINE('',#11493,#11494);
#11493 = CARTESIAN_POINT('',(77.878775167785,47.753020134228,24.55));
#11494 = VECTOR('',#11495,1.);
#11495 = DIRECTION('',(0.,0.,1.));
#11496 = ORIENTED_EDGE('',*,*,#3618,.F.);
#11497 = ORIENTED_EDGE('',*,*,#11465,.F.);
#11498 = SURFACE_OF_LINEAR_EXTRUSION('',#11499,#11503);
#11499 = B_SPLINE_CURVE_WITH_KNOTS('',2,(#11500,#11501,#11502),
  .UNSPECIFIED.,.F.,.F.,(3,3),(0.,1.),.PIECEWISE_BEZIER_KNOTS.);
#11500 = CARTESIAN_POINT('',(77.878775167785,47.753020134228,24.55));
#11501 = CARTESIAN_POINT('',(77.519190436242,47.753020134228,24.55));
#11502 = CARTESIAN_POINT('',(77.166589765101,47.821916946309,24.55));
#11503 = VECTOR('',#11504,1.);
#11504 = DIRECTION('',(-0.,-0.,-1.));
#11505 = ADVANCED_FACE('',(#11506),#11524,.F.);
#11506 = FACE_BOUND('',#11507,.F.);
#11507 = EDGE_LOOP('',(#11508,#11516,#11522,#11523));
#11508 = ORIENTED_EDGE('',*,*,#11509,.F.);
#11509 = EDGE_CURVE('',#11510,#11484,#11512,.T.);
#11510 = VERTEX_POINT('',#11511);
#11511 = CARTESIAN_POINT('',(79.179697986577,48.140729865772,24.55));
#11512 = B_SPLINE_CURVE_WITH_KNOTS('',2,(#11513,#11514,#11515),
  .UNSPECIFIED.,.F.,.F.,(3,3),(0.,1.),.PIECEWISE_BEZIER_KNOTS.);
#11513 = CARTESIAN_POINT('',(79.179697986577,48.140729865772,24.55));
#11514 = CARTESIAN_POINT('',(78.71119966443,47.753020134228,24.55));
#11515 = CARTESIAN_POINT('',(77.878775167785,47.753020134228,24.55));
#11516 = ORIENTED_EDGE('',*,*,#11517,.T.);
#11517 = EDGE_CURVE('',#11510,#3578,#11518,.T.);
#11518 = LINE('',#11519,#11520);
#11519 = CARTESIAN_POINT('',(79.179697986577,48.140729865772,24.55));
#11520 = VECTOR('',#11521,1.);
#11521 = DIRECTION('',(0.,0.,1.));
#11522 = ORIENTED_EDGE('',*,*,#3596,.F.);
#11523 = ORIENTED_EDGE('',*,*,#11491,.F.);
#11524 = SURFACE_OF_LINEAR_EXTRUSION('',#11525,#11529);
#11525 = B_SPLINE_CURVE_WITH_KNOTS('',2,(#11526,#11527,#11528),
  .UNSPECIFIED.,.F.,.F.,(3,3),(0.,1.),.PIECEWISE_BEZIER_KNOTS.);
#11526 = CARTESIAN_POINT('',(79.179697986577,48.140729865772,24.55));
#11527 = CARTESIAN_POINT('',(78.71119966443,47.753020134228,24.55));
#11528 = CARTESIAN_POINT('',(77.878775167785,47.753020134228,24.55));
#11529 = VECTOR('',#11530,1.);
#11530 = DIRECTION('',(-0.,-0.,-1.));
#11531 = ADVANCED_FACE('',(#11532),#11550,.F.);
#11532 = FACE_BOUND('',#11533,.F.);
#11533 = EDGE_LOOP('',(#11534,#11542,#11548,#11549));
#11534 = ORIENTED_EDGE('',*,*,#11535,.F.);
#11535 = EDGE_CURVE('',#11536,#11510,#11538,.T.);
#11536 = VERTEX_POINT('',#11537);
#11537 = CARTESIAN_POINT('',(79.648385067114,49.213443791946,24.55));
#11538 = B_SPLINE_CURVE_WITH_KNOTS('',2,(#11539,#11540,#11541),
  .UNSPECIFIED.,.F.,.F.,(3,3),(0.,1.),.PIECEWISE_BEZIER_KNOTS.);
#11539 = CARTESIAN_POINT('',(79.648385067114,49.213443791946,24.55));
#11540 = CARTESIAN_POINT('',(79.648385067114,48.528439597315,24.55));
#11541 = CARTESIAN_POINT('',(79.179697986577,48.140729865772,24.55));
#11542 = ORIENTED_EDGE('',*,*,#11543,.T.);
#11543 = EDGE_CURVE('',#11536,#3559,#11544,.T.);
#11544 = LINE('',#11545,#11546);
#11545 = CARTESIAN_POINT('',(79.648385067114,49.213443791946,24.55));
#11546 = VECTOR('',#11547,1.);
#11547 = DIRECTION('',(0.,0.,1.));
#11548 = ORIENTED_EDGE('',*,*,#3577,.F.);
#11549 = ORIENTED_EDGE('',*,*,#11517,.F.);
#11550 = SURFACE_OF_LINEAR_EXTRUSION('',#11551,#11555);
#11551 = B_SPLINE_CURVE_WITH_KNOTS('',2,(#11552,#11553,#11554),
  .UNSPECIFIED.,.F.,.F.,(3,3),(0.,1.),.PIECEWISE_BEZIER_KNOTS.);
#11552 = CARTESIAN_POINT('',(79.648385067114,49.213443791946,24.55));
#11553 = CARTESIAN_POINT('',(79.648385067114,48.528439597315,24.55));
#11554 = CARTESIAN_POINT('',(79.179697986577,48.140729865772,24.55));
#11555 = VECTOR('',#11556,1.);
#11556 = DIRECTION('',(-0.,-0.,-1.));
#11557 = ADVANCED_FACE('',(#11558),#11576,.F.);
#11558 = FACE_BOUND('',#11559,.F.);
#11559 = EDGE_LOOP('',(#11560,#11568,#11574,#11575));
#11560 = ORIENTED_EDGE('',*,*,#11561,.F.);
#11561 = EDGE_CURVE('',#11562,#11536,#11564,.T.);
#11562 = VERTEX_POINT('',#11563);
#11563 = CARTESIAN_POINT('',(79.218015939597,50.290121644295,24.55));
#11564 = B_SPLINE_CURVE_WITH_KNOTS('',2,(#11565,#11566,#11567),
  .UNSPECIFIED.,.F.,.F.,(3,3),(0.,1.),.PIECEWISE_BEZIER_KNOTS.);
#11565 = CARTESIAN_POINT('',(79.218015939597,50.290121644295,24.55));
#11566 = CARTESIAN_POINT('',(79.648385067114,49.903921979866,24.55));
#11567 = CARTESIAN_POINT('',(79.648385067114,49.213443791946,24.55));
#11568 = ORIENTED_EDGE('',*,*,#11569,.T.);
#11569 = EDGE_CURVE('',#11562,#3540,#11570,.T.);
#11570 = LINE('',#11571,#11572);
#11571 = CARTESIAN_POINT('',(79.218015939597,50.290121644295,24.55));
#11572 = VECTOR('',#11573,1.);
#11573 = DIRECTION('',(0.,0.,1.));
#11574 = ORIENTED_EDGE('',*,*,#3558,.F.);
#11575 = ORIENTED_EDGE('',*,*,#11543,.F.);
#11576 = SURFACE_OF_LINEAR_EXTRUSION('',#11577,#11581);
#11577 = B_SPLINE_CURVE_WITH_KNOTS('',2,(#11578,#11579,#11580),
  .UNSPECIFIED.,.F.,.F.,(3,3),(0.,1.),.PIECEWISE_BEZIER_KNOTS.);
#11578 = CARTESIAN_POINT('',(79.218015939597,50.290121644295,24.55));
#11579 = CARTESIAN_POINT('',(79.648385067114,49.903921979866,24.55));
#11580 = CARTESIAN_POINT('',(79.648385067114,49.213443791946,24.55));
#11581 = VECTOR('',#11582,1.);
#11582 = DIRECTION('',(-0.,-0.,-1.));
#11583 = ADVANCED_FACE('',(#11584),#11602,.F.);
#11584 = FACE_BOUND('',#11585,.F.);
#11585 = EDGE_LOOP('',(#11586,#11594,#11600,#11601));
#11586 = ORIENTED_EDGE('',*,*,#11587,.F.);
#11587 = EDGE_CURVE('',#11588,#11562,#11590,.T.);
#11588 = VERTEX_POINT('',#11589);
#11589 = CARTESIAN_POINT('',(78.014681208054,50.676510067114,24.55));
#11590 = B_SPLINE_CURVE_WITH_KNOTS('',2,(#11591,#11592,#11593),
  .UNSPECIFIED.,.F.,.F.,(3,3),(0.,1.),.PIECEWISE_BEZIER_KNOTS.);
#11591 = CARTESIAN_POINT('',(78.014681208054,50.676510067114,24.55));
#11592 = CARTESIAN_POINT('',(78.787646812081,50.676510067114,24.55));
#11593 = CARTESIAN_POINT('',(79.218015939597,50.290121644295,24.55));
#11594 = ORIENTED_EDGE('',*,*,#11595,.T.);
#11595 = EDGE_CURVE('',#11588,#3530,#11596,.T.);
#11596 = LINE('',#11597,#11598);
#11597 = CARTESIAN_POINT('',(78.014681208054,50.676510067114,24.55));
#11598 = VECTOR('',#11599,1.);
#11599 = DIRECTION('',(0.,0.,1.));
#11600 = ORIENTED_EDGE('',*,*,#3539,.F.);
#11601 = ORIENTED_EDGE('',*,*,#11569,.F.);
#11602 = SURFACE_OF_LINEAR_EXTRUSION('',#11603,#11607);
#11603 = B_SPLINE_CURVE_WITH_KNOTS('',2,(#11604,#11605,#11606),
  .UNSPECIFIED.,.F.,.F.,(3,3),(0.,1.),.PIECEWISE_BEZIER_KNOTS.);
#11604 = CARTESIAN_POINT('',(78.014681208054,50.676510067114,24.55));
#11605 = CARTESIAN_POINT('',(78.787646812081,50.676510067114,24.55));
#11606 = CARTESIAN_POINT('',(79.218015939597,50.290121644295,24.55));
#11607 = VECTOR('',#11608,1.);
#11608 = DIRECTION('',(-0.,-0.,-1.));
#11609 = ADVANCED_FACE('',(#11610),#11628,.F.);
#11610 = FACE_BOUND('',#11611,.F.);
#11611 = EDGE_LOOP('',(#11612,#11620,#11626,#11627));
#11612 = ORIENTED_EDGE('',*,*,#11613,.F.);
#11613 = EDGE_CURVE('',#11614,#11588,#11616,.T.);
#11614 = VERTEX_POINT('',#11615);
#11615 = CARTESIAN_POINT('',(77.752684563758,50.658011744966,24.55));
#11616 = B_SPLINE_CURVE_WITH_KNOTS('',2,(#11617,#11618,#11619),
  .UNSPECIFIED.,.F.,.F.,(3,3),(0.,1.),.PIECEWISE_BEZIER_KNOTS.);
#11617 = CARTESIAN_POINT('',(77.752684563758,50.658011744966,24.55));
#11618 = CARTESIAN_POINT('',(77.878775167785,50.676510067114,24.55));
#11619 = CARTESIAN_POINT('',(78.014681208054,50.676510067114,24.55));
#11620 = ORIENTED_EDGE('',*,*,#11621,.T.);
#11621 = EDGE_CURVE('',#11614,#3520,#11622,.T.);
#11622 = LINE('',#11623,#11624);
#11623 = CARTESIAN_POINT('',(77.752684563758,50.658011744966,24.55));
#11624 = VECTOR('',#11625,1.);
#11625 = DIRECTION('',(0.,0.,1.));
#11626 = ORIENTED_EDGE('',*,*,#3529,.F.);
#11627 = ORIENTED_EDGE('',*,*,#11595,.F.);
#11628 = SURFACE_OF_LINEAR_EXTRUSION('',#11629,#11633);
#11629 = B_SPLINE_CURVE_WITH_KNOTS('',2,(#11630,#11631,#11632),
  .UNSPECIFIED.,.F.,.F.,(3,3),(0.,1.),.PIECEWISE_BEZIER_KNOTS.);
#11630 = CARTESIAN_POINT('',(77.752684563758,50.658011744966,24.55));
#11631 = CARTESIAN_POINT('',(77.878775167785,50.676510067114,24.55));
#11632 = CARTESIAN_POINT('',(78.014681208054,50.676510067114,24.55));
#11633 = VECTOR('',#11634,1.);
#11634 = DIRECTION('',(-0.,-0.,-1.));
#11635 = ADVANCED_FACE('',(#11636),#11654,.F.);
#11636 = FACE_BOUND('',#11637,.F.);
#11637 = EDGE_LOOP('',(#11638,#11646,#11652,#11653));
#11638 = ORIENTED_EDGE('',*,*,#11639,.F.);
#11639 = EDGE_CURVE('',#11640,#11614,#11642,.T.);
#11640 = VERTEX_POINT('',#11641);
#11641 = CARTESIAN_POINT('',(77.502202181208,50.605348154362,24.55));
#11642 = B_SPLINE_CURVE_WITH_KNOTS('',2,(#11643,#11644,#11645),
  .UNSPECIFIED.,.F.,.F.,(3,3),(0.,1.),.PIECEWISE_BEZIER_KNOTS.);
#11643 = CARTESIAN_POINT('',(77.502202181208,50.605348154362,24.55));
#11644 = CARTESIAN_POINT('',(77.626782718121,50.639513422819,24.55));
#11645 = CARTESIAN_POINT('',(77.752684563758,50.658011744966,24.55));
#11646 = ORIENTED_EDGE('',*,*,#11647,.T.);
#11647 = EDGE_CURVE('',#11640,#3512,#11648,.T.);
#11648 = LINE('',#11649,#11650);
#11649 = CARTESIAN_POINT('',(77.502202181208,50.605348154362,24.55));
#11650 = VECTOR('',#11651,1.);
#11651 = DIRECTION('',(0.,0.,1.));
#11652 = ORIENTED_EDGE('',*,*,#3519,.F.);
#11653 = ORIENTED_EDGE('',*,*,#11621,.F.);
#11654 = SURFACE_OF_LINEAR_EXTRUSION('',#11655,#11659);
#11655 = B_SPLINE_CURVE_WITH_KNOTS('',2,(#11656,#11657,#11658),
  .UNSPECIFIED.,.F.,.F.,(3,3),(0.,1.),.PIECEWISE_BEZIER_KNOTS.);
#11656 = CARTESIAN_POINT('',(77.502202181208,50.605348154362,24.55));
#11657 = CARTESIAN_POINT('',(77.626782718121,50.639513422819,24.55));
#11658 = CARTESIAN_POINT('',(77.752684563758,50.658011744966,24.55));
#11659 = VECTOR('',#11660,1.);
#11660 = DIRECTION('',(-0.,-0.,-1.));
#11661 = ADVANCED_FACE('',(#11662),#11680,.F.);
#11662 = FACE_BOUND('',#11663,.F.);
#11663 = EDGE_LOOP('',(#11664,#11672,#11678,#11679));
#11664 = ORIENTED_EDGE('',*,*,#11665,.F.);
#11665 = EDGE_CURVE('',#11666,#11640,#11668,.T.);
#11666 = VERTEX_POINT('',#11667);
#11667 = CARTESIAN_POINT('',(77.502202181208,51.268456375839,24.55));
#11668 = LINE('',#11669,#11670);
#11669 = CARTESIAN_POINT('',(77.502202181208,51.268456375839,24.55));
#11670 = VECTOR('',#11671,1.);
#11671 = DIRECTION('',(0.,-1.,0.));
#11672 = ORIENTED_EDGE('',*,*,#11673,.T.);
#11673 = EDGE_CURVE('',#11666,#3504,#11674,.T.);
#11674 = LINE('',#11675,#11676);
#11675 = CARTESIAN_POINT('',(77.502202181208,51.268456375839,24.55));
#11676 = VECTOR('',#11677,1.);
#11677 = DIRECTION('',(0.,0.,1.));
#11678 = ORIENTED_EDGE('',*,*,#3511,.F.);
#11679 = ORIENTED_EDGE('',*,*,#11647,.F.);
#11680 = PLANE('',#11681);
#11681 = AXIS2_PLACEMENT_3D('',#11682,#11683,#11684);
#11682 = CARTESIAN_POINT('',(77.502202181208,51.268456375839,24.55));
#11683 = DIRECTION('',(1.,0.,-0.));
#11684 = DIRECTION('',(0.,-1.,0.));
#11685 = ADVANCED_FACE('',(#11686),#11704,.F.);
#11686 = FACE_BOUND('',#11687,.F.);
#11687 = EDGE_LOOP('',(#11688,#11696,#11702,#11703));
#11688 = ORIENTED_EDGE('',*,*,#11689,.F.);
#11689 = EDGE_CURVE('',#11690,#11666,#11692,.T.);
#11690 = VERTEX_POINT('',#11691);
#11691 = CARTESIAN_POINT('',(79.34259647651,51.268456375839,24.55));
#11692 = LINE('',#11693,#11694);
#11693 = CARTESIAN_POINT('',(79.34259647651,51.268456375839,24.55));
#11694 = VECTOR('',#11695,1.);
#11695 = DIRECTION('',(-1.,0.,0.));
#11696 = ORIENTED_EDGE('',*,*,#11697,.T.);
#11697 = EDGE_CURVE('',#11690,#3496,#11698,.T.);
#11698 = LINE('',#11699,#11700);
#11699 = CARTESIAN_POINT('',(79.34259647651,51.268456375839,24.55));
#11700 = VECTOR('',#11701,1.);
#11701 = DIRECTION('',(0.,0.,1.));
#11702 = ORIENTED_EDGE('',*,*,#3503,.F.);
#11703 = ORIENTED_EDGE('',*,*,#11673,.F.);
#11704 = PLANE('',#11705);
#11705 = AXIS2_PLACEMENT_3D('',#11706,#11707,#11708);
#11706 = CARTESIAN_POINT('',(79.34259647651,51.268456375839,24.55));
#11707 = DIRECTION('',(0.,-1.,0.));
#11708 = DIRECTION('',(-1.,0.,0.));
#11709 = ADVANCED_FACE('',(#11710),#11721,.F.);
#11710 = FACE_BOUND('',#11711,.F.);
#11711 = EDGE_LOOP('',(#11712,#11718,#11719,#11720));
#11712 = ORIENTED_EDGE('',*,*,#11713,.F.);
#11713 = EDGE_CURVE('',#11173,#11690,#11714,.T.);
#11714 = LINE('',#11715,#11716);
#11715 = CARTESIAN_POINT('',(79.34259647651,52.065771812081,24.55));
#11716 = VECTOR('',#11717,1.);
#11717 = DIRECTION('',(0.,-1.,0.));
#11718 = ORIENTED_EDGE('',*,*,#11187,.T.);
#11719 = ORIENTED_EDGE('',*,*,#3495,.F.);
#11720 = ORIENTED_EDGE('',*,*,#11697,.F.);
#11721 = PLANE('',#11722);
#11722 = AXIS2_PLACEMENT_3D('',#11723,#11724,#11725);
#11723 = CARTESIAN_POINT('',(79.34259647651,52.065771812081,24.55));
#11724 = DIRECTION('',(1.,0.,-0.));
#11725 = DIRECTION('',(0.,-1.,0.));
#11726 = ADVANCED_FACE('',(#11727),#11752,.F.);
#11727 = FACE_BOUND('',#11728,.F.);
#11728 = EDGE_LOOP('',(#11729,#11739,#11745,#11746));
#11729 = ORIENTED_EDGE('',*,*,#11730,.F.);
#11730 = EDGE_CURVE('',#11731,#11733,#11735,.T.);
#11731 = VERTEX_POINT('',#11732);
#11732 = CARTESIAN_POINT('',(82.754593120805,50.113821308725,24.55));
#11733 = VERTEX_POINT('',#11734);
#11734 = CARTESIAN_POINT('',(83.404299496644,49.730264261745,24.55));
#11735 = B_SPLINE_CURVE_WITH_KNOTS('',2,(#11736,#11737,#11738),
  .UNSPECIFIED.,.F.,.F.,(3,3),(0.,1.),.PIECEWISE_BEZIER_KNOTS.);
#11736 = CARTESIAN_POINT('',(82.754593120805,50.113821308725,24.55));
#11737 = CARTESIAN_POINT('',(83.182130872483,50.003397651007,24.55));
#11738 = CARTESIAN_POINT('',(83.404299496644,49.730264261745,24.55));
#11739 = ORIENTED_EDGE('',*,*,#11740,.T.);
#11740 = EDGE_CURVE('',#11731,#3765,#11741,.T.);
#11741 = LINE('',#11742,#11743);
#11742 = CARTESIAN_POINT('',(82.754593120805,50.113821308725,24.55));
#11743 = VECTOR('',#11744,1.);
#11744 = DIRECTION('',(0.,0.,1.));
#11745 = ORIENTED_EDGE('',*,*,#3762,.F.);
#11746 = ORIENTED_EDGE('',*,*,#11747,.F.);
#11747 = EDGE_CURVE('',#11733,#3763,#11748,.T.);
#11748 = LINE('',#11749,#11750);
#11749 = CARTESIAN_POINT('',(83.404299496644,49.730264261745,24.55));
#11750 = VECTOR('',#11751,1.);
#11751 = DIRECTION('',(0.,0.,1.));
#11752 = SURFACE_OF_LINEAR_EXTRUSION('',#11753,#11757);
#11753 = B_SPLINE_CURVE_WITH_KNOTS('',2,(#11754,#11755,#11756),
  .UNSPECIFIED.,.F.,.F.,(3,3),(0.,1.),.PIECEWISE_BEZIER_KNOTS.);
#11754 = CARTESIAN_POINT('',(82.754593120805,50.113821308725,24.55));
#11755 = CARTESIAN_POINT('',(83.182130872483,50.003397651007,24.55));
#11756 = CARTESIAN_POINT('',(83.404299496644,49.730264261745,24.55));
#11757 = VECTOR('',#11758,1.);
#11758 = DIRECTION('',(-0.,-0.,-1.));
#11759 = ADVANCED_FACE('',(#11760),#11778,.F.);
#11760 = FACE_BOUND('',#11761,.F.);
#11761 = EDGE_LOOP('',(#11762,#11770,#11776,#11777));
#11762 = ORIENTED_EDGE('',*,*,#11763,.F.);
#11763 = EDGE_CURVE('',#11764,#11731,#11766,.T.);
#11764 = VERTEX_POINT('',#11765);
#11765 = CARTESIAN_POINT('',(83.332193791946,50.446413590604,24.55));
#11766 = B_SPLINE_CURVE_WITH_KNOTS('',2,(#11767,#11768,#11769),
  .UNSPECIFIED.,.F.,.F.,(3,3),(0.,1.),.PIECEWISE_BEZIER_KNOTS.);
#11767 = CARTESIAN_POINT('',(83.332193791946,50.446413590604,24.55));
#11768 = CARTESIAN_POINT('',(83.13682885906,50.210088087248,24.55));
#11769 = CARTESIAN_POINT('',(82.754593120805,50.113821308725,24.55));
#11770 = ORIENTED_EDGE('',*,*,#11771,.T.);
#11771 = EDGE_CURVE('',#11764,#4105,#11772,.T.);
#11772 = LINE('',#11773,#11774);
#11773 = CARTESIAN_POINT('',(83.332193791946,50.446413590604,24.55));
#11774 = VECTOR('',#11775,1.);
#11775 = DIRECTION('',(0.,0.,1.));
#11776 = ORIENTED_EDGE('',*,*,#4121,.F.);
#11777 = ORIENTED_EDGE('',*,*,#11740,.F.);
#11778 = SURFACE_OF_LINEAR_EXTRUSION('',#11779,#11783);
#11779 = B_SPLINE_CURVE_WITH_KNOTS('',2,(#11780,#11781,#11782),
  .UNSPECIFIED.,.F.,.F.,(3,3),(0.,1.),.PIECEWISE_BEZIER_KNOTS.);
#11780 = CARTESIAN_POINT('',(83.332193791946,50.446413590604,24.55));
#11781 = CARTESIAN_POINT('',(83.13682885906,50.210088087248,24.55));
#11782 = CARTESIAN_POINT('',(82.754593120805,50.113821308725,24.55));
#11783 = VECTOR('',#11784,1.);
#11784 = DIRECTION('',(-0.,-0.,-1.));
#11785 = ADVANCED_FACE('',(#11786),#11804,.F.);
#11786 = FACE_BOUND('',#11787,.F.);
#11787 = EDGE_LOOP('',(#11788,#11796,#11802,#11803));
#11788 = ORIENTED_EDGE('',*,*,#11789,.F.);
#11789 = EDGE_CURVE('',#11790,#11764,#11792,.T.);
#11790 = VERTEX_POINT('',#11791);
#11791 = CARTESIAN_POINT('',(83.527558724832,51.053838087248,24.55));
#11792 = B_SPLINE_CURVE_WITH_KNOTS('',2,(#11793,#11794,#11795),
  .UNSPECIFIED.,.F.,.F.,(3,3),(0.,1.),.PIECEWISE_BEZIER_KNOTS.);
#11793 = CARTESIAN_POINT('',(83.527558724832,51.053838087248,24.55));
#11794 = CARTESIAN_POINT('',(83.527558724832,50.682927852349,24.55));
#11795 = CARTESIAN_POINT('',(83.332193791946,50.446413590604,24.55));
#11796 = ORIENTED_EDGE('',*,*,#11797,.T.);
#11797 = EDGE_CURVE('',#11790,#4086,#11798,.T.);
#11798 = LINE('',#11799,#11800);
#11799 = CARTESIAN_POINT('',(83.527558724832,51.053838087248,24.55));
#11800 = VECTOR('',#11801,1.);
#11801 = DIRECTION('',(0.,0.,1.));
#11802 = ORIENTED_EDGE('',*,*,#4104,.F.);
#11803 = ORIENTED_EDGE('',*,*,#11771,.F.);
#11804 = SURFACE_OF_LINEAR_EXTRUSION('',#11805,#11809);
#11805 = B_SPLINE_CURVE_WITH_KNOTS('',2,(#11806,#11807,#11808),
  .UNSPECIFIED.,.F.,.F.,(3,3),(0.,1.),.PIECEWISE_BEZIER_KNOTS.);
#11806 = CARTESIAN_POINT('',(83.527558724832,51.053838087248,24.55));
#11807 = CARTESIAN_POINT('',(83.527558724832,50.682927852349,24.55));
#11808 = CARTESIAN_POINT('',(83.332193791946,50.446413590604,24.55));
#11809 = VECTOR('',#11810,1.);
#11810 = DIRECTION('',(-0.,-0.,-1.));
#11811 = ADVANCED_FACE('',(#11812),#11830,.F.);
#11812 = FACE_BOUND('',#11813,.F.);
#11813 = EDGE_LOOP('',(#11814,#11822,#11828,#11829));
#11814 = ORIENTED_EDGE('',*,*,#11815,.F.);
#11815 = EDGE_CURVE('',#11816,#11790,#11818,.T.);
#11816 = VERTEX_POINT('',#11817);
#11817 = CARTESIAN_POINT('',(83.118330536913,51.867764261745,24.55));
#11818 = B_SPLINE_CURVE_WITH_KNOTS('',2,(#11819,#11820,#11821),
  .UNSPECIFIED.,.F.,.F.,(3,3),(0.,1.),.PIECEWISE_BEZIER_KNOTS.);
#11819 = CARTESIAN_POINT('',(83.118330536913,51.867764261745,24.55));
#11820 = CARTESIAN_POINT('',(83.527558724832,51.597462248322,24.55));
#11821 = CARTESIAN_POINT('',(83.527558724832,51.053838087248,24.55));
#11822 = ORIENTED_EDGE('',*,*,#11823,.T.);
#11823 = EDGE_CURVE('',#11816,#4069,#11824,.T.);
#11824 = LINE('',#11825,#11826);
#11825 = CARTESIAN_POINT('',(83.118330536913,51.867764261745,24.55));
#11826 = VECTOR('',#11827,1.);
#11827 = DIRECTION('',(0.,0.,1.));
#11828 = ORIENTED_EDGE('',*,*,#4085,.F.);
#11829 = ORIENTED_EDGE('',*,*,#11797,.F.);
#11830 = SURFACE_OF_LINEAR_EXTRUSION('',#11831,#11835);
#11831 = B_SPLINE_CURVE_WITH_KNOTS('',2,(#11832,#11833,#11834),
  .UNSPECIFIED.,.F.,.F.,(3,3),(0.,1.),.PIECEWISE_BEZIER_KNOTS.);
#11832 = CARTESIAN_POINT('',(83.118330536913,51.867764261745,24.55));
#11833 = CARTESIAN_POINT('',(83.527558724832,51.597462248322,24.55));
#11834 = CARTESIAN_POINT('',(83.527558724832,51.053838087248,24.55));
#11835 = VECTOR('',#11836,1.);
#11836 = DIRECTION('',(-0.,-0.,-1.));
#11837 = ADVANCED_FACE('',(#11838),#11856,.F.);
#11838 = FACE_BOUND('',#11839,.F.);
#11839 = EDGE_LOOP('',(#11840,#11848,#11854,#11855));
#11840 = ORIENTED_EDGE('',*,*,#11841,.F.);
#11841 = EDGE_CURVE('',#11842,#11816,#11844,.T.);
#11842 = VERTEX_POINT('',#11843);
#11843 = CARTESIAN_POINT('',(81.885360738255,52.138255033557,24.55));
#11844 = B_SPLINE_CURVE_WITH_KNOTS('',2,(#11845,#11846,#11847),
  .UNSPECIFIED.,.F.,.F.,(3,3),(0.,1.),.PIECEWISE_BEZIER_KNOTS.);
#11845 = CARTESIAN_POINT('',(81.885360738255,52.138255033557,24.55));
#11846 = CARTESIAN_POINT('',(82.709291107383,52.138255033557,24.55));
#11847 = CARTESIAN_POINT('',(83.118330536913,51.867764261745,24.55));
#11848 = ORIENTED_EDGE('',*,*,#11849,.T.);
#11849 = EDGE_CURVE('',#11842,#4059,#11850,.T.);
#11850 = LINE('',#11851,#11852);
#11851 = CARTESIAN_POINT('',(81.885360738255,52.138255033557,24.55));
#11852 = VECTOR('',#11853,1.);
#11853 = DIRECTION('',(0.,0.,1.));
#11854 = ORIENTED_EDGE('',*,*,#4068,.F.);
#11855 = ORIENTED_EDGE('',*,*,#11823,.F.);
#11856 = SURFACE_OF_LINEAR_EXTRUSION('',#11857,#11861);
#11857 = B_SPLINE_CURVE_WITH_KNOTS('',2,(#11858,#11859,#11860),
  .UNSPECIFIED.,.F.,.F.,(3,3),(0.,1.),.PIECEWISE_BEZIER_KNOTS.);
#11858 = CARTESIAN_POINT('',(81.885360738255,52.138255033557,24.55));
#11859 = CARTESIAN_POINT('',(82.709291107383,52.138255033557,24.55));
#11860 = CARTESIAN_POINT('',(83.118330536913,51.867764261745,24.55));
#11861 = VECTOR('',#11862,1.);
#11862 = DIRECTION('',(-0.,-0.,-1.));
#11863 = ADVANCED_FACE('',(#11864),#11882,.F.);
#11864 = FACE_BOUND('',#11865,.F.);
#11865 = EDGE_LOOP('',(#11866,#11874,#11880,#11881));
#11866 = ORIENTED_EDGE('',*,*,#11867,.F.);
#11867 = EDGE_CURVE('',#11868,#11842,#11870,.T.);
#11868 = VERTEX_POINT('',#11869);
#11869 = CARTESIAN_POINT('',(81.262458053691,52.092953020134,24.55));
#11870 = B_SPLINE_CURVE_WITH_KNOTS('',2,(#11871,#11872,#11873),
  .UNSPECIFIED.,.F.,.F.,(3,3),(0.,1.),.PIECEWISE_BEZIER_KNOTS.);
#11871 = CARTESIAN_POINT('',(81.262458053691,52.092953020134,24.55));
#11872 = CARTESIAN_POINT('',(81.579572147651,52.138255033557,24.55));
#11873 = CARTESIAN_POINT('',(81.885360738255,52.138255033557,24.55));
#11874 = ORIENTED_EDGE('',*,*,#11875,.T.);
#11875 = EDGE_CURVE('',#11868,#4049,#11876,.T.);
#11876 = LINE('',#11877,#11878);
#11877 = CARTESIAN_POINT('',(81.262458053691,52.092953020134,24.55));
#11878 = VECTOR('',#11879,1.);
#11879 = DIRECTION('',(0.,0.,1.));
#11880 = ORIENTED_EDGE('',*,*,#4058,.F.);
#11881 = ORIENTED_EDGE('',*,*,#11849,.F.);
#11882 = SURFACE_OF_LINEAR_EXTRUSION('',#11883,#11887);
#11883 = B_SPLINE_CURVE_WITH_KNOTS('',2,(#11884,#11885,#11886),
  .UNSPECIFIED.,.F.,.F.,(3,3),(0.,1.),.PIECEWISE_BEZIER_KNOTS.);
#11884 = CARTESIAN_POINT('',(81.262458053691,52.092953020134,24.55));
#11885 = CARTESIAN_POINT('',(81.579572147651,52.138255033557,24.55));
#11886 = CARTESIAN_POINT('',(81.885360738255,52.138255033557,24.55));
#11887 = VECTOR('',#11888,1.);
#11888 = DIRECTION('',(-0.,-0.,-1.));
#11889 = ADVANCED_FACE('',(#11890),#11908,.F.);
#11890 = FACE_BOUND('',#11891,.F.);
#11891 = EDGE_LOOP('',(#11892,#11900,#11906,#11907));
#11892 = ORIENTED_EDGE('',*,*,#11893,.F.);
#11893 = EDGE_CURVE('',#11894,#11868,#11896,.T.);
#11894 = VERTEX_POINT('',#11895);
#11895 = CARTESIAN_POINT('',(80.622567114094,51.957046979866,24.55));
#11896 = B_SPLINE_CURVE_WITH_KNOTS('',2,(#11897,#11898,#11899),
  .UNSPECIFIED.,.F.,.F.,(3,3),(0.,1.),.PIECEWISE_BEZIER_KNOTS.);
#11897 = CARTESIAN_POINT('',(80.622567114094,51.957046979866,24.55));
#11898 = CARTESIAN_POINT('',(80.945343959732,52.047651006711,24.55));
#11899 = CARTESIAN_POINT('',(81.262458053691,52.092953020134,24.55));
#11900 = ORIENTED_EDGE('',*,*,#11901,.T.);
#11901 = EDGE_CURVE('',#11894,#4041,#11902,.T.);
#11902 = LINE('',#11903,#11904);
#11903 = CARTESIAN_POINT('',(80.622567114094,51.957046979866,24.55));
#11904 = VECTOR('',#11905,1.);
#11905 = DIRECTION('',(0.,0.,1.));
#11906 = ORIENTED_EDGE('',*,*,#4048,.F.);
#11907 = ORIENTED_EDGE('',*,*,#11875,.F.);
#11908 = SURFACE_OF_LINEAR_EXTRUSION('',#11909,#11913);
#11909 = B_SPLINE_CURVE_WITH_KNOTS('',2,(#11910,#11911,#11912),
  .UNSPECIFIED.,.F.,.F.,(3,3),(0.,1.),.PIECEWISE_BEZIER_KNOTS.);
#11910 = CARTESIAN_POINT('',(80.622567114094,51.957046979866,24.55));
#11911 = CARTESIAN_POINT('',(80.945343959732,52.047651006711,24.55));
#11912 = CARTESIAN_POINT('',(81.262458053691,52.092953020134,24.55));
#11913 = VECTOR('',#11914,1.);
#11914 = DIRECTION('',(-0.,-0.,-1.));
#11915 = ADVANCED_FACE('',(#11916),#11934,.F.);
#11916 = FACE_BOUND('',#11917,.F.);
#11917 = EDGE_LOOP('',(#11918,#11926,#11932,#11933));
#11918 = ORIENTED_EDGE('',*,*,#11919,.F.);
#11919 = EDGE_CURVE('',#11920,#11894,#11922,.T.);
#11920 = VERTEX_POINT('',#11921);
#11921 = CARTESIAN_POINT('',(80.622567114094,51.159731543624,24.55));
#11922 = LINE('',#11923,#11924);
#11923 = CARTESIAN_POINT('',(80.622567114094,51.159731543624,24.55));
#11924 = VECTOR('',#11925,1.);
#11925 = DIRECTION('',(0.,1.,0.));
#11926 = ORIENTED_EDGE('',*,*,#11927,.T.);
#11927 = EDGE_CURVE('',#11920,#4031,#11928,.T.);
#11928 = LINE('',#11929,#11930);
#11929 = CARTESIAN_POINT('',(80.622567114094,51.159731543624,24.55));
#11930 = VECTOR('',#11931,1.);
#11931 = DIRECTION('',(0.,0.,1.));
#11932 = ORIENTED_EDGE('',*,*,#4040,.F.);
#11933 = ORIENTED_EDGE('',*,*,#11901,.F.);
#11934 = PLANE('',#11935);
#11935 = AXIS2_PLACEMENT_3D('',#11936,#11937,#11938);
#11936 = CARTESIAN_POINT('',(80.622567114094,51.159731543624,24.55));
#11937 = DIRECTION('',(-1.,0.,0.));
#11938 = DIRECTION('',(0.,1.,0.));
#11939 = ADVANCED_FACE('',(#11940),#11958,.F.);
#11940 = FACE_BOUND('',#11941,.F.);
#11941 = EDGE_LOOP('',(#11942,#11950,#11956,#11957));
#11942 = ORIENTED_EDGE('',*,*,#11943,.F.);
#11943 = EDGE_CURVE('',#11944,#11920,#11946,.T.);
#11944 = VERTEX_POINT('',#11945);
#11945 = CARTESIAN_POINT('',(81.157697147651,51.331124161074,24.55));
#11946 = B_SPLINE_CURVE_WITH_KNOTS('',2,(#11947,#11948,#11949),
  .UNSPECIFIED.,.F.,.F.,(3,3),(0.,1.),.PIECEWISE_BEZIER_KNOTS.);
#11947 = CARTESIAN_POINT('',(81.157697147651,51.331124161074,24.55));
#11948 = CARTESIAN_POINT('',(80.888716442953,51.27317533557,24.55));
#11949 = CARTESIAN_POINT('',(80.622567114094,51.159731543624,24.55));
#11950 = ORIENTED_EDGE('',*,*,#11951,.T.);
#11951 = EDGE_CURVE('',#11944,#4021,#11952,.T.);
#11952 = LINE('',#11953,#11954);
#11953 = CARTESIAN_POINT('',(81.157697147651,51.331124161074,24.55));
#11954 = VECTOR('',#11955,1.);
#11955 = DIRECTION('',(0.,0.,1.));
#11956 = ORIENTED_EDGE('',*,*,#4030,.F.);
#11957 = ORIENTED_EDGE('',*,*,#11927,.F.);
#11958 = SURFACE_OF_LINEAR_EXTRUSION('',#11959,#11963);
#11959 = B_SPLINE_CURVE_WITH_KNOTS('',2,(#11960,#11961,#11962),
  .UNSPECIFIED.,.F.,.F.,(3,3),(0.,1.),.PIECEWISE_BEZIER_KNOTS.);
#11960 = CARTESIAN_POINT('',(81.157697147651,51.331124161074,24.55));
#11961 = CARTESIAN_POINT('',(80.888716442953,51.27317533557,24.55));
#11962 = CARTESIAN_POINT('',(80.622567114094,51.159731543624,24.55));
#11963 = VECTOR('',#11964,1.);
#11964 = DIRECTION('',(-0.,-0.,-1.));
#11965 = ADVANCED_FACE('',(#11966),#11984,.F.);
#11966 = FACE_BOUND('',#11967,.F.);
#11967 = EDGE_LOOP('',(#11968,#11976,#11982,#11983));
#11968 = ORIENTED_EDGE('',*,*,#11969,.F.);
#11969 = EDGE_CURVE('',#11970,#11944,#11972,.T.);
#11970 = VERTEX_POINT('',#11971);
#11971 = CARTESIAN_POINT('',(81.689995805369,51.389261744966,24.55));
#11972 = B_SPLINE_CURVE_WITH_KNOTS('',2,(#11973,#11974,#11975),
  .UNSPECIFIED.,.F.,.F.,(3,3),(0.,1.),.PIECEWISE_BEZIER_KNOTS.);
#11973 = CARTESIAN_POINT('',(81.689995805369,51.389261744966,24.55));
#11974 = CARTESIAN_POINT('',(81.426677852349,51.389261744966,24.55));
#11975 = CARTESIAN_POINT('',(81.157697147651,51.331124161074,24.55));
#11976 = ORIENTED_EDGE('',*,*,#11977,.T.);
#11977 = EDGE_CURVE('',#11970,#4009,#11978,.T.);
#11978 = LINE('',#11979,#11980);
#11979 = CARTESIAN_POINT('',(81.689995805369,51.389261744966,24.55));
#11980 = VECTOR('',#11981,1.);
#11981 = DIRECTION('',(0.,0.,1.));
#11982 = ORIENTED_EDGE('',*,*,#4020,.F.);
#11983 = ORIENTED_EDGE('',*,*,#11951,.F.);
#11984 = SURFACE_OF_LINEAR_EXTRUSION('',#11985,#11989);
#11985 = B_SPLINE_CURVE_WITH_KNOTS('',2,(#11986,#11987,#11988),
  .UNSPECIFIED.,.F.,.F.,(3,3),(0.,1.),.PIECEWISE_BEZIER_KNOTS.);
#11986 = CARTESIAN_POINT('',(81.689995805369,51.389261744966,24.55));
#11987 = CARTESIAN_POINT('',(81.426677852349,51.389261744966,24.55));
#11988 = CARTESIAN_POINT('',(81.157697147651,51.331124161074,24.55));
#11989 = VECTOR('',#11990,1.);
#11990 = DIRECTION('',(-0.,-0.,-1.));
#11991 = ADVANCED_FACE('',(#11992),#12010,.F.);
#11992 = FACE_BOUND('',#11993,.F.);
#11993 = EDGE_LOOP('',(#11994,#12002,#12008,#12009));
#11994 = ORIENTED_EDGE('',*,*,#11995,.F.);
#11995 = EDGE_CURVE('',#11996,#11970,#11998,.T.);
#11996 = VERTEX_POINT('',#11997);
#11997 = CARTESIAN_POINT('',(82.24211409396,51.256564597315,24.55));
#11998 = B_SPLINE_CURVE_WITH_KNOTS('',2,(#11999,#12000,#12001),
  .UNSPECIFIED.,.F.,.F.,(3,3),(0.,1.),.PIECEWISE_BEZIER_KNOTS.);
#11999 = CARTESIAN_POINT('',(82.24211409396,51.256564597315,24.55));
#12000 = CARTESIAN_POINT('',(82.046749161074,51.389261744966,24.55));
#12001 = CARTESIAN_POINT('',(81.689995805369,51.389261744966,24.55));
#12002 = ORIENTED_EDGE('',*,*,#12003,.T.);
#12003 = EDGE_CURVE('',#11996,#3994,#12004,.T.);
#12004 = LINE('',#12005,#12006);
#12005 = CARTESIAN_POINT('',(82.24211409396,51.256564597315,24.55));
#12006 = VECTOR('',#12007,1.);
#12007 = DIRECTION('',(0.,0.,1.));
#12008 = ORIENTED_EDGE('',*,*,#4008,.F.);
#12009 = ORIENTED_EDGE('',*,*,#11977,.F.);
#12010 = SURFACE_OF_LINEAR_EXTRUSION('',#12011,#12015);
#12011 = B_SPLINE_CURVE_WITH_KNOTS('',2,(#12012,#12013,#12014),
  .UNSPECIFIED.,.F.,.F.,(3,3),(0.,1.),.PIECEWISE_BEZIER_KNOTS.);
#12012 = CARTESIAN_POINT('',(82.24211409396,51.256564597315,24.55));
#12013 = CARTESIAN_POINT('',(82.046749161074,51.389261744966,24.55));
#12014 = CARTESIAN_POINT('',(81.689995805369,51.389261744966,24.55));
#12015 = VECTOR('',#12016,1.);
#12016 = DIRECTION('',(-0.,-0.,-1.));
#12017 = ADVANCED_FACE('',(#12018),#12036,.F.);
#12018 = FACE_BOUND('',#12019,.F.);
#12019 = EDGE_LOOP('',(#12020,#12028,#12034,#12035));
#12020 = ORIENTED_EDGE('',*,*,#12021,.F.);
#12021 = EDGE_CURVE('',#12022,#11996,#12024,.T.);
#12022 = VERTEX_POINT('',#12023);
#12023 = CARTESIAN_POINT('',(82.437479026846,50.881501677852,24.55));
#12024 = B_SPLINE_CURVE_WITH_KNOTS('',2,(#12025,#12026,#12027),
  .UNSPECIFIED.,.F.,.F.,(3,3),(0.,1.),.PIECEWISE_BEZIER_KNOTS.);
#12025 = CARTESIAN_POINT('',(82.437479026846,50.881501677852,24.55));
#12026 = CARTESIAN_POINT('',(82.437479026846,51.124056208054,24.55));
#12027 = CARTESIAN_POINT('',(82.24211409396,51.256564597315,24.55));
#12028 = ORIENTED_EDGE('',*,*,#12029,.T.);
#12029 = EDGE_CURVE('',#12022,#3979,#12030,.T.);
#12030 = LINE('',#12031,#12032);
#12031 = CARTESIAN_POINT('',(82.437479026846,50.881501677852,24.55));
#12032 = VECTOR('',#12033,1.);
#12033 = DIRECTION('',(0.,0.,1.));
#12034 = ORIENTED_EDGE('',*,*,#3993,.F.);
#12035 = ORIENTED_EDGE('',*,*,#12003,.F.);
#12036 = SURFACE_OF_LINEAR_EXTRUSION('',#12037,#12041);
#12037 = B_SPLINE_CURVE_WITH_KNOTS('',2,(#12038,#12039,#12040),
  .UNSPECIFIED.,.F.,.F.,(3,3),(0.,1.),.PIECEWISE_BEZIER_KNOTS.);
#12038 = CARTESIAN_POINT('',(82.437479026846,50.881501677852,24.55));
#12039 = CARTESIAN_POINT('',(82.437479026846,51.124056208054,24.55));
#12040 = CARTESIAN_POINT('',(82.24211409396,51.256564597315,24.55));
#12041 = VECTOR('',#12042,1.);
#12042 = DIRECTION('',(-0.,-0.,-1.));
#12043 = ADVANCED_FACE('',(#12044),#12062,.F.);
#12044 = FACE_BOUND('',#12045,.F.);
#12045 = EDGE_LOOP('',(#12046,#12054,#12060,#12061));
#12046 = ORIENTED_EDGE('',*,*,#12047,.F.);
#12047 = EDGE_CURVE('',#12048,#12022,#12050,.T.);
#12048 = VERTEX_POINT('',#12049);
#12049 = CARTESIAN_POINT('',(82.236451342282,50.490771812081,24.55));
#12050 = B_SPLINE_CURVE_WITH_KNOTS('',2,(#12051,#12052,#12053),
  .UNSPECIFIED.,.F.,.F.,(3,3),(0.,1.),.PIECEWISE_BEZIER_KNOTS.);
#12051 = CARTESIAN_POINT('',(82.236451342282,50.490771812081,24.55));
#12052 = CARTESIAN_POINT('',(82.437479026846,50.619127516779,24.55));
#12053 = CARTESIAN_POINT('',(82.437479026846,50.881501677852,24.55));
#12054 = ORIENTED_EDGE('',*,*,#12055,.T.);
#12055 = EDGE_CURVE('',#12048,#3967,#12056,.T.);
#12056 = LINE('',#12057,#12058);
#12057 = CARTESIAN_POINT('',(82.236451342282,50.490771812081,24.55));
#12058 = VECTOR('',#12059,1.);
#12059 = DIRECTION('',(0.,0.,1.));
#12060 = ORIENTED_EDGE('',*,*,#3978,.F.);
#12061 = ORIENTED_EDGE('',*,*,#12029,.F.);
#12062 = SURFACE_OF_LINEAR_EXTRUSION('',#12063,#12067);
#12063 = B_SPLINE_CURVE_WITH_KNOTS('',2,(#12064,#12065,#12066),
  .UNSPECIFIED.,.F.,.F.,(3,3),(0.,1.),.PIECEWISE_BEZIER_KNOTS.);
#12064 = CARTESIAN_POINT('',(82.236451342282,50.490771812081,24.55));
#12065 = CARTESIAN_POINT('',(82.437479026846,50.619127516779,24.55));
#12066 = CARTESIAN_POINT('',(82.437479026846,50.881501677852,24.55));
#12067 = VECTOR('',#12068,1.);
#12068 = DIRECTION('',(-0.,-0.,-1.));
#12069 = ADVANCED_FACE('',(#12070),#12088,.F.);
#12070 = FACE_BOUND('',#12071,.F.);
#12071 = EDGE_LOOP('',(#12072,#12080,#12086,#12087));
#12072 = ORIENTED_EDGE('',*,*,#12073,.F.);
#12073 = EDGE_CURVE('',#12074,#12048,#12076,.T.);
#12074 = VERTEX_POINT('',#12075);
#12075 = CARTESIAN_POINT('',(81.624874161074,50.362416107383,24.55));
#12076 = B_SPLINE_CURVE_WITH_KNOTS('',2,(#12077,#12078,#12079),
  .UNSPECIFIED.,.F.,.F.,(3,3),(0.,1.),.PIECEWISE_BEZIER_KNOTS.);
#12077 = CARTESIAN_POINT('',(81.624874161074,50.362416107383,24.55));
#12078 = CARTESIAN_POINT('',(82.035423657718,50.362416107383,24.55));
#12079 = CARTESIAN_POINT('',(82.236451342282,50.490771812081,24.55));
#12080 = ORIENTED_EDGE('',*,*,#12081,.T.);
#12081 = EDGE_CURVE('',#12074,#3959,#12082,.T.);
#12082 = LINE('',#12083,#12084);
#12083 = CARTESIAN_POINT('',(81.624874161074,50.362416107383,24.55));
#12084 = VECTOR('',#12085,1.);
#12085 = DIRECTION('',(0.,0.,1.));
#12086 = ORIENTED_EDGE('',*,*,#3966,.F.);
#12087 = ORIENTED_EDGE('',*,*,#12055,.F.);
#12088 = SURFACE_OF_LINEAR_EXTRUSION('',#12089,#12093);
#12089 = B_SPLINE_CURVE_WITH_KNOTS('',2,(#12090,#12091,#12092),
  .UNSPECIFIED.,.F.,.F.,(3,3),(0.,1.),.PIECEWISE_BEZIER_KNOTS.);
#12090 = CARTESIAN_POINT('',(81.624874161074,50.362416107383,24.55));
#12091 = CARTESIAN_POINT('',(82.035423657718,50.362416107383,24.55));
#12092 = CARTESIAN_POINT('',(82.236451342282,50.490771812081,24.55));
#12093 = VECTOR('',#12094,1.);
#12094 = DIRECTION('',(-0.,-0.,-1.));
#12095 = ADVANCED_FACE('',(#12096),#12114,.F.);
#12096 = FACE_BOUND('',#12097,.F.);
#12097 = EDGE_LOOP('',(#12098,#12106,#12112,#12113));
#12098 = ORIENTED_EDGE('',*,*,#12099,.F.);
#12099 = EDGE_CURVE('',#12100,#12074,#12102,.T.);
#12100 = VERTEX_POINT('',#12101);
#12101 = CARTESIAN_POINT('',(81.166191275168,50.362416107383,24.55));
#12102 = LINE('',#12103,#12104);
#12103 = CARTESIAN_POINT('',(81.166191275168,50.362416107383,24.55));
#12104 = VECTOR('',#12105,1.);
#12105 = DIRECTION('',(1.,0.,0.));
#12106 = ORIENTED_EDGE('',*,*,#12107,.T.);
#12107 = EDGE_CURVE('',#12100,#3951,#12108,.T.);
#12108 = LINE('',#12109,#12110);
#12109 = CARTESIAN_POINT('',(81.166191275168,50.362416107383,24.55));
#12110 = VECTOR('',#12111,1.);
#12111 = DIRECTION('',(0.,0.,1.));
#12112 = ORIENTED_EDGE('',*,*,#3958,.F.);
#12113 = ORIENTED_EDGE('',*,*,#12081,.F.);
#12114 = PLANE('',#12115);
#12115 = AXIS2_PLACEMENT_3D('',#12116,#12117,#12118);
#12116 = CARTESIAN_POINT('',(81.166191275168,50.362416107383,24.55));
#12117 = DIRECTION('',(0.,1.,0.));
#12118 = DIRECTION('',(1.,0.,0.));
#12119 = ADVANCED_FACE('',(#12120),#12138,.F.);
#12120 = FACE_BOUND('',#12121,.F.);
#12121 = EDGE_LOOP('',(#12122,#12130,#12136,#12137));
#12122 = ORIENTED_EDGE('',*,*,#12123,.F.);
#12123 = EDGE_CURVE('',#12124,#12100,#12126,.T.);
#12124 = VERTEX_POINT('',#12125);
#12125 = CARTESIAN_POINT('',(81.166191275168,49.661744966443,24.55));
#12126 = LINE('',#12127,#12128);
#12127 = CARTESIAN_POINT('',(81.166191275168,49.661744966443,24.55));
#12128 = VECTOR('',#12129,1.);
#12129 = DIRECTION('',(0.,1.,0.));
#12130 = ORIENTED_EDGE('',*,*,#12131,.T.);
#12131 = EDGE_CURVE('',#12124,#3943,#12132,.T.);
#12132 = LINE('',#12133,#12134);
#12133 = CARTESIAN_POINT('',(81.166191275168,49.661744966443,24.55));
#12134 = VECTOR('',#12135,1.);
#12135 = DIRECTION('',(0.,0.,1.));
#12136 = ORIENTED_EDGE('',*,*,#3950,.F.);
#12137 = ORIENTED_EDGE('',*,*,#12107,.F.);
#12138 = PLANE('',#12139);
#12139 = AXIS2_PLACEMENT_3D('',#12140,#12141,#12142);
#12140 = CARTESIAN_POINT('',(81.166191275168,49.661744966443,24.55));
#12141 = DIRECTION('',(-1.,0.,0.));
#12142 = DIRECTION('',(0.,1.,0.));
#12143 = ADVANCED_FACE('',(#12144),#12162,.F.);
#12144 = FACE_BOUND('',#12145,.F.);
#12145 = EDGE_LOOP('',(#12146,#12154,#12160,#12161));
#12146 = ORIENTED_EDGE('',*,*,#12147,.F.);
#12147 = EDGE_CURVE('',#12148,#12124,#12150,.T.);
#12148 = VERTEX_POINT('',#12149);
#12149 = CARTESIAN_POINT('',(81.602223154362,49.661744966443,24.55));
#12150 = LINE('',#12151,#12152);
#12151 = CARTESIAN_POINT('',(81.602223154362,49.661744966443,24.55));
#12152 = VECTOR('',#12153,1.);
#12153 = DIRECTION('',(-1.,0.,0.));
#12154 = ORIENTED_EDGE('',*,*,#12155,.T.);
#12155 = EDGE_CURVE('',#12148,#3928,#12156,.T.);
#12156 = LINE('',#12157,#12158);
#12157 = CARTESIAN_POINT('',(81.602223154362,49.661744966443,24.55));
#12158 = VECTOR('',#12159,1.);
#12159 = DIRECTION('',(0.,0.,1.));
#12160 = ORIENTED_EDGE('',*,*,#3942,.F.);
#12161 = ORIENTED_EDGE('',*,*,#12131,.F.);
#12162 = PLANE('',#12163);
#12163 = AXIS2_PLACEMENT_3D('',#12164,#12165,#12166);
#12164 = CARTESIAN_POINT('',(81.602223154362,49.661744966443,24.55));
#12165 = DIRECTION('',(0.,-1.,0.));
#12166 = DIRECTION('',(-1.,0.,0.));
#12167 = ADVANCED_FACE('',(#12168),#12186,.F.);
#12168 = FACE_BOUND('',#12169,.F.);
#12169 = EDGE_LOOP('',(#12170,#12178,#12184,#12185));
#12170 = ORIENTED_EDGE('',*,*,#12171,.F.);
#12171 = EDGE_CURVE('',#12172,#12148,#12174,.T.);
#12172 = VERTEX_POINT('',#12173);
#12173 = CARTESIAN_POINT('',(82.300062919463,49.512437080537,24.55));
#12174 = B_SPLINE_CURVE_WITH_KNOTS('',2,(#12175,#12176,#12177),
  .UNSPECIFIED.,.F.,.F.,(3,3),(0.,1.),.PIECEWISE_BEZIER_KNOTS.);
#12175 = CARTESIAN_POINT('',(82.300062919463,49.512437080537,24.55));
#12176 = CARTESIAN_POINT('',(82.063737416107,49.661744966443,24.55));
#12177 = CARTESIAN_POINT('',(81.602223154362,49.661744966443,24.55));
#12178 = ORIENTED_EDGE('',*,*,#12179,.T.);
#12179 = EDGE_CURVE('',#12172,#3913,#12180,.T.);
#12180 = LINE('',#12181,#12182);
#12181 = CARTESIAN_POINT('',(82.300062919463,49.512437080537,24.55));
#12182 = VECTOR('',#12183,1.);
#12183 = DIRECTION('',(0.,0.,1.));
#12184 = ORIENTED_EDGE('',*,*,#3927,.F.);
#12185 = ORIENTED_EDGE('',*,*,#12155,.F.);
#12186 = SURFACE_OF_LINEAR_EXTRUSION('',#12187,#12191);
#12187 = B_SPLINE_CURVE_WITH_KNOTS('',2,(#12188,#12189,#12190),
  .UNSPECIFIED.,.F.,.F.,(3,3),(0.,1.),.PIECEWISE_BEZIER_KNOTS.);
#12188 = CARTESIAN_POINT('',(82.300062919463,49.512437080537,24.55));
#12189 = CARTESIAN_POINT('',(82.063737416107,49.661744966443,24.55));
#12190 = CARTESIAN_POINT('',(81.602223154362,49.661744966443,24.55));
#12191 = VECTOR('',#12192,1.);
#12192 = DIRECTION('',(-0.,-0.,-1.));
#12193 = ADVANCED_FACE('',(#12194),#12212,.F.);
#12194 = FACE_BOUND('',#12195,.F.);
#12195 = EDGE_LOOP('',(#12196,#12204,#12210,#12211));
#12196 = ORIENTED_EDGE('',*,*,#12197,.F.);
#12197 = EDGE_CURVE('',#12198,#12172,#12200,.T.);
#12198 = VERTEX_POINT('',#12199);
#12199 = CARTESIAN_POINT('',(82.536577181208,49.073007550336,24.55));
#12200 = B_SPLINE_CURVE_WITH_KNOTS('',2,(#12201,#12202,#12203),
  .UNSPECIFIED.,.F.,.F.,(3,3),(0.,1.),.PIECEWISE_BEZIER_KNOTS.);
#12201 = CARTESIAN_POINT('',(82.536577181208,49.073007550336,24.55));
#12202 = CARTESIAN_POINT('',(82.536577181208,49.363129194631,24.55));
#12203 = CARTESIAN_POINT('',(82.300062919463,49.512437080537,24.55));
#12204 = ORIENTED_EDGE('',*,*,#12205,.T.);
#12205 = EDGE_CURVE('',#12198,#3898,#12206,.T.);
#12206 = LINE('',#12207,#12208);
#12207 = CARTESIAN_POINT('',(82.536577181208,49.073007550336,24.55));
#12208 = VECTOR('',#12209,1.);
#12209 = DIRECTION('',(0.,0.,1.));
#12210 = ORIENTED_EDGE('',*,*,#3912,.F.);
#12211 = ORIENTED_EDGE('',*,*,#12179,.F.);
#12212 = SURFACE_OF_LINEAR_EXTRUSION('',#12213,#12217);
#12213 = B_SPLINE_CURVE_WITH_KNOTS('',2,(#12214,#12215,#12216),
  .UNSPECIFIED.,.F.,.F.,(3,3),(0.,1.),.PIECEWISE_BEZIER_KNOTS.);
#12214 = CARTESIAN_POINT('',(82.536577181208,49.073007550336,24.55));
#12215 = CARTESIAN_POINT('',(82.536577181208,49.363129194631,24.55));
#12216 = CARTESIAN_POINT('',(82.300062919463,49.512437080537,24.55));
#12217 = VECTOR('',#12218,1.);
#12218 = DIRECTION('',(-0.,-0.,-1.));
#12219 = ADVANCED_FACE('',(#12220),#12238,.F.);
#12220 = FACE_BOUND('',#12221,.F.);
#12221 = EDGE_LOOP('',(#12222,#12230,#12236,#12237));
#12222 = ORIENTED_EDGE('',*,*,#12223,.F.);
#12223 = EDGE_CURVE('',#12224,#12198,#12226,.T.);
#12224 = VERTEX_POINT('',#12225);
#12225 = CARTESIAN_POINT('',(82.305725671141,48.640562080537,24.55));
#12226 = B_SPLINE_CURVE_WITH_KNOTS('',2,(#12227,#12228,#12229),
  .UNSPECIFIED.,.F.,.F.,(3,3),(0.,1.),.PIECEWISE_BEZIER_KNOTS.);
#12227 = CARTESIAN_POINT('',(82.305725671141,48.640562080537,24.55));
#12228 = CARTESIAN_POINT('',(82.536577181208,48.791380033557,24.55));
#12229 = CARTESIAN_POINT('',(82.536577181208,49.073007550336,24.55));
#12230 = ORIENTED_EDGE('',*,*,#12231,.T.);
#12231 = EDGE_CURVE('',#12224,#3883,#12232,.T.);
#12232 = LINE('',#12233,#12234);
#12233 = CARTESIAN_POINT('',(82.305725671141,48.640562080537,24.55));
#12234 = VECTOR('',#12235,1.);
#12235 = DIRECTION('',(0.,0.,1.));
#12236 = ORIENTED_EDGE('',*,*,#3897,.F.);
#12237 = ORIENTED_EDGE('',*,*,#12205,.F.);
#12238 = SURFACE_OF_LINEAR_EXTRUSION('',#12239,#12243);
#12239 = B_SPLINE_CURVE_WITH_KNOTS('',2,(#12240,#12241,#12242),
  .UNSPECIFIED.,.F.,.F.,(3,3),(0.,1.),.PIECEWISE_BEZIER_KNOTS.);
#12240 = CARTESIAN_POINT('',(82.305725671141,48.640562080537,24.55));
#12241 = CARTESIAN_POINT('',(82.536577181208,48.791380033557,24.55));
#12242 = CARTESIAN_POINT('',(82.536577181208,49.073007550336,24.55));
#12243 = VECTOR('',#12244,1.);
#12244 = DIRECTION('',(-0.,-0.,-1.));
#12245 = ADVANCED_FACE('',(#12246),#12264,.F.);
#12246 = FACE_BOUND('',#12247,.F.);
#12247 = EDGE_LOOP('',(#12248,#12256,#12262,#12263));
#12248 = ORIENTED_EDGE('',*,*,#12249,.F.);
#12249 = EDGE_CURVE('',#12250,#12224,#12252,.T.);
#12250 = VERTEX_POINT('',#12251);
#12251 = CARTESIAN_POINT('',(81.641862416107,48.489932885906,24.55));
#12252 = B_SPLINE_CURVE_WITH_KNOTS('',2,(#12253,#12254,#12255),
  .UNSPECIFIED.,.F.,.F.,(3,3),(0.,1.),.PIECEWISE_BEZIER_KNOTS.);
#12253 = CARTESIAN_POINT('',(81.641862416107,48.489932885906,24.55));
#12254 = CARTESIAN_POINT('',(82.075062919463,48.489932885906,24.55));
#12255 = CARTESIAN_POINT('',(82.305725671141,48.640562080537,24.55));
#12256 = ORIENTED_EDGE('',*,*,#12257,.T.);
#12257 = EDGE_CURVE('',#12250,#3872,#12258,.T.);
#12258 = LINE('',#12259,#12260);
#12259 = CARTESIAN_POINT('',(81.641862416107,48.489932885906,24.55));
#12260 = VECTOR('',#12261,1.);
#12261 = DIRECTION('',(0.,0.,1.));
#12262 = ORIENTED_EDGE('',*,*,#3882,.F.);
#12263 = ORIENTED_EDGE('',*,*,#12231,.F.);
#12264 = SURFACE_OF_LINEAR_EXTRUSION('',#12265,#12269);
#12265 = B_SPLINE_CURVE_WITH_KNOTS('',2,(#12266,#12267,#12268),
  .UNSPECIFIED.,.F.,.F.,(3,3),(0.,1.),.PIECEWISE_BEZIER_KNOTS.);
#12266 = CARTESIAN_POINT('',(81.641862416107,48.489932885906,24.55));
#12267 = CARTESIAN_POINT('',(82.075062919463,48.489932885906,24.55));
#12268 = CARTESIAN_POINT('',(82.305725671141,48.640562080537,24.55));
#12269 = VECTOR('',#12270,1.);
#12270 = DIRECTION('',(-0.,-0.,-1.));
#12271 = ADVANCED_FACE('',(#12272),#12290,.F.);
#12272 = FACE_BOUND('',#12273,.F.);
#12273 = EDGE_LOOP('',(#12274,#12282,#12288,#12289));
#12274 = ORIENTED_EDGE('',*,*,#12275,.F.);
#12275 = EDGE_CURVE('',#12276,#12250,#12278,.T.);
#12276 = VERTEX_POINT('',#12277);
#12277 = CARTESIAN_POINT('',(81.048594798658,48.569211409396,24.55));
#12278 = B_SPLINE_CURVE_WITH_KNOTS('',2,(#12279,#12280,#12281),
  .UNSPECIFIED.,.F.,.F.,(3,3),(0.,1.),.PIECEWISE_BEZIER_KNOTS.);
#12279 = CARTESIAN_POINT('',(81.048594798658,48.569211409396,24.55));
#12280 = CARTESIAN_POINT('',(81.350230704698,48.489932885906,24.55));
#12281 = CARTESIAN_POINT('',(81.641862416107,48.489932885906,24.55));
#12282 = ORIENTED_EDGE('',*,*,#12283,.T.);
#12283 = EDGE_CURVE('',#12276,#3861,#12284,.T.);
#12284 = LINE('',#12285,#12286);
#12285 = CARTESIAN_POINT('',(81.048594798658,48.569211409396,24.55));
#12286 = VECTOR('',#12287,1.);
#12287 = DIRECTION('',(0.,0.,1.));
#12288 = ORIENTED_EDGE('',*,*,#3871,.F.);
#12289 = ORIENTED_EDGE('',*,*,#12257,.F.);
#12290 = SURFACE_OF_LINEAR_EXTRUSION('',#12291,#12295);
#12291 = B_SPLINE_CURVE_WITH_KNOTS('',2,(#12292,#12293,#12294),
  .UNSPECIFIED.,.F.,.F.,(3,3),(0.,1.),.PIECEWISE_BEZIER_KNOTS.);
#12292 = CARTESIAN_POINT('',(81.048594798658,48.569211409396,24.55));
#12293 = CARTESIAN_POINT('',(81.350230704698,48.489932885906,24.55));
#12294 = CARTESIAN_POINT('',(81.641862416107,48.489932885906,24.55));
#12295 = VECTOR('',#12296,1.);
#12296 = DIRECTION('',(-0.,-0.,-1.));
#12297 = ADVANCED_FACE('',(#12298),#12316,.F.);
#12298 = FACE_BOUND('',#12299,.F.);
#12299 = EDGE_LOOP('',(#12300,#12308,#12314,#12315));
#12300 = ORIENTED_EDGE('',*,*,#12301,.F.);
#12301 = EDGE_CURVE('',#12302,#12276,#12304,.T.);
#12302 = VERTEX_POINT('',#12303);
#12303 = CARTESIAN_POINT('',(80.441359060403,48.804026845638,24.55));
#12304 = B_SPLINE_CURVE_WITH_KNOTS('',2,(#12305,#12306,#12307),
  .UNSPECIFIED.,.F.,.F.,(3,3),(0.,1.),.PIECEWISE_BEZIER_KNOTS.);
#12305 = CARTESIAN_POINT('',(80.441359060403,48.804026845638,24.55));
#12306 = CARTESIAN_POINT('',(80.747147651007,48.648489932886,24.55));
#12307 = CARTESIAN_POINT('',(81.048594798658,48.569211409396,24.55));
#12308 = ORIENTED_EDGE('',*,*,#12309,.T.);
#12309 = EDGE_CURVE('',#12302,#3853,#12310,.T.);
#12310 = LINE('',#12311,#12312);
#12311 = CARTESIAN_POINT('',(80.441359060403,48.804026845638,24.55));
#12312 = VECTOR('',#12313,1.);
#12313 = DIRECTION('',(0.,0.,1.));
#12314 = ORIENTED_EDGE('',*,*,#3860,.F.);
#12315 = ORIENTED_EDGE('',*,*,#12283,.F.);
#12316 = SURFACE_OF_LINEAR_EXTRUSION('',#12317,#12321);
#12317 = B_SPLINE_CURVE_WITH_KNOTS('',2,(#12318,#12319,#12320),
  .UNSPECIFIED.,.F.,.F.,(3,3),(0.,1.),.PIECEWISE_BEZIER_KNOTS.);
#12318 = CARTESIAN_POINT('',(80.441359060403,48.804026845638,24.55));
#12319 = CARTESIAN_POINT('',(80.747147651007,48.648489932886,24.55));
#12320 = CARTESIAN_POINT('',(81.048594798658,48.569211409396,24.55));
#12321 = VECTOR('',#12322,1.);
#12322 = DIRECTION('',(-0.,-0.,-1.));
#12323 = ADVANCED_FACE('',(#12324),#12342,.F.);
#12324 = FACE_BOUND('',#12325,.F.);
#12325 = EDGE_LOOP('',(#12326,#12334,#12340,#12341));
#12326 = ORIENTED_EDGE('',*,*,#12327,.F.);
#12327 = EDGE_CURVE('',#12328,#12302,#12330,.T.);
#12328 = VERTEX_POINT('',#12329);
#12329 = CARTESIAN_POINT('',(80.441359060403,47.958389261745,24.55));
#12330 = LINE('',#12331,#12332);
#12331 = CARTESIAN_POINT('',(80.441359060403,47.958389261745,24.55));
#12332 = VECTOR('',#12333,1.);
#12333 = DIRECTION('',(0.,1.,0.));
#12334 = ORIENTED_EDGE('',*,*,#12335,.T.);
#12335 = EDGE_CURVE('',#12328,#3843,#12336,.T.);
#12336 = LINE('',#12337,#12338);
#12337 = CARTESIAN_POINT('',(80.441359060403,47.958389261745,24.55));
#12338 = VECTOR('',#12339,1.);
#12339 = DIRECTION('',(0.,0.,1.));
#12340 = ORIENTED_EDGE('',*,*,#3852,.F.);
#12341 = ORIENTED_EDGE('',*,*,#12309,.F.);
#12342 = PLANE('',#12343);
#12343 = AXIS2_PLACEMENT_3D('',#12344,#12345,#12346);
#12344 = CARTESIAN_POINT('',(80.441359060403,47.958389261745,24.55));
#12345 = DIRECTION('',(-1.,0.,0.));
#12346 = DIRECTION('',(0.,1.,0.));
#12347 = ADVANCED_FACE('',(#12348),#12366,.F.);
#12348 = FACE_BOUND('',#12349,.F.);
#12349 = EDGE_LOOP('',(#12350,#12358,#12364,#12365));
#12350 = ORIENTED_EDGE('',*,*,#12351,.F.);
#12351 = EDGE_CURVE('',#12352,#12328,#12354,.T.);
#12352 = VERTEX_POINT('',#12353);
#12353 = CARTESIAN_POINT('',(81.088234060403,47.804362416107,24.55));
#12354 = B_SPLINE_CURVE_WITH_KNOTS('',2,(#12355,#12356,#12357),
  .UNSPECIFIED.,.F.,.F.,(3,3),(0.,1.),.PIECEWISE_BEZIER_KNOTS.);
#12355 = CARTESIAN_POINT('',(81.088234060403,47.804362416107,24.55));
#12356 = CARTESIAN_POINT('',(80.761304530201,47.855704697987,24.55));
#12357 = CARTESIAN_POINT('',(80.441359060403,47.958389261745,24.55));
#12358 = ORIENTED_EDGE('',*,*,#12359,.T.);
#12359 = EDGE_CURVE('',#12352,#3833,#12360,.T.);
#12360 = LINE('',#12361,#12362);
#12361 = CARTESIAN_POINT('',(81.088234060403,47.804362416107,24.55));
#12362 = VECTOR('',#12363,1.);
#12363 = DIRECTION('',(0.,0.,1.));
#12364 = ORIENTED_EDGE('',*,*,#3842,.F.);
#12365 = ORIENTED_EDGE('',*,*,#12335,.F.);
#12366 = SURFACE_OF_LINEAR_EXTRUSION('',#12367,#12371);
#12367 = B_SPLINE_CURVE_WITH_KNOTS('',2,(#12368,#12369,#12370),
  .UNSPECIFIED.,.F.,.F.,(3,3),(0.,1.),.PIECEWISE_BEZIER_KNOTS.);
#12368 = CARTESIAN_POINT('',(81.088234060403,47.804362416107,24.55));
#12369 = CARTESIAN_POINT('',(80.761304530201,47.855704697987,24.55));
#12370 = CARTESIAN_POINT('',(80.441359060403,47.958389261745,24.55));
#12371 = VECTOR('',#12372,1.);
#12372 = DIRECTION('',(-0.,-0.,-1.));
#12373 = ADVANCED_FACE('',(#12374),#12392,.F.);
#12374 = FACE_BOUND('',#12375,.F.);
#12375 = EDGE_LOOP('',(#12376,#12384,#12390,#12391));
#12376 = ORIENTED_EDGE('',*,*,#12377,.F.);
#12377 = EDGE_CURVE('',#12378,#12352,#12380,.T.);
#12378 = VERTEX_POINT('',#12379);
#12379 = CARTESIAN_POINT('',(81.74096057047,47.753020134228,24.55));
#12380 = B_SPLINE_CURVE_WITH_KNOTS('',2,(#12381,#12382,#12383),
  .UNSPECIFIED.,.F.,.F.,(3,3),(0.,1.),.PIECEWISE_BEZIER_KNOTS.);
#12381 = CARTESIAN_POINT('',(81.74096057047,47.753020134228,24.55));
#12382 = CARTESIAN_POINT('',(81.415352348993,47.753020134228,24.55));
#12383 = CARTESIAN_POINT('',(81.088234060403,47.804362416107,24.55));
#12384 = ORIENTED_EDGE('',*,*,#12385,.T.);
#12385 = EDGE_CURVE('',#12378,#3816,#12386,.T.);
#12386 = LINE('',#12387,#12388);
#12387 = CARTESIAN_POINT('',(81.74096057047,47.753020134228,24.55));
#12388 = VECTOR('',#12389,1.);
#12389 = DIRECTION('',(0.,0.,1.));
#12390 = ORIENTED_EDGE('',*,*,#3832,.F.);
#12391 = ORIENTED_EDGE('',*,*,#12359,.F.);
#12392 = SURFACE_OF_LINEAR_EXTRUSION('',#12393,#12397);
#12393 = B_SPLINE_CURVE_WITH_KNOTS('',2,(#12394,#12395,#12396),
  .UNSPECIFIED.,.F.,.F.,(3,3),(0.,1.),.PIECEWISE_BEZIER_KNOTS.);
#12394 = CARTESIAN_POINT('',(81.74096057047,47.753020134228,24.55));
#12395 = CARTESIAN_POINT('',(81.415352348993,47.753020134228,24.55));
#12396 = CARTESIAN_POINT('',(81.088234060403,47.804362416107,24.55));
#12397 = VECTOR('',#12398,1.);
#12398 = DIRECTION('',(-0.,-0.,-1.));
#12399 = ADVANCED_FACE('',(#12400),#12418,.F.);
#12400 = FACE_BOUND('',#12401,.F.);
#12401 = EDGE_LOOP('',(#12402,#12410,#12416,#12417));
#12402 = ORIENTED_EDGE('',*,*,#12403,.F.);
#12403 = EDGE_CURVE('',#12404,#12378,#12406,.T.);
#12404 = VERTEX_POINT('',#12405);
#12405 = CARTESIAN_POINT('',(83.145322986577,48.07994966443,24.55));
#12406 = B_SPLINE_CURVE_WITH_KNOTS('',2,(#12407,#12408,#12409),
  .UNSPECIFIED.,.F.,.F.,(3,3),(0.,1.),.PIECEWISE_BEZIER_KNOTS.);
#12407 = CARTESIAN_POINT('',(83.145322986577,48.07994966443,24.55));
#12408 = CARTESIAN_POINT('',(82.66398909396,47.753020134228,24.55));
#12409 = CARTESIAN_POINT('',(81.74096057047,47.753020134228,24.55));
#12410 = ORIENTED_EDGE('',*,*,#12411,.T.);
#12411 = EDGE_CURVE('',#12404,#3797,#12412,.T.);
#12412 = LINE('',#12413,#12414);
#12413 = CARTESIAN_POINT('',(83.145322986577,48.07994966443,24.55));
#12414 = VECTOR('',#12415,1.);
#12415 = DIRECTION('',(0.,0.,1.));
#12416 = ORIENTED_EDGE('',*,*,#3815,.F.);
#12417 = ORIENTED_EDGE('',*,*,#12385,.F.);
#12418 = SURFACE_OF_LINEAR_EXTRUSION('',#12419,#12423);
#12419 = B_SPLINE_CURVE_WITH_KNOTS('',2,(#12420,#12421,#12422),
  .UNSPECIFIED.,.F.,.F.,(3,3),(0.,1.),.PIECEWISE_BEZIER_KNOTS.);
#12420 = CARTESIAN_POINT('',(83.145322986577,48.07994966443,24.55));
#12421 = CARTESIAN_POINT('',(82.66398909396,47.753020134228,24.55));
#12422 = CARTESIAN_POINT('',(81.74096057047,47.753020134228,24.55));
#12423 = VECTOR('',#12424,1.);
#12424 = DIRECTION('',(-0.,-0.,-1.));
#12425 = ADVANCED_FACE('',(#12426),#12444,.F.);
#12426 = FACE_BOUND('',#12427,.F.);
#12427 = EDGE_LOOP('',(#12428,#12436,#12442,#12443));
#12428 = ORIENTED_EDGE('',*,*,#12429,.F.);
#12429 = EDGE_CURVE('',#12430,#12404,#12432,.T.);
#12430 = VERTEX_POINT('',#12431);
#12431 = CARTESIAN_POINT('',(83.626656879195,49.035255872483,24.55));
#12432 = B_SPLINE_CURVE_WITH_KNOTS('',2,(#12433,#12434,#12435),
  .UNSPECIFIED.,.F.,.F.,(3,3),(0.,1.),.PIECEWISE_BEZIER_KNOTS.);
#12433 = CARTESIAN_POINT('',(83.626656879195,49.035255872483,24.55));
#12434 = CARTESIAN_POINT('',(83.626656879195,48.406879194631,24.55));
#12435 = CARTESIAN_POINT('',(83.145322986577,48.07994966443,24.55));
#12436 = ORIENTED_EDGE('',*,*,#12437,.T.);
#12437 = EDGE_CURVE('',#12430,#3780,#12438,.T.);
#12438 = LINE('',#12439,#12440);
#12439 = CARTESIAN_POINT('',(83.626656879195,49.035255872483,24.55));
#12440 = VECTOR('',#12441,1.);
#12441 = DIRECTION('',(0.,0.,1.));
#12442 = ORIENTED_EDGE('',*,*,#3796,.F.);
#12443 = ORIENTED_EDGE('',*,*,#12411,.F.);
#12444 = SURFACE_OF_LINEAR_EXTRUSION('',#12445,#12449);
#12445 = B_SPLINE_CURVE_WITH_KNOTS('',2,(#12446,#12447,#12448),
  .UNSPECIFIED.,.F.,.F.,(3,3),(0.,1.),.PIECEWISE_BEZIER_KNOTS.);
#12446 = CARTESIAN_POINT('',(83.626656879195,49.035255872483,24.55));
#12447 = CARTESIAN_POINT('',(83.626656879195,48.406879194631,24.55));
#12448 = CARTESIAN_POINT('',(83.145322986577,48.07994966443,24.55));
#12449 = VECTOR('',#12450,1.);
#12450 = DIRECTION('',(-0.,-0.,-1.));
#12451 = ADVANCED_FACE('',(#12452),#12463,.F.);
#12452 = FACE_BOUND('',#12453,.F.);
#12453 = EDGE_LOOP('',(#12454,#12460,#12461,#12462));
#12454 = ORIENTED_EDGE('',*,*,#12455,.F.);
#12455 = EDGE_CURVE('',#11733,#12430,#12456,.T.);
#12456 = B_SPLINE_CURVE_WITH_KNOTS('',2,(#12457,#12458,#12459),
  .UNSPECIFIED.,.F.,.F.,(3,3),(0.,1.),.PIECEWISE_BEZIER_KNOTS.);
#12457 = CARTESIAN_POINT('',(83.404299496644,49.730264261745,24.55));
#12458 = CARTESIAN_POINT('',(83.626656879195,49.457130872483,24.55));
#12459 = CARTESIAN_POINT('',(83.626656879195,49.035255872483,24.55));
#12460 = ORIENTED_EDGE('',*,*,#11747,.T.);
#12461 = ORIENTED_EDGE('',*,*,#3779,.F.);
#12462 = ORIENTED_EDGE('',*,*,#12437,.F.);
#12463 = SURFACE_OF_LINEAR_EXTRUSION('',#12464,#12468);
#12464 = B_SPLINE_CURVE_WITH_KNOTS('',2,(#12465,#12466,#12467),
  .UNSPECIFIED.,.F.,.F.,(3,3),(0.,1.),.PIECEWISE_BEZIER_KNOTS.);
#12465 = CARTESIAN_POINT('',(83.404299496644,49.730264261745,24.55));
#12466 = CARTESIAN_POINT('',(83.626656879195,49.457130872483,24.55));
#12467 = CARTESIAN_POINT('',(83.626656879195,49.035255872483,24.55));
#12468 = VECTOR('',#12469,1.);
#12469 = DIRECTION('',(-0.,-0.,-1.));
#12470 = ADVANCED_FACE('',(#12471,#12548,#12559,#12565,#12571,#12577,
    #12583,#12589,#12600,#12606,#12612,#12618,#12624,#12635),#12646,.F.
  );
#12471 = FACE_BOUND('',#12472,.F.);
#12472 = EDGE_LOOP('',(#12473,#12483,#12489,#12490,#12491,#12492,#12500,
    #12508,#12516,#12525,#12533,#12542));
#12473 = ORIENTED_EDGE('',*,*,#12474,.F.);
#12474 = EDGE_CURVE('',#12475,#12477,#12479,.T.);
#12475 = VERTEX_POINT('',#12476);
#12476 = CARTESIAN_POINT('',(90.2,-5.2,23.15));
#12477 = VERTEX_POINT('',#12478);
#12478 = CARTESIAN_POINT('',(90.2,-3.8,23.15));
#12479 = LINE('',#12480,#12481);
#12480 = CARTESIAN_POINT('',(90.2,-5.7,23.15));
#12481 = VECTOR('',#12482,1.);
#12482 = DIRECTION('',(-0.,1.,0.));
#12483 = ORIENTED_EDGE('',*,*,#12484,.T.);
#12484 = EDGE_CURVE('',#12475,#4151,#12485,.T.);
#12485 = LINE('',#12486,#12487);
#12486 = CARTESIAN_POINT('',(-4.85,-5.2,23.15));
#12487 = VECTOR('',#12488,1.);
#12488 = DIRECTION('',(1.,0.,-0.));
#12489 = ORIENTED_EDGE('',*,*,#4150,.F.);
#12490 = ORIENTED_EDGE('',*,*,#4208,.T.);
#12491 = ORIENTED_EDGE('',*,*,#4182,.T.);
#12492 = ORIENTED_EDGE('',*,*,#12493,.F.);
#12493 = EDGE_CURVE('',#12494,#4183,#12496,.T.);
#12494 = VERTEX_POINT('',#12495);
#12495 = CARTESIAN_POINT('',(90.2,66.85,23.15));
#12496 = LINE('',#12497,#12498);
#12497 = CARTESIAN_POINT('',(-4.85,66.85,23.15));
#12498 = VECTOR('',#12499,1.);
#12499 = DIRECTION('',(1.,0.,-0.));
#12500 = ORIENTED_EDGE('',*,*,#12501,.F.);
#12501 = EDGE_CURVE('',#12502,#12494,#12504,.T.);
#12502 = VERTEX_POINT('',#12503);
#12503 = CARTESIAN_POINT('',(90.2,65.45,23.15));
#12504 = LINE('',#12505,#12506);
#12505 = CARTESIAN_POINT('',(90.2,-5.7,23.15));
#12506 = VECTOR('',#12507,1.);
#12507 = DIRECTION('',(-0.,1.,0.));
#12508 = ORIENTED_EDGE('',*,*,#12509,.T.);
#12509 = EDGE_CURVE('',#12502,#12510,#12512,.T.);
#12510 = VERTEX_POINT('',#12511);
#12511 = CARTESIAN_POINT('',(-0.25,65.45,23.15));
#12512 = LINE('',#12513,#12514);
#12513 = CARTESIAN_POINT('',(-4.15,65.45,23.15));
#12514 = VECTOR('',#12515,1.);
#12515 = DIRECTION('',(-1.,-0.,0.));
#12516 = ORIENTED_EDGE('',*,*,#12517,.T.);
#12517 = EDGE_CURVE('',#12510,#12518,#12520,.T.);
#12518 = VERTEX_POINT('',#12519);
#12519 = CARTESIAN_POINT('',(-3.45,62.25,23.15));
#12520 = CIRCLE('',#12521,3.2);
#12521 = AXIS2_PLACEMENT_3D('',#12522,#12523,#12524);
#12522 = CARTESIAN_POINT('',(-0.25,62.25,23.15));
#12523 = DIRECTION('',(0.,0.,1.));
#12524 = DIRECTION('',(-1.,-0.,0.));
#12525 = ORIENTED_EDGE('',*,*,#12526,.F.);
#12526 = EDGE_CURVE('',#12527,#12518,#12529,.T.);
#12527 = VERTEX_POINT('',#12528);
#12528 = CARTESIAN_POINT('',(-3.45,-0.6,23.15));
#12529 = LINE('',#12530,#12531);
#12530 = CARTESIAN_POINT('',(-3.45,-4.5,23.15));
#12531 = VECTOR('',#12532,1.);
#12532 = DIRECTION('',(-0.,1.,0.));
#12533 = ORIENTED_EDGE('',*,*,#12534,.T.);
#12534 = EDGE_CURVE('',#12527,#12535,#12537,.T.);
#12535 = VERTEX_POINT('',#12536);
#12536 = CARTESIAN_POINT('',(-0.25,-3.8,23.15));
#12537 = CIRCLE('',#12538,3.2);
#12538 = AXIS2_PLACEMENT_3D('',#12539,#12540,#12541);
#12539 = CARTESIAN_POINT('',(-0.25,-0.6,23.15));
#12540 = DIRECTION('',(0.,0.,1.));
#12541 = DIRECTION('',(-1.,-0.,0.));
#12542 = ORIENTED_EDGE('',*,*,#12543,.F.);
#12543 = EDGE_CURVE('',#12477,#12535,#12544,.T.);
#12544 = LINE('',#12545,#12546);
#12545 = CARTESIAN_POINT('',(-4.15,-3.8,23.15));
#12546 = VECTOR('',#12547,1.);
#12547 = DIRECTION('',(-1.,-0.,0.));
#12548 = FACE_BOUND('',#12549,.F.);
#12549 = EDGE_LOOP('',(#12550));
#12550 = ORIENTED_EDGE('',*,*,#12551,.F.);
#12551 = EDGE_CURVE('',#12552,#12552,#12554,.T.);
#12552 = VERTEX_POINT('',#12553);
#12553 = CARTESIAN_POINT('',(5.3,2.8,23.15));
#12554 = CIRCLE('',#12555,2.5);
#12555 = AXIS2_PLACEMENT_3D('',#12556,#12557,#12558);
#12556 = CARTESIAN_POINT('',(2.8,2.8,23.15));
#12557 = DIRECTION('',(0.,0.,1.));
#12558 = DIRECTION('',(1.,0.,-0.));
#12559 = FACE_BOUND('',#12560,.F.);
#12560 = EDGE_LOOP('',(#12561,#12562,#12563,#12564));
#12561 = ORIENTED_EDGE('',*,*,#4231,.T.);
#12562 = ORIENTED_EDGE('',*,*,#4279,.T.);
#12563 = ORIENTED_EDGE('',*,*,#4303,.F.);
#12564 = ORIENTED_EDGE('',*,*,#4255,.F.);
#12565 = FACE_BOUND('',#12566,.F.);
#12566 = EDGE_LOOP('',(#12567,#12568,#12569,#12570));
#12567 = ORIENTED_EDGE('',*,*,#4327,.T.);
#12568 = ORIENTED_EDGE('',*,*,#4375,.T.);
#12569 = ORIENTED_EDGE('',*,*,#4399,.F.);
#12570 = ORIENTED_EDGE('',*,*,#4351,.F.);
#12571 = FACE_BOUND('',#12572,.F.);
#12572 = EDGE_LOOP('',(#12573,#12574,#12575,#12576));
#12573 = ORIENTED_EDGE('',*,*,#4423,.T.);
#12574 = ORIENTED_EDGE('',*,*,#4471,.T.);
#12575 = ORIENTED_EDGE('',*,*,#4495,.F.);
#12576 = ORIENTED_EDGE('',*,*,#4447,.F.);
#12577 = FACE_BOUND('',#12578,.F.);
#12578 = EDGE_LOOP('',(#12579,#12580,#12581,#12582));
#12579 = ORIENTED_EDGE('',*,*,#4519,.T.);
#12580 = ORIENTED_EDGE('',*,*,#4567,.T.);
#12581 = ORIENTED_EDGE('',*,*,#4591,.F.);
#12582 = ORIENTED_EDGE('',*,*,#4543,.F.);
#12583 = FACE_BOUND('',#12584,.F.);
#12584 = EDGE_LOOP('',(#12585,#12586,#12587,#12588));
#12585 = ORIENTED_EDGE('',*,*,#4615,.T.);
#12586 = ORIENTED_EDGE('',*,*,#4663,.T.);
#12587 = ORIENTED_EDGE('',*,*,#4687,.F.);
#12588 = ORIENTED_EDGE('',*,*,#4639,.F.);
#12589 = FACE_BOUND('',#12590,.F.);
#12590 = EDGE_LOOP('',(#12591));
#12591 = ORIENTED_EDGE('',*,*,#12592,.F.);
#12592 = EDGE_CURVE('',#12593,#12593,#12595,.T.);
#12593 = VERTEX_POINT('',#12594);
#12594 = CARTESIAN_POINT('',(67.3,2.8,23.15));
#12595 = CIRCLE('',#12596,2.5);
#12596 = AXIS2_PLACEMENT_3D('',#12597,#12598,#12599);
#12597 = CARTESIAN_POINT('',(64.8,2.8,23.15));
#12598 = DIRECTION('',(0.,0.,1.));
#12599 = DIRECTION('',(1.,0.,-0.));
#12600 = FACE_BOUND('',#12601,.F.);
#12601 = EDGE_LOOP('',(#12602,#12603,#12604,#12605));
#12602 = ORIENTED_EDGE('',*,*,#4711,.T.);
#12603 = ORIENTED_EDGE('',*,*,#4759,.T.);
#12604 = ORIENTED_EDGE('',*,*,#4783,.F.);
#12605 = ORIENTED_EDGE('',*,*,#4735,.F.);
#12606 = FACE_BOUND('',#12607,.F.);
#12607 = EDGE_LOOP('',(#12608,#12609,#12610,#12611));
#12608 = ORIENTED_EDGE('',*,*,#4807,.T.);
#12609 = ORIENTED_EDGE('',*,*,#4855,.T.);
#12610 = ORIENTED_EDGE('',*,*,#4879,.F.);
#12611 = ORIENTED_EDGE('',*,*,#4831,.F.);
#12612 = FACE_BOUND('',#12613,.F.);
#12613 = EDGE_LOOP('',(#12614,#12615,#12616,#12617));
#12614 = ORIENTED_EDGE('',*,*,#4903,.T.);
#12615 = ORIENTED_EDGE('',*,*,#4951,.T.);
#12616 = ORIENTED_EDGE('',*,*,#4975,.F.);
#12617 = ORIENTED_EDGE('',*,*,#4927,.F.);
#12618 = FACE_BOUND('',#12619,.F.);
#12619 = EDGE_LOOP('',(#12620,#12621,#12622,#12623));
#12620 = ORIENTED_EDGE('',*,*,#4999,.T.);
#12621 = ORIENTED_EDGE('',*,*,#5047,.T.);
#12622 = ORIENTED_EDGE('',*,*,#5071,.F.);
#12623 = ORIENTED_EDGE('',*,*,#5023,.F.);
#12624 = FACE_BOUND('',#12625,.F.);
#12625 = EDGE_LOOP('',(#12626));
#12626 = ORIENTED_EDGE('',*,*,#12627,.F.);
#12627 = EDGE_CURVE('',#12628,#12628,#12630,.T.);
#12628 = VERTEX_POINT('',#12629);
#12629 = CARTESIAN_POINT('',(5.3,59.2,23.15));
#12630 = CIRCLE('',#12631,2.5);
#12631 = AXIS2_PLACEMENT_3D('',#12632,#12633,#12634);
#12632 = CARTESIAN_POINT('',(2.8,59.2,23.15));
#12633 = DIRECTION('',(0.,0.,1.));
#12634 = DIRECTION('',(1.,0.,-0.));
#12635 = FACE_BOUND('',#12636,.F.);
#12636 = EDGE_LOOP('',(#12637));
#12637 = ORIENTED_EDGE('',*,*,#12638,.F.);
#12638 = EDGE_CURVE('',#12639,#12639,#12641,.T.);
#12639 = VERTEX_POINT('',#12640);
#12640 = CARTESIAN_POINT('',(67.3,59.2,23.15));
#12641 = CIRCLE('',#12642,2.5);
#12642 = AXIS2_PLACEMENT_3D('',#12643,#12644,#12645);
#12643 = CARTESIAN_POINT('',(64.8,59.2,23.15));
#12644 = DIRECTION('',(0.,0.,1.));
#12645 = DIRECTION('',(1.,0.,-0.));
#12646 = PLANE('',#12647);
#12647 = AXIS2_PLACEMENT_3D('',#12648,#12649,#12650);
#12648 = CARTESIAN_POINT('',(-4.85,-5.2,23.15));
#12649 = DIRECTION('',(0.,0.,1.));
#12650 = DIRECTION('',(1.,0.,-0.));
#12651 = ADVANCED_FACE('',(#12652,#12667),#12733,.T.);
#12652 = FACE_BOUND('',#12653,.F.);
#12653 = EDGE_LOOP('',(#12654,#12655,#12656,#12657,#12658,#12659,#12660,
    #12661,#12662,#12663,#12664,#12665,#12666));
#12654 = ORIENTED_EDGE('',*,*,#5087,.T.);
#12655 = ORIENTED_EDGE('',*,*,#5398,.T.);
#12656 = ORIENTED_EDGE('',*,*,#5374,.T.);
#12657 = ORIENTED_EDGE('',*,*,#5350,.T.);
#12658 = ORIENTED_EDGE('',*,*,#5326,.T.);
#12659 = ORIENTED_EDGE('',*,*,#5300,.T.);
#12660 = ORIENTED_EDGE('',*,*,#5274,.T.);
#12661 = ORIENTED_EDGE('',*,*,#5248,.T.);
#12662 = ORIENTED_EDGE('',*,*,#5222,.T.);
#12663 = ORIENTED_EDGE('',*,*,#5196,.T.);
#12664 = ORIENTED_EDGE('',*,*,#5170,.T.);
#12665 = ORIENTED_EDGE('',*,*,#5144,.T.);
#12666 = ORIENTED_EDGE('',*,*,#5118,.T.);
#12667 = FACE_BOUND('',#12668,.F.);
#12668 = EDGE_LOOP('',(#12669,#12679,#12687,#12695,#12703,#12711,#12719,
    #12727));
#12669 = ORIENTED_EDGE('',*,*,#12670,.T.);
#12670 = EDGE_CURVE('',#12671,#12673,#12675,.T.);
#12671 = VERTEX_POINT('',#12672);
#12672 = CARTESIAN_POINT('',(9.039156879195,48.489932885906,24.55));
#12673 = VERTEX_POINT('',#12674);
#12674 = CARTESIAN_POINT('',(9.535968959732,48.728145973154,24.55));
#12675 = B_SPLINE_CURVE_WITH_KNOTS('',2,(#12676,#12677,#12678),
  .UNSPECIFIED.,.F.,.F.,(3,3),(0.,1.),.PIECEWISE_BEZIER_KNOTS.);
#12676 = CARTESIAN_POINT('',(9.039156879195,48.489932885906,24.55));
#12677 = CARTESIAN_POINT('',(9.364765100671,48.489932885906,24.55));
#12678 = CARTESIAN_POINT('',(9.535968959732,48.728145973154,24.55));
#12679 = ORIENTED_EDGE('',*,*,#12680,.T.);
#12680 = EDGE_CURVE('',#12673,#12681,#12683,.T.);
#12681 = VERTEX_POINT('',#12682);
#12682 = CARTESIAN_POINT('',(9.707361577181,49.420134228188,24.55));
#12683 = B_SPLINE_CURVE_WITH_KNOTS('',2,(#12684,#12685,#12686),
  .UNSPECIFIED.,.F.,.F.,(3,3),(0.,1.),.PIECEWISE_BEZIER_KNOTS.);
#12684 = CARTESIAN_POINT('',(9.535968959732,48.728145973154,24.55));
#12685 = CARTESIAN_POINT('',(9.707361577181,48.966359060403,24.55));
#12686 = CARTESIAN_POINT('',(9.707361577181,49.420134228188,24.55));
#12687 = ORIENTED_EDGE('',*,*,#12688,.T.);
#12688 = EDGE_CURVE('',#12681,#12689,#12691,.T.);
#12689 = VERTEX_POINT('',#12690);
#12690 = CARTESIAN_POINT('',(9.535968959732,50.112122483221,24.55));
#12691 = B_SPLINE_CURVE_WITH_KNOTS('',2,(#12692,#12693,#12694),
  .UNSPECIFIED.,.F.,.F.,(3,3),(0.,1.),.PIECEWISE_BEZIER_KNOTS.);
#12692 = CARTESIAN_POINT('',(9.707361577181,49.420134228188,24.55));
#12693 = CARTESIAN_POINT('',(9.707361577181,49.873909395973,24.55));
#12694 = CARTESIAN_POINT('',(9.535968959732,50.112122483221,24.55));
#12695 = ORIENTED_EDGE('',*,*,#12696,.T.);
#12696 = EDGE_CURVE('',#12689,#12697,#12699,.T.);
#12697 = VERTEX_POINT('',#12698);
#12698 = CARTESIAN_POINT('',(9.039156879195,50.35033557047,24.55));
#12699 = B_SPLINE_CURVE_WITH_KNOTS('',2,(#12700,#12701,#12702),
  .UNSPECIFIED.,.F.,.F.,(3,3),(0.,1.),.PIECEWISE_BEZIER_KNOTS.);
#12700 = CARTESIAN_POINT('',(9.535968959732,50.112122483221,24.55));
#12701 = CARTESIAN_POINT('',(9.364765100671,50.35033557047,24.55));
#12702 = CARTESIAN_POINT('',(9.039156879195,50.35033557047,24.55));
#12703 = ORIENTED_EDGE('',*,*,#12704,.T.);
#12704 = EDGE_CURVE('',#12697,#12705,#12707,.T.);
#12705 = VERTEX_POINT('',#12706);
#12706 = CARTESIAN_POINT('',(8.544987416107,50.112122483221,24.55));
#12707 = B_SPLINE_CURVE_WITH_KNOTS('',2,(#12708,#12709,#12710),
  .UNSPECIFIED.,.F.,.F.,(3,3),(0.,1.),.PIECEWISE_BEZIER_KNOTS.);
#12708 = CARTESIAN_POINT('',(9.039156879195,50.35033557047,24.55));
#12709 = CARTESIAN_POINT('',(8.716380033557,50.35033557047,24.55));
#12710 = CARTESIAN_POINT('',(8.544987416107,50.112122483221,24.55));
#12711 = ORIENTED_EDGE('',*,*,#12712,.T.);
#12712 = EDGE_CURVE('',#12705,#12713,#12715,.T.);
#12713 = VERTEX_POINT('',#12714);
#12714 = CARTESIAN_POINT('',(8.373783557047,49.420134228188,24.55));
#12715 = B_SPLINE_CURVE_WITH_KNOTS('',2,(#12716,#12717,#12718),
  .UNSPECIFIED.,.F.,.F.,(3,3),(0.,1.),.PIECEWISE_BEZIER_KNOTS.);
#12716 = CARTESIAN_POINT('',(8.544987416107,50.112122483221,24.55));
#12717 = CARTESIAN_POINT('',(8.373783557047,49.873909395973,24.55));
#12718 = CARTESIAN_POINT('',(8.373783557047,49.420134228188,24.55));
#12719 = ORIENTED_EDGE('',*,*,#12720,.T.);
#12720 = EDGE_CURVE('',#12713,#12721,#12723,.T.);
#12721 = VERTEX_POINT('',#12722);
#12722 = CARTESIAN_POINT('',(8.544987416107,48.728145973154,24.55));
#12723 = B_SPLINE_CURVE_WITH_KNOTS('',2,(#12724,#12725,#12726),
  .UNSPECIFIED.,.F.,.F.,(3,3),(0.,1.),.PIECEWISE_BEZIER_KNOTS.);
#12724 = CARTESIAN_POINT('',(8.373783557047,49.420134228188,24.55));
#12725 = CARTESIAN_POINT('',(8.373783557047,48.966359060403,24.55));
#12726 = CARTESIAN_POINT('',(8.544987416107,48.728145973154,24.55));
#12727 = ORIENTED_EDGE('',*,*,#12728,.T.);
#12728 = EDGE_CURVE('',#12721,#12671,#12729,.T.);
#12729 = B_SPLINE_CURVE_WITH_KNOTS('',2,(#12730,#12731,#12732),
  .UNSPECIFIED.,.F.,.F.,(3,3),(0.,1.),.PIECEWISE_BEZIER_KNOTS.);
#12730 = CARTESIAN_POINT('',(8.544987416107,48.728145973154,24.55));
#12731 = CARTESIAN_POINT('',(8.716380033557,48.489932885906,24.55));
#12732 = CARTESIAN_POINT('',(9.039156879195,48.489932885906,24.55));
#12733 = PLANE('',#12734);
#12734 = AXIS2_PLACEMENT_3D('',#12735,#12736,#12737);
#12735 = CARTESIAN_POINT('',(9.314360742633,49.742134463221,24.55));
#12736 = DIRECTION('',(0.,0.,1.));
#12737 = DIRECTION('',(1.,0.,-0.));
#12738 = ADVANCED_FACE('',(#12739),#12764,.T.);
#12739 = FACE_BOUND('',#12740,.F.);
#12740 = EDGE_LOOP('',(#12741,#12742,#12743,#12749,#12750,#12751,#12752,
    #12753,#12754,#12755,#12756,#12757,#12758,#12759,#12760,#12761,
    #12762,#12763));
#12741 = ORIENTED_EDGE('',*,*,#5415,.T.);
#12742 = ORIENTED_EDGE('',*,*,#5826,.T.);
#12743 = ORIENTED_EDGE('',*,*,#12744,.T.);
#12744 = EDGE_CURVE('',#5827,#5801,#12745,.T.);
#12745 = LINE('',#12746,#12747);
#12746 = CARTESIAN_POINT('',(13.874391778523,48.152621644295,24.55));
#12747 = VECTOR('',#12748,1.);
#12748 = DIRECTION('',(0.,1.,0.));
#12749 = ORIENTED_EDGE('',*,*,#5800,.T.);
#12750 = ORIENTED_EDGE('',*,*,#5774,.T.);
#12751 = ORIENTED_EDGE('',*,*,#5748,.T.);
#12752 = ORIENTED_EDGE('',*,*,#5722,.T.);
#12753 = ORIENTED_EDGE('',*,*,#5696,.T.);
#12754 = ORIENTED_EDGE('',*,*,#5670,.T.);
#12755 = ORIENTED_EDGE('',*,*,#5646,.T.);
#12756 = ORIENTED_EDGE('',*,*,#5622,.T.);
#12757 = ORIENTED_EDGE('',*,*,#5598,.T.);
#12758 = ORIENTED_EDGE('',*,*,#5574,.T.);
#12759 = ORIENTED_EDGE('',*,*,#5550,.T.);
#12760 = ORIENTED_EDGE('',*,*,#5524,.T.);
#12761 = ORIENTED_EDGE('',*,*,#5498,.T.);
#12762 = ORIENTED_EDGE('',*,*,#5472,.T.);
#12763 = ORIENTED_EDGE('',*,*,#5446,.T.);
#12764 = PLANE('',#12765);
#12765 = AXIS2_PLACEMENT_3D('',#12766,#12767,#12768);
#12766 = CARTESIAN_POINT('',(13.242255468267,49.467492123989,24.55));
#12767 = DIRECTION('',(0.,0.,1.));
#12768 = DIRECTION('',(1.,0.,-0.));
#12769 = ADVANCED_FACE('',(#12770),#12800,.T.);
#12770 = FACE_BOUND('',#12771,.F.);
#12771 = EDGE_LOOP('',(#12772,#12773,#12774,#12775,#12776,#12777,#12778,
    #12779,#12780,#12781,#12782,#12783,#12784,#12785,#12786,#12787,
    #12788,#12789,#12790,#12791,#12792,#12793,#12794,#12795,#12796,
    #12797,#12798,#12799));
#12772 = ORIENTED_EDGE('',*,*,#5850,.T.);
#12773 = ORIENTED_EDGE('',*,*,#6551,.T.);
#12774 = ORIENTED_EDGE('',*,*,#6525,.T.);
#12775 = ORIENTED_EDGE('',*,*,#6499,.T.);
#12776 = ORIENTED_EDGE('',*,*,#6473,.T.);
#12777 = ORIENTED_EDGE('',*,*,#6447,.T.);
#12778 = ORIENTED_EDGE('',*,*,#6421,.T.);
#12779 = ORIENTED_EDGE('',*,*,#6397,.T.);
#12780 = ORIENTED_EDGE('',*,*,#6371,.T.);
#12781 = ORIENTED_EDGE('',*,*,#6345,.T.);
#12782 = ORIENTED_EDGE('',*,*,#6319,.T.);
#12783 = ORIENTED_EDGE('',*,*,#6293,.T.);
#12784 = ORIENTED_EDGE('',*,*,#6267,.T.);
#12785 = ORIENTED_EDGE('',*,*,#6241,.T.);
#12786 = ORIENTED_EDGE('',*,*,#6217,.T.);
#12787 = ORIENTED_EDGE('',*,*,#6191,.T.);
#12788 = ORIENTED_EDGE('',*,*,#6165,.T.);
#12789 = ORIENTED_EDGE('',*,*,#6139,.T.);
#12790 = ORIENTED_EDGE('',*,*,#6113,.T.);
#12791 = ORIENTED_EDGE('',*,*,#6087,.T.);
#12792 = ORIENTED_EDGE('',*,*,#6061,.T.);
#12793 = ORIENTED_EDGE('',*,*,#6037,.T.);
#12794 = ORIENTED_EDGE('',*,*,#6011,.T.);
#12795 = ORIENTED_EDGE('',*,*,#5985,.T.);
#12796 = ORIENTED_EDGE('',*,*,#5959,.T.);
#12797 = ORIENTED_EDGE('',*,*,#5933,.T.);
#12798 = ORIENTED_EDGE('',*,*,#5907,.T.);
#12799 = ORIENTED_EDGE('',*,*,#5881,.T.);
#12800 = PLANE('',#12801);
#12801 = AXIS2_PLACEMENT_3D('',#12802,#12803,#12804);
#12802 = CARTESIAN_POINT('',(17.051530470858,49.407550337314,24.55));
#12803 = DIRECTION('',(0.,0.,1.));
#12804 = DIRECTION('',(1.,0.,-0.));
#12805 = ADVANCED_FACE('',(#12806),#12827,.T.);
#12806 = FACE_BOUND('',#12807,.F.);
#12807 = EDGE_LOOP('',(#12808,#12809,#12810,#12811,#12812,#12813,#12814,
    #12815,#12816,#12817,#12818,#12819,#12820,#12821,#12822,#12823,
    #12824,#12825,#12826));
#12808 = ORIENTED_EDGE('',*,*,#6570,.T.);
#12809 = ORIENTED_EDGE('',*,*,#7033,.T.);
#12810 = ORIENTED_EDGE('',*,*,#7009,.T.);
#12811 = ORIENTED_EDGE('',*,*,#6985,.T.);
#12812 = ORIENTED_EDGE('',*,*,#6961,.T.);
#12813 = ORIENTED_EDGE('',*,*,#6935,.T.);
#12814 = ORIENTED_EDGE('',*,*,#6909,.T.);
#12815 = ORIENTED_EDGE('',*,*,#6883,.T.);
#12816 = ORIENTED_EDGE('',*,*,#6857,.T.);
#12817 = ORIENTED_EDGE('',*,*,#6831,.T.);
#12818 = ORIENTED_EDGE('',*,*,#6805,.T.);
#12819 = ORIENTED_EDGE('',*,*,#6781,.T.);
#12820 = ORIENTED_EDGE('',*,*,#6755,.T.);
#12821 = ORIENTED_EDGE('',*,*,#6729,.T.);
#12822 = ORIENTED_EDGE('',*,*,#6703,.T.);
#12823 = ORIENTED_EDGE('',*,*,#6677,.T.);
#12824 = ORIENTED_EDGE('',*,*,#6651,.T.);
#12825 = ORIENTED_EDGE('',*,*,#6625,.T.);
#12826 = ORIENTED_EDGE('',*,*,#6601,.T.);
#12827 = PLANE('',#12828);
#12828 = AXIS2_PLACEMENT_3D('',#12829,#12830,#12831);
#12829 = CARTESIAN_POINT('',(20.818299631276,49.846440649102,24.55));
#12830 = DIRECTION('',(0.,0.,1.));
#12831 = DIRECTION('',(1.,0.,-0.));
#12832 = ADVANCED_FACE('',(#12833),#12839,.T.);
#12833 = FACE_BOUND('',#12834,.F.);
#12834 = EDGE_LOOP('',(#12835,#12836,#12837,#12838));
#12835 = ORIENTED_EDGE('',*,*,#7050,.T.);
#12836 = ORIENTED_EDGE('',*,*,#7129,.T.);
#12837 = ORIENTED_EDGE('',*,*,#7105,.T.);
#12838 = ORIENTED_EDGE('',*,*,#7081,.T.);
#12839 = PLANE('',#12840);
#12840 = AXIS2_PLACEMENT_3D('',#12841,#12842,#12843);
#12841 = CARTESIAN_POINT('',(25.95889261745,49.848993288591,24.55));
#12842 = DIRECTION('',(0.,0.,1.));
#12843 = DIRECTION('',(1.,0.,-0.));
#12844 = ADVANCED_FACE('',(#12845),#12858,.T.);
#12845 = FACE_BOUND('',#12846,.F.);
#12846 = EDGE_LOOP('',(#12847,#12848,#12849,#12850,#12851,#12852,#12853,
    #12854,#12855,#12856,#12857));
#12847 = ORIENTED_EDGE('',*,*,#7146,.T.);
#12848 = ORIENTED_EDGE('',*,*,#7393,.T.);
#12849 = ORIENTED_EDGE('',*,*,#7369,.T.);
#12850 = ORIENTED_EDGE('',*,*,#7345,.T.);
#12851 = ORIENTED_EDGE('',*,*,#7321,.T.);
#12852 = ORIENTED_EDGE('',*,*,#7297,.T.);
#12853 = ORIENTED_EDGE('',*,*,#7273,.T.);
#12854 = ORIENTED_EDGE('',*,*,#7249,.T.);
#12855 = ORIENTED_EDGE('',*,*,#7225,.T.);
#12856 = ORIENTED_EDGE('',*,*,#7201,.T.);
#12857 = ORIENTED_EDGE('',*,*,#7177,.T.);
#12858 = PLANE('',#12859);
#12859 = AXIS2_PLACEMENT_3D('',#12860,#12861,#12862);
#12860 = CARTESIAN_POINT('',(31.06232016522,49.736092565105,24.55));
#12861 = DIRECTION('',(0.,0.,1.));
#12862 = DIRECTION('',(1.,0.,-0.));
#12863 = ADVANCED_FACE('',(#12864,#12883),#12949,.T.);
#12864 = FACE_BOUND('',#12865,.F.);
#12865 = EDGE_LOOP('',(#12866,#12867,#12868,#12869,#12870,#12871,#12872,
    #12873,#12874,#12875,#12876,#12877,#12878,#12879,#12880,#12881,
    #12882));
#12866 = ORIENTED_EDGE('',*,*,#7410,.T.);
#12867 = ORIENTED_EDGE('',*,*,#7831,.T.);
#12868 = ORIENTED_EDGE('',*,*,#7805,.T.);
#12869 = ORIENTED_EDGE('',*,*,#7779,.T.);
#12870 = ORIENTED_EDGE('',*,*,#7753,.T.);
#12871 = ORIENTED_EDGE('',*,*,#7727,.T.);
#12872 = ORIENTED_EDGE('',*,*,#7701,.T.);
#12873 = ORIENTED_EDGE('',*,*,#7675,.T.);
#12874 = ORIENTED_EDGE('',*,*,#7649,.T.);
#12875 = ORIENTED_EDGE('',*,*,#7623,.T.);
#12876 = ORIENTED_EDGE('',*,*,#7597,.T.);
#12877 = ORIENTED_EDGE('',*,*,#7571,.T.);
#12878 = ORIENTED_EDGE('',*,*,#7545,.T.);
#12879 = ORIENTED_EDGE('',*,*,#7519,.T.);
#12880 = ORIENTED_EDGE('',*,*,#7493,.T.);
#12881 = ORIENTED_EDGE('',*,*,#7467,.T.);
#12882 = ORIENTED_EDGE('',*,*,#7441,.T.);
#12883 = FACE_BOUND('',#12884,.F.);
#12884 = EDGE_LOOP('',(#12885,#12895,#12903,#12911,#12919,#12927,#12935,
    #12943));
#12885 = ORIENTED_EDGE('',*,*,#12886,.T.);
#12886 = EDGE_CURVE('',#12887,#12889,#12891,.T.);
#12887 = VERTEX_POINT('',#12888);
#12888 = CARTESIAN_POINT('',(35.033829697987,49.975838926174,24.55));
#12889 = VERTEX_POINT('',#12890);
#12890 = CARTESIAN_POINT('',(35.464198825503,50.160067114094,24.55));
#12891 = B_SPLINE_CURVE_WITH_KNOTS('',2,(#12892,#12893,#12894),
  .UNSPECIFIED.,.F.,.F.,(3,3),(0.,1.),.PIECEWISE_BEZIER_KNOTS.);
#12892 = CARTESIAN_POINT('',(35.033829697987,49.975838926174,24.55));
#12893 = CARTESIAN_POINT('',(35.319798657718,49.975838926174,24.55));
#12894 = CARTESIAN_POINT('',(35.464198825503,50.160067114094,24.55));
#12895 = ORIENTED_EDGE('',*,*,#12896,.T.);
#12896 = EDGE_CURVE('',#12889,#12897,#12899,.T.);
#12897 = VERTEX_POINT('',#12898);
#12898 = CARTESIAN_POINT('',(35.608598993289,50.712751677852,24.55));
#12899 = B_SPLINE_CURVE_WITH_KNOTS('',2,(#12900,#12901,#12902),
  .UNSPECIFIED.,.F.,.F.,(3,3),(0.,1.),.PIECEWISE_BEZIER_KNOTS.);
#12900 = CARTESIAN_POINT('',(35.464198825503,50.160067114094,24.55));
#12901 = CARTESIAN_POINT('',(35.608598993289,50.344295302013,24.55));
#12902 = CARTESIAN_POINT('',(35.608598993289,50.712751677852,24.55));
#12903 = ORIENTED_EDGE('',*,*,#12904,.T.);
#12904 = EDGE_CURVE('',#12897,#12905,#12907,.T.);
#12905 = VERTEX_POINT('',#12906);
#12906 = CARTESIAN_POINT('',(35.464198825503,51.263926174497,24.55));
#12907 = B_SPLINE_CURVE_WITH_KNOTS('',2,(#12908,#12909,#12910),
  .UNSPECIFIED.,.F.,.F.,(3,3),(0.,1.),.PIECEWISE_BEZIER_KNOTS.);
#12908 = CARTESIAN_POINT('',(35.608598993289,50.712751677852,24.55));
#12909 = CARTESIAN_POINT('',(35.608598993289,51.078376677852,24.55));
#12910 = CARTESIAN_POINT('',(35.464198825503,51.263926174497,24.55));
#12911 = ORIENTED_EDGE('',*,*,#12912,.T.);
#12912 = EDGE_CURVE('',#12905,#12913,#12915,.T.);
#12913 = VERTEX_POINT('',#12914);
#12914 = CARTESIAN_POINT('',(35.033829697987,51.44966442953,24.55));
#12915 = B_SPLINE_CURVE_WITH_KNOTS('',2,(#12916,#12917,#12918),
  .UNSPECIFIED.,.F.,.F.,(3,3),(0.,1.),.PIECEWISE_BEZIER_KNOTS.);
#12916 = CARTESIAN_POINT('',(35.464198825503,51.263926174497,24.55));
#12917 = CARTESIAN_POINT('',(35.319798657718,51.44966442953,24.55));
#12918 = CARTESIAN_POINT('',(35.033829697987,51.44966442953,24.55));
#12919 = ORIENTED_EDGE('',*,*,#12920,.T.);
#12920 = EDGE_CURVE('',#12913,#12921,#12923,.T.);
#12921 = VERTEX_POINT('',#12922);
#12922 = CARTESIAN_POINT('',(34.60346057047,51.263926174497,24.55));
#12923 = B_SPLINE_CURVE_WITH_KNOTS('',2,(#12924,#12925,#12926),
  .UNSPECIFIED.,.F.,.F.,(3,3),(0.,1.),.PIECEWISE_BEZIER_KNOTS.);
#12924 = CARTESIAN_POINT('',(35.033829697987,51.44966442953,24.55));
#12925 = CARTESIAN_POINT('',(34.747860738255,51.44966442953,24.55));
#12926 = CARTESIAN_POINT('',(34.60346057047,51.263926174497,24.55));
#12927 = ORIENTED_EDGE('',*,*,#12928,.T.);
#12928 = EDGE_CURVE('',#12921,#12929,#12931,.T.);
#12929 = VERTEX_POINT('',#12930);
#12930 = CARTESIAN_POINT('',(34.459060402685,50.712751677852,24.55));
#12931 = B_SPLINE_CURVE_WITH_KNOTS('',2,(#12932,#12933,#12934),
  .UNSPECIFIED.,.F.,.F.,(3,3),(0.,1.),.PIECEWISE_BEZIER_KNOTS.);
#12932 = CARTESIAN_POINT('',(34.60346057047,51.263926174497,24.55));
#12933 = CARTESIAN_POINT('',(34.459060402685,51.078376677852,24.55));
#12934 = CARTESIAN_POINT('',(34.459060402685,50.712751677852,24.55));
#12935 = ORIENTED_EDGE('',*,*,#12936,.T.);
#12936 = EDGE_CURVE('',#12929,#12937,#12939,.T.);
#12937 = VERTEX_POINT('',#12938);
#12938 = CARTESIAN_POINT('',(34.60346057047,50.160067114094,24.55));
#12939 = B_SPLINE_CURVE_WITH_KNOTS('',2,(#12940,#12941,#12942),
  .UNSPECIFIED.,.F.,.F.,(3,3),(0.,1.),.PIECEWISE_BEZIER_KNOTS.);
#12940 = CARTESIAN_POINT('',(34.459060402685,50.712751677852,24.55));
#12941 = CARTESIAN_POINT('',(34.459060402685,50.344295302013,24.55));
#12942 = CARTESIAN_POINT('',(34.60346057047,50.160067114094,24.55));
#12943 = ORIENTED_EDGE('',*,*,#12944,.T.);
#12944 = EDGE_CURVE('',#12937,#12887,#12945,.T.);
#12945 = B_SPLINE_CURVE_WITH_KNOTS('',2,(#12946,#12947,#12948),
  .UNSPECIFIED.,.F.,.F.,(3,3),(0.,1.),.PIECEWISE_BEZIER_KNOTS.);
#12946 = CARTESIAN_POINT('',(34.60346057047,50.160067114094,24.55));
#12947 = CARTESIAN_POINT('',(34.747860738255,49.975838926174,24.55));
#12948 = CARTESIAN_POINT('',(35.033829697987,49.975838926174,24.55));
#12949 = PLANE('',#12950);
#12950 = AXIS2_PLACEMENT_3D('',#12951,#12952,#12953);
#12951 = CARTESIAN_POINT('',(35.040749725835,49.907239890227,24.55));
#12952 = DIRECTION('',(0.,0.,1.));
#12953 = DIRECTION('',(1.,0.,-0.));
#12954 = ADVANCED_FACE('',(#12955),#12976,.T.);
#12955 = FACE_BOUND('',#12956,.F.);
#12956 = EDGE_LOOP('',(#12957,#12958,#12959,#12960,#12961,#12962,#12963,
    #12964,#12965,#12966,#12967,#12968,#12969,#12970,#12971,#12972,
    #12973,#12974,#12975));
#12957 = ORIENTED_EDGE('',*,*,#7850,.T.);
#12958 = ORIENTED_EDGE('',*,*,#8313,.T.);
#12959 = ORIENTED_EDGE('',*,*,#8289,.T.);
#12960 = ORIENTED_EDGE('',*,*,#8265,.T.);
#12961 = ORIENTED_EDGE('',*,*,#8241,.T.);
#12962 = ORIENTED_EDGE('',*,*,#8215,.T.);
#12963 = ORIENTED_EDGE('',*,*,#8189,.T.);
#12964 = ORIENTED_EDGE('',*,*,#8163,.T.);
#12965 = ORIENTED_EDGE('',*,*,#8137,.T.);
#12966 = ORIENTED_EDGE('',*,*,#8111,.T.);
#12967 = ORIENTED_EDGE('',*,*,#8085,.T.);
#12968 = ORIENTED_EDGE('',*,*,#8061,.T.);
#12969 = ORIENTED_EDGE('',*,*,#8035,.T.);
#12970 = ORIENTED_EDGE('',*,*,#8009,.T.);
#12971 = ORIENTED_EDGE('',*,*,#7983,.T.);
#12972 = ORIENTED_EDGE('',*,*,#7957,.T.);
#12973 = ORIENTED_EDGE('',*,*,#7931,.T.);
#12974 = ORIENTED_EDGE('',*,*,#7905,.T.);
#12975 = ORIENTED_EDGE('',*,*,#7881,.T.);
#12976 = PLANE('',#12977);
#12977 = AXIS2_PLACEMENT_3D('',#12978,#12979,#12980);
#12978 = CARTESIAN_POINT('',(39.156554664833,49.846440649102,24.55));
#12979 = DIRECTION('',(0.,0.,1.));
#12980 = DIRECTION('',(1.,0.,-0.));
#12981 = ADVANCED_FACE('',(#12982),#12988,.T.);
#12982 = FACE_BOUND('',#12983,.F.);
#12983 = EDGE_LOOP('',(#12984,#12985,#12986,#12987));
#12984 = ORIENTED_EDGE('',*,*,#8330,.T.);
#12985 = ORIENTED_EDGE('',*,*,#8409,.T.);
#12986 = ORIENTED_EDGE('',*,*,#8385,.T.);
#12987 = ORIENTED_EDGE('',*,*,#8361,.T.);
#12988 = PLANE('',#12989);
#12989 = AXIS2_PLACEMENT_3D('',#12990,#12991,#12992);
#12990 = CARTESIAN_POINT('',(42.279697986577,48.387248322148,24.55));
#12991 = DIRECTION('',(0.,0.,1.));
#12992 = DIRECTION('',(1.,0.,-0.));
#12993 = ADVANCED_FACE('',(#12994),#13007,.T.);
#12994 = FACE_BOUND('',#12995,.F.);
#12995 = EDGE_LOOP('',(#12996,#12997,#12998,#12999,#13000,#13001,#13002,
    #13003,#13004,#13005,#13006));
#12996 = ORIENTED_EDGE('',*,*,#8426,.T.);
#12997 = ORIENTED_EDGE('',*,*,#8673,.T.);
#12998 = ORIENTED_EDGE('',*,*,#8649,.T.);
#12999 = ORIENTED_EDGE('',*,*,#8625,.T.);
#13000 = ORIENTED_EDGE('',*,*,#8601,.T.);
#13001 = ORIENTED_EDGE('',*,*,#8577,.T.);
#13002 = ORIENTED_EDGE('',*,*,#8553,.T.);
#13003 = ORIENTED_EDGE('',*,*,#8529,.T.);
#13004 = ORIENTED_EDGE('',*,*,#8505,.T.);
#13005 = ORIENTED_EDGE('',*,*,#8481,.T.);
#13006 = ORIENTED_EDGE('',*,*,#8457,.T.);
#13007 = PLANE('',#13008);
#13008 = AXIS2_PLACEMENT_3D('',#13009,#13010,#13011);
#13009 = CARTESIAN_POINT('',(45.365675869918,49.736092565105,24.55));
#13010 = DIRECTION('',(0.,0.,1.));
#13011 = DIRECTION('',(1.,0.,-0.));
#13012 = ADVANCED_FACE('',(#13013,#13032),#13098,.T.);
#13013 = FACE_BOUND('',#13014,.F.);
#13014 = EDGE_LOOP('',(#13015,#13016,#13017,#13018,#13019,#13020,#13021,
    #13022,#13023,#13024,#13025,#13026,#13027,#13028,#13029,#13030,
    #13031));
#13015 = ORIENTED_EDGE('',*,*,#8690,.T.);
#13016 = ORIENTED_EDGE('',*,*,#9111,.T.);
#13017 = ORIENTED_EDGE('',*,*,#9085,.T.);
#13018 = ORIENTED_EDGE('',*,*,#9059,.T.);
#13019 = ORIENTED_EDGE('',*,*,#9033,.T.);
#13020 = ORIENTED_EDGE('',*,*,#9007,.T.);
#13021 = ORIENTED_EDGE('',*,*,#8981,.T.);
#13022 = ORIENTED_EDGE('',*,*,#8955,.T.);
#13023 = ORIENTED_EDGE('',*,*,#8929,.T.);
#13024 = ORIENTED_EDGE('',*,*,#8903,.T.);
#13025 = ORIENTED_EDGE('',*,*,#8877,.T.);
#13026 = ORIENTED_EDGE('',*,*,#8851,.T.);
#13027 = ORIENTED_EDGE('',*,*,#8825,.T.);
#13028 = ORIENTED_EDGE('',*,*,#8799,.T.);
#13029 = ORIENTED_EDGE('',*,*,#8773,.T.);
#13030 = ORIENTED_EDGE('',*,*,#8747,.T.);
#13031 = ORIENTED_EDGE('',*,*,#8721,.T.);
#13032 = FACE_BOUND('',#13033,.F.);
#13033 = EDGE_LOOP('',(#13034,#13044,#13052,#13060,#13068,#13076,#13084,
    #13092));
#13034 = ORIENTED_EDGE('',*,*,#13035,.T.);
#13035 = EDGE_CURVE('',#13036,#13038,#13040,.T.);
#13036 = VERTEX_POINT('',#13037);
#13037 = CARTESIAN_POINT('',(49.509899328859,49.927516778523,24.55));
#13038 = VERTEX_POINT('',#13039);
#13039 = CARTESIAN_POINT('',(49.080851510067,49.74177852349,24.55));
#13040 = B_SPLINE_CURVE_WITH_KNOTS('',2,(#13041,#13042,#13043),
  .UNSPECIFIED.,.F.,.F.,(3,3),(0.,1.),.PIECEWISE_BEZIER_KNOTS.);
#13041 = CARTESIAN_POINT('',(49.509899328859,49.927516778523,24.55));
#13042 = CARTESIAN_POINT('',(49.223930369128,49.927516778523,24.55));
#13043 = CARTESIAN_POINT('',(49.080851510067,49.74177852349,24.55));
#13044 = ORIENTED_EDGE('',*,*,#13045,.T.);
#13045 = EDGE_CURVE('',#13038,#13046,#13048,.T.);
#13046 = VERTEX_POINT('',#13047);
#13047 = CARTESIAN_POINT('',(48.937961409396,49.184563758389,24.55));
#13048 = B_SPLINE_CURVE_WITH_KNOTS('',2,(#13049,#13050,#13051),
  .UNSPECIFIED.,.F.,.F.,(3,3),(0.,1.),.PIECEWISE_BEZIER_KNOTS.);
#13049 = CARTESIAN_POINT('',(49.080851510067,49.74177852349,24.55));
#13050 = CARTESIAN_POINT('',(48.937961409396,49.556040268456,24.55));
#13051 = CARTESIAN_POINT('',(48.937961409396,49.184563758389,24.55));
#13052 = ORIENTED_EDGE('',*,*,#13053,.T.);
#13053 = EDGE_CURVE('',#13046,#13054,#13056,.T.);
#13054 = VERTEX_POINT('',#13055);
#13055 = CARTESIAN_POINT('',(49.080851510067,48.627348993289,24.55));
#13056 = B_SPLINE_CURVE_WITH_KNOTS('',2,(#13057,#13058,#13059),
  .UNSPECIFIED.,.F.,.F.,(3,3),(0.,1.),.PIECEWISE_BEZIER_KNOTS.);
#13057 = CARTESIAN_POINT('',(48.937961409396,49.184563758389,24.55));
#13058 = CARTESIAN_POINT('',(48.937961409396,48.813087248322,24.55));
#13059 = CARTESIAN_POINT('',(49.080851510067,48.627348993289,24.55));
#13060 = ORIENTED_EDGE('',*,*,#13061,.T.);
#13061 = EDGE_CURVE('',#13054,#13062,#13064,.T.);
#13062 = VERTEX_POINT('',#13063);
#13063 = CARTESIAN_POINT('',(49.509899328859,48.441610738255,24.55));
#13064 = B_SPLINE_CURVE_WITH_KNOTS('',2,(#13065,#13066,#13067),
  .UNSPECIFIED.,.F.,.F.,(3,3),(0.,1.),.PIECEWISE_BEZIER_KNOTS.);
#13065 = CARTESIAN_POINT('',(49.080851510067,48.627348993289,24.55));
#13066 = CARTESIAN_POINT('',(49.223930369128,48.441610738255,24.55));
#13067 = CARTESIAN_POINT('',(49.509899328859,48.441610738255,24.55));
#13068 = ORIENTED_EDGE('',*,*,#13069,.T.);
#13069 = EDGE_CURVE('',#13062,#13070,#13072,.T.);
#13070 = VERTEX_POINT('',#13071);
#13071 = CARTESIAN_POINT('',(49.941589765101,48.627348993289,24.55));
#13072 = B_SPLINE_CURVE_WITH_KNOTS('',2,(#13073,#13074,#13075),
  .UNSPECIFIED.,.F.,.F.,(3,3),(0.,1.),.PIECEWISE_BEZIER_KNOTS.);
#13073 = CARTESIAN_POINT('',(49.509899328859,48.441610738255,24.55));
#13074 = CARTESIAN_POINT('',(49.79869966443,48.441610738255,24.55));
#13075 = CARTESIAN_POINT('',(49.941589765101,48.627348993289,24.55));
#13076 = ORIENTED_EDGE('',*,*,#13077,.T.);
#13077 = EDGE_CURVE('',#13070,#13078,#13080,.T.);
#13078 = VERTEX_POINT('',#13079);
#13079 = CARTESIAN_POINT('',(50.084668624161,49.184563758389,24.55));
#13080 = B_SPLINE_CURVE_WITH_KNOTS('',2,(#13081,#13082,#13083),
  .UNSPECIFIED.,.F.,.F.,(3,3),(0.,1.),.PIECEWISE_BEZIER_KNOTS.);
#13081 = CARTESIAN_POINT('',(49.941589765101,48.627348993289,24.55));
#13082 = CARTESIAN_POINT('',(50.084668624161,48.813087248322,24.55));
#13083 = CARTESIAN_POINT('',(50.084668624161,49.184563758389,24.55));
#13084 = ORIENTED_EDGE('',*,*,#13085,.T.);
#13085 = EDGE_CURVE('',#13078,#13086,#13088,.T.);
#13086 = VERTEX_POINT('',#13087);
#13087 = CARTESIAN_POINT('',(49.941589765101,49.74177852349,24.55));
#13088 = B_SPLINE_CURVE_WITH_KNOTS('',2,(#13089,#13090,#13091),
  .UNSPECIFIED.,.F.,.F.,(3,3),(0.,1.),.PIECEWISE_BEZIER_KNOTS.);
#13089 = CARTESIAN_POINT('',(50.084668624161,49.184563758389,24.55));
#13090 = CARTESIAN_POINT('',(50.084668624161,49.556040268456,24.55));
#13091 = CARTESIAN_POINT('',(49.941589765101,49.74177852349,24.55));
#13092 = ORIENTED_EDGE('',*,*,#13093,.T.);
#13093 = EDGE_CURVE('',#13086,#13036,#13094,.T.);
#13094 = B_SPLINE_CURVE_WITH_KNOTS('',2,(#13095,#13096,#13097),
  .UNSPECIFIED.,.F.,.F.,(3,3),(0.,1.),.PIECEWISE_BEZIER_KNOTS.);
#13095 = CARTESIAN_POINT('',(49.941589765101,49.74177852349,24.55));
#13096 = CARTESIAN_POINT('',(49.79869966443,49.927516778523,24.55));
#13097 = CARTESIAN_POINT('',(49.509899328859,49.927516778523,24.55));
#13098 = PLANE('',#13099);
#13099 = AXIS2_PLACEMENT_3D('',#13100,#13101,#13102);
#13100 = CARTESIAN_POINT('',(49.503857756861,49.984241257009,24.55));
#13101 = DIRECTION('',(0.,0.,1.));
#13102 = DIRECTION('',(1.,0.,-0.));
#13103 = ADVANCED_FACE('',(#13104,#13122,#13188),#13254,.T.);
#13104 = FACE_BOUND('',#13105,.F.);
#13105 = EDGE_LOOP('',(#13106,#13107,#13108,#13109,#13110,#13111,#13112,
    #13113,#13114,#13115,#13116,#13117,#13118,#13119,#13120,#13121));
#13106 = ORIENTED_EDGE('',*,*,#9130,.T.);
#13107 = ORIENTED_EDGE('',*,*,#9527,.T.);
#13108 = ORIENTED_EDGE('',*,*,#9501,.T.);
#13109 = ORIENTED_EDGE('',*,*,#9475,.T.);
#13110 = ORIENTED_EDGE('',*,*,#9449,.T.);
#13111 = ORIENTED_EDGE('',*,*,#9423,.T.);
#13112 = ORIENTED_EDGE('',*,*,#9397,.T.);
#13113 = ORIENTED_EDGE('',*,*,#9371,.T.);
#13114 = ORIENTED_EDGE('',*,*,#9345,.T.);
#13115 = ORIENTED_EDGE('',*,*,#9319,.T.);
#13116 = ORIENTED_EDGE('',*,*,#9293,.T.);
#13117 = ORIENTED_EDGE('',*,*,#9267,.T.);
#13118 = ORIENTED_EDGE('',*,*,#9241,.T.);
#13119 = ORIENTED_EDGE('',*,*,#9215,.T.);
#13120 = ORIENTED_EDGE('',*,*,#9189,.T.);
#13121 = ORIENTED_EDGE('',*,*,#9163,.T.);
#13122 = FACE_BOUND('',#13123,.F.);
#13123 = EDGE_LOOP('',(#13124,#13134,#13142,#13150,#13158,#13166,#13174,
    #13182));
#13124 = ORIENTED_EDGE('',*,*,#13125,.T.);
#13125 = EDGE_CURVE('',#13126,#13128,#13130,.T.);
#13126 = VERTEX_POINT('',#13127);
#13127 = CARTESIAN_POINT('',(53.465520134228,49.722147651007,24.55));
#13128 = VERTEX_POINT('',#13129);
#13129 = CARTESIAN_POINT('',(52.995511744966,49.556040268456,24.55));
#13130 = B_SPLINE_CURVE_WITH_KNOTS('',2,(#13131,#13132,#13133),
  .UNSPECIFIED.,.F.,.F.,(3,3),(0.,1.),.PIECEWISE_BEZIER_KNOTS.);
#13131 = CARTESIAN_POINT('',(53.465520134228,49.722147651007,24.55));
#13132 = CARTESIAN_POINT('',(53.159731543624,49.722147651007,24.55));
#13133 = CARTESIAN_POINT('',(52.995511744966,49.556040268456,24.55));
#13134 = ORIENTED_EDGE('',*,*,#13135,.T.);
#13135 = EDGE_CURVE('',#13128,#13136,#13138,.T.);
#13136 = VERTEX_POINT('',#13137);
#13137 = CARTESIAN_POINT('',(52.831291946309,49.080557885906,24.55));
#13138 = B_SPLINE_CURVE_WITH_KNOTS('',2,(#13139,#13140,#13141),
  .UNSPECIFIED.,.F.,.F.,(3,3),(0.,1.),.PIECEWISE_BEZIER_KNOTS.);
#13139 = CARTESIAN_POINT('',(52.995511744966,49.556040268456,24.55));
#13140 = CARTESIAN_POINT('',(52.831291946309,49.390121644295,24.55));
#13141 = CARTESIAN_POINT('',(52.831291946309,49.080557885906,24.55));
#13142 = ORIENTED_EDGE('',*,*,#13143,.T.);
#13143 = EDGE_CURVE('',#13136,#13144,#13146,.T.);
#13144 = VERTEX_POINT('',#13145);
#13145 = CARTESIAN_POINT('',(52.995511744966,48.606208053691,24.55));
#13146 = B_SPLINE_CURVE_WITH_KNOTS('',2,(#13147,#13148,#13149),
  .UNSPECIFIED.,.F.,.F.,(3,3),(0.,1.),.PIECEWISE_BEZIER_KNOTS.);
#13147 = CARTESIAN_POINT('',(52.831291946309,49.080557885906,24.55));
#13148 = CARTESIAN_POINT('',(52.831291946309,48.770805369128,24.55));
#13149 = CARTESIAN_POINT('',(52.995511744966,48.606208053691,24.55));
#13150 = ORIENTED_EDGE('',*,*,#13151,.T.);
#13151 = EDGE_CURVE('',#13144,#13152,#13154,.T.);
#13152 = VERTEX_POINT('',#13153);
#13153 = CARTESIAN_POINT('',(53.465520134228,48.441610738255,24.55));
#13154 = B_SPLINE_CURVE_WITH_KNOTS('',2,(#13155,#13156,#13157),
  .UNSPECIFIED.,.F.,.F.,(3,3),(0.,1.),.PIECEWISE_BEZIER_KNOTS.);
#13155 = CARTESIAN_POINT('',(52.995511744966,48.606208053691,24.55));
#13156 = CARTESIAN_POINT('',(53.159731543624,48.441610738255,24.55));
#13157 = CARTESIAN_POINT('',(53.465520134228,48.441610738255,24.55));
#13158 = ORIENTED_EDGE('',*,*,#13159,.T.);
#13159 = EDGE_CURVE('',#13152,#13160,#13162,.T.);
#13160 = VERTEX_POINT('',#13161);
#13161 = CARTESIAN_POINT('',(53.929865771812,48.606208053691,24.55));
#13162 = B_SPLINE_CURVE_WITH_KNOTS('',2,(#13163,#13164,#13165),
  .UNSPECIFIED.,.F.,.F.,(3,3),(0.,1.),.PIECEWISE_BEZIER_KNOTS.);
#13163 = CARTESIAN_POINT('',(53.465520134228,48.441610738255,24.55));
#13164 = CARTESIAN_POINT('',(53.768477348993,48.441610738255,24.55));
#13165 = CARTESIAN_POINT('',(53.929865771812,48.606208053691,24.55));
#13166 = ORIENTED_EDGE('',*,*,#13167,.T.);
#13167 = EDGE_CURVE('',#13160,#13168,#13170,.T.);
#13168 = VERTEX_POINT('',#13169);
#13169 = CARTESIAN_POINT('',(54.091254194631,49.080557885906,24.55));
#13170 = B_SPLINE_CURVE_WITH_KNOTS('',2,(#13171,#13172,#13173),
  .UNSPECIFIED.,.F.,.F.,(3,3),(0.,1.),.PIECEWISE_BEZIER_KNOTS.);
#13171 = CARTESIAN_POINT('',(53.929865771812,48.606208053691,24.55));
#13172 = CARTESIAN_POINT('',(54.091254194631,48.770805369128,24.55));
#13173 = CARTESIAN_POINT('',(54.091254194631,49.080557885906,24.55));
#13174 = ORIENTED_EDGE('',*,*,#13175,.T.);
#13175 = EDGE_CURVE('',#13168,#13176,#13178,.T.);
#13176 = VERTEX_POINT('',#13177);
#13177 = CARTESIAN_POINT('',(53.929865771812,49.55755033557,24.55));
#13178 = B_SPLINE_CURVE_WITH_KNOTS('',2,(#13179,#13180,#13181),
  .UNSPECIFIED.,.F.,.F.,(3,3),(0.,1.),.PIECEWISE_BEZIER_KNOTS.);
#13179 = CARTESIAN_POINT('',(54.091254194631,49.080557885906,24.55));
#13180 = CARTESIAN_POINT('',(54.091254194631,49.392953020134,24.55));
#13181 = CARTESIAN_POINT('',(53.929865771812,49.55755033557,24.55));
#13182 = ORIENTED_EDGE('',*,*,#13183,.T.);
#13183 = EDGE_CURVE('',#13176,#13126,#13184,.T.);
#13184 = B_SPLINE_CURVE_WITH_KNOTS('',2,(#13185,#13186,#13187),
  .UNSPECIFIED.,.F.,.F.,(3,3),(0.,1.),.PIECEWISE_BEZIER_KNOTS.);
#13185 = CARTESIAN_POINT('',(53.929865771812,49.55755033557,24.55));
#13186 = CARTESIAN_POINT('',(53.768477348993,49.722147651007,24.55));
#13187 = CARTESIAN_POINT('',(53.465520134228,49.722147651007,24.55));
#13188 = FACE_BOUND('',#13189,.F.);
#13189 = EDGE_LOOP('',(#13190,#13200,#13208,#13216,#13224,#13232,#13240,
    #13248));
#13190 = ORIENTED_EDGE('',*,*,#13191,.T.);
#13191 = EDGE_CURVE('',#13192,#13194,#13196,.T.);
#13192 = VERTEX_POINT('',#13193);
#13193 = CARTESIAN_POINT('',(52.924727348993,50.92567114094,24.55));
#13194 = VERTEX_POINT('',#13195);
#13195 = CARTESIAN_POINT('',(53.064786073825,50.535318791946,24.55));
#13196 = B_SPLINE_CURVE_WITH_KNOTS('',2,(#13197,#13198,#13199),
  .UNSPECIFIED.,.F.,.F.,(3,3),(0.,1.),.PIECEWISE_BEZIER_KNOTS.);
#13197 = CARTESIAN_POINT('',(52.924727348993,50.92567114094,24.55));
#13198 = CARTESIAN_POINT('',(52.924727348993,50.672168624161,24.55));
#13199 = CARTESIAN_POINT('',(53.064786073825,50.535318791946,24.55));
#13200 = ORIENTED_EDGE('',*,*,#13201,.T.);
#13201 = EDGE_CURVE('',#13194,#13202,#13204,.T.);
#13202 = VERTEX_POINT('',#13203);
#13203 = CARTESIAN_POINT('',(53.465520134228,50.398657718121,24.55));
#13204 = B_SPLINE_CURVE_WITH_KNOTS('',2,(#13205,#13206,#13207),
  .UNSPECIFIED.,.F.,.F.,(3,3),(0.,1.),.PIECEWISE_BEZIER_KNOTS.);
#13205 = CARTESIAN_POINT('',(53.064786073825,50.535318791946,24.55));
#13206 = CARTESIAN_POINT('',(53.205033557047,50.398657718121,24.55));
#13207 = CARTESIAN_POINT('',(53.465520134228,50.398657718121,24.55));
#13208 = ORIENTED_EDGE('',*,*,#13209,.T.);
#13209 = EDGE_CURVE('',#13202,#13210,#13212,.T.);
#13210 = VERTEX_POINT('',#13211);
#13211 = CARTESIAN_POINT('',(53.859081375839,50.535318791946,24.55));
#13212 = B_SPLINE_CURVE_WITH_KNOTS('',2,(#13213,#13214,#13215),
  .UNSPECIFIED.,.F.,.F.,(3,3),(0.,1.),.PIECEWISE_BEZIER_KNOTS.);
#13213 = CARTESIAN_POINT('',(53.465520134228,50.398657718121,24.55));
#13214 = CARTESIAN_POINT('',(53.720343959732,50.398657718121,24.55));
#13215 = CARTESIAN_POINT('',(53.859081375839,50.535318791946,24.55));
#13216 = ORIENTED_EDGE('',*,*,#13217,.T.);
#13217 = EDGE_CURVE('',#13210,#13218,#13220,.T.);
#13218 = VERTEX_POINT('',#13219);
#13219 = CARTESIAN_POINT('',(53.997818791946,50.92567114094,24.55));
#13220 = B_SPLINE_CURVE_WITH_KNOTS('',2,(#13221,#13222,#13223),
  .UNSPECIFIED.,.F.,.F.,(3,3),(0.,1.),.PIECEWISE_BEZIER_KNOTS.);
#13221 = CARTESIAN_POINT('',(53.859081375839,50.535318791946,24.55));
#13222 = CARTESIAN_POINT('',(53.997818791946,50.672168624161,24.55));
#13223 = CARTESIAN_POINT('',(53.997818791946,50.92567114094,24.55));
#13224 = ORIENTED_EDGE('',*,*,#13225,.T.);
#13225 = EDGE_CURVE('',#13218,#13226,#13228,.T.);
#13226 = VERTEX_POINT('',#13227);
#13227 = CARTESIAN_POINT('',(53.859081375839,51.31432466443,24.55));
#13228 = B_SPLINE_CURVE_WITH_KNOTS('',2,(#13229,#13230,#13231),
  .UNSPECIFIED.,.F.,.F.,(3,3),(0.,1.),.PIECEWISE_BEZIER_KNOTS.);
#13229 = CARTESIAN_POINT('',(53.997818791946,50.92567114094,24.55));
#13230 = CARTESIAN_POINT('',(53.997818791946,51.179173657718,24.55));
#13231 = CARTESIAN_POINT('',(53.859081375839,51.31432466443,24.55));
#13232 = ORIENTED_EDGE('',*,*,#13233,.T.);
#13233 = EDGE_CURVE('',#13226,#13234,#13236,.T.);
#13234 = VERTEX_POINT('',#13235);
#13235 = CARTESIAN_POINT('',(53.465520134228,51.44966442953,24.55));
#13236 = B_SPLINE_CURVE_WITH_KNOTS('',2,(#13237,#13238,#13239),
  .UNSPECIFIED.,.F.,.F.,(3,3),(0.,1.),.PIECEWISE_BEZIER_KNOTS.);
#13237 = CARTESIAN_POINT('',(53.859081375839,51.31432466443,24.55));
#13238 = CARTESIAN_POINT('',(53.720343959732,51.44966442953,24.55));
#13239 = CARTESIAN_POINT('',(53.465520134228,51.44966442953,24.55));
#13240 = ORIENTED_EDGE('',*,*,#13241,.T.);
#13241 = EDGE_CURVE('',#13234,#13242,#13244,.T.);
#13242 = VERTEX_POINT('',#13243);
#13243 = CARTESIAN_POINT('',(53.064786073825,51.312814597315,24.55));
#13244 = B_SPLINE_CURVE_WITH_KNOTS('',2,(#13245,#13246,#13247),
  .UNSPECIFIED.,.F.,.F.,(3,3),(0.,1.),.PIECEWISE_BEZIER_KNOTS.);
#13245 = CARTESIAN_POINT('',(53.465520134228,51.44966442953,24.55));
#13246 = CARTESIAN_POINT('',(53.205033557047,51.44966442953,24.55));
#13247 = CARTESIAN_POINT('',(53.064786073825,51.312814597315,24.55));
#13248 = ORIENTED_EDGE('',*,*,#13249,.T.);
#13249 = EDGE_CURVE('',#13242,#13192,#13250,.T.);
#13250 = B_SPLINE_CURVE_WITH_KNOTS('',2,(#13251,#13252,#13253),
  .UNSPECIFIED.,.F.,.F.,(3,3),(0.,1.),.PIECEWISE_BEZIER_KNOTS.);
#13251 = CARTESIAN_POINT('',(53.064786073825,51.312814597315,24.55));
#13252 = CARTESIAN_POINT('',(52.924727348993,51.17615352349,24.55));
#13253 = CARTESIAN_POINT('',(52.924727348993,50.92567114094,24.55));
#13254 = PLANE('',#13255);
#13255 = AXIS2_PLACEMENT_3D('',#13256,#13257,#13258);
#13256 = CARTESIAN_POINT('',(53.462195948896,49.939353918753,24.55));
#13257 = DIRECTION('',(0.,0.,1.));
#13258 = DIRECTION('',(1.,0.,-0.));
#13259 = ADVANCED_FACE('',(#13260),#13266,.T.);
#13260 = FACE_BOUND('',#13261,.F.);
#13261 = EDGE_LOOP('',(#13262,#13263,#13264,#13265));
#13262 = ORIENTED_EDGE('',*,*,#9546,.T.);
#13263 = ORIENTED_EDGE('',*,*,#9625,.T.);
#13264 = ORIENTED_EDGE('',*,*,#9601,.T.);
#13265 = ORIENTED_EDGE('',*,*,#9577,.T.);
#13266 = PLANE('',#13267);
#13267 = AXIS2_PLACEMENT_3D('',#13268,#13269,#13270);
#13268 = CARTESIAN_POINT('',(56.583053691275,48.387248322148,24.55));
#13269 = DIRECTION('',(0.,0.,1.));
#13270 = DIRECTION('',(1.,0.,-0.));
#13271 = ADVANCED_FACE('',(#13272),#13293,.T.);
#13272 = FACE_BOUND('',#13273,.F.);
#13273 = EDGE_LOOP('',(#13274,#13275,#13276,#13277,#13278,#13279,#13280,
    #13281,#13282,#13283,#13284,#13285,#13286,#13287,#13288,#13289,
    #13290,#13291,#13292));
#13274 = ORIENTED_EDGE('',*,*,#9642,.T.);
#13275 = ORIENTED_EDGE('',*,*,#10105,.T.);
#13276 = ORIENTED_EDGE('',*,*,#10081,.T.);
#13277 = ORIENTED_EDGE('',*,*,#10057,.T.);
#13278 = ORIENTED_EDGE('',*,*,#10033,.T.);
#13279 = ORIENTED_EDGE('',*,*,#10007,.T.);
#13280 = ORIENTED_EDGE('',*,*,#9981,.T.);
#13281 = ORIENTED_EDGE('',*,*,#9955,.T.);
#13282 = ORIENTED_EDGE('',*,*,#9929,.T.);
#13283 = ORIENTED_EDGE('',*,*,#9903,.T.);
#13284 = ORIENTED_EDGE('',*,*,#9877,.T.);
#13285 = ORIENTED_EDGE('',*,*,#9853,.T.);
#13286 = ORIENTED_EDGE('',*,*,#9827,.T.);
#13287 = ORIENTED_EDGE('',*,*,#9801,.T.);
#13288 = ORIENTED_EDGE('',*,*,#9775,.T.);
#13289 = ORIENTED_EDGE('',*,*,#9749,.T.);
#13290 = ORIENTED_EDGE('',*,*,#9723,.T.);
#13291 = ORIENTED_EDGE('',*,*,#9697,.T.);
#13292 = ORIENTED_EDGE('',*,*,#9673,.T.);
#13293 = PLANE('',#13294);
#13294 = AXIS2_PLACEMENT_3D('',#13295,#13296,#13297);
#13295 = CARTESIAN_POINT('',(59.693467416511,49.846440649102,24.55));
#13296 = DIRECTION('',(0.,0.,1.));
#13297 = DIRECTION('',(1.,0.,-0.));
#13298 = ADVANCED_FACE('',(#13299,#13312),#13338,.T.);
#13299 = FACE_BOUND('',#13300,.F.);
#13300 = EDGE_LOOP('',(#13301,#13302,#13303,#13304,#13305,#13306,#13307,
    #13308,#13309,#13310,#13311));
#13301 = ORIENTED_EDGE('',*,*,#10122,.T.);
#13302 = ORIENTED_EDGE('',*,*,#10369,.T.);
#13303 = ORIENTED_EDGE('',*,*,#10345,.T.);
#13304 = ORIENTED_EDGE('',*,*,#10321,.T.);
#13305 = ORIENTED_EDGE('',*,*,#10297,.T.);
#13306 = ORIENTED_EDGE('',*,*,#10273,.T.);
#13307 = ORIENTED_EDGE('',*,*,#10249,.T.);
#13308 = ORIENTED_EDGE('',*,*,#10225,.T.);
#13309 = ORIENTED_EDGE('',*,*,#10201,.T.);
#13310 = ORIENTED_EDGE('',*,*,#10177,.T.);
#13311 = ORIENTED_EDGE('',*,*,#10153,.T.);
#13312 = FACE_BOUND('',#13313,.F.);
#13313 = EDGE_LOOP('',(#13314,#13324,#13332));
#13314 = ORIENTED_EDGE('',*,*,#13315,.T.);
#13315 = EDGE_CURVE('',#13316,#13318,#13320,.T.);
#13316 = VERTEX_POINT('',#13317);
#13317 = CARTESIAN_POINT('',(63.850062919463,51.167281879195,24.55));
#13318 = VERTEX_POINT('',#13319);
#13319 = CARTESIAN_POINT('',(62.655222315436,49.395973154362,24.55));
#13320 = LINE('',#13321,#13322);
#13321 = CARTESIAN_POINT('',(63.850062919463,51.167281879195,24.55));
#13322 = VECTOR('',#13323,1.);
#13323 = DIRECTION('',(-0.559217924246,-0.82902069528,0.));
#13324 = ORIENTED_EDGE('',*,*,#13325,.T.);
#13325 = EDGE_CURVE('',#13318,#13326,#13328,.T.);
#13326 = VERTEX_POINT('',#13327);
#13327 = CARTESIAN_POINT('',(63.850062919463,49.395973154362,24.55));
#13328 = LINE('',#13329,#13330);
#13329 = CARTESIAN_POINT('',(62.655222315436,49.395973154362,24.55));
#13330 = VECTOR('',#13331,1.);
#13331 = DIRECTION('',(1.,0.,0.));
#13332 = ORIENTED_EDGE('',*,*,#13333,.T.);
#13333 = EDGE_CURVE('',#13326,#13316,#13334,.T.);
#13334 = LINE('',#13335,#13336);
#13335 = CARTESIAN_POINT('',(63.850062919463,49.395973154362,24.55));
#13336 = VECTOR('',#13337,1.);
#13337 = DIRECTION('',(0.,1.,0.));
#13338 = PLANE('',#13339);
#13339 = AXIS2_PLACEMENT_3D('',#13340,#13341,#13342);
#13340 = CARTESIAN_POINT('',(63.791561298295,49.83782433986,24.55));
#13341 = DIRECTION('',(0.,0.,1.));
#13342 = DIRECTION('',(1.,0.,-0.));
#13343 = ADVANCED_FACE('',(#13344,#13354),#13420,.T.);
#13344 = FACE_BOUND('',#13345,.F.);
#13345 = EDGE_LOOP('',(#13346,#13347,#13348,#13349,#13350,#13351,#13352,
    #13353));
#13346 = ORIENTED_EDGE('',*,*,#10386,.T.);
#13347 = ORIENTED_EDGE('',*,*,#10575,.T.);
#13348 = ORIENTED_EDGE('',*,*,#10549,.T.);
#13349 = ORIENTED_EDGE('',*,*,#10523,.T.);
#13350 = ORIENTED_EDGE('',*,*,#10497,.T.);
#13351 = ORIENTED_EDGE('',*,*,#10471,.T.);
#13352 = ORIENTED_EDGE('',*,*,#10445,.T.);
#13353 = ORIENTED_EDGE('',*,*,#10419,.T.);
#13354 = FACE_BOUND('',#13355,.F.);
#13355 = EDGE_LOOP('',(#13356,#13366,#13374,#13382,#13390,#13398,#13406,
    #13414));
#13356 = ORIENTED_EDGE('',*,*,#13357,.T.);
#13357 = EDGE_CURVE('',#13358,#13360,#13362,.T.);
#13358 = VERTEX_POINT('',#13359);
#13359 = CARTESIAN_POINT('',(68.41726090604,49.948091442953,24.55));
#13360 = VERTEX_POINT('',#13361);
#13361 = CARTESIAN_POINT('',(68.268519295302,51.064974832215,24.55));
#13362 = B_SPLINE_CURVE_WITH_KNOTS('',2,(#13363,#13364,#13365),
  .UNSPECIFIED.,.F.,.F.,(3,3),(0.,1.),.PIECEWISE_BEZIER_KNOTS.);
#13363 = CARTESIAN_POINT('',(68.41726090604,49.948091442953,24.55));
#13364 = CARTESIAN_POINT('',(68.41726090604,50.740876677852,24.55));
#13365 = CARTESIAN_POINT('',(68.268519295302,51.064974832215,24.55));
#13366 = ORIENTED_EDGE('',*,*,#13367,.T.);
#13367 = EDGE_CURVE('',#13360,#13368,#13370,.T.);
#13368 = VERTEX_POINT('',#13369);
#13369 = CARTESIAN_POINT('',(67.768875838926,51.389261744966,24.55));
#13370 = B_SPLINE_CURVE_WITH_KNOTS('',2,(#13371,#13372,#13373),
  .UNSPECIFIED.,.F.,.F.,(3,3),(0.,1.),.PIECEWISE_BEZIER_KNOTS.);
#13371 = CARTESIAN_POINT('',(68.268519295302,51.064974832215,24.55));
#13372 = CARTESIAN_POINT('',(68.119966442953,51.389261744966,24.55));
#13373 = CARTESIAN_POINT('',(67.768875838926,51.389261744966,24.55));
#13374 = ORIENTED_EDGE('',*,*,#13375,.T.);
#13375 = EDGE_CURVE('',#13368,#13376,#13378,.T.);
#13376 = VERTEX_POINT('',#13377);
#13377 = CARTESIAN_POINT('',(67.267722315436,51.064974832215,24.55));
#13378 = B_SPLINE_CURVE_WITH_KNOTS('',2,(#13379,#13380,#13381),
  .UNSPECIFIED.,.F.,.F.,(3,3),(0.,1.),.PIECEWISE_BEZIER_KNOTS.);
#13379 = CARTESIAN_POINT('',(67.768875838926,51.389261744966,24.55));
#13380 = CARTESIAN_POINT('',(67.417785234899,51.389261744966,24.55));
#13381 = CARTESIAN_POINT('',(67.267722315436,51.064974832215,24.55));
#13382 = ORIENTED_EDGE('',*,*,#13383,.T.);
#13383 = EDGE_CURVE('',#13376,#13384,#13386,.T.);
#13384 = VERTEX_POINT('',#13385);
#13385 = CARTESIAN_POINT('',(67.117659395973,49.948091442953,24.55));
#13386 = B_SPLINE_CURVE_WITH_KNOTS('',2,(#13387,#13388,#13389),
  .UNSPECIFIED.,.F.,.F.,(3,3),(0.,1.),.PIECEWISE_BEZIER_KNOTS.);
#13387 = CARTESIAN_POINT('',(67.267722315436,51.064974832215,24.55));
#13388 = CARTESIAN_POINT('',(67.117659395973,50.740876677852,24.55));
#13389 = CARTESIAN_POINT('',(67.117659395973,49.948091442953,24.55));
#13390 = ORIENTED_EDGE('',*,*,#13391,.T.);
#13391 = EDGE_CURVE('',#13384,#13392,#13394,.T.);
#13392 = VERTEX_POINT('',#13393);
#13393 = CARTESIAN_POINT('',(67.267722315436,48.818372483221,24.55));
#13394 = B_SPLINE_CURVE_WITH_KNOTS('',2,(#13395,#13396,#13397),
  .UNSPECIFIED.,.F.,.F.,(3,3),(0.,1.),.PIECEWISE_BEZIER_KNOTS.);
#13395 = CARTESIAN_POINT('',(67.117659395973,49.948091442953,24.55));
#13396 = CARTESIAN_POINT('',(67.117659395973,49.146812080537,24.55));
#13397 = CARTESIAN_POINT('',(67.267722315436,48.818372483221,24.55));
#13398 = ORIENTED_EDGE('',*,*,#13399,.T.);
#13399 = EDGE_CURVE('',#13392,#13400,#13402,.T.);
#13400 = VERTEX_POINT('',#13401);
#13401 = CARTESIAN_POINT('',(67.768875838926,48.489932885906,24.55));
#13402 = B_SPLINE_CURVE_WITH_KNOTS('',2,(#13403,#13404,#13405),
  .UNSPECIFIED.,.F.,.F.,(3,3),(0.,1.),.PIECEWISE_BEZIER_KNOTS.);
#13403 = CARTESIAN_POINT('',(67.267722315436,48.818372483221,24.55));
#13404 = CARTESIAN_POINT('',(67.417785234899,48.489932885906,24.55));
#13405 = CARTESIAN_POINT('',(67.768875838926,48.489932885906,24.55));
#13406 = ORIENTED_EDGE('',*,*,#13407,.T.);
#13407 = EDGE_CURVE('',#13400,#13408,#13410,.T.);
#13408 = VERTEX_POINT('',#13409);
#13409 = CARTESIAN_POINT('',(68.267197986577,48.818372483221,24.55));
#13410 = B_SPLINE_CURVE_WITH_KNOTS('',2,(#13411,#13412,#13413),
  .UNSPECIFIED.,.F.,.F.,(3,3),(0.,1.),.PIECEWISE_BEZIER_KNOTS.);
#13411 = CARTESIAN_POINT('',(67.768875838926,48.489932885906,24.55));
#13412 = CARTESIAN_POINT('',(68.117135067114,48.489932885906,24.55));
#13413 = CARTESIAN_POINT('',(68.267197986577,48.818372483221,24.55));
#13414 = ORIENTED_EDGE('',*,*,#13415,.T.);
#13415 = EDGE_CURVE('',#13408,#13358,#13416,.T.);
#13416 = B_SPLINE_CURVE_WITH_KNOTS('',2,(#13417,#13418,#13419),
  .UNSPECIFIED.,.F.,.F.,(3,3),(0.,1.),.PIECEWISE_BEZIER_KNOTS.);
#13417 = CARTESIAN_POINT('',(68.267197986577,48.818372483221,24.55));
#13418 = CARTESIAN_POINT('',(68.41726090604,49.146812080537,24.55));
#13419 = CARTESIAN_POINT('',(68.41726090604,49.948091442953,24.55));
#13420 = PLANE('',#13421);
#13421 = AXIS2_PLACEMENT_3D('',#13422,#13423,#13424);
#13422 = CARTESIAN_POINT('',(67.767565618185,49.943805515785,24.55));
#13423 = DIRECTION('',(0.,0.,1.));
#13424 = DIRECTION('',(1.,0.,-0.));
#13425 = ADVANCED_FACE('',(#13426),#13432,.T.);
#13426 = FACE_BOUND('',#13427,.F.);
#13427 = EDGE_LOOP('',(#13428,#13429,#13430,#13431));
#13428 = ORIENTED_EDGE('',*,*,#10594,.T.);
#13429 = ORIENTED_EDGE('',*,*,#10673,.T.);
#13430 = ORIENTED_EDGE('',*,*,#10649,.T.);
#13431 = ORIENTED_EDGE('',*,*,#10625,.T.);
#13432 = PLANE('',#13433);
#13433 = AXIS2_PLACEMENT_3D('',#13434,#13435,#13436);
#13434 = CARTESIAN_POINT('',(70.886409395973,48.387248322148,24.55));
#13435 = DIRECTION('',(0.,0.,1.));
#13436 = DIRECTION('',(1.,0.,-0.));
#13437 = ADVANCED_FACE('',(#13438),#13459,.T.);
#13438 = FACE_BOUND('',#13439,.F.);
#13439 = EDGE_LOOP('',(#13440,#13441,#13442,#13443,#13444,#13445,#13446,
    #13447,#13448,#13449,#13450,#13451,#13452,#13453,#13454,#13455,
    #13456,#13457,#13458));
#13440 = ORIENTED_EDGE('',*,*,#10690,.T.);
#13441 = ORIENTED_EDGE('',*,*,#11153,.T.);
#13442 = ORIENTED_EDGE('',*,*,#11129,.T.);
#13443 = ORIENTED_EDGE('',*,*,#11105,.T.);
#13444 = ORIENTED_EDGE('',*,*,#11081,.T.);
#13445 = ORIENTED_EDGE('',*,*,#11055,.T.);
#13446 = ORIENTED_EDGE('',*,*,#11029,.T.);
#13447 = ORIENTED_EDGE('',*,*,#11003,.T.);
#13448 = ORIENTED_EDGE('',*,*,#10977,.T.);
#13449 = ORIENTED_EDGE('',*,*,#10951,.T.);
#13450 = ORIENTED_EDGE('',*,*,#10925,.T.);
#13451 = ORIENTED_EDGE('',*,*,#10901,.T.);
#13452 = ORIENTED_EDGE('',*,*,#10875,.T.);
#13453 = ORIENTED_EDGE('',*,*,#10849,.T.);
#13454 = ORIENTED_EDGE('',*,*,#10823,.T.);
#13455 = ORIENTED_EDGE('',*,*,#10797,.T.);
#13456 = ORIENTED_EDGE('',*,*,#10771,.T.);
#13457 = ORIENTED_EDGE('',*,*,#10745,.T.);
#13458 = ORIENTED_EDGE('',*,*,#10721,.T.);
#13459 = PLANE('',#13460);
#13460 = AXIS2_PLACEMENT_3D('',#13461,#13462,#13463);
#13461 = CARTESIAN_POINT('',(73.996823121209,49.846440649102,24.55));
#13462 = DIRECTION('',(0.,0.,1.));
#13463 = DIRECTION('',(1.,0.,-0.));
#13464 = ADVANCED_FACE('',(#13465),#13489,.T.);
#13465 = FACE_BOUND('',#13466,.F.);
#13466 = EDGE_LOOP('',(#13467,#13468,#13469,#13470,#13471,#13472,#13473,
    #13474,#13475,#13476,#13477,#13478,#13479,#13480,#13481,#13482,
    #13483,#13484,#13485,#13486,#13487,#13488));
#13467 = ORIENTED_EDGE('',*,*,#11170,.T.);
#13468 = ORIENTED_EDGE('',*,*,#11713,.T.);
#13469 = ORIENTED_EDGE('',*,*,#11689,.T.);
#13470 = ORIENTED_EDGE('',*,*,#11665,.T.);
#13471 = ORIENTED_EDGE('',*,*,#11639,.T.);
#13472 = ORIENTED_EDGE('',*,*,#11613,.T.);
#13473 = ORIENTED_EDGE('',*,*,#11587,.T.);
#13474 = ORIENTED_EDGE('',*,*,#11561,.T.);
#13475 = ORIENTED_EDGE('',*,*,#11535,.T.);
#13476 = ORIENTED_EDGE('',*,*,#11509,.T.);
#13477 = ORIENTED_EDGE('',*,*,#11483,.T.);
#13478 = ORIENTED_EDGE('',*,*,#11457,.T.);
#13479 = ORIENTED_EDGE('',*,*,#11433,.T.);
#13480 = ORIENTED_EDGE('',*,*,#11407,.T.);
#13481 = ORIENTED_EDGE('',*,*,#11381,.T.);
#13482 = ORIENTED_EDGE('',*,*,#11355,.T.);
#13483 = ORIENTED_EDGE('',*,*,#11329,.T.);
#13484 = ORIENTED_EDGE('',*,*,#11303,.T.);
#13485 = ORIENTED_EDGE('',*,*,#11277,.T.);
#13486 = ORIENTED_EDGE('',*,*,#11251,.T.);
#13487 = ORIENTED_EDGE('',*,*,#11225,.T.);
#13488 = ORIENTED_EDGE('',*,*,#11201,.T.);
#13489 = PLANE('',#13490);
#13490 = AXIS2_PLACEMENT_3D('',#13491,#13492,#13493);
#13491 = CARTESIAN_POINT('',(77.958614602838,49.990782985609,24.55));
#13492 = DIRECTION('',(0.,0.,1.));
#13493 = DIRECTION('',(1.,0.,-0.));
#13494 = ADVANCED_FACE('',(#13495),#13526,.T.);
#13495 = FACE_BOUND('',#13496,.F.);
#13496 = EDGE_LOOP('',(#13497,#13498,#13499,#13500,#13501,#13502,#13503,
    #13504,#13505,#13506,#13507,#13508,#13509,#13510,#13511,#13512,
    #13513,#13514,#13515,#13516,#13517,#13518,#13519,#13520,#13521,
    #13522,#13523,#13524,#13525));
#13497 = ORIENTED_EDGE('',*,*,#11730,.T.);
#13498 = ORIENTED_EDGE('',*,*,#12455,.T.);
#13499 = ORIENTED_EDGE('',*,*,#12429,.T.);
#13500 = ORIENTED_EDGE('',*,*,#12403,.T.);
#13501 = ORIENTED_EDGE('',*,*,#12377,.T.);
#13502 = ORIENTED_EDGE('',*,*,#12351,.T.);
#13503 = ORIENTED_EDGE('',*,*,#12327,.T.);
#13504 = ORIENTED_EDGE('',*,*,#12301,.T.);
#13505 = ORIENTED_EDGE('',*,*,#12275,.T.);
#13506 = ORIENTED_EDGE('',*,*,#12249,.T.);
#13507 = ORIENTED_EDGE('',*,*,#12223,.T.);
#13508 = ORIENTED_EDGE('',*,*,#12197,.T.);
#13509 = ORIENTED_EDGE('',*,*,#12171,.T.);
#13510 = ORIENTED_EDGE('',*,*,#12147,.T.);
#13511 = ORIENTED_EDGE('',*,*,#12123,.T.);
#13512 = ORIENTED_EDGE('',*,*,#12099,.T.);
#13513 = ORIENTED_EDGE('',*,*,#12073,.T.);
#13514 = ORIENTED_EDGE('',*,*,#12047,.T.);
#13515 = ORIENTED_EDGE('',*,*,#12021,.T.);
#13516 = ORIENTED_EDGE('',*,*,#11995,.T.);
#13517 = ORIENTED_EDGE('',*,*,#11969,.T.);
#13518 = ORIENTED_EDGE('',*,*,#11943,.T.);
#13519 = ORIENTED_EDGE('',*,*,#11919,.T.);
#13520 = ORIENTED_EDGE('',*,*,#11893,.T.);
#13521 = ORIENTED_EDGE('',*,*,#11867,.T.);
#13522 = ORIENTED_EDGE('',*,*,#11841,.T.);
#13523 = ORIENTED_EDGE('',*,*,#11815,.T.);
#13524 = ORIENTED_EDGE('',*,*,#11789,.T.);
#13525 = ORIENTED_EDGE('',*,*,#11763,.T.);
#13526 = PLANE('',#13527);
#13527 = AXIS2_PLACEMENT_3D('',#13528,#13529,#13530);
#13528 = CARTESIAN_POINT('',(82.033557544918,49.920423969717,24.55));
#13529 = DIRECTION('',(0.,0.,1.));
#13530 = DIRECTION('',(1.,0.,-0.));
#13531 = ADVANCED_FACE('',(#13532),#13589,.T.);
#13532 = FACE_BOUND('',#13533,.T.);
#13533 = EDGE_LOOP('',(#13534,#13535,#13543,#13551,#13559,#13567,#13575,
    #13583));
#13534 = ORIENTED_EDGE('',*,*,#12474,.F.);
#13535 = ORIENTED_EDGE('',*,*,#13536,.T.);
#13536 = EDGE_CURVE('',#12475,#13537,#13539,.T.);
#13537 = VERTEX_POINT('',#13538);
#13538 = CARTESIAN_POINT('',(90.2,-5.2,18.15));
#13539 = LINE('',#13540,#13541);
#13540 = CARTESIAN_POINT('',(90.2,-5.2,17.65));
#13541 = VECTOR('',#13542,1.);
#13542 = DIRECTION('',(-0.,0.,-1.));
#13543 = ORIENTED_EDGE('',*,*,#13544,.T.);
#13544 = EDGE_CURVE('',#13537,#13545,#13547,.T.);
#13545 = VERTEX_POINT('',#13546);
#13546 = CARTESIAN_POINT('',(90.2,-3.8,18.15));
#13547 = LINE('',#13548,#13549);
#13548 = CARTESIAN_POINT('',(90.2,-5.7,18.15));
#13549 = VECTOR('',#13550,1.);
#13550 = DIRECTION('',(-0.,1.,0.));
#13551 = ORIENTED_EDGE('',*,*,#13552,.F.);
#13552 = EDGE_CURVE('',#13553,#13545,#13555,.T.);
#13553 = VERTEX_POINT('',#13554);
#13554 = CARTESIAN_POINT('',(90.2,-3.8,19.85));
#13555 = LINE('',#13556,#13557);
#13556 = CARTESIAN_POINT('',(90.2,-3.8,17.15));
#13557 = VECTOR('',#13558,1.);
#13558 = DIRECTION('',(-0.,0.,-1.));
#13559 = ORIENTED_EDGE('',*,*,#13560,.T.);
#13560 = EDGE_CURVE('',#13553,#13561,#13563,.T.);
#13561 = VERTEX_POINT('',#13562);
#13562 = CARTESIAN_POINT('',(90.2,-3.3,19.85));
#13563 = LINE('',#13564,#13565);
#13564 = CARTESIAN_POINT('',(90.2,-5.,19.85));
#13565 = VECTOR('',#13566,1.);
#13566 = DIRECTION('',(-0.,1.,0.));
#13567 = ORIENTED_EDGE('',*,*,#13568,.F.);
#13568 = EDGE_CURVE('',#13569,#13561,#13571,.T.);
#13569 = VERTEX_POINT('',#13570);
#13570 = CARTESIAN_POINT('',(90.2,-3.3,20.85));
#13571 = LINE('',#13572,#13573);
#13572 = CARTESIAN_POINT('',(90.2,-3.3,18.25));
#13573 = VECTOR('',#13574,1.);
#13574 = DIRECTION('',(-0.,0.,-1.));
#13575 = ORIENTED_EDGE('',*,*,#13576,.F.);
#13576 = EDGE_CURVE('',#13577,#13569,#13579,.T.);
#13577 = VERTEX_POINT('',#13578);
#13578 = CARTESIAN_POINT('',(90.2,-3.8,20.85));
#13579 = LINE('',#13580,#13581);
#13580 = CARTESIAN_POINT('',(90.2,-5.,20.85));
#13581 = VECTOR('',#13582,1.);
#13582 = DIRECTION('',(-0.,1.,0.));
#13583 = ORIENTED_EDGE('',*,*,#13584,.F.);
#13584 = EDGE_CURVE('',#12477,#13577,#13585,.T.);
#13585 = LINE('',#13586,#13587);
#13586 = CARTESIAN_POINT('',(90.2,-3.8,17.15));
#13587 = VECTOR('',#13588,1.);
#13588 = DIRECTION('',(-0.,0.,-1.));
#13589 = PLANE('',#13590);
#13590 = AXIS2_PLACEMENT_3D('',#13591,#13592,#13593);
#13591 = CARTESIAN_POINT('',(90.2,-6.2,17.15));
#13592 = DIRECTION('',(1.,0.,-0.));
#13593 = DIRECTION('',(0.,0.,1.));
#13594 = ADVANCED_FACE('',(#13595),#13688,.F.);
#13595 = FACE_BOUND('',#13596,.F.);
#13596 = EDGE_LOOP('',(#13597,#13607,#13616,#13622,#13623,#13631,#13640,
    #13648,#13657,#13665,#13673,#13681));
#13597 = ORIENTED_EDGE('',*,*,#13598,.F.);
#13598 = EDGE_CURVE('',#13599,#13601,#13603,.T.);
#13599 = VERTEX_POINT('',#13600);
#13600 = CARTESIAN_POINT('',(-4.85,-0.6,18.15));
#13601 = VERTEX_POINT('',#13602);
#13602 = CARTESIAN_POINT('',(-4.85,62.25,18.15));
#13603 = LINE('',#13604,#13605);
#13604 = CARTESIAN_POINT('',(-4.85,-5.2,18.15));
#13605 = VECTOR('',#13606,1.);
#13606 = DIRECTION('',(-0.,1.,0.));
#13607 = ORIENTED_EDGE('',*,*,#13608,.T.);
#13608 = EDGE_CURVE('',#13599,#13609,#13611,.T.);
#13609 = VERTEX_POINT('',#13610);
#13610 = CARTESIAN_POINT('',(-0.25,-5.2,18.15));
#13611 = CIRCLE('',#13612,4.6);
#13612 = AXIS2_PLACEMENT_3D('',#13613,#13614,#13615);
#13613 = CARTESIAN_POINT('',(-0.25,-0.6,18.15));
#13614 = DIRECTION('',(0.,0.,1.));
#13615 = DIRECTION('',(0.,-1.,0.));
#13616 = ORIENTED_EDGE('',*,*,#13617,.T.);
#13617 = EDGE_CURVE('',#13609,#13537,#13618,.T.);
#13618 = LINE('',#13619,#13620);
#13619 = CARTESIAN_POINT('',(-4.85,-5.2,18.15));
#13620 = VECTOR('',#13621,1.);
#13621 = DIRECTION('',(1.,0.,-0.));
#13622 = ORIENTED_EDGE('',*,*,#13544,.T.);
#13623 = ORIENTED_EDGE('',*,*,#13624,.T.);
#13624 = EDGE_CURVE('',#13545,#13625,#13627,.T.);
#13625 = VERTEX_POINT('',#13626);
#13626 = CARTESIAN_POINT('',(-0.25,-3.8,18.15));
#13627 = LINE('',#13628,#13629);
#13628 = CARTESIAN_POINT('',(-4.15,-3.8,18.15));
#13629 = VECTOR('',#13630,1.);
#13630 = DIRECTION('',(-1.,-0.,0.));
#13631 = ORIENTED_EDGE('',*,*,#13632,.F.);
#13632 = EDGE_CURVE('',#13633,#13625,#13635,.T.);
#13633 = VERTEX_POINT('',#13634);
#13634 = CARTESIAN_POINT('',(-3.45,-0.6,18.15));
#13635 = CIRCLE('',#13636,3.2);
#13636 = AXIS2_PLACEMENT_3D('',#13637,#13638,#13639);
#13637 = CARTESIAN_POINT('',(-0.25,-0.6,18.15));
#13638 = DIRECTION('',(0.,0.,1.));
#13639 = DIRECTION('',(-1.,-0.,0.));
#13640 = ORIENTED_EDGE('',*,*,#13641,.T.);
#13641 = EDGE_CURVE('',#13633,#13642,#13644,.T.);
#13642 = VERTEX_POINT('',#13643);
#13643 = CARTESIAN_POINT('',(-3.45,62.25,18.15));
#13644 = LINE('',#13645,#13646);
#13645 = CARTESIAN_POINT('',(-3.45,-4.5,18.15));
#13646 = VECTOR('',#13647,1.);
#13647 = DIRECTION('',(-0.,1.,0.));
#13648 = ORIENTED_EDGE('',*,*,#13649,.F.);
#13649 = EDGE_CURVE('',#13650,#13642,#13652,.T.);
#13650 = VERTEX_POINT('',#13651);
#13651 = CARTESIAN_POINT('',(-0.25,65.45,18.15));
#13652 = CIRCLE('',#13653,3.2);
#13653 = AXIS2_PLACEMENT_3D('',#13654,#13655,#13656);
#13654 = CARTESIAN_POINT('',(-0.25,62.25,18.15));
#13655 = DIRECTION('',(0.,0.,1.));
#13656 = DIRECTION('',(-1.,-0.,0.));
#13657 = ORIENTED_EDGE('',*,*,#13658,.F.);
#13658 = EDGE_CURVE('',#13659,#13650,#13661,.T.);
#13659 = VERTEX_POINT('',#13660);
#13660 = CARTESIAN_POINT('',(90.2,65.45,18.15));
#13661 = LINE('',#13662,#13663);
#13662 = CARTESIAN_POINT('',(-4.15,65.45,18.15));
#13663 = VECTOR('',#13664,1.);
#13664 = DIRECTION('',(-1.,-0.,0.));
#13665 = ORIENTED_EDGE('',*,*,#13666,.T.);
#13666 = EDGE_CURVE('',#13659,#13667,#13669,.T.);
#13667 = VERTEX_POINT('',#13668);
#13668 = CARTESIAN_POINT('',(90.2,66.85,18.15));
#13669 = LINE('',#13670,#13671);
#13670 = CARTESIAN_POINT('',(90.2,-5.7,18.15));
#13671 = VECTOR('',#13672,1.);
#13672 = DIRECTION('',(-0.,1.,0.));
#13673 = ORIENTED_EDGE('',*,*,#13674,.F.);
#13674 = EDGE_CURVE('',#13675,#13667,#13677,.T.);
#13675 = VERTEX_POINT('',#13676);
#13676 = CARTESIAN_POINT('',(-0.25,66.85,18.15));
#13677 = LINE('',#13678,#13679);
#13678 = CARTESIAN_POINT('',(-4.85,66.85,18.15));
#13679 = VECTOR('',#13680,1.);
#13680 = DIRECTION('',(1.,0.,-0.));
#13681 = ORIENTED_EDGE('',*,*,#13682,.F.);
#13682 = EDGE_CURVE('',#13601,#13675,#13683,.T.);
#13683 = CIRCLE('',#13684,4.6);
#13684 = AXIS2_PLACEMENT_3D('',#13685,#13686,#13687);
#13685 = CARTESIAN_POINT('',(-0.25,62.25,18.15));
#13686 = DIRECTION('',(-0.,-0.,-1.));
#13687 = DIRECTION('',(0.,-1.,0.));
#13688 = PLANE('',#13689);
#13689 = AXIS2_PLACEMENT_3D('',#13690,#13691,#13692);
#13690 = CARTESIAN_POINT('',(-4.85,-5.2,18.15));
#13691 = DIRECTION('',(0.,0.,1.));
#13692 = DIRECTION('',(1.,0.,-0.));
#13693 = ADVANCED_FACE('',(#13694),#13712,.T.);
#13694 = FACE_BOUND('',#13695,.T.);
#13695 = EDGE_LOOP('',(#13696,#13697,#13698,#13706));
#13696 = ORIENTED_EDGE('',*,*,#12543,.F.);
#13697 = ORIENTED_EDGE('',*,*,#13584,.T.);
#13698 = ORIENTED_EDGE('',*,*,#13699,.F.);
#13699 = EDGE_CURVE('',#13700,#13577,#13702,.T.);
#13700 = VERTEX_POINT('',#13701);
#13701 = CARTESIAN_POINT('',(-0.25,-3.8,20.85));
#13702 = LINE('',#13703,#13704);
#13703 = CARTESIAN_POINT('',(-3.45,-3.8,20.85));
#13704 = VECTOR('',#13705,1.);
#13705 = DIRECTION('',(1.,0.,-0.));
#13706 = ORIENTED_EDGE('',*,*,#13707,.T.);
#13707 = EDGE_CURVE('',#13700,#12535,#13708,.T.);
#13708 = LINE('',#13709,#13710);
#13709 = CARTESIAN_POINT('',(-0.25,-3.8,17.15));
#13710 = VECTOR('',#13711,1.);
#13711 = DIRECTION('',(0.,0.,1.));
#13712 = PLANE('',#13713);
#13713 = AXIS2_PLACEMENT_3D('',#13714,#13715,#13716);
#13714 = CARTESIAN_POINT('',(-3.45,-3.8,17.15));
#13715 = DIRECTION('',(-0.,1.,0.));
#13716 = DIRECTION('',(0.,0.,1.));
#13717 = ADVANCED_FACE('',(#13718),#13737,.F.);
#13718 = FACE_BOUND('',#13719,.F.);
#13719 = EDGE_LOOP('',(#13720,#13728,#13735,#13736));
#13720 = ORIENTED_EDGE('',*,*,#13721,.F.);
#13721 = EDGE_CURVE('',#13722,#12527,#13724,.T.);
#13722 = VERTEX_POINT('',#13723);
#13723 = CARTESIAN_POINT('',(-3.45,-0.6,20.85));
#13724 = LINE('',#13725,#13726);
#13725 = CARTESIAN_POINT('',(-3.45,-0.6,17.15));
#13726 = VECTOR('',#13727,1.);
#13727 = DIRECTION('',(0.,0.,1.));
#13728 = ORIENTED_EDGE('',*,*,#13729,.T.);
#13729 = EDGE_CURVE('',#13722,#13700,#13730,.T.);
#13730 = CIRCLE('',#13731,3.2);
#13731 = AXIS2_PLACEMENT_3D('',#13732,#13733,#13734);
#13732 = CARTESIAN_POINT('',(-0.25,-0.6,20.85));
#13733 = DIRECTION('',(0.,0.,1.));
#13734 = DIRECTION('',(0.,-1.,0.));
#13735 = ORIENTED_EDGE('',*,*,#13707,.T.);
#13736 = ORIENTED_EDGE('',*,*,#12534,.F.);
#13737 = CYLINDRICAL_SURFACE('',#13738,3.2);
#13738 = AXIS2_PLACEMENT_3D('',#13739,#13740,#13741);
#13739 = CARTESIAN_POINT('',(-0.25,-0.6,17.15));
#13740 = DIRECTION('',(0.,0.,1.));
#13741 = DIRECTION('',(-1.,-0.,0.));
#13742 = ADVANCED_FACE('',(#13743),#13761,.T.);
#13743 = FACE_BOUND('',#13744,.T.);
#13744 = EDGE_LOOP('',(#13745,#13746,#13747,#13755));
#13745 = ORIENTED_EDGE('',*,*,#12526,.F.);
#13746 = ORIENTED_EDGE('',*,*,#13721,.F.);
#13747 = ORIENTED_EDGE('',*,*,#13748,.T.);
#13748 = EDGE_CURVE('',#13722,#13749,#13751,.T.);
#13749 = VERTEX_POINT('',#13750);
#13750 = CARTESIAN_POINT('',(-3.45,62.25,20.85));
#13751 = LINE('',#13752,#13753);
#13752 = CARTESIAN_POINT('',(-3.45,-3.8,20.85));
#13753 = VECTOR('',#13754,1.);
#13754 = DIRECTION('',(-0.,1.,0.));
#13755 = ORIENTED_EDGE('',*,*,#13756,.T.);
#13756 = EDGE_CURVE('',#13749,#12518,#13757,.T.);
#13757 = LINE('',#13758,#13759);
#13758 = CARTESIAN_POINT('',(-3.45,62.25,17.15));
#13759 = VECTOR('',#13760,1.);
#13760 = DIRECTION('',(0.,0.,1.));
#13761 = PLANE('',#13762);
#13762 = AXIS2_PLACEMENT_3D('',#13763,#13764,#13765);
#13763 = CARTESIAN_POINT('',(-3.45,-3.8,17.15));
#13764 = DIRECTION('',(1.,0.,-0.));
#13765 = DIRECTION('',(0.,0.,1.));
#13766 = ADVANCED_FACE('',(#13767),#13786,.F.);
#13767 = FACE_BOUND('',#13768,.T.);
#13768 = EDGE_LOOP('',(#13769,#13770,#13779,#13785));
#13769 = ORIENTED_EDGE('',*,*,#13756,.F.);
#13770 = ORIENTED_EDGE('',*,*,#13771,.T.);
#13771 = EDGE_CURVE('',#13749,#13772,#13774,.T.);
#13772 = VERTEX_POINT('',#13773);
#13773 = CARTESIAN_POINT('',(-0.25,65.45,20.85));
#13774 = CIRCLE('',#13775,3.2);
#13775 = AXIS2_PLACEMENT_3D('',#13776,#13777,#13778);
#13776 = CARTESIAN_POINT('',(-0.25,62.25,20.85));
#13777 = DIRECTION('',(-0.,-0.,-1.));
#13778 = DIRECTION('',(0.,-1.,0.));
#13779 = ORIENTED_EDGE('',*,*,#13780,.T.);
#13780 = EDGE_CURVE('',#13772,#12510,#13781,.T.);
#13781 = LINE('',#13782,#13783);
#13782 = CARTESIAN_POINT('',(-0.25,65.45,17.15));
#13783 = VECTOR('',#13784,1.);
#13784 = DIRECTION('',(0.,0.,1.));
#13785 = ORIENTED_EDGE('',*,*,#12517,.T.);
#13786 = CYLINDRICAL_SURFACE('',#13787,3.2);
#13787 = AXIS2_PLACEMENT_3D('',#13788,#13789,#13790);
#13788 = CARTESIAN_POINT('',(-0.25,62.25,17.15));
#13789 = DIRECTION('',(0.,0.,1.));
#13790 = DIRECTION('',(-1.,-0.,0.));
#13791 = ADVANCED_FACE('',(#13792),#13810,.F.);
#13792 = FACE_BOUND('',#13793,.F.);
#13793 = EDGE_LOOP('',(#13794,#13795,#13803,#13809));
#13794 = ORIENTED_EDGE('',*,*,#12509,.F.);
#13795 = ORIENTED_EDGE('',*,*,#13796,.T.);
#13796 = EDGE_CURVE('',#12502,#13797,#13799,.T.);
#13797 = VERTEX_POINT('',#13798);
#13798 = CARTESIAN_POINT('',(90.2,65.45,20.85));
#13799 = LINE('',#13800,#13801);
#13800 = CARTESIAN_POINT('',(90.2,65.45,17.15));
#13801 = VECTOR('',#13802,1.);
#13802 = DIRECTION('',(-0.,0.,-1.));
#13803 = ORIENTED_EDGE('',*,*,#13804,.F.);
#13804 = EDGE_CURVE('',#13772,#13797,#13805,.T.);
#13805 = LINE('',#13806,#13807);
#13806 = CARTESIAN_POINT('',(-3.45,65.45,20.85));
#13807 = VECTOR('',#13808,1.);
#13808 = DIRECTION('',(1.,0.,-0.));
#13809 = ORIENTED_EDGE('',*,*,#13780,.T.);
#13810 = PLANE('',#13811);
#13811 = AXIS2_PLACEMENT_3D('',#13812,#13813,#13814);
#13812 = CARTESIAN_POINT('',(-3.45,65.45,17.15));
#13813 = DIRECTION('',(-0.,1.,0.));
#13814 = DIRECTION('',(0.,0.,1.));
#13815 = ADVANCED_FACE('',(#13816),#13857,.T.);
#13816 = FACE_BOUND('',#13817,.T.);
#13817 = EDGE_LOOP('',(#13818,#13819,#13820,#13828,#13836,#13844,#13850,
    #13851));
#13818 = ORIENTED_EDGE('',*,*,#12501,.F.);
#13819 = ORIENTED_EDGE('',*,*,#13796,.T.);
#13820 = ORIENTED_EDGE('',*,*,#13821,.F.);
#13821 = EDGE_CURVE('',#13822,#13797,#13824,.T.);
#13822 = VERTEX_POINT('',#13823);
#13823 = CARTESIAN_POINT('',(90.2,64.95,20.85));
#13824 = LINE('',#13825,#13826);
#13825 = CARTESIAN_POINT('',(90.2,-5.,20.85));
#13826 = VECTOR('',#13827,1.);
#13827 = DIRECTION('',(-0.,1.,0.));
#13828 = ORIENTED_EDGE('',*,*,#13829,.T.);
#13829 = EDGE_CURVE('',#13822,#13830,#13832,.T.);
#13830 = VERTEX_POINT('',#13831);
#13831 = CARTESIAN_POINT('',(90.2,64.95,19.85));
#13832 = LINE('',#13833,#13834);
#13833 = CARTESIAN_POINT('',(90.2,64.95,18.25));
#13834 = VECTOR('',#13835,1.);
#13835 = DIRECTION('',(-0.,0.,-1.));
#13836 = ORIENTED_EDGE('',*,*,#13837,.T.);
#13837 = EDGE_CURVE('',#13830,#13838,#13840,.T.);
#13838 = VERTEX_POINT('',#13839);
#13839 = CARTESIAN_POINT('',(90.2,65.45,19.85));
#13840 = LINE('',#13841,#13842);
#13841 = CARTESIAN_POINT('',(90.2,-5.,19.85));
#13842 = VECTOR('',#13843,1.);
#13843 = DIRECTION('',(-0.,1.,0.));
#13844 = ORIENTED_EDGE('',*,*,#13845,.T.);
#13845 = EDGE_CURVE('',#13838,#13659,#13846,.T.);
#13846 = LINE('',#13847,#13848);
#13847 = CARTESIAN_POINT('',(90.2,65.45,17.15));
#13848 = VECTOR('',#13849,1.);
#13849 = DIRECTION('',(-0.,0.,-1.));
#13850 = ORIENTED_EDGE('',*,*,#13666,.T.);
#13851 = ORIENTED_EDGE('',*,*,#13852,.F.);
#13852 = EDGE_CURVE('',#12494,#13667,#13853,.T.);
#13853 = LINE('',#13854,#13855);
#13854 = CARTESIAN_POINT('',(90.2,66.85,17.65));
#13855 = VECTOR('',#13856,1.);
#13856 = DIRECTION('',(-0.,0.,-1.));
#13857 = PLANE('',#13858);
#13858 = AXIS2_PLACEMENT_3D('',#13859,#13860,#13861);
#13859 = CARTESIAN_POINT('',(90.2,-6.2,17.15));
#13860 = DIRECTION('',(1.,0.,-0.));
#13861 = DIRECTION('',(0.,0.,1.));
#13862 = ADVANCED_FACE('',(#13863),#13882,.T.);
#13863 = FACE_BOUND('',#13864,.T.);
#13864 = EDGE_LOOP('',(#13865,#13866,#13874,#13881));
#13865 = ORIENTED_EDGE('',*,*,#12551,.F.);
#13866 = ORIENTED_EDGE('',*,*,#13867,.F.);
#13867 = EDGE_CURVE('',#13868,#12552,#13870,.T.);
#13868 = VERTEX_POINT('',#13869);
#13869 = CARTESIAN_POINT('',(5.3,2.8,7.8));
#13870 = LINE('',#13871,#13872);
#13871 = CARTESIAN_POINT('',(5.3,2.8,7.8));
#13872 = VECTOR('',#13873,1.);
#13873 = DIRECTION('',(0.,0.,1.));
#13874 = ORIENTED_EDGE('',*,*,#13875,.T.);
#13875 = EDGE_CURVE('',#13868,#13868,#13876,.T.);
#13876 = CIRCLE('',#13877,2.5);
#13877 = AXIS2_PLACEMENT_3D('',#13878,#13879,#13880);
#13878 = CARTESIAN_POINT('',(2.8,2.8,7.8));
#13879 = DIRECTION('',(0.,0.,1.));
#13880 = DIRECTION('',(1.,0.,-0.));
#13881 = ORIENTED_EDGE('',*,*,#13867,.T.);
#13882 = CYLINDRICAL_SURFACE('',#13883,2.5);
#13883 = AXIS2_PLACEMENT_3D('',#13884,#13885,#13886);
#13884 = CARTESIAN_POINT('',(2.8,2.8,7.8));
#13885 = DIRECTION('',(0.,0.,1.));
#13886 = DIRECTION('',(1.,0.,-0.));
#13887 = ADVANCED_FACE('',(#13888),#13907,.T.);
#13888 = FACE_BOUND('',#13889,.T.);
#13889 = EDGE_LOOP('',(#13890,#13891,#13899,#13906));
#13890 = ORIENTED_EDGE('',*,*,#12592,.F.);
#13891 = ORIENTED_EDGE('',*,*,#13892,.F.);
#13892 = EDGE_CURVE('',#13893,#12593,#13895,.T.);
#13893 = VERTEX_POINT('',#13894);
#13894 = CARTESIAN_POINT('',(67.3,2.8,7.8));
#13895 = LINE('',#13896,#13897);
#13896 = CARTESIAN_POINT('',(67.3,2.8,7.8));
#13897 = VECTOR('',#13898,1.);
#13898 = DIRECTION('',(0.,0.,1.));
#13899 = ORIENTED_EDGE('',*,*,#13900,.T.);
#13900 = EDGE_CURVE('',#13893,#13893,#13901,.T.);
#13901 = CIRCLE('',#13902,2.5);
#13902 = AXIS2_PLACEMENT_3D('',#13903,#13904,#13905);
#13903 = CARTESIAN_POINT('',(64.8,2.8,7.8));
#13904 = DIRECTION('',(0.,0.,1.));
#13905 = DIRECTION('',(1.,0.,-0.));
#13906 = ORIENTED_EDGE('',*,*,#13892,.T.);
#13907 = CYLINDRICAL_SURFACE('',#13908,2.5);
#13908 = AXIS2_PLACEMENT_3D('',#13909,#13910,#13911);
#13909 = CARTESIAN_POINT('',(64.8,2.8,7.8));
#13910 = DIRECTION('',(0.,0.,1.));
#13911 = DIRECTION('',(1.,0.,-0.));
#13912 = ADVANCED_FACE('',(#13913),#13932,.T.);
#13913 = FACE_BOUND('',#13914,.T.);
#13914 = EDGE_LOOP('',(#13915,#13916,#13924,#13931));
#13915 = ORIENTED_EDGE('',*,*,#12627,.F.);
#13916 = ORIENTED_EDGE('',*,*,#13917,.F.);
#13917 = EDGE_CURVE('',#13918,#12628,#13920,.T.);
#13918 = VERTEX_POINT('',#13919);
#13919 = CARTESIAN_POINT('',(5.3,59.2,7.8));
#13920 = LINE('',#13921,#13922);
#13921 = CARTESIAN_POINT('',(5.3,59.2,7.8));
#13922 = VECTOR('',#13923,1.);
#13923 = DIRECTION('',(0.,0.,1.));
#13924 = ORIENTED_EDGE('',*,*,#13925,.T.);
#13925 = EDGE_CURVE('',#13918,#13918,#13926,.T.);
#13926 = CIRCLE('',#13927,2.5);
#13927 = AXIS2_PLACEMENT_3D('',#13928,#13929,#13930);
#13928 = CARTESIAN_POINT('',(2.8,59.2,7.8));
#13929 = DIRECTION('',(0.,0.,1.));
#13930 = DIRECTION('',(1.,0.,-0.));
#13931 = ORIENTED_EDGE('',*,*,#13917,.T.);
#13932 = CYLINDRICAL_SURFACE('',#13933,2.5);
#13933 = AXIS2_PLACEMENT_3D('',#13934,#13935,#13936);
#13934 = CARTESIAN_POINT('',(2.8,59.2,7.8));
#13935 = DIRECTION('',(0.,0.,1.));
#13936 = DIRECTION('',(1.,0.,-0.));
#13937 = ADVANCED_FACE('',(#13938),#13957,.T.);
#13938 = FACE_BOUND('',#13939,.T.);
#13939 = EDGE_LOOP('',(#13940,#13941,#13949,#13956));
#13940 = ORIENTED_EDGE('',*,*,#12638,.F.);
#13941 = ORIENTED_EDGE('',*,*,#13942,.F.);
#13942 = EDGE_CURVE('',#13943,#12639,#13945,.T.);
#13943 = VERTEX_POINT('',#13944);
#13944 = CARTESIAN_POINT('',(67.3,59.2,7.8));
#13945 = LINE('',#13946,#13947);
#13946 = CARTESIAN_POINT('',(67.3,59.2,7.8));
#13947 = VECTOR('',#13948,1.);
#13948 = DIRECTION('',(0.,0.,1.));
#13949 = ORIENTED_EDGE('',*,*,#13950,.T.);
#13950 = EDGE_CURVE('',#13943,#13943,#13951,.T.);
#13951 = CIRCLE('',#13952,2.5);
#13952 = AXIS2_PLACEMENT_3D('',#13953,#13954,#13955);
#13953 = CARTESIAN_POINT('',(64.8,59.2,7.8));
#13954 = DIRECTION('',(0.,0.,1.));
#13955 = DIRECTION('',(1.,0.,-0.));
#13956 = ORIENTED_EDGE('',*,*,#13942,.T.);
#13957 = CYLINDRICAL_SURFACE('',#13958,2.5);
#13958 = AXIS2_PLACEMENT_3D('',#13959,#13960,#13961);
#13959 = CARTESIAN_POINT('',(64.8,59.2,7.8));
#13960 = DIRECTION('',(0.,0.,1.));
#13961 = DIRECTION('',(1.,0.,-0.));
#13962 = ADVANCED_FACE('',(#13963),#13995,.F.);
#13963 = FACE_BOUND('',#13964,.F.);
#13964 = EDGE_LOOP('',(#13965,#13966,#13974,#13989));
#13965 = ORIENTED_EDGE('',*,*,#12670,.F.);
#13966 = ORIENTED_EDGE('',*,*,#13967,.T.);
#13967 = EDGE_CURVE('',#12671,#13968,#13970,.T.);
#13968 = VERTEX_POINT('',#13969);
#13969 = CARTESIAN_POINT('',(9.039156879195,48.489932885906,25.15));
#13970 = LINE('',#13971,#13972);
#13971 = CARTESIAN_POINT('',(9.039156879195,48.489932885906,24.55));
#13972 = VECTOR('',#13973,1.);
#13973 = DIRECTION('',(0.,0.,1.));
#13974 = ORIENTED_EDGE('',*,*,#13975,.F.);
#13975 = EDGE_CURVE('',#13976,#13968,#13978,.T.);
#13976 = VERTEX_POINT('',#13977);
#13977 = CARTESIAN_POINT('',(9.535968959732,48.728145973154,25.15));
#13978 = B_SPLINE_CURVE_WITH_KNOTS('',5,(#13979,#13980,#13981,#13982,
    #13983,#13984,#13985,#13986,#13987,#13988),.UNSPECIFIED.,.F.,.F.,(6,
    4,6),(0.,0.373677625923,1.),.UNSPECIFIED.);
#13979 = CARTESIAN_POINT('',(9.535968959732,48.728145973154,25.15));
#13980 = CARTESIAN_POINT('',(9.510513325572,48.692726998172,25.15));
#13981 = CARTESIAN_POINT('',(9.482709677449,48.660300890899,25.15));
#13982 = CARTESIAN_POINT('',(9.452550022552,48.631067704143,25.15));
#13983 = CARTESIAN_POINT('',(9.420075800985,48.605173562429,25.15));
#13984 = CARTESIAN_POINT('',(9.327265281966,48.544998117332,25.15));
#13985 = CARTESIAN_POINT('',(9.262917735045,48.516871457226,25.15));
#13986 = CARTESIAN_POINT('',(9.192878985188,48.498660600118,25.15));
#13987 = CARTESIAN_POINT('',(9.117991173437,48.489932885906,25.15));
#13988 = CARTESIAN_POINT('',(9.039156879195,48.489932885906,25.15));
#13989 = ORIENTED_EDGE('',*,*,#13990,.F.);
#13990 = EDGE_CURVE('',#12673,#13976,#13991,.T.);
#13991 = LINE('',#13992,#13993);
#13992 = CARTESIAN_POINT('',(9.535968959732,48.728145973154,24.55));
#13993 = VECTOR('',#13994,1.);
#13994 = DIRECTION('',(0.,0.,1.));
#13995 = SURFACE_OF_LINEAR_EXTRUSION('',#13996,#14000);
#13996 = B_SPLINE_CURVE_WITH_KNOTS('',2,(#13997,#13998,#13999),
  .UNSPECIFIED.,.F.,.F.,(3,3),(0.,1.),.PIECEWISE_BEZIER_KNOTS.);
#13997 = CARTESIAN_POINT('',(9.039156879195,48.489932885906,24.55));
#13998 = CARTESIAN_POINT('',(9.364765100671,48.489932885906,24.55));
#13999 = CARTESIAN_POINT('',(9.535968959732,48.728145973154,24.55));
#14000 = VECTOR('',#14001,1.);
#14001 = DIRECTION('',(-0.,-0.,-1.));
#14002 = ADVANCED_FACE('',(#14003),#14028,.F.);
#14003 = FACE_BOUND('',#14004,.F.);
#14004 = EDGE_LOOP('',(#14005,#14006,#14007,#14022));
#14005 = ORIENTED_EDGE('',*,*,#12680,.F.);
#14006 = ORIENTED_EDGE('',*,*,#13990,.T.);
#14007 = ORIENTED_EDGE('',*,*,#14008,.F.);
#14008 = EDGE_CURVE('',#14009,#13976,#14011,.T.);
#14009 = VERTEX_POINT('',#14010);
#14010 = CARTESIAN_POINT('',(9.707361577181,49.420134228188,25.15));
#14011 = B_SPLINE_CURVE_WITH_KNOTS('',5,(#14012,#14013,#14014,#14015,
    #14016,#14017,#14018,#14019,#14020,#14021),.UNSPECIFIED.,.F.,.F.,(6,
    4,6),(0.,0.519508210805,1.),.UNSPECIFIED.);
#14012 = CARTESIAN_POINT('',(9.707361577181,49.420134228188,25.15));
#14013 = CARTESIAN_POINT('',(9.707361577181,49.333754548251,25.15));
#14014 = CARTESIAN_POINT('',(9.703479574933,49.250054190193,25.15));
#14015 = CARTESIAN_POINT('',(9.69532194158,49.16949220706,25.15));
#14016 = CARTESIAN_POINT('',(9.682451499014,49.092673575394,25.15));
#14017 = CARTESIAN_POINT('',(9.647922542932,48.953264816589,25.15));
#14018 = CARTESIAN_POINT('',(9.626996305375,48.890037531987,25.15));
#14019 = CARTESIAN_POINT('',(9.601461259616,48.831097215861,25.15));
#14020 = CARTESIAN_POINT('',(9.571113849039,48.776992724593,25.15));
#14021 = CARTESIAN_POINT('',(9.535968959732,48.728145973154,25.15));
#14022 = ORIENTED_EDGE('',*,*,#14023,.F.);
#14023 = EDGE_CURVE('',#12681,#14009,#14024,.T.);
#14024 = LINE('',#14025,#14026);
#14025 = CARTESIAN_POINT('',(9.707361577181,49.420134228188,24.55));
#14026 = VECTOR('',#14027,1.);
#14027 = DIRECTION('',(0.,0.,1.));
#14028 = SURFACE_OF_LINEAR_EXTRUSION('',#14029,#14033);
#14029 = B_SPLINE_CURVE_WITH_KNOTS('',2,(#14030,#14031,#14032),
  .UNSPECIFIED.,.F.,.F.,(3,3),(0.,1.),.PIECEWISE_BEZIER_KNOTS.);
#14030 = CARTESIAN_POINT('',(9.535968959732,48.728145973154,24.55));
#14031 = CARTESIAN_POINT('',(9.707361577181,48.966359060403,24.55));
#14032 = CARTESIAN_POINT('',(9.707361577181,49.420134228188,24.55));
#14033 = VECTOR('',#14034,1.);
#14034 = DIRECTION('',(-0.,-0.,-1.));
#14035 = ADVANCED_FACE('',(#14036),#14061,.F.);
#14036 = FACE_BOUND('',#14037,.F.);
#14037 = EDGE_LOOP('',(#14038,#14039,#14040,#14055));
#14038 = ORIENTED_EDGE('',*,*,#12688,.F.);
#14039 = ORIENTED_EDGE('',*,*,#14023,.T.);
#14040 = ORIENTED_EDGE('',*,*,#14041,.F.);
#14041 = EDGE_CURVE('',#14042,#14009,#14044,.T.);
#14042 = VERTEX_POINT('',#14043);
#14043 = CARTESIAN_POINT('',(9.535968959732,50.112122483221,25.15));
#14044 = B_SPLINE_CURVE_WITH_KNOTS('',5,(#14045,#14046,#14047,#14048,
    #14049,#14050,#14051,#14052,#14053,#14054),.UNSPECIFIED.,.F.,.F.,(6,
    4,6),(0.,0.482477569164,1.),.UNSPECIFIED.);
#14045 = CARTESIAN_POINT('',(9.535968959732,50.112122483221,25.15));
#14046 = CARTESIAN_POINT('',(9.571259096338,50.063073857234,25.15));
#14047 = CARTESIAN_POINT('',(9.601712019253,50.008723931443,25.15));
#14048 = CARTESIAN_POINT('',(9.627312650676,49.949499925205,25.15));
#14049 = CARTESIAN_POINT('',(9.648267994983,49.885958010994,25.15));
#14050 = CARTESIAN_POINT('',(9.682647888599,49.746419971889,25.15));
#14051 = CARTESIAN_POINT('',(9.695415290073,49.669852240025,25.15));
#14052 = CARTESIAN_POINT('',(9.703509202305,49.589574348338,25.15));
#14053 = CARTESIAN_POINT('',(9.707361577181,49.506183720432,25.15));
#14054 = CARTESIAN_POINT('',(9.707361577181,49.420134228188,25.15));
#14055 = ORIENTED_EDGE('',*,*,#14056,.F.);
#14056 = EDGE_CURVE('',#12689,#14042,#14057,.T.);
#14057 = LINE('',#14058,#14059);
#14058 = CARTESIAN_POINT('',(9.535968959732,50.112122483221,24.55));
#14059 = VECTOR('',#14060,1.);
#14060 = DIRECTION('',(0.,0.,1.));
#14061 = SURFACE_OF_LINEAR_EXTRUSION('',#14062,#14066);
#14062 = B_SPLINE_CURVE_WITH_KNOTS('',2,(#14063,#14064,#14065),
  .UNSPECIFIED.,.F.,.F.,(3,3),(0.,1.),.PIECEWISE_BEZIER_KNOTS.);
#14063 = CARTESIAN_POINT('',(9.707361577181,49.420134228188,24.55));
#14064 = CARTESIAN_POINT('',(9.707361577181,49.873909395973,24.55));
#14065 = CARTESIAN_POINT('',(9.535968959732,50.112122483221,24.55));
#14066 = VECTOR('',#14067,1.);
#14067 = DIRECTION('',(-0.,-0.,-1.));
#14068 = ADVANCED_FACE('',(#14069),#14094,.F.);
#14069 = FACE_BOUND('',#14070,.F.);
#14070 = EDGE_LOOP('',(#14071,#14072,#14073,#14088));
#14071 = ORIENTED_EDGE('',*,*,#12696,.F.);
#14072 = ORIENTED_EDGE('',*,*,#14056,.T.);
#14073 = ORIENTED_EDGE('',*,*,#14074,.F.);
#14074 = EDGE_CURVE('',#14075,#14042,#14077,.T.);
#14075 = VERTEX_POINT('',#14076);
#14076 = CARTESIAN_POINT('',(9.039156879195,50.35033557047,25.15));
#14077 = B_SPLINE_CURVE_WITH_KNOTS('',5,(#14078,#14079,#14080,#14081,
    #14082,#14083,#14084,#14085,#14086,#14087),.UNSPECIFIED.,.F.,.F.,(6,
    4,6),(0.,0.626322374077,1.),.UNSPECIFIED.);
#14078 = CARTESIAN_POINT('',(9.039156879195,50.35033557047,25.15));
#14079 = CARTESIAN_POINT('',(9.117991173437,50.35033557047,25.15));
#14080 = CARTESIAN_POINT('',(9.192878985188,50.341607856258,25.15));
#14081 = CARTESIAN_POINT('',(9.262917735045,50.323396999149,25.15));
#14082 = CARTESIAN_POINT('',(9.327265281966,50.295270339044,25.15));
#14083 = CARTESIAN_POINT('',(9.420075800985,50.235094893947,25.15));
#14084 = CARTESIAN_POINT('',(9.452550022552,50.209200752233,25.15));
#14085 = CARTESIAN_POINT('',(9.482709677449,50.179967565476,25.15));
#14086 = CARTESIAN_POINT('',(9.510513325572,50.147541458204,25.15));
#14087 = CARTESIAN_POINT('',(9.535968959732,50.112122483221,25.15));
#14088 = ORIENTED_EDGE('',*,*,#14089,.F.);
#14089 = EDGE_CURVE('',#12697,#14075,#14090,.T.);
#14090 = LINE('',#14091,#14092);
#14091 = CARTESIAN_POINT('',(9.039156879195,50.35033557047,24.55));
#14092 = VECTOR('',#14093,1.);
#14093 = DIRECTION('',(0.,0.,1.));
#14094 = SURFACE_OF_LINEAR_EXTRUSION('',#14095,#14099);
#14095 = B_SPLINE_CURVE_WITH_KNOTS('',2,(#14096,#14097,#14098),
  .UNSPECIFIED.,.F.,.F.,(3,3),(0.,1.),.PIECEWISE_BEZIER_KNOTS.);
#14096 = CARTESIAN_POINT('',(9.535968959732,50.112122483221,24.55));
#14097 = CARTESIAN_POINT('',(9.364765100671,50.35033557047,24.55));
#14098 = CARTESIAN_POINT('',(9.039156879195,50.35033557047,24.55));
#14099 = VECTOR('',#14100,1.);
#14100 = DIRECTION('',(-0.,-0.,-1.));
#14101 = ADVANCED_FACE('',(#14102),#14127,.F.);
#14102 = FACE_BOUND('',#14103,.F.);
#14103 = EDGE_LOOP('',(#14104,#14105,#14106,#14121));
#14104 = ORIENTED_EDGE('',*,*,#12704,.F.);
#14105 = ORIENTED_EDGE('',*,*,#14089,.T.);
#14106 = ORIENTED_EDGE('',*,*,#14107,.F.);
#14107 = EDGE_CURVE('',#14108,#14075,#14110,.T.);
#14108 = VERTEX_POINT('',#14109);
#14109 = CARTESIAN_POINT('',(8.544987416107,50.112122483221,25.15));
#14110 = B_SPLINE_CURVE_WITH_KNOTS('',5,(#14111,#14112,#14113,#14114,
    #14115,#14116,#14117,#14118,#14119,#14120),.UNSPECIFIED.,.F.,.F.,(6,
    4,6),(0.,0.383877761986,1.),.UNSPECIFIED.);
#14111 = CARTESIAN_POINT('',(8.544987416107,50.112122483221,25.15));
#14112 = CARTESIAN_POINT('',(8.571135617414,50.148465027328,25.15));
#14113 = CARTESIAN_POINT('',(8.599715850074,50.181661666908,25.15));
#14114 = CARTESIAN_POINT('',(8.630737502704,50.211495911282,25.15));
#14115 = CARTESIAN_POINT('',(8.664156834538,50.237809713252,25.15));
#14116 = CARTESIAN_POINT('',(8.757158644591,50.296996460773,25.15));
#14117 = CARTESIAN_POINT('',(8.820354691848,50.324216910329,25.15));
#14118 = CARTESIAN_POINT('',(8.888950658834,50.341864533953,25.15));
#14119 = CARTESIAN_POINT('',(8.962165603167,50.35033557047,25.15));
#14120 = CARTESIAN_POINT('',(9.039156879195,50.35033557047,25.15));
#14121 = ORIENTED_EDGE('',*,*,#14122,.F.);
#14122 = EDGE_CURVE('',#12705,#14108,#14123,.T.);
#14123 = LINE('',#14124,#14125);
#14124 = CARTESIAN_POINT('',(8.544987416107,50.112122483221,24.55));
#14125 = VECTOR('',#14126,1.);
#14126 = DIRECTION('',(0.,0.,1.));
#14127 = SURFACE_OF_LINEAR_EXTRUSION('',#14128,#14132);
#14128 = B_SPLINE_CURVE_WITH_KNOTS('',2,(#14129,#14130,#14131),
  .UNSPECIFIED.,.F.,.F.,(3,3),(0.,1.),.PIECEWISE_BEZIER_KNOTS.);
#14129 = CARTESIAN_POINT('',(9.039156879195,50.35033557047,24.55));
#14130 = CARTESIAN_POINT('',(8.716380033557,50.35033557047,24.55));
#14131 = CARTESIAN_POINT('',(8.544987416107,50.112122483221,24.55));
#14132 = VECTOR('',#14133,1.);
#14133 = DIRECTION('',(-0.,-0.,-1.));
#14134 = ADVANCED_FACE('',(#14135),#14160,.F.);
#14135 = FACE_BOUND('',#14136,.F.);
#14136 = EDGE_LOOP('',(#14137,#14138,#14139,#14154));
#14137 = ORIENTED_EDGE('',*,*,#12712,.F.);
#14138 = ORIENTED_EDGE('',*,*,#14122,.T.);
#14139 = ORIENTED_EDGE('',*,*,#14140,.F.);
#14140 = EDGE_CURVE('',#14141,#14108,#14143,.T.);
#14141 = VERTEX_POINT('',#14142);
#14142 = CARTESIAN_POINT('',(8.373783557047,49.420134228188,25.15));
#14143 = B_SPLINE_CURVE_WITH_KNOTS('',5,(#14144,#14145,#14146,#14147,
    #14148,#14149,#14150,#14151,#14152,#14153),.UNSPECIFIED.,.F.,.F.,(6,
    4,6),(0.,0.519519935751,1.),.UNSPECIFIED.);
#14144 = CARTESIAN_POINT('',(8.373783557047,49.420134228188,25.15));
#14145 = CARTESIAN_POINT('',(8.373783557047,49.506513333358,25.15));
#14146 = CARTESIAN_POINT('',(8.377661231839,49.590213144775,25.15));
#14147 = CARTESIAN_POINT('',(8.385809770747,49.670774862333,25.15));
#14148 = CARTESIAN_POINT('',(8.398665936878,49.747593812589,25.15));
#14149 = CARTESIAN_POINT('',(8.433156595852,49.887001481604,25.15));
#14150 = CARTESIAN_POINT('',(8.454059155331,49.950227580908,25.15));
#14151 = CARTESIAN_POINT('',(8.479565597853,50.009167933867,25.15));
#14152 = CARTESIAN_POINT('',(8.509879739453,50.063273654184,25.15));
#14153 = CARTESIAN_POINT('',(8.544987416107,50.112122483221,25.15));
#14154 = ORIENTED_EDGE('',*,*,#14155,.F.);
#14155 = EDGE_CURVE('',#12713,#14141,#14156,.T.);
#14156 = LINE('',#14157,#14158);
#14157 = CARTESIAN_POINT('',(8.373783557047,49.420134228188,24.55));
#14158 = VECTOR('',#14159,1.);
#14159 = DIRECTION('',(0.,0.,1.));
#14160 = SURFACE_OF_LINEAR_EXTRUSION('',#14161,#14165);
#14161 = B_SPLINE_CURVE_WITH_KNOTS('',2,(#14162,#14163,#14164),
  .UNSPECIFIED.,.F.,.F.,(3,3),(0.,1.),.PIECEWISE_BEZIER_KNOTS.);
#14162 = CARTESIAN_POINT('',(8.544987416107,50.112122483221,24.55));
#14163 = CARTESIAN_POINT('',(8.373783557047,49.873909395973,24.55));
#14164 = CARTESIAN_POINT('',(8.373783557047,49.420134228188,24.55));
#14165 = VECTOR('',#14166,1.);
#14166 = DIRECTION('',(-0.,-0.,-1.));
#14167 = ADVANCED_FACE('',(#14168),#14193,.F.);
#14168 = FACE_BOUND('',#14169,.F.);
#14169 = EDGE_LOOP('',(#14170,#14171,#14172,#14187));
#14170 = ORIENTED_EDGE('',*,*,#12720,.F.);
#14171 = ORIENTED_EDGE('',*,*,#14155,.T.);
#14172 = ORIENTED_EDGE('',*,*,#14173,.F.);
#14173 = EDGE_CURVE('',#14174,#14141,#14176,.T.);
#14174 = VERTEX_POINT('',#14175);
#14175 = CARTESIAN_POINT('',(8.544987416107,48.728145973154,25.15));
#14176 = B_SPLINE_CURVE_WITH_KNOTS('',5,(#14177,#14178,#14179,#14180,
    #14181,#14182,#14183,#14184,#14185,#14186),.UNSPECIFIED.,.F.,.F.,(6,
    4,6),(0.,0.482465860262,1.),.UNSPECIFIED.);
#14177 = CARTESIAN_POINT('',(8.544987416107,48.728145973154,25.15));
#14178 = CARTESIAN_POINT('',(8.509734641225,48.7771966919,25.15));
#14179 = CARTESIAN_POINT('',(8.479315105089,48.831547856164,25.15));
#14180 = CARTESIAN_POINT('',(8.453743154165,48.89077189867,25.15));
#14181 = CARTESIAN_POINT('',(8.432811523529,48.95431261788,25.15));
#14182 = CARTESIAN_POINT('',(8.39846976801,49.093849540511,25.15));
#14183 = CARTESIAN_POINT('',(8.385716527688,49.170417586668,25.15));
#14184 = CARTESIAN_POINT('',(8.37763163793,49.250695215852,25.15));
#14185 = CARTESIAN_POINT('',(8.373783557047,49.334085303726,25.15));
#14186 = CARTESIAN_POINT('',(8.373783557047,49.420134228188,25.15));
#14187 = ORIENTED_EDGE('',*,*,#14188,.F.);
#14188 = EDGE_CURVE('',#12721,#14174,#14189,.T.);
#14189 = LINE('',#14190,#14191);
#14190 = CARTESIAN_POINT('',(8.544987416107,48.728145973154,24.55));
#14191 = VECTOR('',#14192,1.);
#14192 = DIRECTION('',(0.,0.,1.));
#14193 = SURFACE_OF_LINEAR_EXTRUSION('',#14194,#14198);
#14194 = B_SPLINE_CURVE_WITH_KNOTS('',2,(#14195,#14196,#14197),
  .UNSPECIFIED.,.F.,.F.,(3,3),(0.,1.),.PIECEWISE_BEZIER_KNOTS.);
#14195 = CARTESIAN_POINT('',(8.373783557047,49.420134228188,24.55));
#14196 = CARTESIAN_POINT('',(8.373783557047,48.966359060403,24.55));
#14197 = CARTESIAN_POINT('',(8.544987416107,48.728145973154,24.55));
#14198 = VECTOR('',#14199,1.);
#14199 = DIRECTION('',(-0.,-0.,-1.));
#14200 = ADVANCED_FACE('',(#14201),#14219,.F.);
#14201 = FACE_BOUND('',#14202,.F.);
#14202 = EDGE_LOOP('',(#14203,#14204,#14205,#14218));
#14203 = ORIENTED_EDGE('',*,*,#12728,.F.);
#14204 = ORIENTED_EDGE('',*,*,#14188,.T.);
#14205 = ORIENTED_EDGE('',*,*,#14206,.F.);
#14206 = EDGE_CURVE('',#13968,#14174,#14207,.T.);
#14207 = B_SPLINE_CURVE_WITH_KNOTS('',5,(#14208,#14209,#14210,#14211,
    #14212,#14213,#14214,#14215,#14216,#14217),.UNSPECIFIED.,.F.,.F.,(6,
    4,6),(0.,0.616122238014,1.),.UNSPECIFIED.);
#14208 = CARTESIAN_POINT('',(9.039156879195,48.489932885906,25.15));
#14209 = CARTESIAN_POINT('',(8.962165603167,48.489932885906,25.15));
#14210 = CARTESIAN_POINT('',(8.888950658834,48.498403922423,25.15));
#14211 = CARTESIAN_POINT('',(8.820354691848,48.516051546047,25.15));
#14212 = CARTESIAN_POINT('',(8.757158644591,48.543271995603,25.15));
#14213 = CARTESIAN_POINT('',(8.664156834538,48.602458743124,25.15));
#14214 = CARTESIAN_POINT('',(8.630737502704,48.628772545094,25.15));
#14215 = CARTESIAN_POINT('',(8.599715850074,48.658606789468,25.15));
#14216 = CARTESIAN_POINT('',(8.571135617414,48.691803429048,25.15));
#14217 = CARTESIAN_POINT('',(8.544987416107,48.728145973154,25.15));
#14218 = ORIENTED_EDGE('',*,*,#13967,.F.);
#14219 = SURFACE_OF_LINEAR_EXTRUSION('',#14220,#14224);
#14220 = B_SPLINE_CURVE_WITH_KNOTS('',2,(#14221,#14222,#14223),
  .UNSPECIFIED.,.F.,.F.,(3,3),(0.,1.),.PIECEWISE_BEZIER_KNOTS.);
#14221 = CARTESIAN_POINT('',(8.544987416107,48.728145973154,24.55));
#14222 = CARTESIAN_POINT('',(8.716380033557,48.489932885906,24.55));
#14223 = CARTESIAN_POINT('',(9.039156879195,48.489932885906,24.55));
#14224 = VECTOR('',#14225,1.);
#14225 = DIRECTION('',(-0.,-0.,-1.));
#14226 = ADVANCED_FACE('',(#14227),#14259,.F.);
#14227 = FACE_BOUND('',#14228,.F.);
#14228 = EDGE_LOOP('',(#14229,#14230,#14238,#14253));
#14229 = ORIENTED_EDGE('',*,*,#12886,.F.);
#14230 = ORIENTED_EDGE('',*,*,#14231,.T.);
#14231 = EDGE_CURVE('',#12887,#14232,#14234,.T.);
#14232 = VERTEX_POINT('',#14233);
#14233 = CARTESIAN_POINT('',(35.033829697987,49.975838926174,25.15));
#14234 = LINE('',#14235,#14236);
#14235 = CARTESIAN_POINT('',(35.033829697987,49.975838926174,24.55));
#14236 = VECTOR('',#14237,1.);
#14237 = DIRECTION('',(0.,0.,1.));
#14238 = ORIENTED_EDGE('',*,*,#14239,.F.);
#14239 = EDGE_CURVE('',#14240,#14232,#14242,.T.);
#14240 = VERTEX_POINT('',#14241);
#14241 = CARTESIAN_POINT('',(35.464198825503,50.160067114094,25.15));
#14242 = B_SPLINE_CURVE_WITH_KNOTS('',5,(#14243,#14244,#14245,#14246,
    #14247,#14248,#14249,#14250,#14251,#14252),.UNSPECIFIED.,.F.,.F.,(6,
    4,6),(0.,0.247289989651,1.),.UNSPECIFIED.);
#14243 = CARTESIAN_POINT('',(35.464198825503,50.160067114094,25.15));
#14244 = CARTESIAN_POINT('',(35.449812237567,50.141712460726,25.15));
#14245 = CARTESIAN_POINT('',(35.434507668936,50.124449975937,25.15));
#14246 = CARTESIAN_POINT('',(35.418288069189,50.108308792577,25.15));
#14247 = CARTESIAN_POINT('',(35.401163411396,50.093310127564,25.15));
#14248 = CARTESIAN_POINT('',(35.328322940549,50.037331938944,25.15));
#14249 = CARTESIAN_POINT('',(35.26525286902,50.005893861363,25.15));
#14250 = CARTESIAN_POINT('',(35.194458757496,49.985566060097,25.15));
#14251 = CARTESIAN_POINT('',(35.116945625285,49.975838926174,25.15));
#14252 = CARTESIAN_POINT('',(35.033829697987,49.975838926174,25.15));
#14253 = ORIENTED_EDGE('',*,*,#14254,.F.);
#14254 = EDGE_CURVE('',#12889,#14240,#14255,.T.);
#14255 = LINE('',#14256,#14257);
#14256 = CARTESIAN_POINT('',(35.464198825503,50.160067114094,24.55));
#14257 = VECTOR('',#14258,1.);
#14258 = DIRECTION('',(0.,0.,1.));
#14259 = SURFACE_OF_LINEAR_EXTRUSION('',#14260,#14264);
#14260 = B_SPLINE_CURVE_WITH_KNOTS('',2,(#14261,#14262,#14263),
  .UNSPECIFIED.,.F.,.F.,(3,3),(0.,1.),.PIECEWISE_BEZIER_KNOTS.);
#14261 = CARTESIAN_POINT('',(35.033829697987,49.975838926174,24.55));
#14262 = CARTESIAN_POINT('',(35.319798657718,49.975838926174,24.55));
#14263 = CARTESIAN_POINT('',(35.464198825503,50.160067114094,24.55));
#14264 = VECTOR('',#14265,1.);
#14265 = DIRECTION('',(-0.,-0.,-1.));
#14266 = ADVANCED_FACE('',(#14267),#14292,.F.);
#14267 = FACE_BOUND('',#14268,.F.);
#14268 = EDGE_LOOP('',(#14269,#14270,#14271,#14286));
#14269 = ORIENTED_EDGE('',*,*,#12896,.F.);
#14270 = ORIENTED_EDGE('',*,*,#14254,.T.);
#14271 = ORIENTED_EDGE('',*,*,#14272,.F.);
#14272 = EDGE_CURVE('',#14273,#14240,#14275,.T.);
#14273 = VERTEX_POINT('',#14274);
#14274 = CARTESIAN_POINT('',(35.608598993289,50.712751677852,25.15));
#14275 = B_SPLINE_CURVE_WITH_KNOTS('',5,(#14276,#14277,#14278,#14279,
    #14280,#14281,#14282,#14283,#14284,#14285),.UNSPECIFIED.,.F.,.F.,(6,
    4,6),(0.,0.560620435125,1.),.UNSPECIFIED.);
#14276 = CARTESIAN_POINT('',(35.608598993289,50.712751677852,25.15));
#14277 = CARTESIAN_POINT('',(35.608598993289,50.635670892814,25.15));
#14278 = CARTESIAN_POINT('',(35.604648910108,50.561855712057,25.15));
#14279 = CARTESIAN_POINT('',(35.596387324906,50.491798208282,25.15));
#14280 = CARTESIAN_POINT('',(35.583439255841,50.426094154641,25.15));
#14281 = CARTESIAN_POINT('',(35.551531280585,50.31768663874,25.15));
#14282 = CARTESIAN_POINT('',(35.534476916354,50.273080680055,25.15));
#14283 = CARTESIAN_POINT('',(35.514268402942,50.231782174413,25.15));
#14284 = CARTESIAN_POINT('',(35.490834525063,50.194049392225,25.15));
#14285 = CARTESIAN_POINT('',(35.464198825503,50.160067114094,25.15));
#14286 = ORIENTED_EDGE('',*,*,#14287,.F.);
#14287 = EDGE_CURVE('',#12897,#14273,#14288,.T.);
#14288 = LINE('',#14289,#14290);
#14289 = CARTESIAN_POINT('',(35.608598993289,50.712751677852,24.55));
#14290 = VECTOR('',#14291,1.);
#14291 = DIRECTION('',(0.,0.,1.));
#14292 = SURFACE_OF_LINEAR_EXTRUSION('',#14293,#14297);
#14293 = B_SPLINE_CURVE_WITH_KNOTS('',2,(#14294,#14295,#14296),
  .UNSPECIFIED.,.F.,.F.,(3,3),(0.,1.),.PIECEWISE_BEZIER_KNOTS.);
#14294 = CARTESIAN_POINT('',(35.464198825503,50.160067114094,24.55));
#14295 = CARTESIAN_POINT('',(35.608598993289,50.344295302013,24.55));
#14296 = CARTESIAN_POINT('',(35.608598993289,50.712751677852,24.55));
#14297 = VECTOR('',#14298,1.);
#14298 = DIRECTION('',(-0.,-0.,-1.));
#14299 = ADVANCED_FACE('',(#14300),#14325,.F.);
#14300 = FACE_BOUND('',#14301,.F.);
#14301 = EDGE_LOOP('',(#14302,#14303,#14304,#14319));
#14302 = ORIENTED_EDGE('',*,*,#12904,.F.);
#14303 = ORIENTED_EDGE('',*,*,#14287,.T.);
#14304 = ORIENTED_EDGE('',*,*,#14305,.F.);
#14305 = EDGE_CURVE('',#14306,#14273,#14308,.T.);
#14306 = VERTEX_POINT('',#14307);
#14307 = CARTESIAN_POINT('',(35.464198825503,51.263926174497,25.15));
#14308 = B_SPLINE_CURVE_WITH_KNOTS('',5,(#14309,#14310,#14311,#14312,
    #14313,#14314,#14315,#14316,#14317,#14318),.UNSPECIFIED.,.F.,.F.,(6,
    4,6),(0.,0.439822475441,1.),.UNSPECIFIED.);
#14309 = CARTESIAN_POINT('',(35.464198825503,51.263926174497,25.15));
#14310 = CARTESIAN_POINT('',(35.490819455767,51.229719534564,25.15));
#14311 = CARTESIAN_POINT('',(35.514247374146,51.191848998089,25.15));
#14312 = CARTESIAN_POINT('',(35.534458817763,51.150491935063,25.15));
#14313 = CARTESIAN_POINT('',(35.551521522267,51.105895628547,25.15));
#14314 = CARTESIAN_POINT('',(35.583419552462,50.997750087769,25.15));
#14315 = CARTESIAN_POINT('',(35.596367986072,50.932351807369,25.15));
#14316 = CARTESIAN_POINT('',(35.604639922161,50.862686593367,25.15));
#14317 = CARTESIAN_POINT('',(35.608598993289,50.789327342844,25.15));
#14318 = CARTESIAN_POINT('',(35.608598993289,50.712751677852,25.15));
#14319 = ORIENTED_EDGE('',*,*,#14320,.F.);
#14320 = EDGE_CURVE('',#12905,#14306,#14321,.T.);
#14321 = LINE('',#14322,#14323);
#14322 = CARTESIAN_POINT('',(35.464198825503,51.263926174497,24.55));
#14323 = VECTOR('',#14324,1.);
#14324 = DIRECTION('',(0.,0.,1.));
#14325 = SURFACE_OF_LINEAR_EXTRUSION('',#14326,#14330);
#14326 = B_SPLINE_CURVE_WITH_KNOTS('',2,(#14327,#14328,#14329),
  .UNSPECIFIED.,.F.,.F.,(3,3),(0.,1.),.PIECEWISE_BEZIER_KNOTS.);
#14327 = CARTESIAN_POINT('',(35.608598993289,50.712751677852,24.55));
#14328 = CARTESIAN_POINT('',(35.608598993289,51.078376677852,24.55));
#14329 = CARTESIAN_POINT('',(35.464198825503,51.263926174497,24.55));
#14330 = VECTOR('',#14331,1.);
#14331 = DIRECTION('',(-0.,-0.,-1.));
#14332 = ADVANCED_FACE('',(#14333),#14358,.F.);
#14333 = FACE_BOUND('',#14334,.F.);
#14334 = EDGE_LOOP('',(#14335,#14336,#14337,#14352));
#14335 = ORIENTED_EDGE('',*,*,#12912,.F.);
#14336 = ORIENTED_EDGE('',*,*,#14320,.T.);
#14337 = ORIENTED_EDGE('',*,*,#14338,.F.);
#14338 = EDGE_CURVE('',#14339,#14306,#14341,.T.);
#14339 = VERTEX_POINT('',#14340);
#14340 = CARTESIAN_POINT('',(35.033829697987,51.44966442953,25.15));
#14341 = B_SPLINE_CURVE_WITH_KNOTS('',5,(#14342,#14343,#14344,#14345,
    #14346,#14347,#14348,#14349,#14350,#14351),.UNSPECIFIED.,.F.,.F.,(6,
    4,6),(0.,0.744709261154,1.),.UNSPECIFIED.);
#14342 = CARTESIAN_POINT('',(35.033829697987,51.44966442953,25.15));
#14343 = CARTESIAN_POINT('',(35.116087353364,51.44966442953,25.15));
#14344 = CARTESIAN_POINT('',(35.192856985752,51.440059072468,25.15));
#14345 = CARTESIAN_POINT('',(35.263050645198,51.419994742357,25.15));
#14346 = CARTESIAN_POINT('',(35.325689803142,51.38897572015,25.15));
#14347 = CARTESIAN_POINT('',(35.398973638276,51.333152475519,25.15));
#14348 = CARTESIAN_POINT('',(35.416736341475,51.317659859656,25.15));
#14349 = CARTESIAN_POINT('',(35.433534061425,51.300940523892,25.15));
#14350 = CARTESIAN_POINT('',(35.449355852506,51.283018312313,25.15));
#14351 = CARTESIAN_POINT('',(35.464198825503,51.263926174497,25.15));
#14352 = ORIENTED_EDGE('',*,*,#14353,.F.);
#14353 = EDGE_CURVE('',#12913,#14339,#14354,.T.);
#14354 = LINE('',#14355,#14356);
#14355 = CARTESIAN_POINT('',(35.033829697987,51.44966442953,24.55));
#14356 = VECTOR('',#14357,1.);
#14357 = DIRECTION('',(0.,0.,1.));
#14358 = SURFACE_OF_LINEAR_EXTRUSION('',#14359,#14363);
#14359 = B_SPLINE_CURVE_WITH_KNOTS('',2,(#14360,#14361,#14362),
  .UNSPECIFIED.,.F.,.F.,(3,3),(0.,1.),.PIECEWISE_BEZIER_KNOTS.);
#14360 = CARTESIAN_POINT('',(35.464198825503,51.263926174497,24.55));
#14361 = CARTESIAN_POINT('',(35.319798657718,51.44966442953,24.55));
#14362 = CARTESIAN_POINT('',(35.033829697987,51.44966442953,24.55));
#14363 = VECTOR('',#14364,1.);
#14364 = DIRECTION('',(-0.,-0.,-1.));
#14365 = ADVANCED_FACE('',(#14366),#14391,.F.);
#14366 = FACE_BOUND('',#14367,.F.);
#14367 = EDGE_LOOP('',(#14368,#14369,#14370,#14385));
#14368 = ORIENTED_EDGE('',*,*,#12920,.F.);
#14369 = ORIENTED_EDGE('',*,*,#14353,.T.);
#14370 = ORIENTED_EDGE('',*,*,#14371,.F.);
#14371 = EDGE_CURVE('',#14372,#14339,#14374,.T.);
#14372 = VERTEX_POINT('',#14373);
#14373 = CARTESIAN_POINT('',(34.60346057047,51.263926174497,25.15));
#14374 = B_SPLINE_CURVE_WITH_KNOTS('',5,(#14375,#14376,#14377,#14378,
    #14379,#14380,#14381,#14382,#14383,#14384),.UNSPECIFIED.,.F.,.F.,(6,
    4,6),(0.,0.255290738846,1.),.UNSPECIFIED.);
#14375 = CARTESIAN_POINT('',(34.60346057047,51.263926174497,25.15));
#14376 = CARTESIAN_POINT('',(34.618303543467,51.283018312313,25.15));
#14377 = CARTESIAN_POINT('',(34.634125334548,51.300940523892,25.15));
#14378 = CARTESIAN_POINT('',(34.650923054498,51.317659859656,25.15));
#14379 = CARTESIAN_POINT('',(34.668685757697,51.333152475519,25.15));
#14380 = CARTESIAN_POINT('',(34.741969592831,51.38897572015,25.15));
#14381 = CARTESIAN_POINT('',(34.804608750775,51.419994742357,25.15));
#14382 = CARTESIAN_POINT('',(34.874802410222,51.440059072468,25.15));
#14383 = CARTESIAN_POINT('',(34.951572042609,51.44966442953,25.15));
#14384 = CARTESIAN_POINT('',(35.033829697987,51.44966442953,25.15));
#14385 = ORIENTED_EDGE('',*,*,#14386,.F.);
#14386 = EDGE_CURVE('',#12921,#14372,#14387,.T.);
#14387 = LINE('',#14388,#14389);
#14388 = CARTESIAN_POINT('',(34.60346057047,51.263926174497,24.55));
#14389 = VECTOR('',#14390,1.);
#14390 = DIRECTION('',(0.,0.,1.));
#14391 = SURFACE_OF_LINEAR_EXTRUSION('',#14392,#14396);
#14392 = B_SPLINE_CURVE_WITH_KNOTS('',2,(#14393,#14394,#14395),
  .UNSPECIFIED.,.F.,.F.,(3,3),(0.,1.),.PIECEWISE_BEZIER_KNOTS.);
#14393 = CARTESIAN_POINT('',(35.033829697987,51.44966442953,24.55));
#14394 = CARTESIAN_POINT('',(34.747860738255,51.44966442953,24.55));
#14395 = CARTESIAN_POINT('',(34.60346057047,51.263926174497,24.55));
#14396 = VECTOR('',#14397,1.);
#14397 = DIRECTION('',(-0.,-0.,-1.));
#14398 = ADVANCED_FACE('',(#14399),#14424,.F.);
#14399 = FACE_BOUND('',#14400,.F.);
#14400 = EDGE_LOOP('',(#14401,#14402,#14403,#14418));
#14401 = ORIENTED_EDGE('',*,*,#12928,.F.);
#14402 = ORIENTED_EDGE('',*,*,#14386,.T.);
#14403 = ORIENTED_EDGE('',*,*,#14404,.F.);
#14404 = EDGE_CURVE('',#14405,#14372,#14407,.T.);
#14405 = VERTEX_POINT('',#14406);
#14406 = CARTESIAN_POINT('',(34.459060402685,50.712751677852,25.15));
#14407 = B_SPLINE_CURVE_WITH_KNOTS('',5,(#14408,#14409,#14410,#14411,
    #14412,#14413,#14414,#14415,#14416,#14417),.UNSPECIFIED.,.F.,.F.,(6,
    4,6),(0.,0.562154646044,1.),.UNSPECIFIED.);
#14408 = CARTESIAN_POINT('',(34.459060402685,50.712751677852,25.15));
#14409 = CARTESIAN_POINT('',(34.459060402685,50.789597606961,25.15));
#14410 = CARTESIAN_POINT('',(34.463047473783,50.863204396952,25.15));
#14411 = CARTESIAN_POINT('',(34.471379152649,50.933089342391,25.15));
#14412 = CARTESIAN_POINT('',(34.484423005512,50.998673062972,25.15));
#14413 = CARTESIAN_POINT('',(34.516445057247,51.106697111778,25.15));
#14414 = CARTESIAN_POINT('',(34.533473339919,51.15104945853,25.15));
#14415 = CARTESIAN_POINT('',(34.55362272007,51.192189406673,25.15));
#14416 = CARTESIAN_POINT('',(34.576959605628,51.22987330072,25.15));
#14417 = CARTESIAN_POINT('',(34.60346057047,51.263926174497,25.15));
#14418 = ORIENTED_EDGE('',*,*,#14419,.F.);
#14419 = EDGE_CURVE('',#12929,#14405,#14420,.T.);
#14420 = LINE('',#14421,#14422);
#14421 = CARTESIAN_POINT('',(34.459060402685,50.712751677852,24.55));
#14422 = VECTOR('',#14423,1.);
#14423 = DIRECTION('',(0.,0.,1.));
#14424 = SURFACE_OF_LINEAR_EXTRUSION('',#14425,#14429);
#14425 = B_SPLINE_CURVE_WITH_KNOTS('',2,(#14426,#14427,#14428),
  .UNSPECIFIED.,.F.,.F.,(3,3),(0.,1.),.PIECEWISE_BEZIER_KNOTS.);
#14426 = CARTESIAN_POINT('',(34.60346057047,51.263926174497,24.55));
#14427 = CARTESIAN_POINT('',(34.459060402685,51.078376677852,24.55));
#14428 = CARTESIAN_POINT('',(34.459060402685,50.712751677852,24.55));
#14429 = VECTOR('',#14430,1.);
#14430 = DIRECTION('',(-0.,-0.,-1.));
#14431 = ADVANCED_FACE('',(#14432),#14457,.F.);
#14432 = FACE_BOUND('',#14433,.F.);
#14433 = EDGE_LOOP('',(#14434,#14435,#14436,#14451));
#14434 = ORIENTED_EDGE('',*,*,#12936,.F.);
#14435 = ORIENTED_EDGE('',*,*,#14419,.T.);
#14436 = ORIENTED_EDGE('',*,*,#14437,.F.);
#14437 = EDGE_CURVE('',#14438,#14405,#14440,.T.);
#14438 = VERTEX_POINT('',#14439);
#14439 = CARTESIAN_POINT('',(34.60346057047,50.160067114094,25.15));
#14440 = B_SPLINE_CURVE_WITH_KNOTS('',5,(#14441,#14442,#14443,#14444,
    #14445,#14446,#14447,#14448,#14449,#14450),.UNSPECIFIED.,.F.,.F.,(6,
    4,6),(0.,0.441356521474,1.),.UNSPECIFIED.);
#14441 = CARTESIAN_POINT('',(34.60346057047,50.160067114094,25.15));
#14442 = CARTESIAN_POINT('',(34.576705027137,50.194202290947,25.15));
#14443 = CARTESIAN_POINT('',(34.553180175801,50.232121808237,25.15));
#14444 = CARTESIAN_POINT('',(34.532909896703,50.273638355839,25.15));
#14445 = CARTESIAN_POINT('',(34.515821563807,50.318489829763,25.15));
#14446 = CARTESIAN_POINT('',(34.484037841609,50.427021281925,25.15));
#14447 = CARTESIAN_POINT('',(34.47118483687,50.492539528376,25.15));
#14448 = CARTESIAN_POINT('',(34.46298267185,50.562376358718,25.15));
#14449 = CARTESIAN_POINT('',(34.459060402685,50.635942702572,25.15));
#14450 = CARTESIAN_POINT('',(34.459060402685,50.712751677852,25.15));
#14451 = ORIENTED_EDGE('',*,*,#14452,.F.);
#14452 = EDGE_CURVE('',#12937,#14438,#14453,.T.);
#14453 = LINE('',#14454,#14455);
#14454 = CARTESIAN_POINT('',(34.60346057047,50.160067114094,24.55));
#14455 = VECTOR('',#14456,1.);
#14456 = DIRECTION('',(0.,0.,1.));
#14457 = SURFACE_OF_LINEAR_EXTRUSION('',#14458,#14462);
#14458 = B_SPLINE_CURVE_WITH_KNOTS('',2,(#14459,#14460,#14461),
  .UNSPECIFIED.,.F.,.F.,(3,3),(0.,1.),.PIECEWISE_BEZIER_KNOTS.);
#14459 = CARTESIAN_POINT('',(34.459060402685,50.712751677852,24.55));
#14460 = CARTESIAN_POINT('',(34.459060402685,50.344295302013,24.55));
#14461 = CARTESIAN_POINT('',(34.60346057047,50.160067114094,24.55));
#14462 = VECTOR('',#14463,1.);
#14463 = DIRECTION('',(-0.,-0.,-1.));
#14464 = ADVANCED_FACE('',(#14465),#14483,.F.);
#14465 = FACE_BOUND('',#14466,.F.);
#14466 = EDGE_LOOP('',(#14467,#14468,#14469,#14482));
#14467 = ORIENTED_EDGE('',*,*,#12944,.F.);
#14468 = ORIENTED_EDGE('',*,*,#14452,.T.);
#14469 = ORIENTED_EDGE('',*,*,#14470,.F.);
#14470 = EDGE_CURVE('',#14232,#14438,#14471,.T.);
#14471 = B_SPLINE_CURVE_WITH_KNOTS('',5,(#14472,#14473,#14474,#14475,
    #14476,#14477,#14478,#14479,#14480,#14481),.UNSPECIFIED.,.F.,.F.,(6,
    4,6),(0.,0.752710010349,1.),.UNSPECIFIED.);
#14472 = CARTESIAN_POINT('',(35.033829697987,49.975838926174,25.15));
#14473 = CARTESIAN_POINT('',(34.950713770688,49.975838926174,25.15));
#14474 = CARTESIAN_POINT('',(34.873200638477,49.985566060097,25.15));
#14475 = CARTESIAN_POINT('',(34.802406526953,50.005893861363,25.15));
#14476 = CARTESIAN_POINT('',(34.739336455424,50.037331938944,25.15));
#14477 = CARTESIAN_POINT('',(34.666495984577,50.093310127564,25.15));
#14478 = CARTESIAN_POINT('',(34.649371326784,50.108308792577,25.15));
#14479 = CARTESIAN_POINT('',(34.633151727037,50.124449975937,25.15));
#14480 = CARTESIAN_POINT('',(34.617847158406,50.141712460726,25.15));
#14481 = CARTESIAN_POINT('',(34.60346057047,50.160067114094,25.15));
#14482 = ORIENTED_EDGE('',*,*,#14231,.F.);
#14483 = SURFACE_OF_LINEAR_EXTRUSION('',#14484,#14488);
#14484 = B_SPLINE_CURVE_WITH_KNOTS('',2,(#14485,#14486,#14487),
  .UNSPECIFIED.,.F.,.F.,(3,3),(0.,1.),.PIECEWISE_BEZIER_KNOTS.);
#14485 = CARTESIAN_POINT('',(34.60346057047,50.160067114094,24.55));
#14486 = CARTESIAN_POINT('',(34.747860738255,49.975838926174,24.55));
#14487 = CARTESIAN_POINT('',(35.033829697987,49.975838926174,24.55));
#14488 = VECTOR('',#14489,1.);
#14489 = DIRECTION('',(-0.,-0.,-1.));
#14490 = ADVANCED_FACE('',(#14491),#14523,.F.);
#14491 = FACE_BOUND('',#14492,.F.);
#14492 = EDGE_LOOP('',(#14493,#14494,#14502,#14517));
#14493 = ORIENTED_EDGE('',*,*,#13035,.F.);
#14494 = ORIENTED_EDGE('',*,*,#14495,.T.);
#14495 = EDGE_CURVE('',#13036,#14496,#14498,.T.);
#14496 = VERTEX_POINT('',#14497);
#14497 = CARTESIAN_POINT('',(49.509899328859,49.927516778523,25.15));
#14498 = LINE('',#14499,#14500);
#14499 = CARTESIAN_POINT('',(49.509899328859,49.927516778523,24.55));
#14500 = VECTOR('',#14501,1.);
#14501 = DIRECTION('',(0.,0.,1.));
#14502 = ORIENTED_EDGE('',*,*,#14503,.F.);
#14503 = EDGE_CURVE('',#14504,#14496,#14506,.T.);
#14504 = VERTEX_POINT('',#14505);
#14505 = CARTESIAN_POINT('',(49.080851510067,49.74177852349,25.15));
#14506 = B_SPLINE_CURVE_WITH_KNOTS('',5,(#14507,#14508,#14509,#14510,
    #14511,#14512,#14513,#14514,#14515,#14516),.UNSPECIFIED.,.F.,.F.,(6,
    4,6),(0.,0.253264630083,1.),.UNSPECIFIED.);
#14507 = CARTESIAN_POINT('',(49.080851510067,49.74177852349,25.15));
#14508 = CARTESIAN_POINT('',(49.095445021739,49.760723134948,25.15));
#14509 = CARTESIAN_POINT('',(49.111010524831,49.778515890321,25.15));
#14510 = CARTESIAN_POINT('',(49.127545322812,49.795124436129,25.15));
#14511 = CARTESIAN_POINT('',(49.145038781997,49.810525315423,25.15));
#14512 = CARTESIAN_POINT('',(49.217822532102,49.866508862582,25.15));
#14513 = CARTESIAN_POINT('',(49.280359630894,49.897699937115,25.15));
#14514 = CARTESIAN_POINT('',(49.350569038065,49.917867042891,25.15));
#14515 = CARTESIAN_POINT('',(49.427451956931,49.927516778523,25.15));
#14516 = CARTESIAN_POINT('',(49.509899328859,49.927516778523,25.15));
#14517 = ORIENTED_EDGE('',*,*,#14518,.F.);
#14518 = EDGE_CURVE('',#13038,#14504,#14519,.T.);
#14519 = LINE('',#14520,#14521);
#14520 = CARTESIAN_POINT('',(49.080851510067,49.74177852349,24.55));
#14521 = VECTOR('',#14522,1.);
#14522 = DIRECTION('',(0.,0.,1.));
#14523 = SURFACE_OF_LINEAR_EXTRUSION('',#14524,#14528);
#14524 = B_SPLINE_CURVE_WITH_KNOTS('',2,(#14525,#14526,#14527),
  .UNSPECIFIED.,.F.,.F.,(3,3),(0.,1.),.PIECEWISE_BEZIER_KNOTS.);
#14525 = CARTESIAN_POINT('',(49.509899328859,49.927516778523,24.55));
#14526 = CARTESIAN_POINT('',(49.223930369128,49.927516778523,24.55));
#14527 = CARTESIAN_POINT('',(49.080851510067,49.74177852349,24.55));
#14528 = VECTOR('',#14529,1.);
#14529 = DIRECTION('',(-0.,-0.,-1.));
#14530 = ADVANCED_FACE('',(#14531),#14553,.F.);
#14531 = FACE_BOUND('',#14532,.F.);
#14532 = EDGE_LOOP('',(#14533,#14534,#14535,#14547));
#14533 = ORIENTED_EDGE('',*,*,#13045,.F.);
#14534 = ORIENTED_EDGE('',*,*,#14518,.T.);
#14535 = ORIENTED_EDGE('',*,*,#14536,.F.);
#14536 = EDGE_CURVE('',#14537,#14504,#14539,.T.);
#14537 = VERTEX_POINT('',#14538);
#14538 = CARTESIAN_POINT('',(48.937961409396,49.184563758389,25.15));
#14539 = B_SPLINE_CURVE_WITH_KNOTS('',6,(#14540,#14541,#14542,#14543,
    #14544,#14545,#14546),.UNSPECIFIED.,.F.,.F.,(7,7),(0.,1.),
  .PIECEWISE_BEZIER_KNOTS.);
#14540 = CARTESIAN_POINT('',(48.937961409396,49.184563758389,25.15));
#14541 = CARTESIAN_POINT('',(48.937961409396,49.299916884147,25.15));
#14542 = CARTESIAN_POINT('',(48.946228218829,49.408403041475,25.15));
#14543 = CARTESIAN_POINT('',(48.963805787442,49.508538245858,25.15));
#14544 = CARTESIAN_POINT('',(48.991728790608,49.598565676757,25.15));
#14545 = CARTESIAN_POINT('',(49.030783940718,49.676697297282,25.15));
#14546 = CARTESIAN_POINT('',(49.080851510067,49.74177852349,25.15));
#14547 = ORIENTED_EDGE('',*,*,#14548,.F.);
#14548 = EDGE_CURVE('',#13046,#14537,#14549,.T.);
#14549 = LINE('',#14550,#14551);
#14550 = CARTESIAN_POINT('',(48.937961409396,49.184563758389,24.55));
#14551 = VECTOR('',#14552,1.);
#14552 = DIRECTION('',(0.,0.,1.));
#14553 = SURFACE_OF_LINEAR_EXTRUSION('',#14554,#14558);
#14554 = B_SPLINE_CURVE_WITH_KNOTS('',2,(#14555,#14556,#14557),
  .UNSPECIFIED.,.F.,.F.,(3,3),(0.,1.),.PIECEWISE_BEZIER_KNOTS.);
#14555 = CARTESIAN_POINT('',(49.080851510067,49.74177852349,24.55));
#14556 = CARTESIAN_POINT('',(48.937961409396,49.556040268456,24.55));
#14557 = CARTESIAN_POINT('',(48.937961409396,49.184563758389,24.55));
#14558 = VECTOR('',#14559,1.);
#14559 = DIRECTION('',(-0.,-0.,-1.));
#14560 = ADVANCED_FACE('',(#14561),#14583,.F.);
#14561 = FACE_BOUND('',#14562,.F.);
#14562 = EDGE_LOOP('',(#14563,#14564,#14565,#14577));
#14563 = ORIENTED_EDGE('',*,*,#13053,.F.);
#14564 = ORIENTED_EDGE('',*,*,#14548,.T.);
#14565 = ORIENTED_EDGE('',*,*,#14566,.F.);
#14566 = EDGE_CURVE('',#14567,#14537,#14569,.T.);
#14567 = VERTEX_POINT('',#14568);
#14568 = CARTESIAN_POINT('',(49.080851510067,48.627348993289,25.15));
#14569 = B_SPLINE_CURVE_WITH_KNOTS('',6,(#14570,#14571,#14572,#14573,
    #14574,#14575,#14576),.UNSPECIFIED.,.F.,.F.,(7,7),(0.,1.),
  .PIECEWISE_BEZIER_KNOTS.);
#14570 = CARTESIAN_POINT('',(49.080851510067,48.627348993289,25.15));
#14571 = CARTESIAN_POINT('',(49.030783920651,48.692430245581,25.15));
#14572 = CARTESIAN_POINT('',(48.99172880578,48.770561841972,25.15));
#14573 = CARTESIAN_POINT('',(48.963805794936,48.860589231309,25.15));
#14574 = CARTESIAN_POINT('',(48.946228211365,48.960724455465,25.15));
#14575 = CARTESIAN_POINT('',(48.937961409396,49.069210684692,25.15));
#14576 = CARTESIAN_POINT('',(48.937961409396,49.184563758389,25.15));
#14577 = ORIENTED_EDGE('',*,*,#14578,.F.);
#14578 = EDGE_CURVE('',#13054,#14567,#14579,.T.);
#14579 = LINE('',#14580,#14581);
#14580 = CARTESIAN_POINT('',(49.080851510067,48.627348993289,24.55));
#14581 = VECTOR('',#14582,1.);
#14582 = DIRECTION('',(0.,0.,1.));
#14583 = SURFACE_OF_LINEAR_EXTRUSION('',#14584,#14588);
#14584 = B_SPLINE_CURVE_WITH_KNOTS('',2,(#14585,#14586,#14587),
  .UNSPECIFIED.,.F.,.F.,(3,3),(0.,1.),.PIECEWISE_BEZIER_KNOTS.);
#14585 = CARTESIAN_POINT('',(48.937961409396,49.184563758389,24.55));
#14586 = CARTESIAN_POINT('',(48.937961409396,48.813087248322,24.55));
#14587 = CARTESIAN_POINT('',(49.080851510067,48.627348993289,24.55));
#14588 = VECTOR('',#14589,1.);
#14589 = DIRECTION('',(-0.,-0.,-1.));
#14590 = ADVANCED_FACE('',(#14591),#14616,.F.);
#14591 = FACE_BOUND('',#14592,.F.);
#14592 = EDGE_LOOP('',(#14593,#14594,#14595,#14610));
#14593 = ORIENTED_EDGE('',*,*,#13061,.F.);
#14594 = ORIENTED_EDGE('',*,*,#14578,.T.);
#14595 = ORIENTED_EDGE('',*,*,#14596,.F.);
#14596 = EDGE_CURVE('',#14597,#14567,#14599,.T.);
#14597 = VERTEX_POINT('',#14598);
#14598 = CARTESIAN_POINT('',(49.509899328859,48.441610738255,25.15));
#14599 = B_SPLINE_CURVE_WITH_KNOTS('',5,(#14600,#14601,#14602,#14603,
    #14604,#14605,#14606,#14607,#14608,#14609),.UNSPECIFIED.,.F.,.F.,(6,
    4,6),(0.,0.746735369917,1.),.UNSPECIFIED.);
#14600 = CARTESIAN_POINT('',(49.509899328859,48.441610738255,25.15));
#14601 = CARTESIAN_POINT('',(49.427451956931,48.441610738255,25.15));
#14602 = CARTESIAN_POINT('',(49.350569038065,48.451260473887,25.15));
#14603 = CARTESIAN_POINT('',(49.280359630894,48.471427579664,25.15));
#14604 = CARTESIAN_POINT('',(49.217822532102,48.502618654197,25.15));
#14605 = CARTESIAN_POINT('',(49.145038781997,48.558602201355,25.15));
#14606 = CARTESIAN_POINT('',(49.127545322812,48.57400308065,25.15));
#14607 = CARTESIAN_POINT('',(49.111010524831,48.590611626458,25.15));
#14608 = CARTESIAN_POINT('',(49.095445021739,48.60840438183,25.15));
#14609 = CARTESIAN_POINT('',(49.080851510067,48.627348993289,25.15));
#14610 = ORIENTED_EDGE('',*,*,#14611,.F.);
#14611 = EDGE_CURVE('',#13062,#14597,#14612,.T.);
#14612 = LINE('',#14613,#14614);
#14613 = CARTESIAN_POINT('',(49.509899328859,48.441610738255,24.55));
#14614 = VECTOR('',#14615,1.);
#14615 = DIRECTION('',(0.,0.,1.));
#14616 = SURFACE_OF_LINEAR_EXTRUSION('',#14617,#14621);
#14617 = B_SPLINE_CURVE_WITH_KNOTS('',2,(#14618,#14619,#14620),
  .UNSPECIFIED.,.F.,.F.,(3,3),(0.,1.),.PIECEWISE_BEZIER_KNOTS.);
#14618 = CARTESIAN_POINT('',(49.080851510067,48.627348993289,24.55));
#14619 = CARTESIAN_POINT('',(49.223930369128,48.441610738255,24.55));
#14620 = CARTESIAN_POINT('',(49.509899328859,48.441610738255,24.55));
#14621 = VECTOR('',#14622,1.);
#14622 = DIRECTION('',(-0.,-0.,-1.));
#14623 = ADVANCED_FACE('',(#14624),#14649,.F.);
#14624 = FACE_BOUND('',#14625,.F.);
#14625 = EDGE_LOOP('',(#14626,#14627,#14628,#14643));
#14626 = ORIENTED_EDGE('',*,*,#13069,.F.);
#14627 = ORIENTED_EDGE('',*,*,#14611,.T.);
#14628 = ORIENTED_EDGE('',*,*,#14629,.F.);
#14629 = EDGE_CURVE('',#14630,#14597,#14632,.T.);
#14630 = VERTEX_POINT('',#14631);
#14631 = CARTESIAN_POINT('',(49.941589765101,48.627348993289,25.15));
#14632 = B_SPLINE_CURVE_WITH_KNOTS('',5,(#14633,#14634,#14635,#14636,
    #14637,#14638,#14639,#14640,#14641,#14642),.UNSPECIFIED.,.F.,.F.,(6,
    4,6),(0.,0.241194073782,1.),.UNSPECIFIED.);
#14633 = CARTESIAN_POINT('',(49.941589765101,48.627348993289,25.15));
#14634 = CARTESIAN_POINT('',(49.927694664568,48.609287198144,25.15));
#14635 = CARTESIAN_POINT('',(49.912899370701,48.592273873255,25.15));
#14636 = CARTESIAN_POINT('',(49.89720651269,48.576336966608,25.15));
#14637 = CARTESIAN_POINT('',(49.880625492372,48.56149695371,25.15));
#14638 = CARTESIAN_POINT('',(49.80826464258,48.504571358853,25.15));
#14639 = CARTESIAN_POINT('',(49.744710664081,48.472348814855,25.15));
#14640 = CARTESIAN_POINT('',(49.673056813159,48.451546584225,25.15));
#14641 = CARTESIAN_POINT('',(49.594388014725,48.441610738255,25.15));
#14642 = CARTESIAN_POINT('',(49.509899328859,48.441610738255,25.15));
#14643 = ORIENTED_EDGE('',*,*,#14644,.F.);
#14644 = EDGE_CURVE('',#13070,#14630,#14645,.T.);
#14645 = LINE('',#14646,#14647);
#14646 = CARTESIAN_POINT('',(49.941589765101,48.627348993289,24.55));
#14647 = VECTOR('',#14648,1.);
#14648 = DIRECTION('',(0.,0.,1.));
#14649 = SURFACE_OF_LINEAR_EXTRUSION('',#14650,#14654);
#14650 = B_SPLINE_CURVE_WITH_KNOTS('',2,(#14651,#14652,#14653),
  .UNSPECIFIED.,.F.,.F.,(3,3),(0.,1.),.PIECEWISE_BEZIER_KNOTS.);
#14651 = CARTESIAN_POINT('',(49.509899328859,48.441610738255,24.55));
#14652 = CARTESIAN_POINT('',(49.79869966443,48.441610738255,24.55));
#14653 = CARTESIAN_POINT('',(49.941589765101,48.627348993289,24.55));
#14654 = VECTOR('',#14655,1.);
#14655 = DIRECTION('',(-0.,-0.,-1.));
#14656 = ADVANCED_FACE('',(#14657),#14679,.F.);
#14657 = FACE_BOUND('',#14658,.F.);
#14658 = EDGE_LOOP('',(#14659,#14660,#14661,#14673));
#14659 = ORIENTED_EDGE('',*,*,#13077,.F.);
#14660 = ORIENTED_EDGE('',*,*,#14644,.T.);
#14661 = ORIENTED_EDGE('',*,*,#14662,.F.);
#14662 = EDGE_CURVE('',#14663,#14630,#14665,.T.);
#14663 = VERTEX_POINT('',#14664);
#14664 = CARTESIAN_POINT('',(50.084668624161,49.184563758389,25.15));
#14665 = B_SPLINE_CURVE_WITH_KNOTS('',6,(#14666,#14667,#14668,#14669,
    #14670,#14671,#14672),.UNSPECIFIED.,.F.,.F.,(7,7),(0.,1.),
  .PIECEWISE_BEZIER_KNOTS.);
#14666 = CARTESIAN_POINT('',(50.084668624161,49.184563758389,25.15));
#14667 = CARTESIAN_POINT('',(50.084668624161,49.069207604991,25.15));
#14668 = CARTESIAN_POINT('',(50.07639045855,48.96071840487,25.15));
#14669 = CARTESIAN_POINT('',(50.058788622665,48.860581597143,25.15));
#14670 = CARTESIAN_POINT('',(50.030827435073,48.770554899462,25.15));
#14671 = CARTESIAN_POINT('',(49.991720425895,48.69242626271,25.15));
#14672 = CARTESIAN_POINT('',(49.941589765101,48.627348993289,25.15));
#14673 = ORIENTED_EDGE('',*,*,#14674,.F.);
#14674 = EDGE_CURVE('',#13078,#14663,#14675,.T.);
#14675 = LINE('',#14676,#14677);
#14676 = CARTESIAN_POINT('',(50.084668624161,49.184563758389,24.55));
#14677 = VECTOR('',#14678,1.);
#14678 = DIRECTION('',(0.,0.,1.));
#14679 = SURFACE_OF_LINEAR_EXTRUSION('',#14680,#14684);
#14680 = B_SPLINE_CURVE_WITH_KNOTS('',2,(#14681,#14682,#14683),
  .UNSPECIFIED.,.F.,.F.,(3,3),(0.,1.),.PIECEWISE_BEZIER_KNOTS.);
#14681 = CARTESIAN_POINT('',(49.941589765101,48.627348993289,24.55));
#14682 = CARTESIAN_POINT('',(50.084668624161,48.813087248322,24.55));
#14683 = CARTESIAN_POINT('',(50.084668624161,49.184563758389,24.55));
#14684 = VECTOR('',#14685,1.);
#14685 = DIRECTION('',(-0.,-0.,-1.));
#14686 = ADVANCED_FACE('',(#14687),#14712,.F.);
#14687 = FACE_BOUND('',#14688,.F.);
#14688 = EDGE_LOOP('',(#14689,#14690,#14691,#14706));
#14689 = ORIENTED_EDGE('',*,*,#13085,.F.);
#14690 = ORIENTED_EDGE('',*,*,#14674,.T.);
#14691 = ORIENTED_EDGE('',*,*,#14692,.F.);
#14692 = EDGE_CURVE('',#14693,#14663,#14695,.T.);
#14693 = VERTEX_POINT('',#14694);
#14694 = CARTESIAN_POINT('',(49.941589765101,49.74177852349,25.15));
#14695 = B_SPLINE_CURVE_WITH_KNOTS('',5,(#14696,#14697,#14698,#14699,
    #14700,#14701,#14702,#14703,#14704,#14705),.UNSPECIFIED.,.F.,.F.,(6,
    4,6),(0.,0.437075885834,1.),.UNSPECIFIED.);
#14696 = CARTESIAN_POINT('',(49.941589765101,49.74177852349,25.15));
#14697 = CARTESIAN_POINT('',(49.967880897731,49.70764860989,25.15));
#14698 = CARTESIAN_POINT('',(49.99101444439,49.669778303587,25.15));
#14699 = CARTESIAN_POINT('',(50.010971998597,49.628356821809,25.15));
#14700 = CARTESIAN_POINT('',(50.027827637402,49.583644949369,25.15));
#14701 = CARTESIAN_POINT('',(50.059570027036,49.47446281777,25.15));
#14702 = CARTESIAN_POINT('',(50.072492631435,49.408008502617,25.15));
#14703 = CARTESIAN_POINT('',(50.080731639364,49.337152811662,25.15));
#14704 = CARTESIAN_POINT('',(50.084668624161,49.262504710014,25.15));
#14705 = CARTESIAN_POINT('',(50.084668624161,49.184563758389,25.15));
#14706 = ORIENTED_EDGE('',*,*,#14707,.F.);
#14707 = EDGE_CURVE('',#13086,#14693,#14708,.T.);
#14708 = LINE('',#14709,#14710);
#14709 = CARTESIAN_POINT('',(49.941589765101,49.74177852349,24.55));
#14710 = VECTOR('',#14711,1.);
#14711 = DIRECTION('',(0.,0.,1.));
#14712 = SURFACE_OF_LINEAR_EXTRUSION('',#14713,#14717);
#14713 = B_SPLINE_CURVE_WITH_KNOTS('',2,(#14714,#14715,#14716),
  .UNSPECIFIED.,.F.,.F.,(3,3),(0.,1.),.PIECEWISE_BEZIER_KNOTS.);
#14714 = CARTESIAN_POINT('',(50.084668624161,49.184563758389,24.55));
#14715 = CARTESIAN_POINT('',(50.084668624161,49.556040268456,24.55));
#14716 = CARTESIAN_POINT('',(49.941589765101,49.74177852349,24.55));
#14717 = VECTOR('',#14718,1.);
#14718 = DIRECTION('',(-0.,-0.,-1.));
#14719 = ADVANCED_FACE('',(#14720),#14738,.F.);
#14720 = FACE_BOUND('',#14721,.F.);
#14721 = EDGE_LOOP('',(#14722,#14723,#14724,#14737));
#14722 = ORIENTED_EDGE('',*,*,#13093,.F.);
#14723 = ORIENTED_EDGE('',*,*,#14707,.T.);
#14724 = ORIENTED_EDGE('',*,*,#14725,.F.);
#14725 = EDGE_CURVE('',#14496,#14693,#14726,.T.);
#14726 = B_SPLINE_CURVE_WITH_KNOTS('',5,(#14727,#14728,#14729,#14730,
    #14731,#14732,#14733,#14734,#14735,#14736),.UNSPECIFIED.,.F.,.F.,(6,
    4,6),(0.,0.758805926218,1.),.UNSPECIFIED.);
#14727 = CARTESIAN_POINT('',(49.509899328859,49.927516778523,25.15));
#14728 = CARTESIAN_POINT('',(49.594388014725,49.927516778523,25.15));
#14729 = CARTESIAN_POINT('',(49.673056813159,49.917580932554,25.15));
#14730 = CARTESIAN_POINT('',(49.744710664081,49.896778701923,25.15));
#14731 = CARTESIAN_POINT('',(49.80826464258,49.864556157925,25.15));
#14732 = CARTESIAN_POINT('',(49.880625492372,49.807630563069,25.15));
#14733 = CARTESIAN_POINT('',(49.89720651269,49.79279055017,25.15));
#14734 = CARTESIAN_POINT('',(49.912899370701,49.776853643523,25.15));
#14735 = CARTESIAN_POINT('',(49.927694664568,49.759840318634,25.15));
#14736 = CARTESIAN_POINT('',(49.941589765101,49.74177852349,25.15));
#14737 = ORIENTED_EDGE('',*,*,#14495,.F.);
#14738 = SURFACE_OF_LINEAR_EXTRUSION('',#14739,#14743);
#14739 = B_SPLINE_CURVE_WITH_KNOTS('',2,(#14740,#14741,#14742),
  .UNSPECIFIED.,.F.,.F.,(3,3),(0.,1.),.PIECEWISE_BEZIER_KNOTS.);
#14740 = CARTESIAN_POINT('',(49.941589765101,49.74177852349,24.55));
#14741 = CARTESIAN_POINT('',(49.79869966443,49.927516778523,24.55));
#14742 = CARTESIAN_POINT('',(49.509899328859,49.927516778523,24.55));
#14743 = VECTOR('',#14744,1.);
#14744 = DIRECTION('',(-0.,-0.,-1.));
#14745 = ADVANCED_FACE('',(#14746),#14782,.F.);
#14746 = FACE_BOUND('',#14747,.F.);
#14747 = EDGE_LOOP('',(#14748,#14749,#14757,#14776));
#14748 = ORIENTED_EDGE('',*,*,#13125,.F.);
#14749 = ORIENTED_EDGE('',*,*,#14750,.T.);
#14750 = EDGE_CURVE('',#13126,#14751,#14753,.T.);
#14751 = VERTEX_POINT('',#14752);
#14752 = CARTESIAN_POINT('',(53.465520134228,49.722147651007,25.15));
#14753 = LINE('',#14754,#14755);
#14754 = CARTESIAN_POINT('',(53.465520134228,49.722147651007,24.55));
#14755 = VECTOR('',#14756,1.);
#14756 = DIRECTION('',(0.,0.,1.));
#14757 = ORIENTED_EDGE('',*,*,#14758,.F.);
#14758 = EDGE_CURVE('',#14759,#14751,#14761,.T.);
#14759 = VERTEX_POINT('',#14760);
#14760 = CARTESIAN_POINT('',(52.995511744966,49.556040268456,25.15));
#14761 = B_SPLINE_CURVE_WITH_KNOTS('',5,(#14762,#14763,#14764,#14765,
    #14766,#14767,#14768,#14769,#14770,#14771,#14772,#14773,#14774,
    #14775),.UNSPECIFIED.,.F.,.F.,(6,4,4,6),(0.,9.028226551446E-02,
    0.538104206261,1.),.UNSPECIFIED.);
#14762 = CARTESIAN_POINT('',(52.995511744966,49.556040268456,25.15));
#14763 = CARTESIAN_POINT('',(53.001552401724,49.56215035805,25.15));
#14764 = CARTESIAN_POINT('',(53.007714758793,49.568121980525,25.15));
#14765 = CARTESIAN_POINT('',(53.013998309904,49.573954280114,25.15));
#14766 = CARTESIAN_POINT('',(53.020402440189,49.579646522328,25.15));
#14767 = CARTESIAN_POINT('',(53.059286979478,49.612735236144,25.15));
#14768 = CARTESIAN_POINT('',(53.094597644598,49.636812344394,25.15));
#14769 = CARTESIAN_POINT('',(53.132767116541,49.657351083911,25.15));
#14770 = CARTESIAN_POINT('',(53.173645984745,49.674359460622,25.15));
#14771 = CARTESIAN_POINT('',(53.261805263821,49.701886928521,25.15));
#14772 = CARTESIAN_POINT('',(53.309248935477,49.712185961514,25.15));
#14773 = CARTESIAN_POINT('',(53.359169006089,49.718887714204,25.15));
#14774 = CARTESIAN_POINT('',(53.411334098777,49.722147651007,25.15));
#14775 = CARTESIAN_POINT('',(53.465520134228,49.722147651007,25.15));
#14776 = ORIENTED_EDGE('',*,*,#14777,.F.);
#14777 = EDGE_CURVE('',#13128,#14759,#14778,.T.);
#14778 = LINE('',#14779,#14780);
#14779 = CARTESIAN_POINT('',(52.995511744966,49.556040268456,24.55));
#14780 = VECTOR('',#14781,1.);
#14781 = DIRECTION('',(0.,0.,1.));
#14782 = SURFACE_OF_LINEAR_EXTRUSION('',#14783,#14787);
#14783 = B_SPLINE_CURVE_WITH_KNOTS('',2,(#14784,#14785,#14786),
  .UNSPECIFIED.,.F.,.F.,(3,3),(0.,1.),.PIECEWISE_BEZIER_KNOTS.);
#14784 = CARTESIAN_POINT('',(53.465520134228,49.722147651007,24.55));
#14785 = CARTESIAN_POINT('',(53.159731543624,49.722147651007,24.55));
#14786 = CARTESIAN_POINT('',(52.995511744966,49.556040268456,24.55));
#14787 = VECTOR('',#14788,1.);
#14788 = DIRECTION('',(-0.,-0.,-1.));
#14789 = ADVANCED_FACE('',(#14790),#14819,.F.);
#14790 = FACE_BOUND('',#14791,.F.);
#14791 = EDGE_LOOP('',(#14792,#14793,#14794,#14813));
#14792 = ORIENTED_EDGE('',*,*,#13135,.F.);
#14793 = ORIENTED_EDGE('',*,*,#14777,.T.);
#14794 = ORIENTED_EDGE('',*,*,#14795,.F.);
#14795 = EDGE_CURVE('',#14796,#14759,#14798,.T.);
#14796 = VERTEX_POINT('',#14797);
#14797 = CARTESIAN_POINT('',(52.831291946309,49.080557885906,25.15));
#14798 = B_SPLINE_CURVE_WITH_KNOTS('',5,(#14799,#14800,#14801,#14802,
    #14803,#14804,#14805,#14806,#14807,#14808,#14809,#14810,#14811,
    #14812),.UNSPECIFIED.,.F.,.F.,(6,4,4,6),(0.,0.481263815512,
    0.936319812815,1.),.UNSPECIFIED.);
#14799 = CARTESIAN_POINT('',(52.831291946309,49.080557885906,25.15));
#14800 = CARTESIAN_POINT('',(52.831291946309,49.137621838407,25.15));
#14801 = CARTESIAN_POINT('',(52.834779643382,49.192481756947,25.15));
#14802 = CARTESIAN_POINT('',(52.841961528258,49.244881885242,25.15));
#14803 = CARTESIAN_POINT('',(52.853015743113,49.294555796809,25.15));
#14804 = CARTESIAN_POINT('',(52.88223184637,49.385435691163,25.15));
#14805 = CARTESIAN_POINT('',(52.899974599063,49.426957985309,25.15));
#14806 = CARTESIAN_POINT('',(52.921336778337,49.465631709928,25.15));
#14807 = CARTESIAN_POINT('',(52.946325756293,49.501298624854,25.15));
#14808 = CARTESIAN_POINT('',(52.978849640119,49.538421112771,25.15));
#14809 = CARTESIAN_POINT('',(52.982911670609,49.54291756513,25.15));
#14810 = CARTESIAN_POINT('',(52.987042870485,49.547353052987,25.15));
#14811 = CARTESIAN_POINT('',(52.991242988907,49.551727352852,25.15));
#14812 = CARTESIAN_POINT('',(52.995511744966,49.556040268456,25.15));
#14813 = ORIENTED_EDGE('',*,*,#14814,.F.);
#14814 = EDGE_CURVE('',#13136,#14796,#14815,.T.);
#14815 = LINE('',#14816,#14817);
#14816 = CARTESIAN_POINT('',(52.831291946309,49.080557885906,24.55));
#14817 = VECTOR('',#14818,1.);
#14818 = DIRECTION('',(0.,0.,1.));
#14819 = SURFACE_OF_LINEAR_EXTRUSION('',#14820,#14824);
#14820 = B_SPLINE_CURVE_WITH_KNOTS('',2,(#14821,#14822,#14823),
  .UNSPECIFIED.,.F.,.F.,(3,3),(0.,1.),.PIECEWISE_BEZIER_KNOTS.);
#14821 = CARTESIAN_POINT('',(52.995511744966,49.556040268456,24.55));
#14822 = CARTESIAN_POINT('',(52.831291946309,49.390121644295,24.55));
#14823 = CARTESIAN_POINT('',(52.831291946309,49.080557885906,24.55));
#14824 = VECTOR('',#14825,1.);
#14825 = DIRECTION('',(-0.,-0.,-1.));
#14826 = ADVANCED_FACE('',(#14827),#14856,.F.);
#14827 = FACE_BOUND('',#14828,.F.);
#14828 = EDGE_LOOP('',(#14829,#14830,#14831,#14850));
#14829 = ORIENTED_EDGE('',*,*,#13143,.F.);
#14830 = ORIENTED_EDGE('',*,*,#14814,.T.);
#14831 = ORIENTED_EDGE('',*,*,#14832,.F.);
#14832 = EDGE_CURVE('',#14833,#14796,#14835,.T.);
#14833 = VERTEX_POINT('',#14834);
#14834 = CARTESIAN_POINT('',(52.995511744966,48.606208053691,25.15));
#14835 = B_SPLINE_CURVE_WITH_KNOTS('',5,(#14836,#14837,#14838,#14839,
    #14840,#14841,#14842,#14843,#14844,#14845,#14846,#14847,#14848,
    #14849),.UNSPECIFIED.,.F.,.F.,(6,4,4,6),(0.,6.267936704128E-02,
    0.519615931465,1.),.UNSPECIFIED.);
#14836 = CARTESIAN_POINT('',(52.995511744966,48.606208053691,25.15));
#14837 = CARTESIAN_POINT('',(52.991308625777,48.610420835223,25.15));
#14838 = CARTESIAN_POINT('',(52.987172061717,48.614693728461,25.15));
#14839 = CARTESIAN_POINT('',(52.983102322532,48.619026545207,25.15));
#14840 = CARTESIAN_POINT('',(52.979099649421,48.623419071131,25.15));
#14841 = CARTESIAN_POINT('',(52.946474980145,48.6603263893,25.15));
#14842 = CARTESIAN_POINT('',(52.921360064746,48.6959434795,25.15));
#14843 = CARTESIAN_POINT('',(52.899906030268,48.73462578466,25.15));
#14844 = CARTESIAN_POINT('',(52.882104633391,48.776210727363,25.15));
#14845 = CARTESIAN_POINT('',(52.852920286701,48.86704096545,25.15));
#14846 = CARTESIAN_POINT('',(52.841912772973,48.91657267671,25.15));
#14847 = CARTESIAN_POINT('',(52.834763146828,48.96884675564,25.15));
#14848 = CARTESIAN_POINT('',(52.831291946309,49.023594352482,25.15));
#14849 = CARTESIAN_POINT('',(52.831291946309,49.080557885906,25.15));
#14850 = ORIENTED_EDGE('',*,*,#14851,.F.);
#14851 = EDGE_CURVE('',#13144,#14833,#14852,.T.);
#14852 = LINE('',#14853,#14854);
#14853 = CARTESIAN_POINT('',(52.995511744966,48.606208053691,24.55));
#14854 = VECTOR('',#14855,1.);
#14855 = DIRECTION('',(0.,0.,1.));
#14856 = SURFACE_OF_LINEAR_EXTRUSION('',#14857,#14861);
#14857 = B_SPLINE_CURVE_WITH_KNOTS('',2,(#14858,#14859,#14860),
  .UNSPECIFIED.,.F.,.F.,(3,3),(0.,1.),.PIECEWISE_BEZIER_KNOTS.);
#14858 = CARTESIAN_POINT('',(52.831291946309,49.080557885906,24.55));
#14859 = CARTESIAN_POINT('',(52.831291946309,48.770805369128,24.55));
#14860 = CARTESIAN_POINT('',(52.995511744966,48.606208053691,24.55));
#14861 = VECTOR('',#14862,1.);
#14862 = DIRECTION('',(-0.,-0.,-1.));
#14863 = ADVANCED_FACE('',(#14864),#14893,.F.);
#14864 = FACE_BOUND('',#14865,.F.);
#14865 = EDGE_LOOP('',(#14866,#14867,#14868,#14887));
#14866 = ORIENTED_EDGE('',*,*,#13151,.F.);
#14867 = ORIENTED_EDGE('',*,*,#14851,.T.);
#14868 = ORIENTED_EDGE('',*,*,#14869,.F.);
#14869 = EDGE_CURVE('',#14870,#14833,#14872,.T.);
#14870 = VERTEX_POINT('',#14871);
#14871 = CARTESIAN_POINT('',(53.465520134228,48.441610738255,25.15));
#14872 = B_SPLINE_CURVE_WITH_KNOTS('',5,(#14873,#14874,#14875,#14876,
    #14877,#14878,#14879,#14880,#14881,#14882,#14883,#14884,#14885,
    #14886),.UNSPECIFIED.,.F.,.F.,(6,4,4,6),(0.,0.472957401358,
    0.920548932208,1.),.UNSPECIFIED.);
#14873 = CARTESIAN_POINT('',(53.465520134228,48.441610738255,25.15));
#14874 = CARTESIAN_POINT('',(53.410051290185,48.441610738255,25.15));
#14875 = CARTESIAN_POINT('',(53.356700140567,48.444995803941,25.15));
#14876 = CARTESIAN_POINT('',(53.305705749628,48.451959262382,25.15));
#14877 = CARTESIAN_POINT('',(53.257315321115,48.462666391574,25.15));
#14878 = CARTESIAN_POINT('',(53.168623509698,48.490955678255,25.15));
#14879 = CARTESIAN_POINT('',(53.128025206802,48.508138954647,25.15));
#14880 = CARTESIAN_POINT('',(53.090140788624,48.52882103476,25.15));
#14881 = CARTESIAN_POINT('',(53.055117335378,48.553008496329,25.15));
#14882 = CARTESIAN_POINT('',(53.017350945143,48.585525043855,25.15));
#14883 = CARTESIAN_POINT('',(53.011750630222,48.590534897548,25.15));
#14884 = CARTESIAN_POINT('',(53.006243723543,48.595652355192,25.15));
#14885 = CARTESIAN_POINT('',(53.000830643739,48.600876927565,25.15));
#14886 = CARTESIAN_POINT('',(52.995511744966,48.606208053691,25.15));
#14887 = ORIENTED_EDGE('',*,*,#14888,.F.);
#14888 = EDGE_CURVE('',#13152,#14870,#14889,.T.);
#14889 = LINE('',#14890,#14891);
#14890 = CARTESIAN_POINT('',(53.465520134228,48.441610738255,24.55));
#14891 = VECTOR('',#14892,1.);
#14892 = DIRECTION('',(0.,0.,1.));
#14893 = SURFACE_OF_LINEAR_EXTRUSION('',#14894,#14898);
#14894 = B_SPLINE_CURVE_WITH_KNOTS('',2,(#14895,#14896,#14897),
  .UNSPECIFIED.,.F.,.F.,(3,3),(0.,1.),.PIECEWISE_BEZIER_KNOTS.);
#14895 = CARTESIAN_POINT('',(52.995511744966,48.606208053691,24.55));
#14896 = CARTESIAN_POINT('',(53.159731543624,48.441610738255,24.55));
#14897 = CARTESIAN_POINT('',(53.465520134228,48.441610738255,24.55));
#14898 = VECTOR('',#14899,1.);
#14899 = DIRECTION('',(-0.,-0.,-1.));
#14900 = ADVANCED_FACE('',(#14901),#14930,.F.);
#14901 = FACE_BOUND('',#14902,.F.);
#14902 = EDGE_LOOP('',(#14903,#14904,#14905,#14924));
#14903 = ORIENTED_EDGE('',*,*,#13159,.F.);
#14904 = ORIENTED_EDGE('',*,*,#14888,.T.);
#14905 = ORIENTED_EDGE('',*,*,#14906,.F.);
#14906 = EDGE_CURVE('',#14907,#14870,#14909,.T.);
#14907 = VERTEX_POINT('',#14908);
#14908 = CARTESIAN_POINT('',(53.929865771812,48.606208053691,25.15));
#14909 = B_SPLINE_CURVE_WITH_KNOTS('',5,(#14910,#14911,#14912,#14913,
    #14914,#14915,#14916,#14917,#14918,#14919,#14920,#14921,#14922,
    #14923),.UNSPECIFIED.,.F.,.F.,(6,4,4,6),(0.,8.832282076971E-02,
    0.534142025644,1.),.UNSPECIFIED.);
#14910 = CARTESIAN_POINT('',(53.929865771812,48.606208053691,25.15));
#14911 = CARTESIAN_POINT('',(53.924058230691,48.600285040992,25.15));
#14912 = CARTESIAN_POINT('',(53.918134285969,48.594493374307,25.15));
#14913 = CARTESIAN_POINT('',(53.91209440007,48.588833840837,25.15));
#14914 = CARTESIAN_POINT('',(53.905939134229,48.583307118348,25.15));
#14915 = CARTESIAN_POINT('',(53.868020702118,48.550690279053,25.15));
#14916 = CARTESIAN_POINT('',(53.833448254944,48.526864083137,25.15));
#14917 = CARTESIAN_POINT('',(53.796039554033,48.506511645357,25.15));
#14918 = CARTESIAN_POINT('',(53.755939311878,48.489626014114,25.15));
#14919 = CARTESIAN_POINT('',(53.668811420792,48.462042352893,25.15));
#14920 = CARTESIAN_POINT('',(53.621550989704,48.451655877902,25.15));
#14921 = CARTESIAN_POINT('',(53.571759803906,48.444897715775,25.15));
#14922 = CARTESIAN_POINT('',(53.519673346241,48.441610738255,25.15));
#14923 = CARTESIAN_POINT('',(53.465520134228,48.441610738255,25.15));
#14924 = ORIENTED_EDGE('',*,*,#14925,.F.);
#14925 = EDGE_CURVE('',#13160,#14907,#14926,.T.);
#14926 = LINE('',#14927,#14928);
#14927 = CARTESIAN_POINT('',(53.929865771812,48.606208053691,24.55));
#14928 = VECTOR('',#14929,1.);
#14929 = DIRECTION('',(0.,0.,1.));
#14930 = SURFACE_OF_LINEAR_EXTRUSION('',#14931,#14935);
#14931 = B_SPLINE_CURVE_WITH_KNOTS('',2,(#14932,#14933,#14934),
  .UNSPECIFIED.,.F.,.F.,(3,3),(0.,1.),.PIECEWISE_BEZIER_KNOTS.);
#14932 = CARTESIAN_POINT('',(53.465520134228,48.441610738255,24.55));
#14933 = CARTESIAN_POINT('',(53.768477348993,48.441610738255,24.55));
#14934 = CARTESIAN_POINT('',(53.929865771812,48.606208053691,24.55));
#14935 = VECTOR('',#14936,1.);
#14936 = DIRECTION('',(-0.,-0.,-1.));
#14937 = ADVANCED_FACE('',(#14938),#14963,.F.);
#14938 = FACE_BOUND('',#14939,.F.);
#14939 = EDGE_LOOP('',(#14940,#14941,#14942,#14957));
#14940 = ORIENTED_EDGE('',*,*,#13167,.F.);
#14941 = ORIENTED_EDGE('',*,*,#14925,.T.);
#14942 = ORIENTED_EDGE('',*,*,#14943,.F.);
#14943 = EDGE_CURVE('',#14944,#14907,#14946,.T.);
#14944 = VERTEX_POINT('',#14945);
#14945 = CARTESIAN_POINT('',(54.091254194631,49.080557885906,25.15));
#14946 = B_SPLINE_CURVE_WITH_KNOTS('',5,(#14947,#14948,#14949,#14950,
    #14951,#14952,#14953,#14954,#14955,#14956),.UNSPECIFIED.,.F.,.F.,(6,
    4,6),(0.,0.497492386844,1.),.UNSPECIFIED.);
#14947 = CARTESIAN_POINT('',(54.091254194631,49.080557885906,25.15));
#14948 = CARTESIAN_POINT('',(54.091254194631,49.021594967156,25.15));
#14949 = CARTESIAN_POINT('',(54.087599156694,48.965006119809,25.15));
#14950 = CARTESIAN_POINT('',(54.080063228071,48.911074185255,25.15));
#14951 = CARTESIAN_POINT('',(54.068450368276,48.86009524256,25.15));
#14952 = CARTESIAN_POINT('',(54.036716144566,48.76408239407,25.15));
#14953 = CARTESIAN_POINT('',(54.016509070444,48.719109789994,25.15));
#14954 = CARTESIAN_POINT('',(53.991941937854,48.677686380334,25.15));
#14955 = CARTESIAN_POINT('',(53.963015600941,48.64001700223,25.15));
#14956 = CARTESIAN_POINT('',(53.929865771812,48.606208053691,25.15));
#14957 = ORIENTED_EDGE('',*,*,#14958,.F.);
#14958 = EDGE_CURVE('',#13168,#14944,#14959,.T.);
#14959 = LINE('',#14960,#14961);
#14960 = CARTESIAN_POINT('',(54.091254194631,49.080557885906,24.55));
#14961 = VECTOR('',#14962,1.);
#14962 = DIRECTION('',(0.,0.,1.));
#14963 = SURFACE_OF_LINEAR_EXTRUSION('',#14964,#14968);
#14964 = B_SPLINE_CURVE_WITH_KNOTS('',2,(#14965,#14966,#14967),
  .UNSPECIFIED.,.F.,.F.,(3,3),(0.,1.),.PIECEWISE_BEZIER_KNOTS.);
#14965 = CARTESIAN_POINT('',(53.929865771812,48.606208053691,24.55));
#14966 = CARTESIAN_POINT('',(54.091254194631,48.770805369128,24.55));
#14967 = CARTESIAN_POINT('',(54.091254194631,49.080557885906,24.55));
#14968 = VECTOR('',#14969,1.);
#14969 = DIRECTION('',(-0.,-0.,-1.));
#14970 = ADVANCED_FACE('',(#14971),#15000,.F.);
#14971 = FACE_BOUND('',#14972,.F.);
#14972 = EDGE_LOOP('',(#14973,#14974,#14975,#14994));
#14973 = ORIENTED_EDGE('',*,*,#13175,.F.);
#14974 = ORIENTED_EDGE('',*,*,#14958,.T.);
#14975 = ORIENTED_EDGE('',*,*,#14976,.F.);
#14976 = EDGE_CURVE('',#14977,#14944,#14979,.T.);
#14977 = VERTEX_POINT('',#14978);
#14978 = CARTESIAN_POINT('',(53.929865771812,49.55755033557,25.15));
#14979 = B_SPLINE_CURVE_WITH_KNOTS('',5,(#14980,#14981,#14982,#14983,
    #14984,#14985,#14986,#14987,#14988,#14989,#14990,#14991,#14992,
    #14993),.UNSPECIFIED.,.F.,.F.,(6,4,4,6),(0.,3.518823291918E-02,
    0.499219816034,1.),.UNSPECIFIED.);
#14980 = CARTESIAN_POINT('',(53.929865771812,49.55755033557,25.15));
#14981 = CARTESIAN_POINT('',(53.932189607169,49.5551802953,25.15));
#14982 = CARTESIAN_POINT('',(53.934492648031,49.552790982076,25.15));
#14983 = CARTESIAN_POINT('',(53.936774850505,49.550382432397,25.15));
#14984 = CARTESIAN_POINT('',(53.939036173527,49.547954685406,25.15));
#14985 = CARTESIAN_POINT('',(53.970821081295,49.513240176471,25.15));
#14986 = CARTESIAN_POINT('',(53.99672927015,49.477640047295,25.15));
#14987 = CARTESIAN_POINT('',(54.018908867714,49.438806827646,25.15));
#14988 = CARTESIAN_POINT('',(54.037367889652,49.396912332824,25.15));
#14989 = CARTESIAN_POINT('',(54.068181501241,49.303901315122,25.15));
#14990 = CARTESIAN_POINT('',(54.079937785817,49.252314065475,25.15));
#14991 = CARTESIAN_POINT('',(54.08756021948,49.197689985988,25.15));
#14992 = CARTESIAN_POINT('',(54.091254194631,49.140339675525,25.15));
#14993 = CARTESIAN_POINT('',(54.091254194631,49.080557885906,25.15));
#14994 = ORIENTED_EDGE('',*,*,#14995,.F.);
#14995 = EDGE_CURVE('',#13176,#14977,#14996,.T.);
#14996 = LINE('',#14997,#14998);
#14997 = CARTESIAN_POINT('',(53.929865771812,49.55755033557,24.55));
#14998 = VECTOR('',#14999,1.);
#14999 = DIRECTION('',(0.,0.,1.));
#15000 = SURFACE_OF_LINEAR_EXTRUSION('',#15001,#15005);
#15001 = B_SPLINE_CURVE_WITH_KNOTS('',2,(#15002,#15003,#15004),
  .UNSPECIFIED.,.F.,.F.,(3,3),(0.,1.),.PIECEWISE_BEZIER_KNOTS.);
#15002 = CARTESIAN_POINT('',(54.091254194631,49.080557885906,24.55));
#15003 = CARTESIAN_POINT('',(54.091254194631,49.392953020134,24.55));
#15004 = CARTESIAN_POINT('',(53.929865771812,49.55755033557,24.55));
#15005 = VECTOR('',#15006,1.);
#15006 = DIRECTION('',(-0.,-0.,-1.));
#15007 = ADVANCED_FACE('',(#15008),#15030,.F.);
#15008 = FACE_BOUND('',#15009,.F.);
#15009 = EDGE_LOOP('',(#15010,#15011,#15012,#15029));
#15010 = ORIENTED_EDGE('',*,*,#13183,.F.);
#15011 = ORIENTED_EDGE('',*,*,#14995,.T.);
#15012 = ORIENTED_EDGE('',*,*,#15013,.F.);
#15013 = EDGE_CURVE('',#14751,#14977,#15014,.T.);
#15014 = B_SPLINE_CURVE_WITH_KNOTS('',5,(#15015,#15016,#15017,#15018,
    #15019,#15020,#15021,#15022,#15023,#15024,#15025,#15026,#15027,
    #15028),.UNSPECIFIED.,.F.,.F.,(6,4,4,6),(0.,0.466854530537,
    0.910696025087,1.),.UNSPECIFIED.);
#15015 = CARTESIAN_POINT('',(53.465520134228,49.722147651007,25.15));
#15016 = CARTESIAN_POINT('',(53.519789191651,49.722147651007,25.15));
#15017 = CARTESIAN_POINT('',(53.571982652776,49.718846594896,25.15));
#15018 = CARTESIAN_POINT('',(53.621870513798,49.712059090343,25.15));
#15019 = CARTESIAN_POINT('',(53.669215761375,49.701627058885,25.15));
#15020 = CARTESIAN_POINT('',(53.756204073555,49.674011038283,25.15));
#15021 = CARTESIAN_POINT('',(53.79611394523,49.657184613678,25.15));
#15022 = CARTESIAN_POINT('',(53.833355869696,49.636922191866,25.15));
#15023 = CARTESIAN_POINT('',(53.867787082292,49.613216961981,25.15));
#15024 = CARTESIAN_POINT('',(53.905665539017,49.580696752973,25.15));
#15025 = CARTESIAN_POINT('',(53.911893069986,49.575113110923,25.15));
#15026 = CARTESIAN_POINT('',(53.918002656092,49.569393675368,25.15));
#15027 = CARTESIAN_POINT('',(53.923993716054,49.563539145654,25.15));
#15028 = CARTESIAN_POINT('',(53.929865771812,49.55755033557,25.15));
#15029 = ORIENTED_EDGE('',*,*,#14750,.F.);
#15030 = SURFACE_OF_LINEAR_EXTRUSION('',#15031,#15035);
#15031 = B_SPLINE_CURVE_WITH_KNOTS('',2,(#15032,#15033,#15034),
  .UNSPECIFIED.,.F.,.F.,(3,3),(0.,1.),.PIECEWISE_BEZIER_KNOTS.);
#15032 = CARTESIAN_POINT('',(53.929865771812,49.55755033557,24.55));
#15033 = CARTESIAN_POINT('',(53.768477348993,49.722147651007,24.55));
#15034 = CARTESIAN_POINT('',(53.465520134228,49.722147651007,24.55));
#15035 = VECTOR('',#15036,1.);
#15036 = DIRECTION('',(-0.,-0.,-1.));
#15037 = ADVANCED_FACE('',(#15038),#15070,.F.);
#15038 = FACE_BOUND('',#15039,.F.);
#15039 = EDGE_LOOP('',(#15040,#15041,#15049,#15064));
#15040 = ORIENTED_EDGE('',*,*,#13191,.F.);
#15041 = ORIENTED_EDGE('',*,*,#15042,.T.);
#15042 = EDGE_CURVE('',#13192,#15043,#15045,.T.);
#15043 = VERTEX_POINT('',#15044);
#15044 = CARTESIAN_POINT('',(52.924727348993,50.92567114094,25.15));
#15045 = LINE('',#15046,#15047);
#15046 = CARTESIAN_POINT('',(52.924727348993,50.92567114094,24.55));
#15047 = VECTOR('',#15048,1.);
#15048 = DIRECTION('',(0.,0.,1.));
#15049 = ORIENTED_EDGE('',*,*,#15050,.F.);
#15050 = EDGE_CURVE('',#15051,#15043,#15053,.T.);
#15051 = VERTEX_POINT('',#15052);
#15052 = CARTESIAN_POINT('',(53.064786073825,50.535318791946,25.15));
#15053 = B_SPLINE_CURVE_WITH_KNOTS('',5,(#15054,#15055,#15056,#15057,
    #15058,#15059,#15060,#15061,#15062,#15063),.UNSPECIFIED.,.F.,.F.,(6,
    4,6),(0.,0.108573457522,1.),.UNSPECIFIED.);
#15054 = CARTESIAN_POINT('',(53.064786073825,50.535318791946,25.15));
#15055 = CARTESIAN_POINT('',(53.05862635233,50.541337387748,25.15));
#15056 = CARTESIAN_POINT('',(53.052633799154,50.547499098205,25.15));
#15057 = CARTESIAN_POINT('',(53.046809363009,50.553803424024,25.15));
#15058 = CARTESIAN_POINT('',(53.041153838261,50.560249731499,25.15));
#15059 = CARTESIAN_POINT('',(52.990626080804,50.620923133341,25.15));
#15060 = CARTESIAN_POINT('',(52.9570044454,50.684539696812,25.15));
#15061 = CARTESIAN_POINT('',(52.935198713067,50.757229131165,25.15));
#15062 = CARTESIAN_POINT('',(52.924727348993,50.837994728697,25.15));
#15063 = CARTESIAN_POINT('',(52.924727348993,50.92567114094,25.15));
#15064 = ORIENTED_EDGE('',*,*,#15065,.F.);
#15065 = EDGE_CURVE('',#13194,#15051,#15066,.T.);
#15066 = LINE('',#15067,#15068);
#15067 = CARTESIAN_POINT('',(53.064786073825,50.535318791946,24.55));
#15068 = VECTOR('',#15069,1.);
#15069 = DIRECTION('',(0.,0.,1.));
#15070 = SURFACE_OF_LINEAR_EXTRUSION('',#15071,#15075);
#15071 = B_SPLINE_CURVE_WITH_KNOTS('',2,(#15072,#15073,#15074),
  .UNSPECIFIED.,.F.,.F.,(3,3),(0.,1.),.PIECEWISE_BEZIER_KNOTS.);
#15072 = CARTESIAN_POINT('',(52.924727348993,50.92567114094,24.55));
#15073 = CARTESIAN_POINT('',(52.924727348993,50.672168624161,24.55));
#15074 = CARTESIAN_POINT('',(53.064786073825,50.535318791946,24.55));
#15075 = VECTOR('',#15076,1.);
#15076 = DIRECTION('',(-0.,-0.,-1.));
#15077 = ADVANCED_FACE('',(#15078),#15099,.F.);
#15078 = FACE_BOUND('',#15079,.F.);
#15079 = EDGE_LOOP('',(#15080,#15081,#15082,#15093));
#15080 = ORIENTED_EDGE('',*,*,#13201,.F.);
#15081 = ORIENTED_EDGE('',*,*,#15065,.T.);
#15082 = ORIENTED_EDGE('',*,*,#15083,.F.);
#15083 = EDGE_CURVE('',#15084,#15051,#15086,.T.);
#15084 = VERTEX_POINT('',#15085);
#15085 = CARTESIAN_POINT('',(53.465520134228,50.398657718121,25.15));
#15086 = B_SPLINE_CURVE_WITH_KNOTS('',5,(#15087,#15088,#15089,#15090,
    #15091,#15092),.UNSPECIFIED.,.F.,.F.,(6,6),(0.,1.),
  .PIECEWISE_BEZIER_KNOTS.);
#15087 = CARTESIAN_POINT('',(53.465520134228,50.398657718121,25.15));
#15088 = CARTESIAN_POINT('',(53.364728196844,50.398657718121,25.15));
#15089 = CARTESIAN_POINT('',(53.27273632071,50.411446354108,25.15));
#15090 = CARTESIAN_POINT('',(53.191262102253,50.438264250309,25.15));
#15091 = CARTESIAN_POINT('',(53.12176680262,50.479795174656,25.15));
#15092 = CARTESIAN_POINT('',(53.064786073825,50.535318791946,25.15));
#15093 = ORIENTED_EDGE('',*,*,#15094,.F.);
#15094 = EDGE_CURVE('',#13202,#15084,#15095,.T.);
#15095 = LINE('',#15096,#15097);
#15096 = CARTESIAN_POINT('',(53.465520134228,50.398657718121,24.55));
#15097 = VECTOR('',#15098,1.);
#15098 = DIRECTION('',(0.,0.,1.));
#15099 = SURFACE_OF_LINEAR_EXTRUSION('',#15100,#15104);
#15100 = B_SPLINE_CURVE_WITH_KNOTS('',2,(#15101,#15102,#15103),
  .UNSPECIFIED.,.F.,.F.,(3,3),(0.,1.),.PIECEWISE_BEZIER_KNOTS.);
#15101 = CARTESIAN_POINT('',(53.064786073825,50.535318791946,24.55));
#15102 = CARTESIAN_POINT('',(53.205033557047,50.398657718121,24.55));
#15103 = CARTESIAN_POINT('',(53.465520134228,50.398657718121,24.55));
#15104 = VECTOR('',#15105,1.);
#15105 = DIRECTION('',(-0.,-0.,-1.));
#15106 = ADVANCED_FACE('',(#15107),#15132,.F.);
#15107 = FACE_BOUND('',#15108,.F.);
#15108 = EDGE_LOOP('',(#15109,#15110,#15111,#15126));
#15109 = ORIENTED_EDGE('',*,*,#13209,.F.);
#15110 = ORIENTED_EDGE('',*,*,#15094,.T.);
#15111 = ORIENTED_EDGE('',*,*,#15112,.F.);
#15112 = EDGE_CURVE('',#15113,#15084,#15115,.T.);
#15113 = VERTEX_POINT('',#15114);
#15114 = CARTESIAN_POINT('',(53.859081375839,50.535318791946,25.15));
#15115 = B_SPLINE_CURVE_WITH_KNOTS('',5,(#15116,#15117,#15118,#15119,
    #15120,#15121,#15122,#15123,#15124,#15125),.UNSPECIFIED.,.F.,.F.,(6,
    4,6),(0.,7.888286152219E-02,1.),.UNSPECIFIED.);
#15116 = CARTESIAN_POINT('',(53.859081375839,50.535318791946,25.15));
#15117 = CARTESIAN_POINT('',(53.854642835428,50.530946678671,25.15));
#15118 = CARTESIAN_POINT('',(53.850129242606,50.5266612062,25.15));
#15119 = CARTESIAN_POINT('',(53.845540808021,50.522462696811,25.15));
#15120 = CARTESIAN_POINT('',(53.840877778338,50.518351431705,25.15));
#15121 = CARTESIAN_POINT('',(53.780822374599,50.467341863581,25.15));
#15122 = CARTESIAN_POINT('',(53.715359377052,50.4322748036,25.15));
#15123 = CARTESIAN_POINT('',(53.640237103451,50.409554697715,25.15));
#15124 = CARTESIAN_POINT('',(53.556537378019,50.398657718121,25.15));
#15125 = CARTESIAN_POINT('',(53.465520134228,50.398657718121,25.15));
#15126 = ORIENTED_EDGE('',*,*,#15127,.F.);
#15127 = EDGE_CURVE('',#13210,#15113,#15128,.T.);
#15128 = LINE('',#15129,#15130);
#15129 = CARTESIAN_POINT('',(53.859081375839,50.535318791946,24.55));
#15130 = VECTOR('',#15131,1.);
#15131 = DIRECTION('',(0.,0.,1.));
#15132 = SURFACE_OF_LINEAR_EXTRUSION('',#15133,#15137);
#15133 = B_SPLINE_CURVE_WITH_KNOTS('',2,(#15134,#15135,#15136),
  .UNSPECIFIED.,.F.,.F.,(3,3),(0.,1.),.PIECEWISE_BEZIER_KNOTS.);
#15134 = CARTESIAN_POINT('',(53.465520134228,50.398657718121,24.55));
#15135 = CARTESIAN_POINT('',(53.720343959732,50.398657718121,24.55));
#15136 = CARTESIAN_POINT('',(53.859081375839,50.535318791946,24.55));
#15137 = VECTOR('',#15138,1.);
#15138 = DIRECTION('',(-0.,-0.,-1.));
#15139 = ADVANCED_FACE('',(#15140),#15165,.F.);
#15140 = FACE_BOUND('',#15141,.F.);
#15141 = EDGE_LOOP('',(#15142,#15143,#15144,#15159));
#15142 = ORIENTED_EDGE('',*,*,#13217,.F.);
#15143 = ORIENTED_EDGE('',*,*,#15127,.T.);
#15144 = ORIENTED_EDGE('',*,*,#15145,.F.);
#15145 = EDGE_CURVE('',#15146,#15113,#15148,.T.);
#15146 = VERTEX_POINT('',#15147);
#15147 = CARTESIAN_POINT('',(53.997818791946,50.92567114094,25.15));
#15148 = B_SPLINE_CURVE_WITH_KNOTS('',5,(#15149,#15150,#15151,#15152,
    #15153,#15154,#15155,#15156,#15157,#15158),.UNSPECIFIED.,.F.,.F.,(6,
    4,6),(0.,0.901330863919,1.),.UNSPECIFIED.);
#15149 = CARTESIAN_POINT('',(53.997818791946,50.92567114094,25.15));
#15150 = CARTESIAN_POINT('',(53.997818791946,50.837039421754,25.15));
#15151 = CARTESIAN_POINT('',(53.987218930678,50.755469499232,25.15));
#15152 = CARTESIAN_POINT('',(53.965135971356,50.682158851791,25.15));
#15153 = CARTESIAN_POINT('',(53.931074751937,50.618132313966,25.15));
#15154 = CARTESIAN_POINT('',(53.880445988556,50.557913552018,25.15));
#15155 = CARTESIAN_POINT('',(53.875311701114,50.552088514836,25.15));
#15156 = CARTESIAN_POINT('',(53.870039099134,50.546380740276,25.15));
#15157 = CARTESIAN_POINT('',(53.864628762784,50.54079070424,25.15));
#15158 = CARTESIAN_POINT('',(53.859081375839,50.535318791946,25.15));
#15159 = ORIENTED_EDGE('',*,*,#15160,.F.);
#15160 = EDGE_CURVE('',#13218,#15146,#15161,.T.);
#15161 = LINE('',#15162,#15163);
#15162 = CARTESIAN_POINT('',(53.997818791946,50.92567114094,24.55));
#15163 = VECTOR('',#15164,1.);
#15164 = DIRECTION('',(0.,0.,1.));
#15165 = SURFACE_OF_LINEAR_EXTRUSION('',#15166,#15170);
#15166 = B_SPLINE_CURVE_WITH_KNOTS('',2,(#15167,#15168,#15169),
  .UNSPECIFIED.,.F.,.F.,(3,3),(0.,1.),.PIECEWISE_BEZIER_KNOTS.);
#15167 = CARTESIAN_POINT('',(53.859081375839,50.535318791946,24.55));
#15168 = CARTESIAN_POINT('',(53.997818791946,50.672168624161,24.55));
#15169 = CARTESIAN_POINT('',(53.997818791946,50.92567114094,24.55));
#15170 = VECTOR('',#15171,1.);
#15171 = DIRECTION('',(-0.,-0.,-1.));
#15172 = ADVANCED_FACE('',(#15173),#15198,.F.);
#15173 = FACE_BOUND('',#15174,.F.);
#15174 = EDGE_LOOP('',(#15175,#15176,#15177,#15192));
#15175 = ORIENTED_EDGE('',*,*,#13225,.F.);
#15176 = ORIENTED_EDGE('',*,*,#15160,.T.);
#15177 = ORIENTED_EDGE('',*,*,#15178,.F.);
#15178 = EDGE_CURVE('',#15179,#15146,#15181,.T.);
#15179 = VERTEX_POINT('',#15180);
#15180 = CARTESIAN_POINT('',(53.859081375839,51.31432466443,25.15));
#15181 = B_SPLINE_CURVE_WITH_KNOTS('',5,(#15182,#15183,#15184,#15185,
    #15186,#15187,#15188,#15189,#15190,#15191),.UNSPECIFIED.,.F.,.F.,(6,
    4,6),(0.,9.666825669173E-02,1.),.UNSPECIFIED.);
#15182 = CARTESIAN_POINT('',(53.859081375839,51.31432466443,25.15));
#15183 = CARTESIAN_POINT('',(53.864517874072,51.309028701525,25.15));
#15184 = CARTESIAN_POINT('',(53.869822733931,51.303617690169,25.15));
#15185 = CARTESIAN_POINT('',(53.874995306165,51.298091992762,25.15));
#15186 = CARTESIAN_POINT('',(53.880035038423,51.292452057666,25.15));
#15187 = CARTESIAN_POINT('',(53.930790446624,51.232932638863,25.15));
#15188 = CARTESIAN_POINT('',(53.965009559691,51.169226038808,25.15));
#15189 = CARTESIAN_POINT('',(53.987182638473,51.096048813508,25.15));
#15190 = CARTESIAN_POINT('',(53.997818791946,51.014454351832,25.15));
#15191 = CARTESIAN_POINT('',(53.997818791946,50.92567114094,25.15));
#15192 = ORIENTED_EDGE('',*,*,#15193,.F.);
#15193 = EDGE_CURVE('',#13226,#15179,#15194,.T.);
#15194 = LINE('',#15195,#15196);
#15195 = CARTESIAN_POINT('',(53.859081375839,51.31432466443,24.55));
#15196 = VECTOR('',#15197,1.);
#15197 = DIRECTION('',(0.,0.,1.));
#15198 = SURFACE_OF_LINEAR_EXTRUSION('',#15199,#15203);
#15199 = B_SPLINE_CURVE_WITH_KNOTS('',2,(#15200,#15201,#15202),
  .UNSPECIFIED.,.F.,.F.,(3,3),(0.,1.),.PIECEWISE_BEZIER_KNOTS.);
#15200 = CARTESIAN_POINT('',(53.997818791946,50.92567114094,24.55));
#15201 = CARTESIAN_POINT('',(53.997818791946,51.179173657718,24.55));
#15202 = CARTESIAN_POINT('',(53.859081375839,51.31432466443,24.55));
#15203 = VECTOR('',#15204,1.);
#15204 = DIRECTION('',(-0.,-0.,-1.));
#15205 = ADVANCED_FACE('',(#15206),#15231,.F.);
#15206 = FACE_BOUND('',#15207,.F.);
#15207 = EDGE_LOOP('',(#15208,#15209,#15210,#15225));
#15208 = ORIENTED_EDGE('',*,*,#13233,.F.);
#15209 = ORIENTED_EDGE('',*,*,#15193,.T.);
#15210 = ORIENTED_EDGE('',*,*,#15211,.F.);
#15211 = EDGE_CURVE('',#15212,#15179,#15214,.T.);
#15212 = VERTEX_POINT('',#15213);
#15213 = CARTESIAN_POINT('',(53.465520134228,51.44966442953,25.15));
#15214 = B_SPLINE_CURVE_WITH_KNOTS('',5,(#15215,#15216,#15217,#15218,
    #15219,#15220,#15221,#15222,#15223,#15224),.UNSPECIFIED.,.F.,.F.,(6,
    4,6),(0.,0.931987933166,1.),.UNSPECIFIED.);
#15215 = CARTESIAN_POINT('',(53.465520134228,51.44966442953,25.15));
#15216 = CARTESIAN_POINT('',(53.557592425462,51.44966442953,25.15));
#15217 = CARTESIAN_POINT('',(53.642177054935,51.438621153336,25.15));
#15218 = CARTESIAN_POINT('',(53.717976694226,51.415584988066,25.15));
#15219 = CARTESIAN_POINT('',(53.783876560579,51.380016485296,25.15));
#15220 = CARTESIAN_POINT('',(53.843433516701,51.328879250351,25.15));
#15221 = CARTESIAN_POINT('',(53.847428825458,51.325336858103,25.15));
#15222 = CARTESIAN_POINT('',(53.85136867362,51.321730175707,25.15));
#15223 = CARTESIAN_POINT('',(53.855252903188,51.318059378566,25.15));
#15224 = CARTESIAN_POINT('',(53.859081375839,51.31432466443,25.15));
#15225 = ORIENTED_EDGE('',*,*,#15226,.F.);
#15226 = EDGE_CURVE('',#13234,#15212,#15227,.T.);
#15227 = LINE('',#15228,#15229);
#15228 = CARTESIAN_POINT('',(53.465520134228,51.44966442953,24.55));
#15229 = VECTOR('',#15230,1.);
#15230 = DIRECTION('',(0.,0.,1.));
#15231 = SURFACE_OF_LINEAR_EXTRUSION('',#15232,#15236);
#15232 = B_SPLINE_CURVE_WITH_KNOTS('',2,(#15233,#15234,#15235),
  .UNSPECIFIED.,.F.,.F.,(3,3),(0.,1.),.PIECEWISE_BEZIER_KNOTS.);
#15233 = CARTESIAN_POINT('',(53.859081375839,51.31432466443,24.55));
#15234 = CARTESIAN_POINT('',(53.720343959732,51.44966442953,24.55));
#15235 = CARTESIAN_POINT('',(53.465520134228,51.44966442953,24.55));
#15236 = VECTOR('',#15237,1.);
#15237 = DIRECTION('',(-0.,-0.,-1.));
#15238 = ADVANCED_FACE('',(#15239),#15264,.F.);
#15239 = FACE_BOUND('',#15240,.F.);
#15240 = EDGE_LOOP('',(#15241,#15242,#15243,#15258));
#15241 = ORIENTED_EDGE('',*,*,#13241,.F.);
#15242 = ORIENTED_EDGE('',*,*,#15226,.T.);
#15243 = ORIENTED_EDGE('',*,*,#15244,.F.);
#15244 = EDGE_CURVE('',#15245,#15212,#15247,.T.);
#15245 = VERTEX_POINT('',#15246);
#15246 = CARTESIAN_POINT('',(53.064786073825,51.312814597315,25.15));
#15247 = B_SPLINE_CURVE_WITH_KNOTS('',5,(#15248,#15249,#15250,#15251,
    #15252,#15253,#15254,#15255,#15256,#15257),.UNSPECIFIED.,.F.,.F.,(6,
    4,6),(0.,5.512925742751E-02,1.),.UNSPECIFIED.);
#15248 = CARTESIAN_POINT('',(53.064786073825,51.312814597315,25.15));
#15249 = CARTESIAN_POINT('',(53.067927237627,51.315879662936,25.15));
#15250 = CARTESIAN_POINT('',(53.071106383603,51.318902100254,25.15));
#15251 = CARTESIAN_POINT('',(53.074323431062,51.321881801666,25.15));
#15252 = CARTESIAN_POINT('',(53.077578290129,51.324818669788,25.15));
#15253 = CARTESIAN_POINT('',(53.137302867778,51.377312532342,25.15));
#15254 = CARTESIAN_POINT('',(53.204827230823,51.414316417909,25.15));
#15255 = CARTESIAN_POINT('',(53.282903192358,51.438229792108,25.15));
#15256 = CARTESIAN_POINT('',(53.370278994675,51.44966442953,25.15));
#15257 = CARTESIAN_POINT('',(53.465520134228,51.44966442953,25.15));
#15258 = ORIENTED_EDGE('',*,*,#15259,.F.);
#15259 = EDGE_CURVE('',#13242,#15245,#15260,.T.);
#15260 = LINE('',#15261,#15262);
#15261 = CARTESIAN_POINT('',(53.064786073825,51.312814597315,24.55));
#15262 = VECTOR('',#15263,1.);
#15263 = DIRECTION('',(0.,0.,1.));
#15264 = SURFACE_OF_LINEAR_EXTRUSION('',#15265,#15269);
#15265 = B_SPLINE_CURVE_WITH_KNOTS('',2,(#15266,#15267,#15268),
  .UNSPECIFIED.,.F.,.F.,(3,3),(0.,1.),.PIECEWISE_BEZIER_KNOTS.);
#15266 = CARTESIAN_POINT('',(53.465520134228,51.44966442953,24.55));
#15267 = CARTESIAN_POINT('',(53.205033557047,51.44966442953,24.55));
#15268 = CARTESIAN_POINT('',(53.064786073825,51.312814597315,24.55));
#15269 = VECTOR('',#15270,1.);
#15270 = DIRECTION('',(-0.,-0.,-1.));
#15271 = ADVANCED_FACE('',(#15272),#15290,.F.);
#15272 = FACE_BOUND('',#15273,.F.);
#15273 = EDGE_LOOP('',(#15274,#15275,#15276,#15289));
#15274 = ORIENTED_EDGE('',*,*,#13249,.F.);
#15275 = ORIENTED_EDGE('',*,*,#15259,.T.);
#15276 = ORIENTED_EDGE('',*,*,#15277,.F.);
#15277 = EDGE_CURVE('',#15043,#15245,#15278,.T.);
#15278 = B_SPLINE_CURVE_WITH_KNOTS('',5,(#15279,#15280,#15281,#15282,
    #15283,#15284,#15285,#15286,#15287,#15288),.UNSPECIFIED.,.F.,.F.,(6,
    4,6),(0.,0.876506926299,1.),.UNSPECIFIED.);
#15279 = CARTESIAN_POINT('',(52.924727348993,50.92567114094,25.15));
#15280 = CARTESIAN_POINT('',(52.924727348993,51.010963614224,25.15));
#15281 = CARTESIAN_POINT('',(52.934877365326,51.089686350489,25.15));
#15282 = CARTESIAN_POINT('',(52.955975031136,51.16077005499,25.15));
#15283 = CARTESIAN_POINT('',(52.988455931628,51.223307662703,25.15));
#15284 = CARTESIAN_POINT('',(53.038089171549,51.28441751432,25.15));
#15285 = CARTESIAN_POINT('',(53.044437510291,51.291786216824,25.15));
#15286 = CARTESIAN_POINT('',(53.051003920632,51.298975862702,25.15));
#15287 = CARTESIAN_POINT('',(53.057787244956,51.305985551357,25.15));
#15288 = CARTESIAN_POINT('',(53.064786073825,51.312814597315,25.15));
#15289 = ORIENTED_EDGE('',*,*,#15042,.F.);
#15290 = SURFACE_OF_LINEAR_EXTRUSION('',#15291,#15295);
#15291 = B_SPLINE_CURVE_WITH_KNOTS('',2,(#15292,#15293,#15294),
  .UNSPECIFIED.,.F.,.F.,(3,3),(0.,1.),.PIECEWISE_BEZIER_KNOTS.);
#15292 = CARTESIAN_POINT('',(53.064786073825,51.312814597315,24.55));
#15293 = CARTESIAN_POINT('',(52.924727348993,51.17615352349,24.55));
#15294 = CARTESIAN_POINT('',(52.924727348993,50.92567114094,24.55));
#15295 = VECTOR('',#15296,1.);
#15296 = DIRECTION('',(-0.,-0.,-1.));
#15297 = ADVANCED_FACE('',(#15298),#15323,.F.);
#15298 = FACE_BOUND('',#15299,.F.);
#15299 = EDGE_LOOP('',(#15300,#15301,#15309,#15317));
#15300 = ORIENTED_EDGE('',*,*,#13315,.F.);
#15301 = ORIENTED_EDGE('',*,*,#15302,.T.);
#15302 = EDGE_CURVE('',#13316,#15303,#15305,.T.);
#15303 = VERTEX_POINT('',#15304);
#15304 = CARTESIAN_POINT('',(63.850062919463,51.167281879195,25.15));
#15305 = LINE('',#15306,#15307);
#15306 = CARTESIAN_POINT('',(63.850062919463,51.167281879195,24.55));
#15307 = VECTOR('',#15308,1.);
#15308 = DIRECTION('',(0.,0.,1.));
#15309 = ORIENTED_EDGE('',*,*,#15310,.F.);
#15310 = EDGE_CURVE('',#15311,#15303,#15313,.T.);
#15311 = VERTEX_POINT('',#15312);
#15312 = CARTESIAN_POINT('',(62.655222315436,49.395973154362,25.15));
#15313 = LINE('',#15314,#15315);
#15314 = CARTESIAN_POINT('',(40.041933050144,15.872575608469,25.15));
#15315 = VECTOR('',#15316,1.);
#15316 = DIRECTION('',(0.559217924246,0.82902069528,-0.));
#15317 = ORIENTED_EDGE('',*,*,#15318,.F.);
#15318 = EDGE_CURVE('',#13318,#15311,#15319,.T.);
#15319 = LINE('',#15320,#15321);
#15320 = CARTESIAN_POINT('',(62.655222315436,49.395973154362,24.55));
#15321 = VECTOR('',#15322,1.);
#15322 = DIRECTION('',(0.,0.,1.));
#15323 = PLANE('',#15324);
#15324 = AXIS2_PLACEMENT_3D('',#15325,#15326,#15327);
#15325 = CARTESIAN_POINT('',(63.850062919463,51.167281879195,24.55));
#15326 = DIRECTION('',(0.82902069528,-0.559217924246,0.));
#15327 = DIRECTION('',(-0.559217924246,-0.82902069528,0.));
#15328 = ADVANCED_FACE('',(#15329),#15347,.F.);
#15329 = FACE_BOUND('',#15330,.F.);
#15330 = EDGE_LOOP('',(#15331,#15332,#15333,#15341));
#15331 = ORIENTED_EDGE('',*,*,#13325,.F.);
#15332 = ORIENTED_EDGE('',*,*,#15318,.T.);
#15333 = ORIENTED_EDGE('',*,*,#15334,.F.);
#15334 = EDGE_CURVE('',#15335,#15311,#15337,.T.);
#15335 = VERTEX_POINT('',#15336);
#15336 = CARTESIAN_POINT('',(63.850062919463,49.395973154362,25.15));
#15337 = LINE('',#15338,#15339);
#15338 = CARTESIAN_POINT('',(28.902611157718,49.395973154362,25.15));
#15339 = VECTOR('',#15340,1.);
#15340 = DIRECTION('',(-1.,0.,0.));
#15341 = ORIENTED_EDGE('',*,*,#15342,.F.);
#15342 = EDGE_CURVE('',#13326,#15335,#15343,.T.);
#15343 = LINE('',#15344,#15345);
#15344 = CARTESIAN_POINT('',(63.850062919463,49.395973154362,24.55));
#15345 = VECTOR('',#15346,1.);
#15346 = DIRECTION('',(0.,0.,1.));
#15347 = PLANE('',#15348);
#15348 = AXIS2_PLACEMENT_3D('',#15349,#15350,#15351);
#15349 = CARTESIAN_POINT('',(62.655222315436,49.395973154362,24.55));
#15350 = DIRECTION('',(0.,1.,0.));
#15351 = DIRECTION('',(1.,0.,0.));
#15352 = ADVANCED_FACE('',(#15353),#15364,.F.);
#15353 = FACE_BOUND('',#15354,.F.);
#15354 = EDGE_LOOP('',(#15355,#15356,#15357,#15363));
#15355 = ORIENTED_EDGE('',*,*,#13333,.F.);
#15356 = ORIENTED_EDGE('',*,*,#15342,.T.);
#15357 = ORIENTED_EDGE('',*,*,#15358,.F.);
#15358 = EDGE_CURVE('',#15303,#15335,#15359,.T.);
#15359 = LINE('',#15360,#15361);
#15360 = CARTESIAN_POINT('',(63.850062919463,22.097986577181,25.15));
#15361 = VECTOR('',#15362,1.);
#15362 = DIRECTION('',(0.,-1.,0.));
#15363 = ORIENTED_EDGE('',*,*,#15302,.F.);
#15364 = PLANE('',#15365);
#15365 = AXIS2_PLACEMENT_3D('',#15366,#15367,#15368);
#15366 = CARTESIAN_POINT('',(63.850062919463,49.395973154362,24.55));
#15367 = DIRECTION('',(-1.,0.,0.));
#15368 = DIRECTION('',(0.,1.,0.));
#15369 = ADVANCED_FACE('',(#15370),#15406,.F.);
#15370 = FACE_BOUND('',#15371,.F.);
#15371 = EDGE_LOOP('',(#15372,#15373,#15381,#15400));
#15372 = ORIENTED_EDGE('',*,*,#13357,.F.);
#15373 = ORIENTED_EDGE('',*,*,#15374,.T.);
#15374 = EDGE_CURVE('',#13358,#15375,#15377,.T.);
#15375 = VERTEX_POINT('',#15376);
#15376 = CARTESIAN_POINT('',(68.41726090604,49.948091442953,25.15));
#15377 = LINE('',#15378,#15379);
#15378 = CARTESIAN_POINT('',(68.41726090604,49.948091442953,24.55));
#15379 = VECTOR('',#15380,1.);
#15380 = DIRECTION('',(0.,0.,1.));
#15381 = ORIENTED_EDGE('',*,*,#15382,.F.);
#15382 = EDGE_CURVE('',#15383,#15375,#15385,.T.);
#15383 = VERTEX_POINT('',#15384);
#15384 = CARTESIAN_POINT('',(68.268519295302,51.064974832215,25.15));
#15385 = B_SPLINE_CURVE_WITH_KNOTS('',7,(#15386,#15387,#15388,#15389,
    #15390,#15391,#15392,#15393,#15394,#15395,#15396,#15397,#15398,
    #15399),.UNSPECIFIED.,.F.,.F.,(8,6,8),(0.,0.846661397967,1.),
  .UNSPECIFIED.);
#15386 = CARTESIAN_POINT('',(68.268519295302,51.064974832215,25.15));
#15387 = CARTESIAN_POINT('',(68.313138645088,50.967752213455,25.15));
#15388 = CARTESIAN_POINT('',(68.347058462703,50.852227371097,25.15));
#15389 = CARTESIAN_POINT('',(68.372267573826,50.723779030276,25.15));
#15390 = CARTESIAN_POINT('',(68.390462190004,50.586531142748,25.15));
#15391 = CARTESIAN_POINT('',(68.402987055313,50.443267495378,25.15));
#15392 = CARTESIAN_POINT('',(68.410871744437,50.295481756117,25.15));
#15393 = CARTESIAN_POINT('',(68.4155397015,50.115815761514,25.15));
#15394 = CARTESIAN_POINT('',(68.416126061349,50.088141010524,25.15));
#15395 = CARTESIAN_POINT('',(68.416587350314,50.060347353645,25.15));
#15396 = CARTESIAN_POINT('',(68.416927691766,50.032440489894,25.15));
#15397 = CARTESIAN_POINT('',(68.41715098516,50.004425704647,25.15));
#15398 = CARTESIAN_POINT('',(68.41726090604,49.976307869636,25.15));
#15399 = CARTESIAN_POINT('',(68.41726090604,49.948091442953,25.15));
#15400 = ORIENTED_EDGE('',*,*,#15401,.F.);
#15401 = EDGE_CURVE('',#13360,#15383,#15402,.T.);
#15402 = LINE('',#15403,#15404);
#15403 = CARTESIAN_POINT('',(68.268519295302,51.064974832215,24.55));
#15404 = VECTOR('',#15405,1.);
#15405 = DIRECTION('',(0.,0.,1.));
#15406 = SURFACE_OF_LINEAR_EXTRUSION('',#15407,#15411);
#15407 = B_SPLINE_CURVE_WITH_KNOTS('',2,(#15408,#15409,#15410),
  .UNSPECIFIED.,.F.,.F.,(3,3),(0.,1.),.PIECEWISE_BEZIER_KNOTS.);
#15408 = CARTESIAN_POINT('',(68.41726090604,49.948091442953,24.55));
#15409 = CARTESIAN_POINT('',(68.41726090604,50.740876677852,24.55));
#15410 = CARTESIAN_POINT('',(68.268519295302,51.064974832215,24.55));
#15411 = VECTOR('',#15412,1.);
#15412 = DIRECTION('',(-0.,-0.,-1.));
#15413 = ADVANCED_FACE('',(#15414),#15443,.F.);
#15414 = FACE_BOUND('',#15415,.F.);
#15415 = EDGE_LOOP('',(#15416,#15417,#15418,#15437));
#15416 = ORIENTED_EDGE('',*,*,#13367,.F.);
#15417 = ORIENTED_EDGE('',*,*,#15401,.T.);
#15418 = ORIENTED_EDGE('',*,*,#15419,.F.);
#15419 = EDGE_CURVE('',#15420,#15383,#15422,.T.);
#15420 = VERTEX_POINT('',#15421);
#15421 = CARTESIAN_POINT('',(67.768875838926,51.389261744966,25.15));
#15422 = B_SPLINE_CURVE_WITH_KNOTS('',5,(#15423,#15424,#15425,#15426,
    #15427,#15428,#15429,#15430,#15431,#15432,#15433,#15434,#15435,
    #15436),.UNSPECIFIED.,.F.,.F.,(6,4,4,6),(0.,0.485535264926,
    0.832432105216,1.),.UNSPECIFIED.);
#15423 = CARTESIAN_POINT('',(67.768875838926,51.389261744966,25.15));
#15424 = CARTESIAN_POINT('',(67.834973441743,51.389261744966,25.15));
#15425 = CARTESIAN_POINT('',(67.898089917578,51.382077823757,25.15));
#15426 = CARTESIAN_POINT('',(67.957462182735,51.36705755004,25.15));
#15427 = CARTESIAN_POINT('',(68.012358319947,51.343817586929,25.15));
#15428 = CARTESIAN_POINT('',(68.097976837637,51.290410164332,25.15));
#15429 = CARTESIAN_POINT('',(68.131135731265,51.264109630239,25.15));
#15430 = CARTESIAN_POINT('',(68.161602707836,51.233869219268,25.15));
#15431 = CARTESIAN_POINT('',(68.189329095615,51.199931741261,25.15));
#15432 = CARTESIAN_POINT('',(68.226431118663,51.144595027008,25.15));
#15433 = CARTESIAN_POINT('',(68.237884162041,51.125782496039,25.15));
#15434 = CARTESIAN_POINT('',(68.248710179254,51.106216808163,25.15));
#15435 = CARTESIAN_POINT('',(68.258917711276,51.085934833939,25.15));
#15436 = CARTESIAN_POINT('',(68.268519295302,51.064974832215,25.15));
#15437 = ORIENTED_EDGE('',*,*,#15438,.F.);
#15438 = EDGE_CURVE('',#13368,#15420,#15439,.T.);
#15439 = LINE('',#15440,#15441);
#15440 = CARTESIAN_POINT('',(67.768875838926,51.389261744966,24.55));
#15441 = VECTOR('',#15442,1.);
#15442 = DIRECTION('',(0.,0.,1.));
#15443 = SURFACE_OF_LINEAR_EXTRUSION('',#15444,#15448);
#15444 = B_SPLINE_CURVE_WITH_KNOTS('',2,(#15445,#15446,#15447),
  .UNSPECIFIED.,.F.,.F.,(3,3),(0.,1.),.PIECEWISE_BEZIER_KNOTS.);
#15445 = CARTESIAN_POINT('',(68.268519295302,51.064974832215,24.55));
#15446 = CARTESIAN_POINT('',(68.119966442953,51.389261744966,24.55));
#15447 = CARTESIAN_POINT('',(67.768875838926,51.389261744966,24.55));
#15448 = VECTOR('',#15449,1.);
#15449 = DIRECTION('',(-0.,-0.,-1.));
#15450 = ADVANCED_FACE('',(#15451),#15480,.F.);
#15451 = FACE_BOUND('',#15452,.F.);
#15452 = EDGE_LOOP('',(#15453,#15454,#15455,#15474));
#15453 = ORIENTED_EDGE('',*,*,#13375,.F.);
#15454 = ORIENTED_EDGE('',*,*,#15438,.T.);
#15455 = ORIENTED_EDGE('',*,*,#15456,.F.);
#15456 = EDGE_CURVE('',#15457,#15420,#15459,.T.);
#15457 = VERTEX_POINT('',#15458);
#15458 = CARTESIAN_POINT('',(67.267722315436,51.064974832215,25.15));
#15459 = B_SPLINE_CURVE_WITH_KNOTS('',5,(#15460,#15461,#15462,#15463,
    #15464,#15465,#15466,#15467,#15468,#15469,#15470,#15471,#15472,
    #15473),.UNSPECIFIED.,.F.,.F.,(6,4,4,6),(0.,0.167594503084,
    0.516509999662,1.),.UNSPECIFIED.);
#15460 = CARTESIAN_POINT('',(67.267722315436,51.064974832215,25.15));
#15461 = CARTESIAN_POINT('',(67.277421776104,51.08593542772,25.15));
#15462 = CARTESIAN_POINT('',(67.287723886662,51.106217576836,25.15));
#15463 = CARTESIAN_POINT('',(67.298640995939,51.125783146022,25.15));
#15464 = CARTESIAN_POINT('',(67.310181490295,51.144595383408,25.15));
#15465 = CARTESIAN_POINT('',(67.347683020673,51.200142170945,25.15));
#15466 = CARTESIAN_POINT('',(67.37573971255,51.234251514548,25.15));
#15467 = CARTESIAN_POINT('',(67.406550918933,51.264620690829,25.15));
#15468 = CARTESIAN_POINT('',(67.440066476563,51.291003692283,25.15));
#15469 = CARTESIAN_POINT('',(67.52606023434,51.344185331741,25.15));
#15470 = CARTESIAN_POINT('',(67.580885324061,51.367230911527,25.15));
#15471 = CARTESIAN_POINT('',(67.640112845285,51.382131549126,25.15));
#15472 = CARTESIAN_POINT('',(67.703025790433,51.389261744966,25.15));
#15473 = CARTESIAN_POINT('',(67.768875838926,51.389261744966,25.15));
#15474 = ORIENTED_EDGE('',*,*,#15475,.F.);
#15475 = EDGE_CURVE('',#13376,#15457,#15476,.T.);
#15476 = LINE('',#15477,#15478);
#15477 = CARTESIAN_POINT('',(67.267722315436,51.064974832215,24.55));
#15478 = VECTOR('',#15479,1.);
#15479 = DIRECTION('',(0.,0.,1.));
#15480 = SURFACE_OF_LINEAR_EXTRUSION('',#15481,#15485);
#15481 = B_SPLINE_CURVE_WITH_KNOTS('',2,(#15482,#15483,#15484),
  .UNSPECIFIED.,.F.,.F.,(3,3),(0.,1.),.PIECEWISE_BEZIER_KNOTS.);
#15482 = CARTESIAN_POINT('',(67.768875838926,51.389261744966,24.55));
#15483 = CARTESIAN_POINT('',(67.417785234899,51.389261744966,24.55));
#15484 = CARTESIAN_POINT('',(67.267722315436,51.064974832215,24.55));
#15485 = VECTOR('',#15486,1.);
#15486 = DIRECTION('',(-0.,-0.,-1.));
#15487 = ADVANCED_FACE('',(#15488),#15517,.F.);
#15488 = FACE_BOUND('',#15489,.F.);
#15489 = EDGE_LOOP('',(#15490,#15491,#15492,#15511));
#15490 = ORIENTED_EDGE('',*,*,#13383,.F.);
#15491 = ORIENTED_EDGE('',*,*,#15475,.T.);
#15492 = ORIENTED_EDGE('',*,*,#15493,.F.);
#15493 = EDGE_CURVE('',#15494,#15457,#15496,.T.);
#15494 = VERTEX_POINT('',#15495);
#15495 = CARTESIAN_POINT('',(67.117659395973,49.948091442953,25.15));
#15496 = B_SPLINE_CURVE_WITH_KNOTS('',7,(#15497,#15498,#15499,#15500,
    #15501,#15502,#15503,#15504,#15505,#15506,#15507,#15508,#15509,
    #15510),.UNSPECIFIED.,.F.,.F.,(8,6,8),(0.,0.878158328888,1.),
  .UNSPECIFIED.);
#15497 = CARTESIAN_POINT('',(67.117659395973,49.948091442953,25.15));
#15498 = CARTESIAN_POINT('',(67.117659395973,50.109720340716,25.15));
#15499 = CARTESIAN_POINT('',(67.12129729719,50.267612733673,25.15));
#15500 = CARTESIAN_POINT('',(67.12919494066,50.421666253306,25.15));
#15501 = CARTESIAN_POINT('',(67.142249381266,50.570750464669,25.15));
#15502 = CARTESIAN_POINT('',(67.161715260836,50.712589196924,25.15));
#15503 = CARTESIAN_POINT('',(67.189153658755,50.843837976947,25.15));
#15504 = CARTESIAN_POINT('',(67.232076292118,50.975618471369,25.15));
#15505 = CARTESIAN_POINT('',(67.237500992789,50.991368519414,25.15));
#15506 = CARTESIAN_POINT('',(67.243125797543,51.006797241251,25.15));
#15507 = CARTESIAN_POINT('',(67.248955671807,51.021888942218,25.15));
#15508 = CARTESIAN_POINT('',(67.25499537764,51.036627251581,25.15));
#15509 = CARTESIAN_POINT('',(67.26124947374,51.050995122538,25.15));
#15510 = CARTESIAN_POINT('',(67.267722315436,51.064974832215,25.15));
#15511 = ORIENTED_EDGE('',*,*,#15512,.F.);
#15512 = EDGE_CURVE('',#13384,#15494,#15513,.T.);
#15513 = LINE('',#15514,#15515);
#15514 = CARTESIAN_POINT('',(67.117659395973,49.948091442953,24.55));
#15515 = VECTOR('',#15516,1.);
#15516 = DIRECTION('',(0.,0.,1.));
#15517 = SURFACE_OF_LINEAR_EXTRUSION('',#15518,#15522);
#15518 = B_SPLINE_CURVE_WITH_KNOTS('',2,(#15519,#15520,#15521),
  .UNSPECIFIED.,.F.,.F.,(3,3),(0.,1.),.PIECEWISE_BEZIER_KNOTS.);
#15519 = CARTESIAN_POINT('',(67.267722315436,51.064974832215,24.55));
#15520 = CARTESIAN_POINT('',(67.117659395973,50.740876677852,24.55));
#15521 = CARTESIAN_POINT('',(67.117659395973,49.948091442953,24.55));
#15522 = VECTOR('',#15523,1.);
#15523 = DIRECTION('',(-0.,-0.,-1.));
#15524 = ADVANCED_FACE('',(#15525),#15552,.F.);
#15525 = FACE_BOUND('',#15526,.F.);
#15526 = EDGE_LOOP('',(#15527,#15528,#15529,#15546));
#15527 = ORIENTED_EDGE('',*,*,#13391,.F.);
#15528 = ORIENTED_EDGE('',*,*,#15512,.T.);
#15529 = ORIENTED_EDGE('',*,*,#15530,.F.);
#15530 = EDGE_CURVE('',#15531,#15494,#15533,.T.);
#15531 = VERTEX_POINT('',#15532);
#15532 = CARTESIAN_POINT('',(67.267722315436,48.818372483221,25.15));
#15533 = B_SPLINE_CURVE_WITH_KNOTS('',6,(#15534,#15535,#15536,#15537,
    #15538,#15539,#15540,#15541,#15542,#15543,#15544,#15545),
  .UNSPECIFIED.,.F.,.F.,(7,5,7),(0.,0.835998587242,1.),.UNSPECIFIED.);
#15534 = CARTESIAN_POINT('',(67.267722315436,48.818372483221,25.15));
#15535 = CARTESIAN_POINT('',(67.215758016713,48.932105665332,25.15));
#15536 = CARTESIAN_POINT('',(67.178641538205,49.070993975405,25.15));
#15537 = CARTESIAN_POINT('',(67.152899312297,49.225771046214,25.15));
#15538 = CARTESIAN_POINT('',(67.135802993644,49.390129580491,25.15));
#15539 = CARTESIAN_POINT('',(67.125406138925,49.560793718367,25.15));
#15540 = CARTESIAN_POINT('',(67.119508746164,49.772064301273,25.15));
#15541 = CARTESIAN_POINT('',(67.118752705362,49.806915038718,25.15));
#15542 = CARTESIAN_POINT('',(67.118198251072,49.841954518748,25.15));
#15543 = CARTESIAN_POINT('',(67.117836531397,49.877170703005,25.15));
#15544 = CARTESIAN_POINT('',(67.117659395973,49.912552835569,25.15));
#15545 = CARTESIAN_POINT('',(67.117659395973,49.948091442953,25.15));
#15546 = ORIENTED_EDGE('',*,*,#15547,.F.);
#15547 = EDGE_CURVE('',#13392,#15531,#15548,.T.);
#15548 = LINE('',#15549,#15550);
#15549 = CARTESIAN_POINT('',(67.267722315436,48.818372483221,24.55));
#15550 = VECTOR('',#15551,1.);
#15551 = DIRECTION('',(0.,0.,1.));
#15552 = SURFACE_OF_LINEAR_EXTRUSION('',#15553,#15557);
#15553 = B_SPLINE_CURVE_WITH_KNOTS('',2,(#15554,#15555,#15556),
  .UNSPECIFIED.,.F.,.F.,(3,3),(0.,1.),.PIECEWISE_BEZIER_KNOTS.);
#15554 = CARTESIAN_POINT('',(67.117659395973,49.948091442953,24.55));
#15555 = CARTESIAN_POINT('',(67.117659395973,49.146812080537,24.55));
#15556 = CARTESIAN_POINT('',(67.267722315436,48.818372483221,24.55));
#15557 = VECTOR('',#15558,1.);
#15558 = DIRECTION('',(-0.,-0.,-1.));
#15559 = ADVANCED_FACE('',(#15560),#15589,.F.);
#15560 = FACE_BOUND('',#15561,.F.);
#15561 = EDGE_LOOP('',(#15562,#15563,#15564,#15583));
#15562 = ORIENTED_EDGE('',*,*,#13399,.F.);
#15563 = ORIENTED_EDGE('',*,*,#15547,.T.);
#15564 = ORIENTED_EDGE('',*,*,#15565,.F.);
#15565 = EDGE_CURVE('',#15566,#15531,#15568,.T.);
#15566 = VERTEX_POINT('',#15567);
#15567 = CARTESIAN_POINT('',(67.768875838926,48.489932885906,25.15));
#15568 = B_SPLINE_CURVE_WITH_KNOTS('',5,(#15569,#15570,#15571,#15572,
    #15573,#15574,#15575,#15576,#15577,#15578,#15579,#15580,#15581,
    #15582),.UNSPECIFIED.,.F.,.F.,(6,4,4,6),(0.,0.475161581671,
    0.82806015536,1.),.UNSPECIFIED.);
#15569 = CARTESIAN_POINT('',(67.768875838926,48.489932885906,25.15));
#15570 = CARTESIAN_POINT('',(67.704077130731,48.489932885906,25.15));
#15571 = CARTESIAN_POINT('',(67.642122770676,48.496925613238,25.15));
#15572 = CARTESIAN_POINT('',(67.583734528617,48.511528941305,25.15));
#15573 = CARTESIAN_POINT('',(67.529602109145,48.534100423029,25.15));
#15574 = CARTESIAN_POINT('',(67.443484424415,48.586815092889,25.15));
#15575 = CARTESIAN_POINT('',(67.409374208978,48.613521754453,25.15));
#15576 = CARTESIAN_POINT('',(67.3780397342,48.644358630367,25.15));
#15577 = CARTESIAN_POINT('',(67.349532271548,48.679062670747,25.15));
#15578 = CARTESIAN_POINT('',(67.311288350834,48.735910213809,25.15));
#15579 = CARTESIAN_POINT('',(67.299421724662,48.755370546382,25.15));
#15580 = CARTESIAN_POINT('',(67.28821225284,48.775628382602,25.15));
#15581 = CARTESIAN_POINT('',(67.277650417929,48.79664305135,25.15));
#15582 = CARTESIAN_POINT('',(67.267722315436,48.818372483221,25.15));
#15583 = ORIENTED_EDGE('',*,*,#15584,.F.);
#15584 = EDGE_CURVE('',#13400,#15566,#15585,.T.);
#15585 = LINE('',#15586,#15587);
#15586 = CARTESIAN_POINT('',(67.768875838926,48.489932885906,24.55));
#15587 = VECTOR('',#15588,1.);
#15588 = DIRECTION('',(0.,0.,1.));
#15589 = SURFACE_OF_LINEAR_EXTRUSION('',#15590,#15594);
#15590 = B_SPLINE_CURVE_WITH_KNOTS('',2,(#15591,#15592,#15593),
  .UNSPECIFIED.,.F.,.F.,(3,3),(0.,1.),.PIECEWISE_BEZIER_KNOTS.);
#15591 = CARTESIAN_POINT('',(67.267722315436,48.818372483221,24.55));
#15592 = CARTESIAN_POINT('',(67.417785234899,48.489932885906,24.55));
#15593 = CARTESIAN_POINT('',(67.768875838926,48.489932885906,24.55));
#15594 = VECTOR('',#15595,1.);
#15595 = DIRECTION('',(-0.,-0.,-1.));
#15596 = ADVANCED_FACE('',(#15597),#15626,.F.);
#15597 = FACE_BOUND('',#15598,.F.);
#15598 = EDGE_LOOP('',(#15599,#15600,#15601,#15620));
#15599 = ORIENTED_EDGE('',*,*,#13407,.F.);
#15600 = ORIENTED_EDGE('',*,*,#15584,.T.);
#15601 = ORIENTED_EDGE('',*,*,#15602,.F.);
#15602 = EDGE_CURVE('',#15603,#15566,#15605,.T.);
#15603 = VERTEX_POINT('',#15604);
#15604 = CARTESIAN_POINT('',(68.267197986577,48.818372483221,25.15));
#15605 = B_SPLINE_CURVE_WITH_KNOTS('',5,(#15606,#15607,#15608,#15609,
    #15610,#15611,#15612,#15613,#15614,#15615,#15616,#15617,#15618,
    #15619),.UNSPECIFIED.,.F.,.F.,(6,4,4,6),(0.,0.17413667789,
    0.531085847414,1.),.UNSPECIFIED.);
#15606 = CARTESIAN_POINT('',(68.267197986577,48.818372483221,25.15));
#15607 = CARTESIAN_POINT('',(68.257154500915,48.796390514602,25.15));
#15608 = CARTESIAN_POINT('',(68.246469926328,48.775138987947,25.15));
#15609 = CARTESIAN_POINT('',(68.235129918748,48.75466138945,25.15));
#15610 = CARTESIAN_POINT('',(68.223124632567,48.734999805862,25.15));
#15611 = CARTESIAN_POINT('',(68.184465359228,48.67764826754,25.15));
#15612 = CARTESIAN_POINT('',(68.155661542293,48.642696043944,25.15));
#15613 = CARTESIAN_POINT('',(68.124001432666,48.611696624789,25.15));
#15614 = CARTESIAN_POINT('',(68.089537002842,48.584921930189,25.15));
#15615 = CARTESIAN_POINT('',(68.003748231372,48.533010678019,25.15));
#15616 = CARTESIAN_POINT('',(67.950508499041,48.511011739881,25.15));
#15617 = CARTESIAN_POINT('',(67.893176465363,48.496763686299,25.15));
#15618 = CARTESIAN_POINT('',(67.832403579169,48.489932885906,25.15));
#15619 = CARTESIAN_POINT('',(67.768875838926,48.489932885906,25.15));
#15620 = ORIENTED_EDGE('',*,*,#15621,.F.);
#15621 = EDGE_CURVE('',#13408,#15603,#15622,.T.);
#15622 = LINE('',#15623,#15624);
#15623 = CARTESIAN_POINT('',(68.267197986577,48.818372483221,24.55));
#15624 = VECTOR('',#15625,1.);
#15625 = DIRECTION('',(0.,0.,1.));
#15626 = SURFACE_OF_LINEAR_EXTRUSION('',#15627,#15631);
#15627 = B_SPLINE_CURVE_WITH_KNOTS('',2,(#15628,#15629,#15630),
  .UNSPECIFIED.,.F.,.F.,(3,3),(0.,1.),.PIECEWISE_BEZIER_KNOTS.);
#15628 = CARTESIAN_POINT('',(67.768875838926,48.489932885906,24.55));
#15629 = CARTESIAN_POINT('',(68.117135067114,48.489932885906,24.55));
#15630 = CARTESIAN_POINT('',(68.267197986577,48.818372483221,24.55));
#15631 = VECTOR('',#15632,1.);
#15632 = DIRECTION('',(-0.,-0.,-1.));
#15633 = ADVANCED_FACE('',(#15634),#15656,.F.);
#15634 = FACE_BOUND('',#15635,.F.);
#15635 = EDGE_LOOP('',(#15636,#15637,#15638,#15655));
#15636 = ORIENTED_EDGE('',*,*,#13415,.F.);
#15637 = ORIENTED_EDGE('',*,*,#15621,.T.);
#15638 = ORIENTED_EDGE('',*,*,#15639,.F.);
#15639 = EDGE_CURVE('',#15375,#15603,#15640,.T.);
#15640 = B_SPLINE_CURVE_WITH_KNOTS('',7,(#15641,#15642,#15643,#15644,
    #15645,#15646,#15647,#15648,#15649,#15650,#15651,#15652,#15653,
    #15654),.UNSPECIFIED.,.F.,.F.,(8,6,8),(0.,0.871584422544,1.),
  .UNSPECIFIED.);
#15641 = CARTESIAN_POINT('',(68.41726090604,49.948091442953,25.15));
#15642 = CARTESIAN_POINT('',(68.41726090604,49.786185324175,25.15));
#15643 = CARTESIAN_POINT('',(68.41368756924,49.627928006747,25.15));
#15644 = CARTESIAN_POINT('',(68.40593182114,49.473417502891,25.15));
#15645 = CARTESIAN_POINT('',(68.393119633181,49.323743002534,25.15));
#15646 = CARTESIAN_POINT('',(68.374021390709,49.18111328211,25.15));
#15647 = CARTESIAN_POINT('',(68.34711166964,49.048768014698,25.15));
#15648 = CARTESIAN_POINT('',(68.304660888382,48.914278138651,25.15));
#15649 = CARTESIAN_POINT('',(68.298993162724,48.89734408691,25.15));
#15650 = CARTESIAN_POINT('',(68.293102802636,48.880764262027,25.15));
#15651 = CARTESIAN_POINT('',(68.286983785639,48.864557249852,25.15));
#15652 = CARTESIAN_POINT('',(68.280630317131,48.848742538577,25.15));
#15653 = CARTESIAN_POINT('',(68.274036830392,48.83334051874,25.15));
#15654 = CARTESIAN_POINT('',(68.267197986577,48.818372483221,25.15));
#15655 = ORIENTED_EDGE('',*,*,#15374,.F.);
#15656 = SURFACE_OF_LINEAR_EXTRUSION('',#15657,#15661);
#15657 = B_SPLINE_CURVE_WITH_KNOTS('',2,(#15658,#15659,#15660),
  .UNSPECIFIED.,.F.,.F.,(3,3),(0.,1.),.PIECEWISE_BEZIER_KNOTS.);
#15658 = CARTESIAN_POINT('',(68.267197986577,48.818372483221,24.55));
#15659 = CARTESIAN_POINT('',(68.41726090604,49.146812080537,24.55));
#15660 = CARTESIAN_POINT('',(68.41726090604,49.948091442953,24.55));
#15661 = VECTOR('',#15662,1.);
#15662 = DIRECTION('',(-0.,-0.,-1.));
#15663 = ADVANCED_FACE('',(#15664),#15682,.F.);
#15664 = FACE_BOUND('',#15665,.F.);
#15665 = EDGE_LOOP('',(#15666,#15667,#15668,#15676));
#15666 = ORIENTED_EDGE('',*,*,#13845,.T.);
#15667 = ORIENTED_EDGE('',*,*,#13658,.T.);
#15668 = ORIENTED_EDGE('',*,*,#15669,.T.);
#15669 = EDGE_CURVE('',#13650,#15670,#15672,.T.);
#15670 = VERTEX_POINT('',#15671);
#15671 = CARTESIAN_POINT('',(-0.25,65.45,19.85));
#15672 = LINE('',#15673,#15674);
#15673 = CARTESIAN_POINT('',(-0.25,65.45,17.15));
#15674 = VECTOR('',#15675,1.);
#15675 = DIRECTION('',(0.,0.,1.));
#15676 = ORIENTED_EDGE('',*,*,#15677,.T.);
#15677 = EDGE_CURVE('',#15670,#13838,#15678,.T.);
#15678 = LINE('',#15679,#15680);
#15679 = CARTESIAN_POINT('',(-3.45,65.45,19.85));
#15680 = VECTOR('',#15681,1.);
#15681 = DIRECTION('',(1.,0.,-0.));
#15682 = PLANE('',#15683);
#15683 = AXIS2_PLACEMENT_3D('',#15684,#15685,#15686);
#15684 = CARTESIAN_POINT('',(-3.45,65.45,17.15));
#15685 = DIRECTION('',(-0.,1.,0.));
#15686 = DIRECTION('',(0.,0.,1.));
#15687 = ADVANCED_FACE('',(#15688),#15707,.F.);
#15688 = FACE_BOUND('',#15689,.T.);
#15689 = EDGE_LOOP('',(#15690,#15698,#15699,#15700));
#15690 = ORIENTED_EDGE('',*,*,#15691,.F.);
#15691 = EDGE_CURVE('',#13642,#15692,#15694,.T.);
#15692 = VERTEX_POINT('',#15693);
#15693 = CARTESIAN_POINT('',(-3.45,62.25,19.85));
#15694 = LINE('',#15695,#15696);
#15695 = CARTESIAN_POINT('',(-3.45,62.25,17.15));
#15696 = VECTOR('',#15697,1.);
#15697 = DIRECTION('',(0.,0.,1.));
#15698 = ORIENTED_EDGE('',*,*,#13649,.F.);
#15699 = ORIENTED_EDGE('',*,*,#15669,.T.);
#15700 = ORIENTED_EDGE('',*,*,#15701,.F.);
#15701 = EDGE_CURVE('',#15692,#15670,#15702,.T.);
#15702 = CIRCLE('',#15703,3.2);
#15703 = AXIS2_PLACEMENT_3D('',#15704,#15705,#15706);
#15704 = CARTESIAN_POINT('',(-0.25,62.25,19.85));
#15705 = DIRECTION('',(-0.,-0.,-1.));
#15706 = DIRECTION('',(0.,-1.,0.));
#15707 = CYLINDRICAL_SURFACE('',#15708,3.2);
#15708 = AXIS2_PLACEMENT_3D('',#15709,#15710,#15711);
#15709 = CARTESIAN_POINT('',(-0.25,62.25,17.15));
#15710 = DIRECTION('',(0.,0.,1.));
#15711 = DIRECTION('',(-1.,-0.,0.));
#15712 = ADVANCED_FACE('',(#15713),#15731,.T.);
#15713 = FACE_BOUND('',#15714,.T.);
#15714 = EDGE_LOOP('',(#15715,#15723,#15729,#15730));
#15715 = ORIENTED_EDGE('',*,*,#15716,.F.);
#15716 = EDGE_CURVE('',#15717,#15692,#15719,.T.);
#15717 = VERTEX_POINT('',#15718);
#15718 = CARTESIAN_POINT('',(-3.45,-0.6,19.85));
#15719 = LINE('',#15720,#15721);
#15720 = CARTESIAN_POINT('',(-3.45,-3.8,19.85));
#15721 = VECTOR('',#15722,1.);
#15722 = DIRECTION('',(-0.,1.,0.));
#15723 = ORIENTED_EDGE('',*,*,#15724,.F.);
#15724 = EDGE_CURVE('',#13633,#15717,#15725,.T.);
#15725 = LINE('',#15726,#15727);
#15726 = CARTESIAN_POINT('',(-3.45,-0.6,17.15));
#15727 = VECTOR('',#15728,1.);
#15728 = DIRECTION('',(0.,0.,1.));
#15729 = ORIENTED_EDGE('',*,*,#13641,.T.);
#15730 = ORIENTED_EDGE('',*,*,#15691,.T.);
#15731 = PLANE('',#15732);
#15732 = AXIS2_PLACEMENT_3D('',#15733,#15734,#15735);
#15733 = CARTESIAN_POINT('',(-3.45,-3.8,17.15));
#15734 = DIRECTION('',(1.,0.,-0.));
#15735 = DIRECTION('',(0.,0.,1.));
#15736 = ADVANCED_FACE('',(#15737),#15756,.F.);
#15737 = FACE_BOUND('',#15738,.F.);
#15738 = EDGE_LOOP('',(#15739,#15740,#15741,#15749));
#15739 = ORIENTED_EDGE('',*,*,#15724,.F.);
#15740 = ORIENTED_EDGE('',*,*,#13632,.T.);
#15741 = ORIENTED_EDGE('',*,*,#15742,.T.);
#15742 = EDGE_CURVE('',#13625,#15743,#15745,.T.);
#15743 = VERTEX_POINT('',#15744);
#15744 = CARTESIAN_POINT('',(-0.25,-3.8,19.85));
#15745 = LINE('',#15746,#15747);
#15746 = CARTESIAN_POINT('',(-0.25,-3.8,17.15));
#15747 = VECTOR('',#15748,1.);
#15748 = DIRECTION('',(0.,0.,1.));
#15749 = ORIENTED_EDGE('',*,*,#15750,.F.);
#15750 = EDGE_CURVE('',#15717,#15743,#15751,.T.);
#15751 = CIRCLE('',#15752,3.2);
#15752 = AXIS2_PLACEMENT_3D('',#15753,#15754,#15755);
#15753 = CARTESIAN_POINT('',(-0.25,-0.6,19.85));
#15754 = DIRECTION('',(0.,0.,1.));
#15755 = DIRECTION('',(0.,-1.,0.));
#15756 = CYLINDRICAL_SURFACE('',#15757,3.2);
#15757 = AXIS2_PLACEMENT_3D('',#15758,#15759,#15760);
#15758 = CARTESIAN_POINT('',(-0.25,-0.6,17.15));
#15759 = DIRECTION('',(0.,0.,1.));
#15760 = DIRECTION('',(-1.,-0.,0.));
#15761 = ADVANCED_FACE('',(#15762),#15773,.T.);
#15762 = FACE_BOUND('',#15763,.T.);
#15763 = EDGE_LOOP('',(#15764,#15765,#15766,#15767));
#15764 = ORIENTED_EDGE('',*,*,#13552,.T.);
#15765 = ORIENTED_EDGE('',*,*,#13624,.T.);
#15766 = ORIENTED_EDGE('',*,*,#15742,.T.);
#15767 = ORIENTED_EDGE('',*,*,#15768,.T.);
#15768 = EDGE_CURVE('',#15743,#13553,#15769,.T.);
#15769 = LINE('',#15770,#15771);
#15770 = CARTESIAN_POINT('',(-3.45,-3.8,19.85));
#15771 = VECTOR('',#15772,1.);
#15772 = DIRECTION('',(1.,0.,-0.));
#15773 = PLANE('',#15774);
#15774 = AXIS2_PLACEMENT_3D('',#15775,#15776,#15777);
#15775 = CARTESIAN_POINT('',(-3.45,-3.8,17.15));
#15776 = DIRECTION('',(-0.,1.,0.));
#15777 = DIRECTION('',(0.,0.,1.));
#15778 = ADVANCED_FACE('',(#15779),#15828,.T.);
#15779 = FACE_BOUND('',#15780,.T.);
#15780 = EDGE_LOOP('',(#15781,#15782,#15783,#15784,#15785,#15793,#15802,
    #15810,#15819,#15825,#15826,#15827));
#15781 = ORIENTED_EDGE('',*,*,#13748,.F.);
#15782 = ORIENTED_EDGE('',*,*,#13729,.T.);
#15783 = ORIENTED_EDGE('',*,*,#13699,.T.);
#15784 = ORIENTED_EDGE('',*,*,#13576,.T.);
#15785 = ORIENTED_EDGE('',*,*,#15786,.T.);
#15786 = EDGE_CURVE('',#13569,#15787,#15789,.T.);
#15787 = VERTEX_POINT('',#15788);
#15788 = CARTESIAN_POINT('',(-0.25,-3.3,20.85));
#15789 = LINE('',#15790,#15791);
#15790 = CARTESIAN_POINT('',(-3.2,-3.3,20.85));
#15791 = VECTOR('',#15792,1.);
#15792 = DIRECTION('',(-1.,-0.,0.));
#15793 = ORIENTED_EDGE('',*,*,#15794,.F.);
#15794 = EDGE_CURVE('',#15795,#15787,#15797,.T.);
#15795 = VERTEX_POINT('',#15796);
#15796 = CARTESIAN_POINT('',(-2.95,-0.6,20.85));
#15797 = CIRCLE('',#15798,2.7);
#15798 = AXIS2_PLACEMENT_3D('',#15799,#15800,#15801);
#15799 = CARTESIAN_POINT('',(-0.25,-0.6,20.85));
#15800 = DIRECTION('',(0.,0.,1.));
#15801 = DIRECTION('',(-1.,-0.,0.));
#15802 = ORIENTED_EDGE('',*,*,#15803,.T.);
#15803 = EDGE_CURVE('',#15795,#15804,#15806,.T.);
#15804 = VERTEX_POINT('',#15805);
#15805 = CARTESIAN_POINT('',(-2.95,62.25,20.85));
#15806 = LINE('',#15807,#15808);
#15807 = CARTESIAN_POINT('',(-2.95,-3.55,20.85));
#15808 = VECTOR('',#15809,1.);
#15809 = DIRECTION('',(-0.,1.,0.));
#15810 = ORIENTED_EDGE('',*,*,#15811,.F.);
#15811 = EDGE_CURVE('',#15812,#15804,#15814,.T.);
#15812 = VERTEX_POINT('',#15813);
#15813 = CARTESIAN_POINT('',(-0.25,64.95,20.85));
#15814 = CIRCLE('',#15815,2.7);
#15815 = AXIS2_PLACEMENT_3D('',#15816,#15817,#15818);
#15816 = CARTESIAN_POINT('',(-0.25,62.25,20.85));
#15817 = DIRECTION('',(0.,0.,1.));
#15818 = DIRECTION('',(-1.,-0.,0.));
#15819 = ORIENTED_EDGE('',*,*,#15820,.F.);
#15820 = EDGE_CURVE('',#13822,#15812,#15821,.T.);
#15821 = LINE('',#15822,#15823);
#15822 = CARTESIAN_POINT('',(-3.2,64.95,20.85));
#15823 = VECTOR('',#15824,1.);
#15824 = DIRECTION('',(-1.,-0.,0.));
#15825 = ORIENTED_EDGE('',*,*,#13821,.T.);
#15826 = ORIENTED_EDGE('',*,*,#13804,.F.);
#15827 = ORIENTED_EDGE('',*,*,#13771,.F.);
#15828 = PLANE('',#15829);
#15829 = AXIS2_PLACEMENT_3D('',#15830,#15831,#15832);
#15830 = CARTESIAN_POINT('',(-3.45,-3.8,20.85));
#15831 = DIRECTION('',(0.,0.,1.));
#15832 = DIRECTION('',(1.,0.,-0.));
#15833 = ADVANCED_FACE('',(#15834),#15852,.T.);
#15834 = FACE_BOUND('',#15835,.T.);
#15835 = EDGE_LOOP('',(#15836,#15837,#15845,#15851));
#15836 = ORIENTED_EDGE('',*,*,#13568,.T.);
#15837 = ORIENTED_EDGE('',*,*,#15838,.T.);
#15838 = EDGE_CURVE('',#13561,#15839,#15841,.T.);
#15839 = VERTEX_POINT('',#15840);
#15840 = CARTESIAN_POINT('',(-0.25,-3.3,19.85));
#15841 = LINE('',#15842,#15843);
#15842 = CARTESIAN_POINT('',(-3.2,-3.3,19.85));
#15843 = VECTOR('',#15844,1.);
#15844 = DIRECTION('',(-1.,-0.,0.));
#15845 = ORIENTED_EDGE('',*,*,#15846,.T.);
#15846 = EDGE_CURVE('',#15839,#15787,#15847,.T.);
#15847 = LINE('',#15848,#15849);
#15848 = CARTESIAN_POINT('',(-0.25,-3.3,19.35));
#15849 = VECTOR('',#15850,1.);
#15850 = DIRECTION('',(0.,0.,1.));
#15851 = ORIENTED_EDGE('',*,*,#15786,.F.);
#15852 = PLANE('',#15853);
#15853 = AXIS2_PLACEMENT_3D('',#15854,#15855,#15856);
#15854 = CARTESIAN_POINT('',(-2.95,-3.3,19.35));
#15855 = DIRECTION('',(-0.,1.,0.));
#15856 = DIRECTION('',(0.,0.,1.));
#15857 = ADVANCED_FACE('',(#15858),#15900,.F.);
#15858 = FACE_BOUND('',#15859,.F.);
#15859 = EDGE_LOOP('',(#15860,#15861,#15862,#15863,#15864,#15865,#15874,
    #15882,#15891,#15897,#15898,#15899));
#15860 = ORIENTED_EDGE('',*,*,#15716,.F.);
#15861 = ORIENTED_EDGE('',*,*,#15750,.T.);
#15862 = ORIENTED_EDGE('',*,*,#15768,.T.);
#15863 = ORIENTED_EDGE('',*,*,#13560,.T.);
#15864 = ORIENTED_EDGE('',*,*,#15838,.T.);
#15865 = ORIENTED_EDGE('',*,*,#15866,.F.);
#15866 = EDGE_CURVE('',#15867,#15839,#15869,.T.);
#15867 = VERTEX_POINT('',#15868);
#15868 = CARTESIAN_POINT('',(-2.95,-0.6,19.85));
#15869 = CIRCLE('',#15870,2.7);
#15870 = AXIS2_PLACEMENT_3D('',#15871,#15872,#15873);
#15871 = CARTESIAN_POINT('',(-0.25,-0.6,19.85));
#15872 = DIRECTION('',(0.,0.,1.));
#15873 = DIRECTION('',(-1.,-0.,0.));
#15874 = ORIENTED_EDGE('',*,*,#15875,.T.);
#15875 = EDGE_CURVE('',#15867,#15876,#15878,.T.);
#15876 = VERTEX_POINT('',#15877);
#15877 = CARTESIAN_POINT('',(-2.95,62.25,19.85));
#15878 = LINE('',#15879,#15880);
#15879 = CARTESIAN_POINT('',(-2.95,-3.55,19.85));
#15880 = VECTOR('',#15881,1.);
#15881 = DIRECTION('',(-0.,1.,0.));
#15882 = ORIENTED_EDGE('',*,*,#15883,.F.);
#15883 = EDGE_CURVE('',#15884,#15876,#15886,.T.);
#15884 = VERTEX_POINT('',#15885);
#15885 = CARTESIAN_POINT('',(-0.25,64.95,19.85));
#15886 = CIRCLE('',#15887,2.7);
#15887 = AXIS2_PLACEMENT_3D('',#15888,#15889,#15890);
#15888 = CARTESIAN_POINT('',(-0.25,62.25,19.85));
#15889 = DIRECTION('',(0.,0.,1.));
#15890 = DIRECTION('',(-1.,-0.,0.));
#15891 = ORIENTED_EDGE('',*,*,#15892,.F.);
#15892 = EDGE_CURVE('',#13830,#15884,#15893,.T.);
#15893 = LINE('',#15894,#15895);
#15894 = CARTESIAN_POINT('',(-3.2,64.95,19.85));
#15895 = VECTOR('',#15896,1.);
#15896 = DIRECTION('',(-1.,-0.,0.));
#15897 = ORIENTED_EDGE('',*,*,#13837,.T.);
#15898 = ORIENTED_EDGE('',*,*,#15677,.F.);
#15899 = ORIENTED_EDGE('',*,*,#15701,.F.);
#15900 = PLANE('',#15901);
#15901 = AXIS2_PLACEMENT_3D('',#15902,#15903,#15904);
#15902 = CARTESIAN_POINT('',(-3.45,-3.8,19.85));
#15903 = DIRECTION('',(0.,0.,1.));
#15904 = DIRECTION('',(1.,0.,-0.));
#15905 = ADVANCED_FACE('',(#15906),#15917,.F.);
#15906 = FACE_BOUND('',#15907,.F.);
#15907 = EDGE_LOOP('',(#15908,#15909,#15910,#15916));
#15908 = ORIENTED_EDGE('',*,*,#13829,.T.);
#15909 = ORIENTED_EDGE('',*,*,#15892,.T.);
#15910 = ORIENTED_EDGE('',*,*,#15911,.T.);
#15911 = EDGE_CURVE('',#15884,#15812,#15912,.T.);
#15912 = LINE('',#15913,#15914);
#15913 = CARTESIAN_POINT('',(-0.25,64.95,19.35));
#15914 = VECTOR('',#15915,1.);
#15915 = DIRECTION('',(0.,0.,1.));
#15916 = ORIENTED_EDGE('',*,*,#15820,.F.);
#15917 = PLANE('',#15918);
#15918 = AXIS2_PLACEMENT_3D('',#15919,#15920,#15921);
#15919 = CARTESIAN_POINT('',(-2.95,64.95,19.35));
#15920 = DIRECTION('',(-0.,1.,0.));
#15921 = DIRECTION('',(0.,0.,1.));
#15922 = ADVANCED_FACE('',(#15923,#15926),#15937,.F.);
#15923 = FACE_BOUND('',#15924,.F.);
#15924 = EDGE_LOOP('',(#15925));
#15925 = ORIENTED_EDGE('',*,*,#13875,.T.);
#15926 = FACE_BOUND('',#15927,.F.);
#15927 = EDGE_LOOP('',(#15928));
#15928 = ORIENTED_EDGE('',*,*,#15929,.F.);
#15929 = EDGE_CURVE('',#15930,#15930,#15932,.T.);
#15930 = VERTEX_POINT('',#15931);
#15931 = CARTESIAN_POINT('',(4.25,2.8,7.8));
#15932 = CIRCLE('',#15933,1.45);
#15933 = AXIS2_PLACEMENT_3D('',#15934,#15935,#15936);
#15934 = CARTESIAN_POINT('',(2.8,2.8,7.8));
#15935 = DIRECTION('',(0.,0.,1.));
#15936 = DIRECTION('',(1.,0.,-0.));
#15937 = PLANE('',#15938);
#15938 = AXIS2_PLACEMENT_3D('',#15939,#15940,#15941);
#15939 = CARTESIAN_POINT('',(2.8,2.8,7.8));
#15940 = DIRECTION('',(0.,0.,1.));
#15941 = DIRECTION('',(1.,0.,-0.));
#15942 = ADVANCED_FACE('',(#15943,#15946),#15957,.F.);
#15943 = FACE_BOUND('',#15944,.F.);
#15944 = EDGE_LOOP('',(#15945));
#15945 = ORIENTED_EDGE('',*,*,#13900,.T.);
#15946 = FACE_BOUND('',#15947,.F.);
#15947 = EDGE_LOOP('',(#15948));
#15948 = ORIENTED_EDGE('',*,*,#15949,.F.);
#15949 = EDGE_CURVE('',#15950,#15950,#15952,.T.);
#15950 = VERTEX_POINT('',#15951);
#15951 = CARTESIAN_POINT('',(66.25,2.8,7.8));
#15952 = CIRCLE('',#15953,1.45);
#15953 = AXIS2_PLACEMENT_3D('',#15954,#15955,#15956);
#15954 = CARTESIAN_POINT('',(64.8,2.8,7.8));
#15955 = DIRECTION('',(0.,0.,1.));
#15956 = DIRECTION('',(1.,0.,-0.));
#15957 = PLANE('',#15958);
#15958 = AXIS2_PLACEMENT_3D('',#15959,#15960,#15961);
#15959 = CARTESIAN_POINT('',(64.8,2.8,7.8));
#15960 = DIRECTION('',(0.,0.,1.));
#15961 = DIRECTION('',(1.,0.,-0.));
#15962 = ADVANCED_FACE('',(#15963,#15966),#15977,.F.);
#15963 = FACE_BOUND('',#15964,.F.);
#15964 = EDGE_LOOP('',(#15965));
#15965 = ORIENTED_EDGE('',*,*,#13925,.T.);
#15966 = FACE_BOUND('',#15967,.F.);
#15967 = EDGE_LOOP('',(#15968));
#15968 = ORIENTED_EDGE('',*,*,#15969,.F.);
#15969 = EDGE_CURVE('',#15970,#15970,#15972,.T.);
#15970 = VERTEX_POINT('',#15971);
#15971 = CARTESIAN_POINT('',(4.25,59.2,7.8));
#15972 = CIRCLE('',#15973,1.45);
#15973 = AXIS2_PLACEMENT_3D('',#15974,#15975,#15976);
#15974 = CARTESIAN_POINT('',(2.8,59.2,7.8));
#15975 = DIRECTION('',(0.,0.,1.));
#15976 = DIRECTION('',(1.,0.,-0.));
#15977 = PLANE('',#15978);
#15978 = AXIS2_PLACEMENT_3D('',#15979,#15980,#15981);
#15979 = CARTESIAN_POINT('',(2.8,59.2,7.8));
#15980 = DIRECTION('',(0.,0.,1.));
#15981 = DIRECTION('',(1.,0.,-0.));
#15982 = ADVANCED_FACE('',(#15983,#15986),#15997,.F.);
#15983 = FACE_BOUND('',#15984,.F.);
#15984 = EDGE_LOOP('',(#15985));
#15985 = ORIENTED_EDGE('',*,*,#13950,.T.);
#15986 = FACE_BOUND('',#15987,.F.);
#15987 = EDGE_LOOP('',(#15988));
#15988 = ORIENTED_EDGE('',*,*,#15989,.F.);
#15989 = EDGE_CURVE('',#15990,#15990,#15992,.T.);
#15990 = VERTEX_POINT('',#15991);
#15991 = CARTESIAN_POINT('',(66.25,59.2,7.8));
#15992 = CIRCLE('',#15993,1.45);
#15993 = AXIS2_PLACEMENT_3D('',#15994,#15995,#15996);
#15994 = CARTESIAN_POINT('',(64.8,59.2,7.8));
#15995 = DIRECTION('',(0.,0.,1.));
#15996 = DIRECTION('',(1.,0.,-0.));
#15997 = PLANE('',#15998);
#15998 = AXIS2_PLACEMENT_3D('',#15999,#16000,#16001);
#15999 = CARTESIAN_POINT('',(64.8,59.2,7.8));
#16000 = DIRECTION('',(0.,0.,1.));
#16001 = DIRECTION('',(1.,0.,-0.));
#16002 = ADVANCED_FACE('',(#16003),#16013,.T.);
#16003 = FACE_BOUND('',#16004,.T.);
#16004 = EDGE_LOOP('',(#16005,#16006,#16007,#16008,#16009,#16010,#16011,
    #16012));
#16005 = ORIENTED_EDGE('',*,*,#13975,.F.);
#16006 = ORIENTED_EDGE('',*,*,#14008,.F.);
#16007 = ORIENTED_EDGE('',*,*,#14041,.F.);
#16008 = ORIENTED_EDGE('',*,*,#14074,.F.);
#16009 = ORIENTED_EDGE('',*,*,#14107,.F.);
#16010 = ORIENTED_EDGE('',*,*,#14140,.F.);
#16011 = ORIENTED_EDGE('',*,*,#14173,.F.);
#16012 = ORIENTED_EDGE('',*,*,#14206,.F.);
#16013 = PLANE('',#16014);
#16014 = AXIS2_PLACEMENT_3D('',#16015,#16016,#16017);
#16015 = CARTESIAN_POINT('',(-4.85,-5.2,25.15));
#16016 = DIRECTION('',(0.,0.,1.));
#16017 = DIRECTION('',(1.,0.,-0.));
#16018 = ADVANCED_FACE('',(#16019),#16029,.T.);
#16019 = FACE_BOUND('',#16020,.T.);
#16020 = EDGE_LOOP('',(#16021,#16022,#16023,#16024,#16025,#16026,#16027,
    #16028));
#16021 = ORIENTED_EDGE('',*,*,#14239,.F.);
#16022 = ORIENTED_EDGE('',*,*,#14272,.F.);
#16023 = ORIENTED_EDGE('',*,*,#14305,.F.);
#16024 = ORIENTED_EDGE('',*,*,#14338,.F.);
#16025 = ORIENTED_EDGE('',*,*,#14371,.F.);
#16026 = ORIENTED_EDGE('',*,*,#14404,.F.);
#16027 = ORIENTED_EDGE('',*,*,#14437,.F.);
#16028 = ORIENTED_EDGE('',*,*,#14470,.F.);
#16029 = PLANE('',#16030);
#16030 = AXIS2_PLACEMENT_3D('',#16031,#16032,#16033);
#16031 = CARTESIAN_POINT('',(-4.85,-5.2,25.15));
#16032 = DIRECTION('',(0.,0.,1.));
#16033 = DIRECTION('',(1.,0.,-0.));
#16034 = ADVANCED_FACE('',(#16035),#16045,.T.);
#16035 = FACE_BOUND('',#16036,.T.);
#16036 = EDGE_LOOP('',(#16037,#16038,#16039,#16040,#16041,#16042,#16043,
    #16044));
#16037 = ORIENTED_EDGE('',*,*,#14503,.F.);
#16038 = ORIENTED_EDGE('',*,*,#14536,.F.);
#16039 = ORIENTED_EDGE('',*,*,#14566,.F.);
#16040 = ORIENTED_EDGE('',*,*,#14596,.F.);
#16041 = ORIENTED_EDGE('',*,*,#14629,.F.);
#16042 = ORIENTED_EDGE('',*,*,#14662,.F.);
#16043 = ORIENTED_EDGE('',*,*,#14692,.F.);
#16044 = ORIENTED_EDGE('',*,*,#14725,.F.);
#16045 = PLANE('',#16046);
#16046 = AXIS2_PLACEMENT_3D('',#16047,#16048,#16049);
#16047 = CARTESIAN_POINT('',(-4.85,-5.2,25.15));
#16048 = DIRECTION('',(0.,0.,1.));
#16049 = DIRECTION('',(1.,0.,-0.));
#16050 = ADVANCED_FACE('',(#16051),#16061,.T.);
#16051 = FACE_BOUND('',#16052,.T.);
#16052 = EDGE_LOOP('',(#16053,#16054,#16055,#16056,#16057,#16058,#16059,
    #16060));
#16053 = ORIENTED_EDGE('',*,*,#14758,.F.);
#16054 = ORIENTED_EDGE('',*,*,#14795,.F.);
#16055 = ORIENTED_EDGE('',*,*,#14832,.F.);
#16056 = ORIENTED_EDGE('',*,*,#14869,.F.);
#16057 = ORIENTED_EDGE('',*,*,#14906,.F.);
#16058 = ORIENTED_EDGE('',*,*,#14943,.F.);
#16059 = ORIENTED_EDGE('',*,*,#14976,.F.);
#16060 = ORIENTED_EDGE('',*,*,#15013,.F.);
#16061 = PLANE('',#16062);
#16062 = AXIS2_PLACEMENT_3D('',#16063,#16064,#16065);
#16063 = CARTESIAN_POINT('',(-4.85,-5.2,25.15));
#16064 = DIRECTION('',(0.,0.,1.));
#16065 = DIRECTION('',(1.,0.,-0.));
#16066 = ADVANCED_FACE('',(#16067),#16077,.T.);
#16067 = FACE_BOUND('',#16068,.T.);
#16068 = EDGE_LOOP('',(#16069,#16070,#16071,#16072,#16073,#16074,#16075,
    #16076));
#16069 = ORIENTED_EDGE('',*,*,#15050,.F.);
#16070 = ORIENTED_EDGE('',*,*,#15083,.F.);
#16071 = ORIENTED_EDGE('',*,*,#15112,.F.);
#16072 = ORIENTED_EDGE('',*,*,#15145,.F.);
#16073 = ORIENTED_EDGE('',*,*,#15178,.F.);
#16074 = ORIENTED_EDGE('',*,*,#15211,.F.);
#16075 = ORIENTED_EDGE('',*,*,#15244,.F.);
#16076 = ORIENTED_EDGE('',*,*,#15277,.F.);
#16077 = PLANE('',#16078);
#16078 = AXIS2_PLACEMENT_3D('',#16079,#16080,#16081);
#16079 = CARTESIAN_POINT('',(-4.85,-5.2,25.15));
#16080 = DIRECTION('',(0.,0.,1.));
#16081 = DIRECTION('',(1.,0.,-0.));
#16082 = ADVANCED_FACE('',(#16083),#16088,.T.);
#16083 = FACE_BOUND('',#16084,.T.);
#16084 = EDGE_LOOP('',(#16085,#16086,#16087));
#16085 = ORIENTED_EDGE('',*,*,#15310,.F.);
#16086 = ORIENTED_EDGE('',*,*,#15334,.F.);
#16087 = ORIENTED_EDGE('',*,*,#15358,.F.);
#16088 = PLANE('',#16089);
#16089 = AXIS2_PLACEMENT_3D('',#16090,#16091,#16092);
#16090 = CARTESIAN_POINT('',(-4.85,-5.2,25.15));
#16091 = DIRECTION('',(0.,0.,1.));
#16092 = DIRECTION('',(1.,0.,-0.));
#16093 = ADVANCED_FACE('',(#16094),#16104,.T.);
#16094 = FACE_BOUND('',#16095,.T.);
#16095 = EDGE_LOOP('',(#16096,#16097,#16098,#16099,#16100,#16101,#16102,
    #16103));
#16096 = ORIENTED_EDGE('',*,*,#15382,.F.);
#16097 = ORIENTED_EDGE('',*,*,#15419,.F.);
#16098 = ORIENTED_EDGE('',*,*,#15456,.F.);
#16099 = ORIENTED_EDGE('',*,*,#15493,.F.);
#16100 = ORIENTED_EDGE('',*,*,#15530,.F.);
#16101 = ORIENTED_EDGE('',*,*,#15565,.F.);
#16102 = ORIENTED_EDGE('',*,*,#15602,.F.);
#16103 = ORIENTED_EDGE('',*,*,#15639,.F.);
#16104 = PLANE('',#16105);
#16105 = AXIS2_PLACEMENT_3D('',#16106,#16107,#16108);
#16106 = CARTESIAN_POINT('',(-4.85,-5.2,25.15));
#16107 = DIRECTION('',(0.,0.,1.));
#16108 = DIRECTION('',(1.,0.,-0.));
#16109 = ADVANCED_FACE('',(#16110),#16121,.F.);
#16110 = FACE_BOUND('',#16111,.T.);
#16111 = EDGE_LOOP('',(#16112,#16118,#16119,#16120));
#16112 = ORIENTED_EDGE('',*,*,#16113,.F.);
#16113 = EDGE_CURVE('',#15876,#15804,#16114,.T.);
#16114 = LINE('',#16115,#16116);
#16115 = CARTESIAN_POINT('',(-2.95,62.25,19.35));
#16116 = VECTOR('',#16117,1.);
#16117 = DIRECTION('',(0.,0.,1.));
#16118 = ORIENTED_EDGE('',*,*,#15883,.F.);
#16119 = ORIENTED_EDGE('',*,*,#15911,.T.);
#16120 = ORIENTED_EDGE('',*,*,#15811,.T.);
#16121 = CYLINDRICAL_SURFACE('',#16122,2.7);
#16122 = AXIS2_PLACEMENT_3D('',#16123,#16124,#16125);
#16123 = CARTESIAN_POINT('',(-0.25,62.25,19.35));
#16124 = DIRECTION('',(0.,0.,1.));
#16125 = DIRECTION('',(-1.,-0.,0.));
#16126 = ADVANCED_FACE('',(#16127),#16138,.T.);
#16127 = FACE_BOUND('',#16128,.T.);
#16128 = EDGE_LOOP('',(#16129,#16130,#16136,#16137));
#16129 = ORIENTED_EDGE('',*,*,#15803,.F.);
#16130 = ORIENTED_EDGE('',*,*,#16131,.F.);
#16131 = EDGE_CURVE('',#15867,#15795,#16132,.T.);
#16132 = LINE('',#16133,#16134);
#16133 = CARTESIAN_POINT('',(-2.95,-0.6,19.35));
#16134 = VECTOR('',#16135,1.);
#16135 = DIRECTION('',(0.,0.,1.));
#16136 = ORIENTED_EDGE('',*,*,#15875,.T.);
#16137 = ORIENTED_EDGE('',*,*,#16113,.T.);
#16138 = PLANE('',#16139);
#16139 = AXIS2_PLACEMENT_3D('',#16140,#16141,#16142);
#16140 = CARTESIAN_POINT('',(-2.95,-3.3,19.35));
#16141 = DIRECTION('',(1.,0.,-0.));
#16142 = DIRECTION('',(0.,0.,1.));
#16143 = ADVANCED_FACE('',(#16144),#16150,.F.);
#16144 = FACE_BOUND('',#16145,.F.);
#16145 = EDGE_LOOP('',(#16146,#16147,#16148,#16149));
#16146 = ORIENTED_EDGE('',*,*,#16131,.F.);
#16147 = ORIENTED_EDGE('',*,*,#15866,.T.);
#16148 = ORIENTED_EDGE('',*,*,#15846,.T.);
#16149 = ORIENTED_EDGE('',*,*,#15794,.F.);
#16150 = CYLINDRICAL_SURFACE('',#16151,2.7);
#16151 = AXIS2_PLACEMENT_3D('',#16152,#16153,#16154);
#16152 = CARTESIAN_POINT('',(-0.25,-0.6,19.35));
#16153 = DIRECTION('',(0.,0.,1.));
#16154 = DIRECTION('',(-1.,-0.,0.));
#16155 = ADVANCED_FACE('',(#16156),#16175,.F.);
#16156 = FACE_BOUND('',#16157,.F.);
#16157 = EDGE_LOOP('',(#16158,#16166,#16173,#16174));
#16158 = ORIENTED_EDGE('',*,*,#16159,.T.);
#16159 = EDGE_CURVE('',#15930,#16160,#16162,.T.);
#16160 = VERTEX_POINT('',#16161);
#16161 = CARTESIAN_POINT('',(4.25,2.8,9.5));
#16162 = LINE('',#16163,#16164);
#16163 = CARTESIAN_POINT('',(4.25,2.8,6.6));
#16164 = VECTOR('',#16165,1.);
#16165 = DIRECTION('',(0.,0.,1.));
#16166 = ORIENTED_EDGE('',*,*,#16167,.F.);
#16167 = EDGE_CURVE('',#16160,#16160,#16168,.T.);
#16168 = CIRCLE('',#16169,1.45);
#16169 = AXIS2_PLACEMENT_3D('',#16170,#16171,#16172);
#16170 = CARTESIAN_POINT('',(2.8,2.8,9.5));
#16171 = DIRECTION('',(0.,0.,1.));
#16172 = DIRECTION('',(1.,0.,-0.));
#16173 = ORIENTED_EDGE('',*,*,#16159,.F.);
#16174 = ORIENTED_EDGE('',*,*,#15929,.T.);
#16175 = CYLINDRICAL_SURFACE('',#16176,1.45);
#16176 = AXIS2_PLACEMENT_3D('',#16177,#16178,#16179);
#16177 = CARTESIAN_POINT('',(2.8,2.8,6.6));
#16178 = DIRECTION('',(0.,0.,1.));
#16179 = DIRECTION('',(1.,0.,-0.));
#16180 = ADVANCED_FACE('',(#16181),#16200,.F.);
#16181 = FACE_BOUND('',#16182,.F.);
#16182 = EDGE_LOOP('',(#16183,#16191,#16198,#16199));
#16183 = ORIENTED_EDGE('',*,*,#16184,.T.);
#16184 = EDGE_CURVE('',#15950,#16185,#16187,.T.);
#16185 = VERTEX_POINT('',#16186);
#16186 = CARTESIAN_POINT('',(66.25,2.8,9.5));
#16187 = LINE('',#16188,#16189);
#16188 = CARTESIAN_POINT('',(66.25,2.8,6.6));
#16189 = VECTOR('',#16190,1.);
#16190 = DIRECTION('',(0.,0.,1.));
#16191 = ORIENTED_EDGE('',*,*,#16192,.F.);
#16192 = EDGE_CURVE('',#16185,#16185,#16193,.T.);
#16193 = CIRCLE('',#16194,1.45);
#16194 = AXIS2_PLACEMENT_3D('',#16195,#16196,#16197);
#16195 = CARTESIAN_POINT('',(64.8,2.8,9.5));
#16196 = DIRECTION('',(0.,0.,1.));
#16197 = DIRECTION('',(1.,0.,-0.));
#16198 = ORIENTED_EDGE('',*,*,#16184,.F.);
#16199 = ORIENTED_EDGE('',*,*,#15949,.T.);
#16200 = CYLINDRICAL_SURFACE('',#16201,1.45);
#16201 = AXIS2_PLACEMENT_3D('',#16202,#16203,#16204);
#16202 = CARTESIAN_POINT('',(64.8,2.8,6.6));
#16203 = DIRECTION('',(0.,0.,1.));
#16204 = DIRECTION('',(1.,0.,-0.));
#16205 = ADVANCED_FACE('',(#16206),#16225,.F.);
#16206 = FACE_BOUND('',#16207,.F.);
#16207 = EDGE_LOOP('',(#16208,#16216,#16223,#16224));
#16208 = ORIENTED_EDGE('',*,*,#16209,.T.);
#16209 = EDGE_CURVE('',#15970,#16210,#16212,.T.);
#16210 = VERTEX_POINT('',#16211);
#16211 = CARTESIAN_POINT('',(4.25,59.2,9.5));
#16212 = LINE('',#16213,#16214);
#16213 = CARTESIAN_POINT('',(4.25,59.2,6.6));
#16214 = VECTOR('',#16215,1.);
#16215 = DIRECTION('',(0.,0.,1.));
#16216 = ORIENTED_EDGE('',*,*,#16217,.F.);
#16217 = EDGE_CURVE('',#16210,#16210,#16218,.T.);
#16218 = CIRCLE('',#16219,1.45);
#16219 = AXIS2_PLACEMENT_3D('',#16220,#16221,#16222);
#16220 = CARTESIAN_POINT('',(2.8,59.2,9.5));
#16221 = DIRECTION('',(0.,0.,1.));
#16222 = DIRECTION('',(1.,0.,-0.));
#16223 = ORIENTED_EDGE('',*,*,#16209,.F.);
#16224 = ORIENTED_EDGE('',*,*,#15969,.T.);
#16225 = CYLINDRICAL_SURFACE('',#16226,1.45);
#16226 = AXIS2_PLACEMENT_3D('',#16227,#16228,#16229);
#16227 = CARTESIAN_POINT('',(2.8,59.2,6.6));
#16228 = DIRECTION('',(0.,0.,1.));
#16229 = DIRECTION('',(1.,0.,-0.));
#16230 = ADVANCED_FACE('',(#16231),#16250,.F.);
#16231 = FACE_BOUND('',#16232,.F.);
#16232 = EDGE_LOOP('',(#16233,#16241,#16248,#16249));
#16233 = ORIENTED_EDGE('',*,*,#16234,.T.);
#16234 = EDGE_CURVE('',#15990,#16235,#16237,.T.);
#16235 = VERTEX_POINT('',#16236);
#16236 = CARTESIAN_POINT('',(66.25,59.2,9.5));
#16237 = LINE('',#16238,#16239);
#16238 = CARTESIAN_POINT('',(66.25,59.2,6.6));
#16239 = VECTOR('',#16240,1.);
#16240 = DIRECTION('',(0.,0.,1.));
#16241 = ORIENTED_EDGE('',*,*,#16242,.F.);
#16242 = EDGE_CURVE('',#16235,#16235,#16243,.T.);
#16243 = CIRCLE('',#16244,1.45);
#16244 = AXIS2_PLACEMENT_3D('',#16245,#16246,#16247);
#16245 = CARTESIAN_POINT('',(64.8,59.2,9.5));
#16246 = DIRECTION('',(0.,0.,1.));
#16247 = DIRECTION('',(1.,0.,-0.));
#16248 = ORIENTED_EDGE('',*,*,#16234,.F.);
#16249 = ORIENTED_EDGE('',*,*,#15989,.T.);
#16250 = CYLINDRICAL_SURFACE('',#16251,1.45);
#16251 = AXIS2_PLACEMENT_3D('',#16252,#16253,#16254);
#16252 = CARTESIAN_POINT('',(64.8,59.2,6.6));
#16253 = DIRECTION('',(0.,0.,1.));
#16254 = DIRECTION('',(1.,0.,-0.));
#16255 = ADVANCED_FACE('',(#16256),#16259,.F.);
#16256 = FACE_BOUND('',#16257,.F.);
#16257 = EDGE_LOOP('',(#16258));
#16258 = ORIENTED_EDGE('',*,*,#16167,.T.);
#16259 = PLANE('',#16260);
#16260 = AXIS2_PLACEMENT_3D('',#16261,#16262,#16263);
#16261 = CARTESIAN_POINT('',(2.8,2.8,9.5));
#16262 = DIRECTION('',(0.,0.,1.));
#16263 = DIRECTION('',(1.,0.,-0.));
#16264 = ADVANCED_FACE('',(#16265),#16268,.F.);
#16265 = FACE_BOUND('',#16266,.F.);
#16266 = EDGE_LOOP('',(#16267));
#16267 = ORIENTED_EDGE('',*,*,#16192,.T.);
#16268 = PLANE('',#16269);
#16269 = AXIS2_PLACEMENT_3D('',#16270,#16271,#16272);
#16270 = CARTESIAN_POINT('',(64.8,2.8,9.5));
#16271 = DIRECTION('',(0.,0.,1.));
#16272 = DIRECTION('',(1.,0.,-0.));
#16273 = ADVANCED_FACE('',(#16274),#16277,.F.);
#16274 = FACE_BOUND('',#16275,.F.);
#16275 = EDGE_LOOP('',(#16276));
#16276 = ORIENTED_EDGE('',*,*,#16217,.T.);
#16277 = PLANE('',#16278);
#16278 = AXIS2_PLACEMENT_3D('',#16279,#16280,#16281);
#16279 = CARTESIAN_POINT('',(2.8,59.2,9.5));
#16280 = DIRECTION('',(0.,0.,1.));
#16281 = DIRECTION('',(1.,0.,-0.));
#16282 = ADVANCED_FACE('',(#16283),#16286,.F.);
#16283 = FACE_BOUND('',#16284,.F.);
#16284 = EDGE_LOOP('',(#16285));
#16285 = ORIENTED_EDGE('',*,*,#16242,.T.);
#16286 = PLANE('',#16287);
#16287 = AXIS2_PLACEMENT_3D('',#16288,#16289,#16290);
#16288 = CARTESIAN_POINT('',(64.8,59.2,9.5));
#16289 = DIRECTION('',(0.,0.,1.));
#16290 = DIRECTION('',(1.,0.,-0.));
#16291 = ADVANCED_FACE('',(#16292),#16308,.T.);
#16292 = FACE_BOUND('',#16293,.T.);
#16293 = EDGE_LOOP('',(#16294,#16295,#16301,#16302));
#16294 = ORIENTED_EDGE('',*,*,#21,.T.);
#16295 = ORIENTED_EDGE('',*,*,#16296,.F.);
#16296 = EDGE_CURVE('',#13601,#24,#16297,.T.);
#16297 = LINE('',#16298,#16299);
#16298 = CARTESIAN_POINT('',(-4.85,62.25,23.15));
#16299 = VECTOR('',#16300,1.);
#16300 = DIRECTION('',(0.,0.,1.));
#16301 = ORIENTED_EDGE('',*,*,#13598,.F.);
#16302 = ORIENTED_EDGE('',*,*,#16303,.T.);
#16303 = EDGE_CURVE('',#13599,#22,#16304,.T.);
#16304 = LINE('',#16305,#16306);
#16305 = CARTESIAN_POINT('',(-4.85,-0.6,18.15));
#16306 = VECTOR('',#16307,1.);
#16307 = DIRECTION('',(0.,0.,1.));
#16308 = PLANE('',#16309);
#16309 = AXIS2_PLACEMENT_3D('',#16310,#16311,#16312);
#16310 = CARTESIAN_POINT('',(-4.85,30.825,21.65));
#16311 = DIRECTION('',(-1.,-0.,-0.));
#16312 = DIRECTION('',(0.,0.,-1.));
#16313 = ADVANCED_FACE('',(#16314),#16327,.T.);
#16314 = FACE_BOUND('',#16315,.T.);
#16315 = EDGE_LOOP('',(#16316,#16317,#16318,#16319,#16325,#16326));
#16316 = ORIENTED_EDGE('',*,*,#12484,.T.);
#16317 = ORIENTED_EDGE('',*,*,#4159,.T.);
#16318 = ORIENTED_EDGE('',*,*,#40,.F.);
#16319 = ORIENTED_EDGE('',*,*,#16320,.F.);
#16320 = EDGE_CURVE('',#13609,#32,#16321,.T.);
#16321 = LINE('',#16322,#16323);
#16322 = CARTESIAN_POINT('',(-0.25,-5.2,23.15));
#16323 = VECTOR('',#16324,1.);
#16324 = DIRECTION('',(0.,0.,1.));
#16325 = ORIENTED_EDGE('',*,*,#13617,.T.);
#16326 = ORIENTED_EDGE('',*,*,#13536,.F.);
#16327 = PLANE('',#16328);
#16328 = AXIS2_PLACEMENT_3D('',#16329,#16330,#16331);
#16329 = CARTESIAN_POINT('',(45.449606399187,-5.2,21.675393600813));
#16330 = DIRECTION('',(-0.,-1.,-0.));
#16331 = DIRECTION('',(0.,0.,-1.));
#16332 = ADVANCED_FACE('',(#16333),#16346,.T.);
#16333 = FACE_BOUND('',#16334,.T.);
#16334 = EDGE_LOOP('',(#16335,#16336,#16337,#16338,#16344,#16345));
#16335 = ORIENTED_EDGE('',*,*,#12493,.F.);
#16336 = ORIENTED_EDGE('',*,*,#13852,.T.);
#16337 = ORIENTED_EDGE('',*,*,#13674,.F.);
#16338 = ORIENTED_EDGE('',*,*,#16339,.T.);
#16339 = EDGE_CURVE('',#13675,#75,#16340,.T.);
#16340 = LINE('',#16341,#16342);
#16341 = CARTESIAN_POINT('',(-0.25,66.85,18.15));
#16342 = VECTOR('',#16343,1.);
#16343 = DIRECTION('',(0.,0.,1.));
#16344 = ORIENTED_EDGE('',*,*,#74,.T.);
#16345 = ORIENTED_EDGE('',*,*,#4191,.F.);
#16346 = PLANE('',#16347);
#16347 = AXIS2_PLACEMENT_3D('',#16348,#16349,#16350);
#16348 = CARTESIAN_POINT('',(45.449606399187,66.85,21.675393600813));
#16349 = DIRECTION('',(0.,1.,0.));
#16350 = DIRECTION('',(0.,-0.,1.));
#16351 = ADVANCED_FACE('',(#16352),#16358,.T.);
#16352 = FACE_BOUND('',#16353,.T.);
#16353 = EDGE_LOOP('',(#16354,#16355,#16356,#16357));
#16354 = ORIENTED_EDGE('',*,*,#12744,.T.);
#16355 = ORIENTED_EDGE('',*,*,#5808,.T.);
#16356 = ORIENTED_EDGE('',*,*,#584,.T.);
#16357 = ORIENTED_EDGE('',*,*,#5836,.F.);
#16358 = PLANE('',#16359);
#16359 = AXIS2_PLACEMENT_3D('',#16360,#16361,#16362);
#16360 = CARTESIAN_POINT('',(13.874391778523,48.578177432886,24.85));
#16361 = DIRECTION('',(1.,0.,0.));
#16362 = DIRECTION('',(-0.,0.,1.));
#16363 = ADVANCED_FACE('',(#16364),#16370,.T.);
#16364 = FACE_BOUND('',#16365,.F.);
#16365 = EDGE_LOOP('',(#16366,#16367,#16368,#16369));
#16366 = ORIENTED_EDGE('',*,*,#16339,.T.);
#16367 = ORIENTED_EDGE('',*,*,#82,.F.);
#16368 = ORIENTED_EDGE('',*,*,#16296,.F.);
#16369 = ORIENTED_EDGE('',*,*,#13682,.T.);
#16370 = CYLINDRICAL_SURFACE('',#16371,4.6);
#16371 = AXIS2_PLACEMENT_3D('',#16372,#16373,#16374);
#16372 = CARTESIAN_POINT('',(-0.25,62.25,23.15));
#16373 = DIRECTION('',(0.,0.,1.));
#16374 = DIRECTION('',(-1.,-0.,0.));
#16375 = ADVANCED_FACE('',(#16376),#16382,.T.);
#16376 = FACE_BOUND('',#16377,.T.);
#16377 = EDGE_LOOP('',(#16378,#16379,#16380,#16381));
#16378 = ORIENTED_EDGE('',*,*,#13608,.T.);
#16379 = ORIENTED_EDGE('',*,*,#16320,.T.);
#16380 = ORIENTED_EDGE('',*,*,#31,.F.);
#16381 = ORIENTED_EDGE('',*,*,#16303,.F.);
#16382 = CYLINDRICAL_SURFACE('',#16383,4.6);
#16383 = AXIS2_PLACEMENT_3D('',#16384,#16385,#16386);
#16384 = CARTESIAN_POINT('',(-0.25,-0.6,23.15));
#16385 = DIRECTION('',(0.,0.,1.));
#16386 = DIRECTION('',(-1.,-0.,0.));
#16387 = ( GEOMETRIC_REPRESENTATION_CONTEXT(3) 
GLOBAL_UNCERTAINTY_ASSIGNED_CONTEXT((#16391)) 
GLOBAL_UNIT_ASSIGNED_CONTEXT((#16388,#16389,#16390)) 
REPRESENTATION_CONTEXT('Context #1',
  '3D Context with UNIT and UNCERTAINTY') );
#16388 = ( LENGTH_UNIT() NAMED_UNIT(*) SI_UNIT(.MILLI.,.METRE.) );
#16389 = ( NAMED_UNIT(*) PLANE_ANGLE_UNIT() SI_UNIT($,.RADIAN.) );
#16390 = ( NAMED_UNIT(*) SI_UNIT($,.STERADIAN.) SOLID_ANGLE_UNIT() );
#16391 = UNCERTAINTY_MEASURE_WITH_UNIT(LENGTH_MEASURE(2.E-06),#16388,
  'distance_accuracy_value','confusion accuracy');
#16392 = PRODUCT_RELATED_PRODUCT_CATEGORY('part',$,(#7));
ENDSEC;
END-ISO-10303-21;
